batch,logical_second,utc_time,label,payload_bytes,rows,latency_ms,status,loaded_rows,loaded_bytes,load_time_ms
0,0,2026-08-28T08:21:12+00:00,zc_cmp_full_zstd_single_bucket_20260828__5m_x7_00000,526647,31,379.358,Success,31,526647,374
1,1,2026-08-28T08:21:13+00:00,zc_cmp_full_zstd_single_bucket_20260828__5m_x7_00001,524862,31,380.077,Success,31,524862,371
2,2,2026-08-28T08:21:14+00:00,zc_cmp_full_zstd_single_bucket_20260828__5m_x7_00002,526101,31,411.822,Success,31,526101,408
3,3,2026-08-28T08:21:15+00:00,zc_cmp_full_zstd_single_bucket_20260828__5m_x7_00003,524883,31,345.746,Success,31,524883,338
4,4,2026-08-28T08:21:16+00:00,zc_cmp_full_zstd_single_bucket_20260828__5m_x7_00004,526009,31,444.181,Success,31,526009,446
5,5,2026-08-28T08:21:17+00:00,zc_cmp_full_zstd_single_bucket_20260828__5m_x7_00005,526680,31,399.396,Success,31,526680,399
6,6,2026-08-28T08:21:18+00:00,zc_cmp_full_zstd_single_bucket_20260828__5m_x7_00006,526424,31,318.848,Success,31,526424,317
7,7,2026-08-28T08:21:19+00:00,zc_cmp_full_zstd_single_bucket_20260828__5m_x7_00007,525782,31,463.988,Success,31,525782,463
8,8,2026-08-28T08:21:20+00:00,zc_cmp_full_zstd_single_bucket_20260828__5m_x7_00008,525637,31,371.965,Success,31,525637,370
9,9,2026-08-28T08:21:21+00:00,zc_cmp_full_zstd_single_bucket_20260828__5m_x7_00009,525785,31,424.229,Success,31,525785,422
10,10,2026-08-28T08:21:22+00:00,zc_cmp_full_zstd_single_bucket_20260828__5m_x7_00010,525560,31,314.205,Success,31,525560,309
11,11,2026-08-28T08:21:23+00:00,zc_cmp_full_zstd_single_bucket_20260828__5m_x7_00011,527298,31,299.715,Success,31,527298,296
12,12,2026-08-28T08:21:24+00:00,zc_cmp_full_zstd_single_bucket_20260828__5m_x7_00012,525854,31,406.551,Success,31,525854,402
13,13,2026-08-28T08:21:25+00:00,zc_cmp_full_zstd_single_bucket_20260828__5m_x7_00013,524887,31,476.526,Success,31,524887,470
14,14,2026-08-28T08:21:26+00:00,zc_cmp_full_zstd_single_bucket_20260828__5m_x7_00014,526969,31,335.081,Success,31,526969,332
15,15,2026-08-28T08:21:27+00:00,zc_cmp_full_zstd_single_bucket_20260828__5m_x7_00015,526807,31,408.18,Success,31,526807,406
16,16,2026-08-28T08:21:28+00:00,zc_cmp_full_zstd_single_bucket_20260828__5m_x7_00016,526348,31,358.976,Success,31,526348,355
17,17,2026-08-28T08:21:29+00:00,zc_cmp_full_zstd_single_bucket_20260828__5m_x7_00017,525702,31,431.909,Success,31,525702,428
18,18,2026-08-28T08:21:30+00:00,zc_cmp_full_zstd_single_bucket_20260828__5m_x7_00018,526002,31,385.647,Success,31,526002,382
19,19,2026-08-28T08:21:31+00:00,zc_cmp_full_zstd_single_bucket_20260828__5m_x7_00019,527589,31,324.901,Success,31,527589,320
20,20,2026-08-28T08:21:32+00:00,zc_cmp_full_zstd_single_bucket_20260828__5m_x7_00020,525788,31,333.149,Success,31,525788,328
21,21,2026-08-28T08:21:33+00:00,zc_cmp_full_zstd_single_bucket_20260828__5m_x7_00021,526108,31,441.087,Success,31,526108,436
22,22,2026-08-28T08:21:34+00:00,zc_cmp_full_zstd_single_bucket_20260828__5m_x7_00022,525473,31,485.678,Success,31,525473,481
23,23,2026-08-28T08:21:35+00:00,zc_cmp_full_zstd_single_bucket_20260828__5m_x7_00023,526527,31,386.837,Success,31,526527,382
24,24,2026-08-28T08:21:36+00:00,zc_cmp_full_zstd_single_bucket_20260828__5m_x7_00024,526260,31,337.493,Success,31,526260,333
25,25,2026-08-28T08:21:37+00:00,zc_cmp_full_zstd_single_bucket_20260828__5m_x7_00025,524945,31,439.356,Success,31,524945,434
26,26,2026-08-28T08:21:38+00:00,zc_cmp_full_zstd_single_bucket_20260828__5m_x7_00026,525554,31,364.579,Success,31,525554,359
27,27,2026-08-28T08:21:39+00:00,zc_cmp_full_zstd_single_bucket_20260828__5m_x7_00027,525462,31,519.464,Success,31,525462,515
28,28,2026-08-28T08:21:40+00:00,zc_cmp_full_zstd_single_bucket_20260828__5m_x7_00028,526235,31,416.871,Success,31,526235,410
29,29,2026-08-28T08:21:41+00:00,zc_cmp_full_zstd_single_bucket_20260828__5m_x7_00029,526623,31,367.8,Success,31,526623,363
30,30,2026-08-28T08:21:42+00:00,zc_cmp_full_zstd_single_bucket_20260828__5m_x7_00030,525790,31,328.057,Success,31,525790,322
31,31,2026-08-28T08:21:43+00:00,zc_cmp_full_zstd_single_bucket_20260828__5m_x7_00031,526905,31,299.054,Success,31,526905,293
32,32,2026-08-28T08:21:44+00:00,zc_cmp_full_zstd_single_bucket_20260828__5m_x7_00032,526170,31,482.978,Success,31,526170,478
33,33,2026-08-28T08:21:45+00:00,zc_cmp_full_zstd_single_bucket_20260828__5m_x7_00033,526858,31,445.454,Success,31,526858,440
34,34,2026-08-28T08:21:46+00:00,zc_cmp_full_zstd_single_bucket_20260828__5m_x7_00034,527207,31,387.142,Success,31,527207,382
35,35,2026-08-28T08:21:47+00:00,zc_cmp_full_zstd_single_bucket_20260828__5m_x7_00035,526577,31,438.149,Success,31,526577,431
36,36,2026-08-28T08:21:48+00:00,zc_cmp_full_zstd_single_bucket_20260828__5m_x7_00036,526169,31,379.044,Success,31,526169,373
37,37,2026-08-28T08:21:49+00:00,zc_cmp_full_zstd_single_bucket_20260828__5m_x7_00037,526295,31,540.407,Success,31,526295,535
38,38,2026-08-28T08:21:50+00:00,zc_cmp_full_zstd_single_bucket_20260828__5m_x7_00038,525925,31,412.634,Success,31,525925,407
39,39,2026-08-28T08:21:51+00:00,zc_cmp_full_zstd_single_bucket_20260828__5m_x7_00039,526825,31,421.669,Success,31,526825,416
40,40,2026-08-28T08:21:52+00:00,zc_cmp_full_zstd_single_bucket_20260828__5m_x7_00040,526997,31,366.208,Success,31,526997,360
41,41,2026-08-28T08:21:53+00:00,zc_cmp_full_zstd_single_bucket_20260828__5m_x7_00041,527174,31,403.527,Success,31,527174,398
42,42,2026-08-28T08:21:54+00:00,zc_cmp_full_zstd_single_bucket_20260828__5m_x7_00042,527570,31,423.362,Success,31,527570,417
43,43,2026-08-28T08:21:55+00:00,zc_cmp_full_zstd_single_bucket_20260828__5m_x7_00043,526601,31,456.348,Success,31,526601,450
44,44,2026-08-28T08:21:56+00:00,zc_cmp_full_zstd_single_bucket_20260828__5m_x7_00044,525107,31,351.889,Success,31,525107,346
45,45,2026-08-28T08:21:57+00:00,zc_cmp_full_zstd_single_bucket_20260828__5m_x7_00045,527173,31,329.052,Success,31,527173,323
46,46,2026-08-28T08:21:58+00:00,zc_cmp_full_zstd_single_bucket_20260828__5m_x7_00046,527551,31,346.334,Success,31,527551,342
47,47,2026-08-28T08:21:59+00:00,zc_cmp_full_zstd_single_bucket_20260828__5m_x7_00047,526309,31,416.0,Success,31,526309,412
48,48,2026-08-28T08:22:00+00:00,zc_cmp_full_zstd_single_bucket_20260828__5m_x7_00048,526452,31,426.666,Success,31,526452,423
49,49,2026-08-28T08:22:01+00:00,zc_cmp_full_zstd_single_bucket_20260828__5m_x7_00049,525562,31,370.102,Success,31,525562,366
50,50,2026-08-28T08:22:02+00:00,zc_cmp_full_zstd_single_bucket_20260828__5m_x7_00050,526777,31,397.694,Success,31,526777,393
51,51,2026-08-28T08:22:03+00:00,zc_cmp_full_zstd_single_bucket_20260828__5m_x7_00051,526168,31,346.707,Success,31,526168,340
52,52,2026-08-28T08:22:04+00:00,zc_cmp_full_zstd_single_bucket_20260828__5m_x7_00052,526458,31,426.958,Success,31,526458,422
53,53,2026-08-28T08:22:05+00:00,zc_cmp_full_zstd_single_bucket_20260828__5m_x7_00053,527476,31,310.077,Success,31,527476,304
54,54,2026-08-28T08:22:06+00:00,zc_cmp_full_zstd_single_bucket_20260828__5m_x7_00054,526386,31,295.45,Success,31,526386,295
55,55,2026-08-28T08:22:07+00:00,zc_cmp_full_zstd_single_bucket_20260828__5m_x7_00055,526353,31,339.022,Success,31,526353,338
56,56,2026-08-28T08:22:08+00:00,zc_cmp_full_zstd_single_bucket_20260828__5m_x7_00056,527644,31,347.097,Success,31,527644,345
57,57,2026-08-28T08:22:09+00:00,zc_cmp_full_zstd_single_bucket_20260828__5m_x7_00057,525922,31,474.743,Success,31,525922,474
58,58,2026-08-28T08:22:10+00:00,zc_cmp_full_zstd_single_bucket_20260828__5m_x7_00058,526925,31,486.674,Success,31,526925,486
59,59,2026-08-28T08:22:11+00:00,zc_cmp_full_zstd_single_bucket_20260828__5m_x7_00059,525628,31,427.062,Success,31,525628,425
60,60,2026-08-28T08:22:12+00:00,zc_cmp_full_zstd_single_bucket_20260828__5m_x7_00060,527219,31,445.028,Success,31,527219,443
61,61,2026-08-28T08:22:13+00:00,zc_cmp_full_zstd_single_bucket_20260828__5m_x7_00061,526902,31,454.671,Success,31,526902,450
62,62,2026-08-28T08:22:14+00:00,zc_cmp_full_zstd_single_bucket_20260828__5m_x7_00062,527856,31,402.446,Success,31,527856,399
63,63,2026-08-28T08:22:15+00:00,zc_cmp_full_zstd_single_bucket_20260828__5m_x7_00063,526526,31,379.849,Success,31,526526,376
64,64,2026-08-28T08:22:16+00:00,zc_cmp_full_zstd_single_bucket_20260828__5m_x7_00064,527155,31,342.851,Success,31,527155,338
65,65,2026-08-28T08:22:17+00:00,zc_cmp_full_zstd_single_bucket_20260828__5m_x7_00065,527511,31,380.958,Success,31,527511,377
66,66,2026-08-28T08:22:18+00:00,zc_cmp_full_zstd_single_bucket_20260828__5m_x7_00066,526749,31,417.551,Success,31,526749,413
67,67,2026-08-28T08:22:19+00:00,zc_cmp_full_zstd_single_bucket_20260828__5m_x7_00067,527378,31,383.328,Success,31,527378,378
68,68,2026-08-28T08:22:20+00:00,zc_cmp_full_zstd_single_bucket_20260828__5m_x7_00068,527087,31,367.404,Success,31,527087,362
69,69,2026-08-28T08:22:21+00:00,zc_cmp_full_zstd_single_bucket_20260828__5m_x7_00069,527044,31,376.755,Success,31,527044,372
70,70,2026-08-28T08:22:22+00:00,zc_cmp_full_zstd_single_bucket_20260828__5m_x7_00070,526414,31,402.411,Success,31,526414,396
71,71,2026-08-28T08:22:23+00:00,zc_cmp_full_zstd_single_bucket_20260828__5m_x7_00071,525422,31,339.018,Success,31,525422,333
72,72,2026-08-28T08:22:24+00:00,zc_cmp_full_zstd_single_bucket_20260828__5m_x7_00072,527556,31,387.608,Success,31,527556,382
73,73,2026-08-28T08:22:25+00:00,zc_cmp_full_zstd_single_bucket_20260828__5m_x7_00073,526758,31,357.361,Success,31,526758,351
74,74,2026-08-28T08:22:26+00:00,zc_cmp_full_zstd_single_bucket_20260828__5m_x7_00074,527387,31,372.055,Success,31,527387,373
75,75,2026-08-28T08:22:27+00:00,zc_cmp_full_zstd_single_bucket_20260828__5m_x7_00075,526527,31,473.26,Success,31,526527,474
76,76,2026-08-28T08:22:28+00:00,zc_cmp_full_zstd_single_bucket_20260828__5m_x7_00076,526841,31,408.799,Success,31,526841,408
77,77,2026-08-28T08:22:29+00:00,zc_cmp_full_zstd_single_bucket_20260828__5m_x7_00077,526211,31,315.461,Success,31,526211,312
78,78,2026-08-28T08:22:30+00:00,zc_cmp_full_zstd_single_bucket_20260828__5m_x7_00078,525601,31,361.42,Success,31,525601,360
79,79,2026-08-28T08:22:31+00:00,zc_cmp_full_zstd_single_bucket_20260828__5m_x7_00079,526461,31,324.494,Success,31,526461,322
80,80,2026-08-28T08:22:32+00:00,zc_cmp_full_zstd_single_bucket_20260828__5m_x7_00080,526908,31,352.485,Success,31,526908,350
81,81,2026-08-28T08:22:33+00:00,zc_cmp_full_zstd_single_bucket_20260828__5m_x7_00081,526331,31,325.87,Success,31,526331,322
82,82,2026-08-28T08:22:34+00:00,zc_cmp_full_zstd_single_bucket_20260828__5m_x7_00082,526262,31,367.569,Success,31,526262,364
83,83,2026-08-28T08:22:35+00:00,zc_cmp_full_zstd_single_bucket_20260828__5m_x7_00083,525975,31,303.954,Success,31,525975,298
84,84,2026-08-28T08:22:36+00:00,zc_cmp_full_zstd_single_bucket_20260828__5m_x7_00084,526078,31,450.261,Success,31,526078,449
85,85,2026-08-28T08:22:37+00:00,zc_cmp_full_zstd_single_bucket_20260828__5m_x7_00085,526829,31,409.763,Success,31,526829,408
86,86,2026-08-28T08:22:38+00:00,zc_cmp_full_zstd_single_bucket_20260828__5m_x7_00086,526147,31,350.711,Success,31,526147,349
87,87,2026-08-28T08:22:39+00:00,zc_cmp_full_zstd_single_bucket_20260828__5m_x7_00087,526087,31,362.53,Success,31,526087,359
88,88,2026-08-28T08:22:40+00:00,zc_cmp_full_zstd_single_bucket_20260828__5m_x7_00088,525364,31,395.817,Success,31,525364,393
89,89,2026-08-28T08:22:41+00:00,zc_cmp_full_zstd_single_bucket_20260828__5m_x7_00089,526207,31,373.991,Success,31,526207,370
90,90,2026-08-28T08:22:42+00:00,zc_cmp_full_zstd_single_bucket_20260828__5m_x7_00090,526381,31,445.908,Success,31,526381,442
91,91,2026-08-28T08:22:43+00:00,zc_cmp_full_zstd_single_bucket_20260828__5m_x7_00091,526178,31,400.918,Success,31,526178,397
92,92,2026-08-28T08:22:44+00:00,zc_cmp_full_zstd_single_bucket_20260828__5m_x7_00092,527203,31,365.654,Success,31,527203,361
93,93,2026-08-28T08:22:45+00:00,zc_cmp_full_zstd_single_bucket_20260828__5m_x7_00093,525914,31,388.346,Success,31,525914,383
94,94,2026-08-28T08:22:46+00:00,zc_cmp_full_zstd_single_bucket_20260828__5m_x7_00094,526201,31,528.957,Success,31,526201,523
95,95,2026-08-28T08:22:47+00:00,zc_cmp_full_zstd_single_bucket_20260828__5m_x7_00095,526230,31,509.679,Success,31,526230,505
96,96,2026-08-28T08:22:48+00:00,zc_cmp_full_zstd_single_bucket_20260828__5m_x7_00096,525732,31,448.546,Success,31,525732,444
97,97,2026-08-28T08:22:49+00:00,zc_cmp_full_zstd_single_bucket_20260828__5m_x7_00097,525862,31,384.91,Success,31,525862,380
98,98,2026-08-28T08:22:50+00:00,zc_cmp_full_zstd_single_bucket_20260828__5m_x7_00098,526305,31,480.106,Success,31,526305,474
99,99,2026-08-28T08:22:51+00:00,zc_cmp_full_zstd_single_bucket_20260828__5m_x7_00099,525964,31,392.212,Success,31,525964,387
100,100,2026-08-28T08:22:52+00:00,zc_cmp_full_zstd_single_bucket_20260828__5m_x7_00100,526722,31,420.556,Success,31,526722,414
101,101,2026-08-28T08:22:53+00:00,zc_cmp_full_zstd_single_bucket_20260828__5m_x7_00101,526269,31,386.453,Success,31,526269,381
102,102,2026-08-28T08:22:54+00:00,zc_cmp_full_zstd_single_bucket_20260828__5m_x7_00102,526889,31,391.484,Success,31,526889,386
103,103,2026-08-28T08:22:55+00:00,zc_cmp_full_zstd_single_bucket_20260828__5m_x7_00103,526848,31,458.195,Success,31,526848,452
104,104,2026-08-28T08:22:56+00:00,zc_cmp_full_zstd_single_bucket_20260828__5m_x7_00104,527309,31,406.831,Success,31,527309,398
105,105,2026-08-28T08:22:57+00:00,zc_cmp_full_zstd_single_bucket_20260828__5m_x7_00105,527753,31,342.178,Success,31,527753,337
106,106,2026-08-28T08:22:58+00:00,zc_cmp_full_zstd_single_bucket_20260828__5m_x7_00106,526948,31,328.321,Success,31,526948,322
107,107,2026-08-28T08:22:59+00:00,zc_cmp_full_zstd_single_bucket_20260828__5m_x7_00107,526199,31,415.641,Success,31,526199,411
108,108,2026-08-28T08:23:00+00:00,zc_cmp_full_zstd_single_bucket_20260828__5m_x7_00108,527845,31,353.86,Success,31,527845,347
109,109,2026-08-28T08:23:01+00:00,zc_cmp_full_zstd_single_bucket_20260828__5m_x7_00109,526753,31,361.919,Success,31,526753,356
110,110,2026-08-28T08:23:02+00:00,zc_cmp_full_zstd_single_bucket_20260828__5m_x7_00110,526229,31,384.062,Success,31,526229,378
111,111,2026-08-28T08:23:03+00:00,zc_cmp_full_zstd_single_bucket_20260828__5m_x7_00111,526831,31,351.804,Success,31,526831,346
112,112,2026-08-28T08:23:04+00:00,zc_cmp_full_zstd_single_bucket_20260828__5m_x7_00112,526171,31,359.265,Success,31,526171,354
113,113,2026-08-28T08:23:05+00:00,zc_cmp_full_zstd_single_bucket_20260828__5m_x7_00113,526651,31,374.465,Success,31,526651,369
114,114,2026-08-28T08:23:06+00:00,zc_cmp_full_zstd_single_bucket_20260828__5m_x7_00114,526367,31,430.034,Success,31,526367,418
115,115,2026-08-28T08:23:07+00:00,zc_cmp_full_zstd_single_bucket_20260828__5m_x7_00115,527006,31,350.594,Success,31,527006,350
116,116,2026-08-28T08:23:08+00:00,zc_cmp_full_zstd_single_bucket_20260828__5m_x7_00116,526844,31,374.343,Success,31,526844,373
117,117,2026-08-28T08:23:09+00:00,zc_cmp_full_zstd_single_bucket_20260828__5m_x7_00117,526828,31,385.087,Success,31,526828,384
118,118,2026-08-28T08:23:10+00:00,zc_cmp_full_zstd_single_bucket_20260828__5m_x7_00118,526219,31,302.61,Success,31,526219,300
119,119,2026-08-28T08:23:11+00:00,zc_cmp_full_zstd_single_bucket_20260828__5m_x7_00119,526381,31,340.431,Success,31,526381,338
120,120,2026-08-28T08:23:12+00:00,zc_cmp_full_zstd_single_bucket_20260828__5m_x7_00120,526411,31,382.989,Success,31,526411,380
121,121,2026-08-28T08:23:13+00:00,zc_cmp_full_zstd_single_bucket_20260828__5m_x7_00121,527322,31,290.912,Success,31,527322,287
122,122,2026-08-28T08:23:14+00:00,zc_cmp_full_zstd_single_bucket_20260828__5m_x7_00122,526578,31,444.808,Success,31,526578,442
123,123,2026-08-28T08:23:15+00:00,zc_cmp_full_zstd_single_bucket_20260828__5m_x7_00123,526365,31,354.107,Success,31,526365,348
124,124,2026-08-28T08:23:16+00:00,zc_cmp_full_zstd_single_bucket_20260828__5m_x7_00124,526812,31,380.448,Success,31,526812,381
125,125,2026-08-28T08:23:17+00:00,zc_cmp_full_zstd_single_bucket_20260828__5m_x7_00125,526135,31,444.692,Success,31,526135,446
126,126,2026-08-28T08:23:18+00:00,zc_cmp_full_zstd_single_bucket_20260828__5m_x7_00126,526826,31,363.62,Success,31,526826,362
127,127,2026-08-28T08:23:19+00:00,zc_cmp_full_zstd_single_bucket_20260828__5m_x7_00127,526824,31,288.269,Success,31,526824,285
128,128,2026-08-28T08:23:20+00:00,zc_cmp_full_zstd_single_bucket_20260828__5m_x7_00128,526993,31,327.816,Success,31,526993,325
129,129,2026-08-28T08:23:21+00:00,zc_cmp_full_zstd_single_bucket_20260828__5m_x7_00129,527032,31,435.744,Success,31,527032,434
130,130,2026-08-28T08:23:22+00:00,zc_cmp_full_zstd_single_bucket_20260828__5m_x7_00130,526371,31,380.46,Success,31,526371,378
131,131,2026-08-28T08:23:23+00:00,zc_cmp_full_zstd_single_bucket_20260828__5m_x7_00131,526883,31,304.656,Success,31,526883,301
132,132,2026-08-28T08:23:24+00:00,zc_cmp_full_zstd_single_bucket_20260828__5m_x7_00132,526721,31,330.397,Success,31,526721,326
133,133,2026-08-28T08:23:25+00:00,zc_cmp_full_zstd_single_bucket_20260828__5m_x7_00133,525622,31,378.108,Success,31,525622,374
134,134,2026-08-28T08:23:26+00:00,zc_cmp_full_zstd_single_bucket_20260828__5m_x7_00134,526302,31,430.43,Success,31,526302,427
135,135,2026-08-28T08:23:27+00:00,zc_cmp_full_zstd_single_bucket_20260828__5m_x7_00135,525492,31,454.897,Success,31,525492,451
136,136,2026-08-28T08:23:28+00:00,zc_cmp_full_zstd_single_bucket_20260828__5m_x7_00136,525758,31,405.819,Success,31,525758,401
137,137,2026-08-28T08:23:29+00:00,zc_cmp_full_zstd_single_bucket_20260828__5m_x7_00137,526041,31,450.405,Success,31,526041,446
138,138,2026-08-28T08:23:30+00:00,zc_cmp_full_zstd_single_bucket_20260828__5m_x7_00138,527090,31,404.543,Success,31,527090,400
139,139,2026-08-28T08:23:31+00:00,zc_cmp_full_zstd_single_bucket_20260828__5m_x7_00139,526924,31,377.074,Success,31,526924,371
140,140,2026-08-28T08:23:32+00:00,zc_cmp_full_zstd_single_bucket_20260828__5m_x7_00140,526824,31,441.217,Success,31,526824,436
141,141,2026-08-28T08:23:33+00:00,zc_cmp_full_zstd_single_bucket_20260828__5m_x7_00141,526880,31,487.147,Success,31,526880,459
142,142,2026-08-28T08:23:34+00:00,zc_cmp_full_zstd_single_bucket_20260828__5m_x7_00142,527266,31,562.697,Success,31,527266,554
143,143,2026-08-28T08:23:35+00:00,zc_cmp_full_zstd_single_bucket_20260828__5m_x7_00143,526723,31,565.119,Success,31,526723,559
144,144,2026-08-28T08:23:36+00:00,zc_cmp_full_zstd_single_bucket_20260828__5m_x7_00144,526633,31,343.572,Success,31,526633,343
145,145,2026-08-28T08:23:37+00:00,zc_cmp_full_zstd_single_bucket_20260828__5m_x7_00145,527133,31,430.119,Success,31,527133,431
146,146,2026-08-28T08:23:38+00:00,zc_cmp_full_zstd_single_bucket_20260828__5m_x7_00146,526872,31,452.821,Success,31,526872,451
147,147,2026-08-28T08:23:39+00:00,zc_cmp_full_zstd_single_bucket_20260828__5m_x7_00147,527550,31,502.371,Success,31,527550,502
148,148,2026-08-28T08:23:40+00:00,zc_cmp_full_zstd_single_bucket_20260828__5m_x7_00148,526139,31,383.144,Success,31,526139,381
149,149,2026-08-28T08:23:41+00:00,zc_cmp_full_zstd_single_bucket_20260828__5m_x7_00149,527374,31,360.844,Success,31,527374,358
150,150,2026-08-28T08:23:42+00:00,zc_cmp_full_zstd_single_bucket_20260828__5m_x7_00150,526837,31,330.441,Success,31,526837,327
151,151,2026-08-28T08:23:43+00:00,zc_cmp_full_zstd_single_bucket_20260828__5m_x7_00151,527131,31,423.143,Success,31,527131,419
152,152,2026-08-28T08:23:44+00:00,zc_cmp_full_zstd_single_bucket_20260828__5m_x7_00152,526065,31,451.486,Success,31,526065,448
153,153,2026-08-28T08:23:45+00:00,zc_cmp_full_zstd_single_bucket_20260828__5m_x7_00153,526939,31,409.079,Success,31,526939,403
154,154,2026-08-28T08:23:46+00:00,zc_cmp_full_zstd_single_bucket_20260828__5m_x7_00154,526754,31,412.827,Success,31,526754,414
155,155,2026-08-28T08:23:47+00:00,zc_cmp_full_zstd_single_bucket_20260828__5m_x7_00155,527038,31,422.562,Success,31,527038,423
156,156,2026-08-28T08:23:48+00:00,zc_cmp_full_zstd_single_bucket_20260828__5m_x7_00156,526161,31,433.211,Success,31,526161,433
157,157,2026-08-28T08:23:49+00:00,zc_cmp_full_zstd_single_bucket_20260828__5m_x7_00157,526649,31,472.834,Success,31,526649,472
158,158,2026-08-28T08:23:50+00:00,zc_cmp_full_zstd_single_bucket_20260828__5m_x7_00158,527005,31,349.009,Success,31,527005,347
159,159,2026-08-28T08:23:51+00:00,zc_cmp_full_zstd_single_bucket_20260828__5m_x7_00159,527032,31,333.414,Success,31,527032,331
160,160,2026-08-28T08:23:52+00:00,zc_cmp_full_zstd_single_bucket_20260828__5m_x7_00160,526278,31,344.306,Success,31,526278,342
161,161,2026-08-28T08:23:53+00:00,zc_cmp_full_zstd_single_bucket_20260828__5m_x7_00161,527162,31,350.828,Success,31,527162,348
162,162,2026-08-28T08:23:54+00:00,zc_cmp_full_zstd_single_bucket_20260828__5m_x7_00162,526995,31,346.905,Success,31,526995,343
163,163,2026-08-28T08:23:55+00:00,zc_cmp_full_zstd_single_bucket_20260828__5m_x7_00163,527090,31,373.034,Success,31,527090,367
164,164,2026-08-28T08:23:56+00:00,zc_cmp_full_zstd_single_bucket_20260828__5m_x7_00164,526929,31,421.358,Success,31,526929,421
165,165,2026-08-28T08:23:57+00:00,zc_cmp_full_zstd_single_bucket_20260828__5m_x7_00165,526678,31,303.253,Success,31,526678,300
166,166,2026-08-28T08:23:58+00:00,zc_cmp_full_zstd_single_bucket_20260828__5m_x7_00166,526253,31,370.193,Success,31,526253,367
167,167,2026-08-28T08:23:59+00:00,zc_cmp_full_zstd_single_bucket_20260828__5m_x7_00167,527175,31,371.502,Success,31,527175,369
168,168,2026-08-28T08:24:00+00:00,zc_cmp_full_zstd_single_bucket_20260828__5m_x7_00168,527738,31,370.559,Success,31,527738,367
169,169,2026-08-28T08:24:01+00:00,zc_cmp_full_zstd_single_bucket_20260828__5m_x7_00169,526589,31,421.974,Success,31,526589,419
170,170,2026-08-28T08:24:02+00:00,zc_cmp_full_zstd_single_bucket_20260828__5m_x7_00170,526105,31,315.825,Success,31,526105,312
171,171,2026-08-28T08:24:03+00:00,zc_cmp_full_zstd_single_bucket_20260828__5m_x7_00171,526679,31,351.815,Success,31,526679,347
172,172,2026-08-28T08:24:04+00:00,zc_cmp_full_zstd_single_bucket_20260828__5m_x7_00172,526032,31,386.565,Success,31,526032,383
173,173,2026-08-28T08:24:05+00:00,zc_cmp_full_zstd_single_bucket_20260828__5m_x7_00173,526534,31,402.249,Success,31,526534,398
174,174,2026-08-28T08:24:06+00:00,zc_cmp_full_zstd_single_bucket_20260828__5m_x7_00174,526564,31,383.249,Success,31,526564,378
175,175,2026-08-28T08:24:07+00:00,zc_cmp_full_zstd_single_bucket_20260828__5m_x7_00175,525573,31,478.267,Success,31,525573,474
176,176,2026-08-28T08:24:08+00:00,zc_cmp_full_zstd_single_bucket_20260828__5m_x7_00176,526748,31,362.473,Success,31,526748,356
177,177,2026-08-28T08:24:09+00:00,zc_cmp_full_zstd_single_bucket_20260828__5m_x7_00177,527045,31,431.481,Success,31,527045,427
178,178,2026-08-28T08:24:10+00:00,zc_cmp_full_zstd_single_bucket_20260828__5m_x7_00178,526941,31,499.206,Success,31,526941,495
179,179,2026-08-28T08:24:11+00:00,zc_cmp_full_zstd_single_bucket_20260828__5m_x7_00179,526320,31,333.305,Success,31,526320,329
180,180,2026-08-28T08:24:12+00:00,zc_cmp_full_zstd_single_bucket_20260828__5m_x7_00180,526548,31,370.148,Success,31,526548,365
181,181,2026-08-28T08:24:13+00:00,zc_cmp_full_zstd_single_bucket_20260828__5m_x7_00181,526103,31,346.267,Success,31,526103,341
182,182,2026-08-28T08:24:14+00:00,zc_cmp_full_zstd_single_bucket_20260828__5m_x7_00182,524581,31,404.302,Success,31,524581,398
183,183,2026-08-28T08:24:15+00:00,zc_cmp_full_zstd_single_bucket_20260828__5m_x7_00183,526540,31,374.181,Success,31,526540,369
184,184,2026-08-28T08:24:16+00:00,zc_cmp_full_zstd_single_bucket_20260828__5m_x7_00184,527588,31,352.887,Success,31,527588,347
185,185,2026-08-28T08:24:17+00:00,zc_cmp_full_zstd_single_bucket_20260828__5m_x7_00185,526811,31,388.147,Success,31,526811,382
186,186,2026-08-28T08:24:18+00:00,zc_cmp_full_zstd_single_bucket_20260828__5m_x7_00186,526700,31,440.096,Success,31,526700,433
187,187,2026-08-28T08:24:19+00:00,zc_cmp_full_zstd_single_bucket_20260828__5m_x7_00187,526293,31,343.969,Success,31,526293,338
188,188,2026-08-28T08:24:20+00:00,zc_cmp_full_zstd_single_bucket_20260828__5m_x7_00188,526002,31,379.249,Success,31,526002,374
189,189,2026-08-28T08:24:21+00:00,zc_cmp_full_zstd_single_bucket_20260828__5m_x7_00189,526706,31,321.477,Success,31,526706,315
190,190,2026-08-28T08:24:22+00:00,zc_cmp_full_zstd_single_bucket_20260828__5m_x7_00190,526131,31,450.309,Success,31,526131,444
191,191,2026-08-28T08:24:23+00:00,zc_cmp_full_zstd_single_bucket_20260828__5m_x7_00191,527255,31,523.635,Success,31,527255,518
192,192,2026-08-28T08:24:24+00:00,zc_cmp_full_zstd_single_bucket_20260828__5m_x7_00192,526854,31,331.416,Success,31,526854,326
193,193,2026-08-28T08:24:25+00:00,zc_cmp_full_zstd_single_bucket_20260828__5m_x7_00193,526721,31,405.788,Success,31,526721,400
194,194,2026-08-28T08:24:26+00:00,zc_cmp_full_zstd_single_bucket_20260828__5m_x7_00194,526580,31,412.871,Success,31,526580,412
195,195,2026-08-28T08:24:27+00:00,zc_cmp_full_zstd_single_bucket_20260828__5m_x7_00195,526286,31,397.661,Success,31,526286,396
196,196,2026-08-28T08:24:28+00:00,zc_cmp_full_zstd_single_bucket_20260828__5m_x7_00196,526199,31,396.866,Success,31,526199,394
197,197,2026-08-28T08:24:29+00:00,zc_cmp_full_zstd_single_bucket_20260828__5m_x7_00197,526819,31,390.253,Success,31,526819,387
198,198,2026-08-28T08:24:30+00:00,zc_cmp_full_zstd_single_bucket_20260828__5m_x7_00198,526078,31,460.919,Success,31,526078,459
199,199,2026-08-28T08:24:31+00:00,zc_cmp_full_zstd_single_bucket_20260828__5m_x7_00199,525597,31,528.184,Success,31,525597,524
200,200,2026-08-28T08:24:32+00:00,zc_cmp_full_zstd_single_bucket_20260828__5m_x7_00200,525943,31,423.712,Success,31,525943,420
201,201,2026-08-28T08:24:33+00:00,zc_cmp_full_zstd_single_bucket_20260828__5m_x7_00201,526331,31,422.551,Success,31,526331,419
202,202,2026-08-28T08:24:34+00:00,zc_cmp_full_zstd_single_bucket_20260828__5m_x7_00202,527613,31,402.418,Success,31,527613,398
203,203,2026-08-28T08:24:35+00:00,zc_cmp_full_zstd_single_bucket_20260828__5m_x7_00203,526280,31,461.308,Success,31,526280,457
204,204,2026-08-28T08:24:36+00:00,zc_cmp_full_zstd_single_bucket_20260828__5m_x7_00204,526468,31,469.796,Success,31,526468,466
205,205,2026-08-28T08:24:37+00:00,zc_cmp_full_zstd_single_bucket_20260828__5m_x7_00205,526108,31,409.075,Success,31,526108,405
206,206,2026-08-28T08:24:38+00:00,zc_cmp_full_zstd_single_bucket_20260828__5m_x7_00206,526359,31,347.24,Success,31,526359,338
207,207,2026-08-28T08:24:39+00:00,zc_cmp_full_zstd_single_bucket_20260828__5m_x7_00207,527509,31,447.894,Success,31,527509,443
208,208,2026-08-28T08:24:40+00:00,zc_cmp_full_zstd_single_bucket_20260828__5m_x7_00208,526840,31,390.949,Success,31,526840,386
209,209,2026-08-28T08:24:41+00:00,zc_cmp_full_zstd_single_bucket_20260828__5m_x7_00209,527718,31,440.111,Success,31,527718,435
210,210,2026-08-28T08:24:42+00:00,zc_cmp_full_zstd_single_bucket_20260828__5m_x7_00210,525881,31,412.869,Success,31,525881,408
211,211,2026-08-28T08:24:43+00:00,zc_cmp_full_zstd_single_bucket_20260828__5m_x7_00211,527060,31,403.252,Success,31,527060,398
212,212,2026-08-28T08:24:44+00:00,zc_cmp_full_zstd_single_bucket_20260828__5m_x7_00212,526351,31,462.857,Success,31,526351,458
213,213,2026-08-28T08:24:45+00:00,zc_cmp_full_zstd_single_bucket_20260828__5m_x7_00213,526518,31,359.416,Success,31,526518,354
214,214,2026-08-28T08:24:46+00:00,zc_cmp_full_zstd_single_bucket_20260828__5m_x7_00214,526976,31,460.619,Success,31,526976,455
215,215,2026-08-28T08:24:47+00:00,zc_cmp_full_zstd_single_bucket_20260828__5m_x7_00215,526115,31,470.516,Success,31,526115,465
216,216,2026-08-28T08:24:48+00:00,zc_cmp_full_zstd_single_bucket_20260828__5m_x7_00216,526444,31,400.839,Success,31,526444,395
217,217,2026-08-28T08:24:49+00:00,zc_cmp_full_zstd_single_bucket_20260828__5m_x7_00217,526350,31,433.205,Success,31,526350,428
218,218,2026-08-28T08:24:50+00:00,zc_cmp_full_zstd_single_bucket_20260828__5m_x7_00218,527382,31,445.525,Success,31,527382,440
219,219,2026-08-28T08:24:51+00:00,zc_cmp_full_zstd_single_bucket_20260828__5m_x7_00219,526164,31,522.35,Success,31,526164,517
220,220,2026-08-28T08:24:52+00:00,zc_cmp_full_zstd_single_bucket_20260828__5m_x7_00220,526620,31,427.308,Success,31,526620,420
221,221,2026-08-28T08:24:53+00:00,zc_cmp_full_zstd_single_bucket_20260828__5m_x7_00221,525834,31,421.626,Success,31,525834,416
222,222,2026-08-28T08:24:54+00:00,zc_cmp_full_zstd_single_bucket_20260828__5m_x7_00222,527467,31,380.206,Success,31,527467,375
223,223,2026-08-28T08:24:55+00:00,zc_cmp_full_zstd_single_bucket_20260828__5m_x7_00223,526912,31,351.938,Success,31,526912,346
224,224,2026-08-28T08:24:56+00:00,zc_cmp_full_zstd_single_bucket_20260828__5m_x7_00224,527640,31,489.952,Success,31,527640,493
225,225,2026-08-28T08:24:57+00:00,zc_cmp_full_zstd_single_bucket_20260828__5m_x7_00225,524469,31,441.852,Success,31,524469,441
226,226,2026-08-28T08:24:58+00:00,zc_cmp_full_zstd_single_bucket_20260828__5m_x7_00226,527305,31,399.207,Success,31,527305,398
227,227,2026-08-28T08:24:59+00:00,zc_cmp_full_zstd_single_bucket_20260828__5m_x7_00227,526381,31,518.404,Success,31,526381,517
228,228,2026-08-28T08:25:00+00:00,zc_cmp_full_zstd_single_bucket_20260828__5m_x7_00228,527079,31,489.888,Success,31,527079,489
229,229,2026-08-28T08:25:01+00:00,zc_cmp_full_zstd_single_bucket_20260828__5m_x7_00229,526363,31,414.984,Success,31,526363,413
230,230,2026-08-28T08:25:02+00:00,zc_cmp_full_zstd_single_bucket_20260828__5m_x7_00230,526625,31,332.501,Success,31,526625,330
231,231,2026-08-28T08:25:03+00:00,zc_cmp_full_zstd_single_bucket_20260828__5m_x7_00231,526848,31,398.36,Success,31,526848,395
232,232,2026-08-28T08:25:04+00:00,zc_cmp_full_zstd_single_bucket_20260828__5m_x7_00232,527399,31,368.928,Success,31,527399,365
233,233,2026-08-28T08:25:05+00:00,zc_cmp_full_zstd_single_bucket_20260828__5m_x7_00233,526950,31,285.125,Success,31,526950,281
234,234,2026-08-28T08:25:06+00:00,zc_cmp_full_zstd_single_bucket_20260828__5m_x7_00234,527304,31,369.481,Success,31,527304,363
235,235,2026-08-28T08:25:07+00:00,zc_cmp_full_zstd_single_bucket_20260828__5m_x7_00235,527357,31,410.17,Success,31,527357,405
236,236,2026-08-28T08:25:08+00:00,zc_cmp_full_zstd_single_bucket_20260828__5m_x7_00236,525872,31,459.008,Success,31,525872,454
237,237,2026-08-28T08:25:09+00:00,zc_cmp_full_zstd_single_bucket_20260828__5m_x7_00237,526552,31,395.999,Success,31,526552,391
238,238,2026-08-28T08:25:10+00:00,zc_cmp_full_zstd_single_bucket_20260828__5m_x7_00238,526835,31,283.736,Success,31,526835,278
239,239,2026-08-28T08:25:11+00:00,zc_cmp_full_zstd_single_bucket_20260828__5m_x7_00239,526455,31,326.603,Success,31,526455,322
240,240,2026-08-28T08:25:12+00:00,zc_cmp_full_zstd_single_bucket_20260828__5m_x7_00240,526676,31,353.266,Success,31,526676,348
241,241,2026-08-28T08:25:13+00:00,zc_cmp_full_zstd_single_bucket_20260828__5m_x7_00241,525577,31,445.052,Success,31,525577,440
242,242,2026-08-28T08:25:14+00:00,zc_cmp_full_zstd_single_bucket_20260828__5m_x7_00242,527087,31,375.376,Success,31,527087,371
243,243,2026-08-28T08:25:15+00:00,zc_cmp_full_zstd_single_bucket_20260828__5m_x7_00243,526524,31,373.502,Success,31,526524,368
244,244,2026-08-28T08:25:16+00:00,zc_cmp_full_zstd_single_bucket_20260828__5m_x7_00244,526668,31,344.004,Success,31,526668,344
245,245,2026-08-28T08:25:17+00:00,zc_cmp_full_zstd_single_bucket_20260828__5m_x7_00245,526604,31,307.616,Success,31,526604,306
246,246,2026-08-28T08:25:18+00:00,zc_cmp_full_zstd_single_bucket_20260828__5m_x7_00246,526127,31,392.567,Success,31,526127,391
247,247,2026-08-28T08:25:19+00:00,zc_cmp_full_zstd_single_bucket_20260828__5m_x7_00247,525965,31,422.956,Success,31,525965,422
248,248,2026-08-28T08:25:20+00:00,zc_cmp_full_zstd_single_bucket_20260828__5m_x7_00248,526193,31,371.365,Success,31,526193,365
249,249,2026-08-28T08:25:21+00:00,zc_cmp_full_zstd_single_bucket_20260828__5m_x7_00249,526592,31,342.727,Success,31,526592,339
250,250,2026-08-28T08:25:22+00:00,zc_cmp_full_zstd_single_bucket_20260828__5m_x7_00250,526803,31,404.482,Success,31,526803,401
251,251,2026-08-28T08:25:23+00:00,zc_cmp_full_zstd_single_bucket_20260828__5m_x7_00251,528058,31,428.096,Success,31,528058,425
252,252,2026-08-28T08:25:24+00:00,zc_cmp_full_zstd_single_bucket_20260828__5m_x7_00252,526527,31,372.937,Success,31,526527,369
253,253,2026-08-28T08:25:25+00:00,zc_cmp_full_zstd_single_bucket_20260828__5m_x7_00253,525550,31,387.664,Success,31,525550,383
254,254,2026-08-28T08:25:26+00:00,zc_cmp_full_zstd_single_bucket_20260828__5m_x7_00254,526509,31,385.163,Success,31,526509,381
255,255,2026-08-28T08:25:27+00:00,zc_cmp_full_zstd_single_bucket_20260828__5m_x7_00255,526963,31,401.208,Success,31,526963,397
256,256,2026-08-28T08:25:28+00:00,zc_cmp_full_zstd_single_bucket_20260828__5m_x7_00256,527519,31,397.175,Success,31,527519,392
257,257,2026-08-28T08:25:29+00:00,zc_cmp_full_zstd_single_bucket_20260828__5m_x7_00257,526893,31,430.608,Success,31,526893,425
258,258,2026-08-28T08:25:30+00:00,zc_cmp_full_zstd_single_bucket_20260828__5m_x7_00258,526207,31,392.552,Success,31,526207,387
259,259,2026-08-28T08:25:31+00:00,zc_cmp_full_zstd_single_bucket_20260828__5m_x7_00259,526970,31,302.969,Success,31,526970,298
260,260,2026-08-28T08:25:32+00:00,zc_cmp_full_zstd_single_bucket_20260828__5m_x7_00260,525883,31,370.364,Success,31,525883,364
261,261,2026-08-28T08:25:33+00:00,zc_cmp_full_zstd_single_bucket_20260828__5m_x7_00261,525722,31,322.438,Success,31,525722,316
262,262,2026-08-28T08:25:34+00:00,zc_cmp_full_zstd_single_bucket_20260828__5m_x7_00262,527056,31,397.808,Success,31,527056,393
263,263,2026-08-28T08:25:35+00:00,zc_cmp_full_zstd_single_bucket_20260828__5m_x7_00263,526801,31,330.56,Success,31,526801,325
264,264,2026-08-28T08:25:36+00:00,zc_cmp_full_zstd_single_bucket_20260828__5m_x7_00264,527150,31,365.44,Success,31,527150,365
265,265,2026-08-28T08:25:37+00:00,zc_cmp_full_zstd_single_bucket_20260828__5m_x7_00265,526311,31,331.871,Success,31,526311,331
266,266,2026-08-28T08:25:38+00:00,zc_cmp_full_zstd_single_bucket_20260828__5m_x7_00266,526862,31,352.97,Success,31,526862,350
267,267,2026-08-28T08:25:39+00:00,zc_cmp_full_zstd_single_bucket_20260828__5m_x7_00267,525377,31,362.421,Success,31,525377,361
268,268,2026-08-28T08:25:40+00:00,zc_cmp_full_zstd_single_bucket_20260828__5m_x7_00268,526781,31,351.95,Success,31,526781,348
269,269,2026-08-28T08:25:41+00:00,zc_cmp_full_zstd_single_bucket_20260828__5m_x7_00269,526923,31,448.095,Success,31,526923,446
270,270,2026-08-28T08:25:42+00:00,zc_cmp_full_zstd_single_bucket_20260828__5m_x7_00270,525994,31,383.146,Success,31,525994,381
271,271,2026-08-28T08:25:43+00:00,zc_cmp_full_zstd_single_bucket_20260828__5m_x7_00271,527143,31,346.25,Success,31,527143,342
272,272,2026-08-28T08:25:44+00:00,zc_cmp_full_zstd_single_bucket_20260828__5m_x7_00272,526368,31,338.93,Success,31,526368,335
273,273,2026-08-28T08:25:45+00:00,zc_cmp_full_zstd_single_bucket_20260828__5m_x7_00273,525378,31,327.788,Success,31,525378,322
274,274,2026-08-28T08:25:46+00:00,zc_cmp_full_zstd_single_bucket_20260828__5m_x7_00274,525896,31,466.678,Success,31,525896,468
275,275,2026-08-28T08:25:47+00:00,zc_cmp_full_zstd_single_bucket_20260828__5m_x7_00275,526683,31,378.124,Success,31,526683,377
276,276,2026-08-28T08:25:48+00:00,zc_cmp_full_zstd_single_bucket_20260828__5m_x7_00276,526631,31,377.335,Success,31,526631,375
277,277,2026-08-28T08:25:49+00:00,zc_cmp_full_zstd_single_bucket_20260828__5m_x7_00277,526669,31,327.626,Success,31,526669,325
278,278,2026-08-28T08:25:50+00:00,zc_cmp_full_zstd_single_bucket_20260828__5m_x7_00278,526222,31,429.189,Success,31,526222,428
279,279,2026-08-28T08:25:52+00:00,zc_cmp_full_zstd_single_bucket_20260828__5m_x7_00279,526953,31,674.049,Success,31,526953,669
280,280,2026-08-28T08:25:52+00:00,zc_cmp_full_zstd_single_bucket_20260828__5m_x7_00280,526742,31,487.705,Success,31,526742,485
281,281,2026-08-28T08:25:53+00:00,zc_cmp_full_zstd_single_bucket_20260828__5m_x7_00281,526739,31,421.591,Success,31,526739,412
282,282,2026-08-28T08:25:54+00:00,zc_cmp_full_zstd_single_bucket_20260828__5m_x7_00282,526293,31,365.276,Success,31,526293,361
283,283,2026-08-28T08:25:55+00:00,zc_cmp_full_zstd_single_bucket_20260828__5m_x7_00283,526273,31,385.801,Success,31,526273,382
284,284,2026-08-28T08:25:56+00:00,zc_cmp_full_zstd_single_bucket_20260828__5m_x7_00284,526858,31,453.336,Success,31,526858,449
285,285,2026-08-28T08:25:57+00:00,zc_cmp_full_zstd_single_bucket_20260828__5m_x7_00285,526090,31,398.216,Success,31,526090,394
286,286,2026-08-28T08:25:58+00:00,zc_cmp_full_zstd_single_bucket_20260828__5m_x7_00286,525685,31,455.067,Success,31,525685,450
287,287,2026-08-28T08:25:59+00:00,zc_cmp_full_zstd_single_bucket_20260828__5m_x7_00287,526678,31,384.971,Success,31,526678,380
288,288,2026-08-28T08:26:00+00:00,zc_cmp_full_zstd_single_bucket_20260828__5m_x7_00288,526871,31,438.059,Success,31,526871,433
289,289,2026-08-28T08:26:01+00:00,zc_cmp_full_zstd_single_bucket_20260828__5m_x7_00289,526290,31,449.955,Success,31,526290,445
290,290,2026-08-28T08:26:02+00:00,zc_cmp_full_zstd_single_bucket_20260828__5m_x7_00290,525773,31,446.8,Success,31,525773,441
291,291,2026-08-28T08:26:03+00:00,zc_cmp_full_zstd_single_bucket_20260828__5m_x7_00291,526513,31,396.853,Success,31,526513,391
292,292,2026-08-28T08:26:04+00:00,zc_cmp_full_zstd_single_bucket_20260828__5m_x7_00292,526760,31,377.801,Success,31,526760,373
293,293,2026-08-28T08:26:05+00:00,zc_cmp_full_zstd_single_bucket_20260828__5m_x7_00293,527103,31,453.963,Success,31,527103,447
294,294,2026-08-28T08:26:06+00:00,zc_cmp_full_zstd_single_bucket_20260828__5m_x7_00294,526968,31,449.328,Success,31,526968,449
295,295,2026-08-28T08:26:07+00:00,zc_cmp_full_zstd_single_bucket_20260828__5m_x7_00295,525935,31,331.413,Success,31,525935,329
296,296,2026-08-28T08:26:08+00:00,zc_cmp_full_zstd_single_bucket_20260828__5m_x7_00296,526320,31,333.022,Success,31,526320,331
297,297,2026-08-28T08:26:09+00:00,zc_cmp_full_zstd_single_bucket_20260828__5m_x7_00297,526056,31,417.474,Success,31,526056,415
298,298,2026-08-28T08:26:10+00:00,zc_cmp_full_zstd_single_bucket_20260828__5m_x7_00298,527321,31,429.705,Success,31,527321,426
299,299,2026-08-28T08:26:11+00:00,zc_cmp_full_zstd_single_bucket_20260828__5m_x7_00299,528204,31,345.436,Success,31,528204,342
300,300,2026-08-28T08:26:12+00:00,zc_cmp_full_zstd_single_bucket_20260828__5m_x7_00300,526602,31,335.766,Success,31,526602,332
301,301,2026-08-28T08:26:13+00:00,zc_cmp_full_zstd_single_bucket_20260828__5m_x7_00301,526379,31,459.493,Success,31,526379,456
302,302,2026-08-28T08:26:14+00:00,zc_cmp_full_zstd_single_bucket_20260828__5m_x7_00302,525538,31,374.904,Success,31,525538,371
303,303,2026-08-28T08:26:15+00:00,zc_cmp_full_zstd_single_bucket_20260828__5m_x7_00303,526517,31,425.805,Success,31,526517,421
304,304,2026-08-28T08:26:16+00:00,zc_cmp_full_zstd_single_bucket_20260828__5m_x7_00304,526403,31,396.944,Success,31,526403,391
305,305,2026-08-28T08:26:17+00:00,zc_cmp_full_zstd_single_bucket_20260828__5m_x7_00305,526422,31,376.272,Success,31,526422,372
306,306,2026-08-28T08:26:18+00:00,zc_cmp_full_zstd_single_bucket_20260828__5m_x7_00306,525936,31,366.258,Success,31,525936,361
307,307,2026-08-28T08:26:19+00:00,zc_cmp_full_zstd_single_bucket_20260828__5m_x7_00307,526212,31,461.306,Success,31,526212,456
308,308,2026-08-28T08:26:20+00:00,zc_cmp_full_zstd_single_bucket_20260828__5m_x7_00308,526293,31,385.607,Success,31,526293,381
309,309,2026-08-28T08:26:21+00:00,zc_cmp_full_zstd_single_bucket_20260828__5m_x7_00309,526741,31,312.541,Success,31,526741,307
310,310,2026-08-28T08:26:22+00:00,zc_cmp_full_zstd_single_bucket_20260828__5m_x7_00310,526945,31,344.214,Success,31,526945,338
311,311,2026-08-28T08:26:23+00:00,zc_cmp_full_zstd_single_bucket_20260828__5m_x7_00311,527052,31,436.57,Success,31,527052,431
312,312,2026-08-28T08:26:24+00:00,zc_cmp_full_zstd_single_bucket_20260828__5m_x7_00312,525524,31,355.244,Success,31,525524,350
313,313,2026-08-28T08:26:25+00:00,zc_cmp_full_zstd_single_bucket_20260828__5m_x7_00313,526728,31,317.13,Success,31,526728,311
314,314,2026-08-28T08:26:26+00:00,zc_cmp_full_zstd_single_bucket_20260828__5m_x7_00314,526860,31,389.182,Success,31,526860,391
315,315,2026-08-28T08:26:27+00:00,zc_cmp_full_zstd_single_bucket_20260828__5m_x7_00315,526804,31,423.061,Success,31,526804,424
316,316,2026-08-28T08:26:28+00:00,zc_cmp_full_zstd_single_bucket_20260828__5m_x7_00316,527273,31,402.981,Success,31,527273,392
317,317,2026-08-28T08:26:29+00:00,zc_cmp_full_zstd_single_bucket_20260828__5m_x7_00317,525903,31,412.065,Success,31,525903,412
318,318,2026-08-28T08:26:30+00:00,zc_cmp_full_zstd_single_bucket_20260828__5m_x7_00318,526489,31,389.977,Success,31,526489,388
319,319,2026-08-28T08:26:31+00:00,zc_cmp_full_zstd_single_bucket_20260828__5m_x7_00319,526659,31,410.181,Success,31,526659,409
320,320,2026-08-28T08:26:32+00:00,zc_cmp_full_zstd_single_bucket_20260828__5m_x7_00320,526638,31,384.663,Success,31,526638,383
321,321,2026-08-28T08:26:33+00:00,zc_cmp_full_zstd_single_bucket_20260828__5m_x7_00321,526798,31,376.48,Success,31,526798,373
322,322,2026-08-28T08:26:34+00:00,zc_cmp_full_zstd_single_bucket_20260828__5m_x7_00322,525906,31,458.185,Success,31,525906,454
323,323,2026-08-28T08:26:35+00:00,zc_cmp_full_zstd_single_bucket_20260828__5m_x7_00323,526549,31,297.388,Success,31,526549,291
324,324,2026-08-28T08:26:36+00:00,zc_cmp_full_zstd_single_bucket_20260828__5m_x7_00324,526393,31,374.964,Success,31,526393,373
325,325,2026-08-28T08:26:37+00:00,zc_cmp_full_zstd_single_bucket_20260828__5m_x7_00325,525658,31,395.397,Success,31,525658,393
326,326,2026-08-28T08:26:38+00:00,zc_cmp_full_zstd_single_bucket_20260828__5m_x7_00326,526003,31,383.14,Success,31,526003,379
327,327,2026-08-28T08:26:39+00:00,zc_cmp_full_zstd_single_bucket_20260828__5m_x7_00327,525777,31,448.926,Success,31,525777,446
328,328,2026-08-28T08:26:40+00:00,zc_cmp_full_zstd_single_bucket_20260828__5m_x7_00328,526062,31,374.73,Success,31,526062,371
329,329,2026-08-28T08:26:41+00:00,zc_cmp_full_zstd_single_bucket_20260828__5m_x7_00329,526316,31,353.158,Success,31,526316,349
330,330,2026-08-28T08:26:42+00:00,zc_cmp_full_zstd_single_bucket_20260828__5m_x7_00330,526715,31,290.685,Success,31,526715,286
331,331,2026-08-28T08:26:43+00:00,zc_cmp_full_zstd_single_bucket_20260828__5m_x7_00331,526017,31,339.368,Success,31,526017,335
332,332,2026-08-28T08:26:44+00:00,zc_cmp_full_zstd_single_bucket_20260828__5m_x7_00332,526023,31,450.402,Success,31,526023,446
333,333,2026-08-28T08:26:45+00:00,zc_cmp_full_zstd_single_bucket_20260828__5m_x7_00333,526383,31,441.143,Success,31,526383,437
334,334,2026-08-28T08:26:46+00:00,zc_cmp_full_zstd_single_bucket_20260828__5m_x7_00334,525988,31,390.096,Success,31,525988,385
335,335,2026-08-28T08:26:47+00:00,zc_cmp_full_zstd_single_bucket_20260828__5m_x7_00335,526497,31,421.611,Success,31,526497,417
336,336,2026-08-28T08:26:48+00:00,zc_cmp_full_zstd_single_bucket_20260828__5m_x7_00336,525735,31,492.057,Success,31,525735,486
337,337,2026-08-28T08:26:49+00:00,zc_cmp_full_zstd_single_bucket_20260828__5m_x7_00337,526042,31,481.816,Success,31,526042,476
338,338,2026-08-28T08:26:50+00:00,zc_cmp_full_zstd_single_bucket_20260828__5m_x7_00338,526638,31,467.135,Success,31,526638,461
339,339,2026-08-28T08:26:51+00:00,zc_cmp_full_zstd_single_bucket_20260828__5m_x7_00339,525237,31,358.347,Success,31,525237,353
340,340,2026-08-28T08:26:52+00:00,zc_cmp_full_zstd_single_bucket_20260828__5m_x7_00340,527382,31,380.617,Success,31,527382,375
341,341,2026-08-28T08:26:53+00:00,zc_cmp_full_zstd_single_bucket_20260828__5m_x7_00341,525987,31,456.161,Success,31,525987,450
342,342,2026-08-28T08:26:54+00:00,zc_cmp_full_zstd_single_bucket_20260828__5m_x7_00342,526276,31,394.773,Success,31,526276,389
343,343,2026-08-28T08:26:55+00:00,zc_cmp_full_zstd_single_bucket_20260828__5m_x7_00343,525936,31,402.488,Success,31,525936,397
344,344,2026-08-28T08:26:56+00:00,zc_cmp_full_zstd_single_bucket_20260828__5m_x7_00344,525874,31,321.465,Success,31,525874,316
345,345,2026-08-28T08:26:57+00:00,zc_cmp_full_zstd_single_bucket_20260828__5m_x7_00345,526204,31,358.681,Success,31,526204,353
346,346,2026-08-28T08:26:58+00:00,zc_cmp_full_zstd_single_bucket_20260828__5m_x7_00346,525585,31,405.955,Success,31,525585,401
347,347,2026-08-28T08:26:59+00:00,zc_cmp_full_zstd_single_bucket_20260828__5m_x7_00347,527181,31,491.024,Success,31,527181,486
348,348,2026-08-28T08:27:00+00:00,zc_cmp_full_zstd_single_bucket_20260828__5m_x7_00348,527293,31,363.667,Success,31,527293,358
349,349,2026-08-28T08:27:01+00:00,zc_cmp_full_zstd_single_bucket_20260828__5m_x7_00349,527347,31,338.074,Success,31,527347,333
350,350,2026-08-28T08:27:02+00:00,zc_cmp_full_zstd_single_bucket_20260828__5m_x7_00350,526975,31,336.608,Success,31,526975,331
351,351,2026-08-28T08:27:03+00:00,zc_cmp_full_zstd_single_bucket_20260828__5m_x7_00351,527496,31,385.629,Success,31,527496,380
352,352,2026-08-28T08:27:04+00:00,zc_cmp_full_zstd_single_bucket_20260828__5m_x7_00352,527159,31,392.022,Success,31,527159,386
353,353,2026-08-28T08:27:05+00:00,zc_cmp_full_zstd_single_bucket_20260828__5m_x7_00353,526651,31,393.245,Success,31,526651,388
354,354,2026-08-28T08:27:06+00:00,zc_cmp_full_zstd_single_bucket_20260828__5m_x7_00354,525695,31,428.307,Success,31,525695,422
355,355,2026-08-28T08:27:07+00:00,zc_cmp_full_zstd_single_bucket_20260828__5m_x7_00355,526050,31,451.268,Success,31,526050,445
356,356,2026-08-28T08:27:08+00:00,zc_cmp_full_zstd_single_bucket_20260828__5m_x7_00356,526551,31,414.51,Success,31,526551,402
357,357,2026-08-28T08:27:09+00:00,zc_cmp_full_zstd_single_bucket_20260828__5m_x7_00357,526108,31,509.852,Success,31,526108,504
358,358,2026-08-28T08:27:10+00:00,zc_cmp_full_zstd_single_bucket_20260828__5m_x7_00358,526649,31,454.506,Success,31,526649,449
359,359,2026-08-28T08:27:11+00:00,zc_cmp_full_zstd_single_bucket_20260828__5m_x7_00359,526328,31,438.308,Success,31,526328,432
360,360,2026-08-28T08:27:12+00:00,zc_cmp_full_zstd_single_bucket_20260828__5m_x7_00360,527037,31,446.662,Success,31,527037,440
361,361,2026-08-28T08:27:13+00:00,zc_cmp_full_zstd_single_bucket_20260828__5m_x7_00361,525459,31,437.623,Success,31,525459,432
362,362,2026-08-28T08:27:14+00:00,zc_cmp_full_zstd_single_bucket_20260828__5m_x7_00362,525910,31,370.188,Success,31,525910,364
363,363,2026-08-28T08:27:15+00:00,zc_cmp_full_zstd_single_bucket_20260828__5m_x7_00363,527283,31,359.286,Success,31,527283,354
364,364,2026-08-28T08:27:16+00:00,zc_cmp_full_zstd_single_bucket_20260828__5m_x7_00364,527091,31,403.419,Success,31,527091,398
365,365,2026-08-28T08:27:17+00:00,zc_cmp_full_zstd_single_bucket_20260828__5m_x7_00365,525894,31,408.346,Success,31,525894,402
366,366,2026-08-28T08:27:18+00:00,zc_cmp_full_zstd_single_bucket_20260828__5m_x7_00366,527288,31,409.629,Success,31,527288,404
367,367,2026-08-28T08:27:19+00:00,zc_cmp_full_zstd_single_bucket_20260828__5m_x7_00367,526460,31,366.333,Success,31,526460,361
368,368,2026-08-28T08:27:20+00:00,zc_cmp_full_zstd_single_bucket_20260828__5m_x7_00368,526042,31,384.468,Success,31,526042,379
369,369,2026-08-28T08:27:21+00:00,zc_cmp_full_zstd_single_bucket_20260828__5m_x7_00369,525254,31,354.44,Success,31,525254,349
370,370,2026-08-28T08:27:22+00:00,zc_cmp_full_zstd_single_bucket_20260828__5m_x7_00370,526456,31,406.527,Success,31,526456,401
371,371,2026-08-28T08:27:23+00:00,zc_cmp_full_zstd_single_bucket_20260828__5m_x7_00371,526529,31,368.88,Success,31,526529,364
372,372,2026-08-28T08:27:24+00:00,zc_cmp_full_zstd_single_bucket_20260828__5m_x7_00372,526470,31,345.302,Success,31,526470,340
373,373,2026-08-28T08:27:25+00:00,zc_cmp_full_zstd_single_bucket_20260828__5m_x7_00373,526970,31,370.121,Success,31,526970,365
374,374,2026-08-28T08:27:26+00:00,zc_cmp_full_zstd_single_bucket_20260828__5m_x7_00374,526380,31,376.968,Success,31,526380,371
375,375,2026-08-28T08:27:27+00:00,zc_cmp_full_zstd_single_bucket_20260828__5m_x7_00375,526404,31,428.26,Success,31,526404,423
376,376,2026-08-28T08:27:28+00:00,zc_cmp_full_zstd_single_bucket_20260828__5m_x7_00376,526951,31,363.881,Success,31,526951,357
377,377,2026-08-28T08:27:29+00:00,zc_cmp_full_zstd_single_bucket_20260828__5m_x7_00377,526458,31,305.637,Success,31,526458,300
378,378,2026-08-28T08:27:30+00:00,zc_cmp_full_zstd_single_bucket_20260828__5m_x7_00378,527053,31,359.902,Success,31,527053,355
379,379,2026-08-28T08:27:31+00:00,zc_cmp_full_zstd_single_bucket_20260828__5m_x7_00379,526167,31,426.021,Success,31,526167,421
380,380,2026-08-28T08:27:32+00:00,zc_cmp_full_zstd_single_bucket_20260828__5m_x7_00380,527903,31,362.358,Success,31,527903,357
381,381,2026-08-28T08:27:33+00:00,zc_cmp_full_zstd_single_bucket_20260828__5m_x7_00381,526173,31,465.047,Success,31,526173,456
382,382,2026-08-28T08:27:34+00:00,zc_cmp_full_zstd_single_bucket_20260828__5m_x7_00382,527326,31,348.561,Success,31,527326,343
383,383,2026-08-28T08:27:35+00:00,zc_cmp_full_zstd_single_bucket_20260828__5m_x7_00383,526497,31,441.088,Success,31,526497,435
384,384,2026-08-28T08:27:36+00:00,zc_cmp_full_zstd_single_bucket_20260828__5m_x7_00384,526835,31,461.07,Success,31,526835,455
385,385,2026-08-28T08:27:37+00:00,zc_cmp_full_zstd_single_bucket_20260828__5m_x7_00385,527086,31,449.681,Success,31,527086,444
386,386,2026-08-28T08:27:38+00:00,zc_cmp_full_zstd_single_bucket_20260828__5m_x7_00386,526237,31,336.856,Success,31,526237,332
387,387,2026-08-28T08:27:39+00:00,zc_cmp_full_zstd_single_bucket_20260828__5m_x7_00387,526484,31,332.925,Success,31,526484,327
388,388,2026-08-28T08:27:40+00:00,zc_cmp_full_zstd_single_bucket_20260828__5m_x7_00388,526495,31,435.467,Success,31,526495,430
389,389,2026-08-28T08:27:41+00:00,zc_cmp_full_zstd_single_bucket_20260828__5m_x7_00389,527537,31,288.767,Success,31,527537,283
390,390,2026-08-28T08:27:42+00:00,zc_cmp_full_zstd_single_bucket_20260828__5m_x7_00390,528041,31,389.334,Success,31,528041,384
391,391,2026-08-28T08:27:43+00:00,zc_cmp_full_zstd_single_bucket_20260828__5m_x7_00391,526297,31,324.403,Success,31,526297,319
392,392,2026-08-28T08:27:44+00:00,zc_cmp_full_zstd_single_bucket_20260828__5m_x7_00392,526307,31,430.519,Success,31,526307,425
393,393,2026-08-28T08:27:45+00:00,zc_cmp_full_zstd_single_bucket_20260828__5m_x7_00393,525200,31,465.211,Success,31,525200,459
394,394,2026-08-28T08:27:46+00:00,zc_cmp_full_zstd_single_bucket_20260828__5m_x7_00394,526951,31,449.646,Success,31,526951,450
395,395,2026-08-28T08:27:47+00:00,zc_cmp_full_zstd_single_bucket_20260828__5m_x7_00395,527565,31,378.15,Success,31,527565,377
396,396,2026-08-28T08:27:48+00:00,zc_cmp_full_zstd_single_bucket_20260828__5m_x7_00396,527245,31,426.063,Success,31,527245,425
397,397,2026-08-28T08:27:49+00:00,zc_cmp_full_zstd_single_bucket_20260828__5m_x7_00397,526616,31,423.501,Success,31,526616,421
398,398,2026-08-28T08:27:50+00:00,zc_cmp_full_zstd_single_bucket_20260828__5m_x7_00398,527885,31,383.88,Success,31,527885,381
399,399,2026-08-28T08:27:51+00:00,zc_cmp_full_zstd_single_bucket_20260828__5m_x7_00399,526588,31,413.373,Success,31,526588,411
400,400,2026-08-28T08:27:52+00:00,zc_cmp_full_zstd_single_bucket_20260828__5m_x7_00400,526529,31,452.826,Success,31,526529,450
401,401,2026-08-28T08:27:53+00:00,zc_cmp_full_zstd_single_bucket_20260828__5m_x7_00401,526328,31,438.227,Success,31,526328,434
402,402,2026-08-28T08:27:54+00:00,zc_cmp_full_zstd_single_bucket_20260828__5m_x7_00402,527599,31,434.213,Success,31,527599,430
403,403,2026-08-28T08:27:55+00:00,zc_cmp_full_zstd_single_bucket_20260828__5m_x7_00403,527437,31,403.107,Success,31,527437,399
404,404,2026-08-28T08:27:56+00:00,zc_cmp_full_zstd_single_bucket_20260828__5m_x7_00404,526484,31,291.209,Success,31,526484,286
405,405,2026-08-28T08:27:57+00:00,zc_cmp_full_zstd_single_bucket_20260828__5m_x7_00405,526224,31,433.249,Success,31,526224,429
406,406,2026-08-28T08:27:58+00:00,zc_cmp_full_zstd_single_bucket_20260828__5m_x7_00406,526456,31,455.023,Success,31,526456,450
407,407,2026-08-28T08:27:59+00:00,zc_cmp_full_zstd_single_bucket_20260828__5m_x7_00407,525997,31,319.561,Success,31,525997,314
408,408,2026-08-28T08:28:00+00:00,zc_cmp_full_zstd_single_bucket_20260828__5m_x7_00408,527639,31,323.882,Success,31,527639,319
409,409,2026-08-28T08:28:01+00:00,zc_cmp_full_zstd_single_bucket_20260828__5m_x7_00409,527222,31,279.217,Success,31,527222,274
410,410,2026-08-28T08:28:02+00:00,zc_cmp_full_zstd_single_bucket_20260828__5m_x7_00410,526195,31,383.178,Success,31,526195,378
411,411,2026-08-28T08:28:03+00:00,zc_cmp_full_zstd_single_bucket_20260828__5m_x7_00411,527274,31,335.617,Success,31,527274,330
412,412,2026-08-28T08:28:04+00:00,zc_cmp_full_zstd_single_bucket_20260828__5m_x7_00412,525471,31,314.789,Success,31,525471,310
413,413,2026-08-28T08:28:05+00:00,zc_cmp_full_zstd_single_bucket_20260828__5m_x7_00413,527800,31,308.298,Success,31,527800,303
414,414,2026-08-28T08:28:06+00:00,zc_cmp_full_zstd_single_bucket_20260828__5m_x7_00414,527061,31,381.745,Success,31,527061,380
415,415,2026-08-28T08:28:07+00:00,zc_cmp_full_zstd_single_bucket_20260828__5m_x7_00415,526607,31,428.662,Success,31,526607,426
416,416,2026-08-28T08:28:08+00:00,zc_cmp_full_zstd_single_bucket_20260828__5m_x7_00416,525759,31,316.694,Success,31,525759,312
417,417,2026-08-28T08:28:09+00:00,zc_cmp_full_zstd_single_bucket_20260828__5m_x7_00417,526141,31,312.807,Success,31,526141,309
418,418,2026-08-28T08:28:10+00:00,zc_cmp_full_zstd_single_bucket_20260828__5m_x7_00418,526109,31,380.853,Success,31,526109,377
419,419,2026-08-28T08:28:11+00:00,zc_cmp_full_zstd_single_bucket_20260828__5m_x7_00419,527219,31,373.114,Success,31,527219,368
420,420,2026-08-28T08:28:12+00:00,zc_cmp_full_zstd_single_bucket_20260828__5m_x7_00420,526372,31,374.556,Success,31,526372,371
421,421,2026-08-28T08:28:13+00:00,zc_cmp_full_zstd_single_bucket_20260828__5m_x7_00421,527848,31,564.066,Success,31,527848,561
422,422,2026-08-28T08:28:14+00:00,zc_cmp_full_zstd_single_bucket_20260828__5m_x7_00422,526450,31,519.474,Success,31,526450,515
423,423,2026-08-28T08:28:16+00:00,zc_cmp_full_zstd_single_bucket_20260828__5m_x7_00423,527216,31,596.661,Success,31,527216,593
424,424,2026-08-28T08:28:16+00:00,zc_cmp_full_zstd_single_bucket_20260828__5m_x7_00424,526402,31,386.33,Success,31,526402,382
425,425,2026-08-28T08:28:17+00:00,zc_cmp_full_zstd_single_bucket_20260828__5m_x7_00425,526856,31,430.527,Success,31,526856,426
426,426,2026-08-28T08:28:18+00:00,zc_cmp_full_zstd_single_bucket_20260828__5m_x7_00426,526077,31,306.773,Success,31,526077,301
427,427,2026-08-28T08:28:19+00:00,zc_cmp_full_zstd_single_bucket_20260828__5m_x7_00427,526577,31,393.609,Success,31,526577,388
428,428,2026-08-28T08:28:20+00:00,zc_cmp_full_zstd_single_bucket_20260828__5m_x7_00428,526851,31,408.225,Success,31,526851,403
429,429,2026-08-28T08:28:21+00:00,zc_cmp_full_zstd_single_bucket_20260828__5m_x7_00429,526863,31,325.521,Success,31,526863,320
430,430,2026-08-28T08:28:22+00:00,zc_cmp_full_zstd_single_bucket_20260828__5m_x7_00430,526493,31,399.487,Success,31,526493,394
431,431,2026-08-28T08:28:23+00:00,zc_cmp_full_zstd_single_bucket_20260828__5m_x7_00431,527582,31,353.215,Success,31,527582,348
432,432,2026-08-28T08:28:24+00:00,zc_cmp_full_zstd_single_bucket_20260828__5m_x7_00432,526380,31,428.468,Success,31,526380,423
433,433,2026-08-28T08:28:25+00:00,zc_cmp_full_zstd_single_bucket_20260828__5m_x7_00433,526156,31,492.109,Success,31,526156,486
434,434,2026-08-28T08:28:26+00:00,zc_cmp_full_zstd_single_bucket_20260828__5m_x7_00434,526432,31,365.903,Success,31,526432,360
435,435,2026-08-28T08:28:27+00:00,zc_cmp_full_zstd_single_bucket_20260828__5m_x7_00435,526666,31,448.118,Success,31,526666,443
436,436,2026-08-28T08:28:28+00:00,zc_cmp_full_zstd_single_bucket_20260828__5m_x7_00436,525463,31,370.618,Success,31,525463,365
437,437,2026-08-28T08:28:29+00:00,zc_cmp_full_zstd_single_bucket_20260828__5m_x7_00437,527118,31,424.314,Success,31,527118,418
438,438,2026-08-28T08:28:30+00:00,zc_cmp_full_zstd_single_bucket_20260828__5m_x7_00438,526417,31,320.211,Success,31,526417,315
439,439,2026-08-28T08:28:31+00:00,zc_cmp_full_zstd_single_bucket_20260828__5m_x7_00439,526755,31,396.001,Success,31,526755,391
440,440,2026-08-28T08:28:32+00:00,zc_cmp_full_zstd_single_bucket_20260828__5m_x7_00440,525227,31,451.906,Success,31,525227,446
441,441,2026-08-28T08:28:33+00:00,zc_cmp_full_zstd_single_bucket_20260828__5m_x7_00441,526471,31,415.24,Success,31,526471,409
442,442,2026-08-28T08:28:34+00:00,zc_cmp_full_zstd_single_bucket_20260828__5m_x7_00442,526615,31,396.175,Success,31,526615,390
443,443,2026-08-28T08:28:35+00:00,zc_cmp_full_zstd_single_bucket_20260828__5m_x7_00443,525545,31,425.695,Success,31,525545,420
444,444,2026-08-28T08:28:36+00:00,zc_cmp_full_zstd_single_bucket_20260828__5m_x7_00444,526047,31,380.444,Success,31,526047,375
445,445,2026-08-28T08:28:37+00:00,zc_cmp_full_zstd_single_bucket_20260828__5m_x7_00445,526454,31,436.529,Success,31,526454,431
446,446,2026-08-28T08:28:38+00:00,zc_cmp_full_zstd_single_bucket_20260828__5m_x7_00446,526047,31,478.649,Success,31,526047,471
447,447,2026-08-28T08:28:39+00:00,zc_cmp_full_zstd_single_bucket_20260828__5m_x7_00447,527021,31,425.081,Success,31,527021,420
448,448,2026-08-28T08:28:40+00:00,zc_cmp_full_zstd_single_bucket_20260828__5m_x7_00448,526431,31,380.508,Success,31,526431,375
449,449,2026-08-28T08:28:41+00:00,zc_cmp_full_zstd_single_bucket_20260828__5m_x7_00449,526970,31,394.648,Success,31,526970,390
450,450,2026-08-28T08:28:42+00:00,zc_cmp_full_zstd_single_bucket_20260828__5m_x7_00450,526730,31,422.108,Success,31,526730,417
451,451,2026-08-28T08:28:43+00:00,zc_cmp_full_zstd_single_bucket_20260828__5m_x7_00451,527461,31,482.956,Success,31,527461,478
452,452,2026-08-28T08:28:44+00:00,zc_cmp_full_zstd_single_bucket_20260828__5m_x7_00452,526711,31,401.897,Success,31,526711,396
453,453,2026-08-28T08:28:45+00:00,zc_cmp_full_zstd_single_bucket_20260828__5m_x7_00453,526423,31,346.703,Success,31,526423,341
454,454,2026-08-28T08:28:46+00:00,zc_cmp_full_zstd_single_bucket_20260828__5m_x7_00454,526935,31,381.07,Success,31,526935,382
455,455,2026-08-28T08:28:47+00:00,zc_cmp_full_zstd_single_bucket_20260828__5m_x7_00455,526367,31,412.171,Success,31,526367,412
456,456,2026-08-28T08:28:48+00:00,zc_cmp_full_zstd_single_bucket_20260828__5m_x7_00456,525607,31,429.022,Success,31,525607,428
457,457,2026-08-28T08:28:49+00:00,zc_cmp_full_zstd_single_bucket_20260828__5m_x7_00457,527034,31,402.551,Success,31,527034,401
458,458,2026-08-28T08:28:50+00:00,zc_cmp_full_zstd_single_bucket_20260828__5m_x7_00458,526240,31,348.398,Success,31,526240,346
459,459,2026-08-28T08:28:51+00:00,zc_cmp_full_zstd_single_bucket_20260828__5m_x7_00459,526329,31,346.105,Success,31,526329,343
460,460,2026-08-28T08:28:52+00:00,zc_cmp_full_zstd_single_bucket_20260828__5m_x7_00460,525974,31,416.796,Success,31,525974,414
461,461,2026-08-28T08:28:53+00:00,zc_cmp_full_zstd_single_bucket_20260828__5m_x7_00461,528199,31,407.671,Success,31,528199,405
462,462,2026-08-28T08:28:54+00:00,zc_cmp_full_zstd_single_bucket_20260828__5m_x7_00462,525433,31,362.399,Success,31,525433,358
463,463,2026-08-28T08:28:55+00:00,zc_cmp_full_zstd_single_bucket_20260828__5m_x7_00463,526058,31,294.983,Success,31,526058,291
464,464,2026-08-28T08:28:56+00:00,zc_cmp_full_zstd_single_bucket_20260828__5m_x7_00464,525479,31,366.407,Success,31,525479,362
465,465,2026-08-28T08:28:57+00:00,zc_cmp_full_zstd_single_bucket_20260828__5m_x7_00465,526111,31,415.629,Success,31,526111,412
466,466,2026-08-28T08:28:58+00:00,zc_cmp_full_zstd_single_bucket_20260828__5m_x7_00466,525906,31,363.637,Success,31,525906,359
467,467,2026-08-28T08:28:59+00:00,zc_cmp_full_zstd_single_bucket_20260828__5m_x7_00467,526600,31,361.057,Success,31,526600,356
468,468,2026-08-28T08:29:00+00:00,zc_cmp_full_zstd_single_bucket_20260828__5m_x7_00468,526055,31,431.03,Success,31,526055,426
469,469,2026-08-28T08:29:01+00:00,zc_cmp_full_zstd_single_bucket_20260828__5m_x7_00469,526374,31,389.309,Success,31,526374,383
470,470,2026-08-28T08:29:02+00:00,zc_cmp_full_zstd_single_bucket_20260828__5m_x7_00470,527386,31,341.764,Success,31,527386,337
471,471,2026-08-28T08:29:03+00:00,zc_cmp_full_zstd_single_bucket_20260828__5m_x7_00471,526892,31,419.843,Success,31,526892,415
472,472,2026-08-28T08:29:04+00:00,zc_cmp_full_zstd_single_bucket_20260828__5m_x7_00472,525844,31,355.714,Success,31,525844,350
473,473,2026-08-28T08:29:05+00:00,zc_cmp_full_zstd_single_bucket_20260828__5m_x7_00473,526926,31,443.924,Success,31,526926,438
474,474,2026-08-28T08:29:06+00:00,zc_cmp_full_zstd_single_bucket_20260828__5m_x7_00474,526216,31,441.683,Success,31,526216,442
475,475,2026-08-28T08:29:07+00:00,zc_cmp_full_zstd_single_bucket_20260828__5m_x7_00475,526891,31,383.653,Success,31,526891,382
476,476,2026-08-28T08:29:08+00:00,zc_cmp_full_zstd_single_bucket_20260828__5m_x7_00476,526229,31,298.311,Success,31,526229,295
477,477,2026-08-28T08:29:09+00:00,zc_cmp_full_zstd_single_bucket_20260828__5m_x7_00477,526517,31,432.552,Success,31,526517,430
478,478,2026-08-28T08:29:10+00:00,zc_cmp_full_zstd_single_bucket_20260828__5m_x7_00478,527128,31,422.872,Success,31,527128,419
479,479,2026-08-28T08:29:11+00:00,zc_cmp_full_zstd_single_bucket_20260828__5m_x7_00479,526648,31,312.694,Success,31,526648,308
480,480,2026-08-28T08:29:12+00:00,zc_cmp_full_zstd_single_bucket_20260828__5m_x7_00480,526038,31,346.731,Success,31,526038,343
481,481,2026-08-28T08:29:13+00:00,zc_cmp_full_zstd_single_bucket_20260828__5m_x7_00481,525960,31,394.186,Success,31,525960,390
482,482,2026-08-28T08:29:14+00:00,zc_cmp_full_zstd_single_bucket_20260828__5m_x7_00482,526688,31,439.657,Success,31,526688,436
483,483,2026-08-28T08:29:15+00:00,zc_cmp_full_zstd_single_bucket_20260828__5m_x7_00483,526588,31,365.704,Success,31,526588,361
484,484,2026-08-28T08:29:16+00:00,zc_cmp_full_zstd_single_bucket_20260828__5m_x7_00484,526741,31,386.354,Success,31,526741,382
485,485,2026-08-28T08:29:17+00:00,zc_cmp_full_zstd_single_bucket_20260828__5m_x7_00485,526131,31,312.583,Success,31,526131,308
486,486,2026-08-28T08:29:18+00:00,zc_cmp_full_zstd_single_bucket_20260828__5m_x7_00486,526135,31,473.674,Success,31,526135,469
487,487,2026-08-28T08:29:19+00:00,zc_cmp_full_zstd_single_bucket_20260828__5m_x7_00487,525745,31,484.569,Success,31,525745,480
488,488,2026-08-28T08:29:20+00:00,zc_cmp_full_zstd_single_bucket_20260828__5m_x7_00488,527537,31,348.411,Success,31,527537,343
489,489,2026-08-28T08:29:21+00:00,zc_cmp_full_zstd_single_bucket_20260828__5m_x7_00489,527151,31,262.322,Success,31,527151,257
490,490,2026-08-28T08:29:22+00:00,zc_cmp_full_zstd_single_bucket_20260828__5m_x7_00490,526671,31,427.544,Success,31,526671,417
491,491,2026-08-28T08:29:23+00:00,zc_cmp_full_zstd_single_bucket_20260828__5m_x7_00491,526772,31,492.127,Success,31,526772,487
492,492,2026-08-28T08:29:24+00:00,zc_cmp_full_zstd_single_bucket_20260828__5m_x7_00492,527852,31,331.1,Success,31,527852,325
493,493,2026-08-28T08:29:25+00:00,zc_cmp_full_zstd_single_bucket_20260828__5m_x7_00493,526461,31,446.243,Success,31,526461,440
494,494,2026-08-28T08:29:26+00:00,zc_cmp_full_zstd_single_bucket_20260828__5m_x7_00494,526644,31,401.169,Success,31,526644,402
495,495,2026-08-28T08:29:27+00:00,zc_cmp_full_zstd_single_bucket_20260828__5m_x7_00495,526336,31,382.218,Success,31,526336,382
496,496,2026-08-28T08:29:28+00:00,zc_cmp_full_zstd_single_bucket_20260828__5m_x7_00496,525780,31,453.655,Success,31,525780,454
497,497,2026-08-28T08:29:29+00:00,zc_cmp_full_zstd_single_bucket_20260828__5m_x7_00497,527466,31,368.943,Success,31,527466,368
498,498,2026-08-28T08:29:30+00:00,zc_cmp_full_zstd_single_bucket_20260828__5m_x7_00498,527610,31,372.754,Success,31,527610,371
499,499,2026-08-28T08:29:31+00:00,zc_cmp_full_zstd_single_bucket_20260828__5m_x7_00499,526344,31,494.498,Success,31,526344,493
500,500,2026-08-28T08:29:32+00:00,zc_cmp_full_zstd_single_bucket_20260828__5m_x7_00500,525972,31,466.619,Success,31,525972,465
501,501,2026-08-28T08:29:33+00:00,zc_cmp_full_zstd_single_bucket_20260828__5m_x7_00501,526074,31,414.627,Success,31,526074,411
502,502,2026-08-28T08:29:34+00:00,zc_cmp_full_zstd_single_bucket_20260828__5m_x7_00502,526452,31,331.016,Success,31,526452,326
503,503,2026-08-28T08:29:35+00:00,zc_cmp_full_zstd_single_bucket_20260828__5m_x7_00503,526782,31,377.38,Success,31,526782,371
504,504,2026-08-28T08:29:36+00:00,zc_cmp_full_zstd_single_bucket_20260828__5m_x7_00504,526900,31,453.586,Success,31,526900,455
505,505,2026-08-28T08:29:37+00:00,zc_cmp_full_zstd_single_bucket_20260828__5m_x7_00505,526557,31,449.94,Success,31,526557,451
506,506,2026-08-28T08:29:38+00:00,zc_cmp_full_zstd_single_bucket_20260828__5m_x7_00506,526865,31,338.336,Success,31,526865,337
507,507,2026-08-28T08:29:39+00:00,zc_cmp_full_zstd_single_bucket_20260828__5m_x7_00507,527367,31,397.485,Success,31,527367,396
508,508,2026-08-28T08:29:40+00:00,zc_cmp_full_zstd_single_bucket_20260828__5m_x7_00508,526365,31,375.008,Success,31,526365,373
509,509,2026-08-28T08:29:41+00:00,zc_cmp_full_zstd_single_bucket_20260828__5m_x7_00509,526495,31,488.581,Success,31,526495,487
510,510,2026-08-28T08:29:42+00:00,zc_cmp_full_zstd_single_bucket_20260828__5m_x7_00510,526328,31,471.188,Success,31,526328,469
511,511,2026-08-28T08:29:43+00:00,zc_cmp_full_zstd_single_bucket_20260828__5m_x7_00511,526560,31,348.507,Success,31,526560,345
512,512,2026-08-28T08:29:44+00:00,zc_cmp_full_zstd_single_bucket_20260828__5m_x7_00512,525332,31,447.386,Success,31,525332,443
513,513,2026-08-28T08:29:45+00:00,zc_cmp_full_zstd_single_bucket_20260828__5m_x7_00513,526922,31,433.624,Success,31,526922,430
514,514,2026-08-28T08:29:46+00:00,zc_cmp_full_zstd_single_bucket_20260828__5m_x7_00514,526537,31,474.484,Success,31,526537,470
515,515,2026-08-28T08:29:47+00:00,zc_cmp_full_zstd_single_bucket_20260828__5m_x7_00515,526712,31,472.264,Success,31,526712,468
516,516,2026-08-28T08:29:48+00:00,zc_cmp_full_zstd_single_bucket_20260828__5m_x7_00516,525454,31,511.916,Success,31,525454,508
517,517,2026-08-28T08:29:49+00:00,zc_cmp_full_zstd_single_bucket_20260828__5m_x7_00517,526434,31,427.18,Success,31,526434,421
518,518,2026-08-28T08:29:51+00:00,zc_cmp_full_zstd_single_bucket_20260828__5m_x7_00518,526764,31,663.673,Success,31,526764,659
519,519,2026-08-28T08:29:51+00:00,zc_cmp_full_zstd_single_bucket_20260828__5m_x7_00519,525992,31,413.404,Success,31,525992,408
520,520,2026-08-28T08:29:52+00:00,zc_cmp_full_zstd_single_bucket_20260828__5m_x7_00520,527521,31,565.414,Success,31,527521,545
521,521,2026-08-28T08:29:53+00:00,zc_cmp_full_zstd_single_bucket_20260828__5m_x7_00521,527216,31,392.937,Success,31,527216,388
522,522,2026-08-28T08:29:54+00:00,zc_cmp_full_zstd_single_bucket_20260828__5m_x7_00522,527219,31,449.839,Success,31,527219,444
523,523,2026-08-28T08:29:55+00:00,zc_cmp_full_zstd_single_bucket_20260828__5m_x7_00523,527083,31,403.726,Success,31,527083,397
524,524,2026-08-28T08:29:56+00:00,zc_cmp_full_zstd_single_bucket_20260828__5m_x7_00524,525364,31,468.684,Success,31,525364,471
525,525,2026-08-28T08:29:57+00:00,zc_cmp_full_zstd_single_bucket_20260828__5m_x7_00525,527099,31,340.667,Success,31,527099,340
526,526,2026-08-28T08:29:58+00:00,zc_cmp_full_zstd_single_bucket_20260828__5m_x7_00526,525912,31,293.876,Success,31,525912,290
527,527,2026-08-28T08:29:59+00:00,zc_cmp_full_zstd_single_bucket_20260828__5m_x7_00527,527065,31,366.344,Success,31,527065,365
528,528,2026-08-28T08:30:00+00:00,zc_cmp_full_zstd_single_bucket_20260828__5m_x7_00528,526112,31,351.809,Success,31,526112,350
529,529,2026-08-28T08:30:01+00:00,zc_cmp_full_zstd_single_bucket_20260828__5m_x7_00529,526490,31,305.135,Success,31,526490,302
530,530,2026-08-28T08:30:02+00:00,zc_cmp_full_zstd_single_bucket_20260828__5m_x7_00530,526327,31,362.517,Success,31,526327,360
531,531,2026-08-28T08:30:03+00:00,zc_cmp_full_zstd_single_bucket_20260828__5m_x7_00531,526207,31,348.722,Success,31,526207,345
532,532,2026-08-28T08:30:04+00:00,zc_cmp_full_zstd_single_bucket_20260828__5m_x7_00532,525973,31,474.952,Success,31,525973,471
533,533,2026-08-28T08:30:05+00:00,zc_cmp_full_zstd_single_bucket_20260828__5m_x7_00533,526588,31,430.721,Success,31,526588,425
534,534,2026-08-28T08:30:06+00:00,zc_cmp_full_zstd_single_bucket_20260828__5m_x7_00534,525968,31,318.589,Success,31,525968,318
535,535,2026-08-28T08:30:07+00:00,zc_cmp_full_zstd_single_bucket_20260828__5m_x7_00535,526871,31,377.456,Success,31,526871,377
536,536,2026-08-28T08:30:08+00:00,zc_cmp_full_zstd_single_bucket_20260828__5m_x7_00536,526273,31,436.176,Success,31,526273,435
537,537,2026-08-28T08:30:09+00:00,zc_cmp_full_zstd_single_bucket_20260828__5m_x7_00537,526248,31,424.897,Success,31,526248,424
538,538,2026-08-28T08:30:10+00:00,zc_cmp_full_zstd_single_bucket_20260828__5m_x7_00538,527041,31,371.009,Success,31,527041,369
539,539,2026-08-28T08:30:11+00:00,zc_cmp_full_zstd_single_bucket_20260828__5m_x7_00539,526406,31,336.057,Success,31,526406,333
540,540,2026-08-28T08:30:12+00:00,zc_cmp_full_zstd_single_bucket_20260828__5m_x7_00540,525956,31,294.73,Success,31,525956,291
541,541,2026-08-28T08:30:13+00:00,zc_cmp_full_zstd_single_bucket_20260828__5m_x7_00541,526188,31,391.452,Success,31,526188,388
542,542,2026-08-28T08:30:14+00:00,zc_cmp_full_zstd_single_bucket_20260828__5m_x7_00542,526681,31,401.532,Success,31,526681,397
543,543,2026-08-28T08:30:15+00:00,zc_cmp_full_zstd_single_bucket_20260828__5m_x7_00543,526209,31,389.532,Success,31,526209,386
544,544,2026-08-28T08:30:16+00:00,zc_cmp_full_zstd_single_bucket_20260828__5m_x7_00544,526546,31,313.368,Success,31,526546,309
545,545,2026-08-28T08:30:17+00:00,zc_cmp_full_zstd_single_bucket_20260828__5m_x7_00545,526858,31,362.651,Success,31,526858,358
546,546,2026-08-28T08:30:18+00:00,zc_cmp_full_zstd_single_bucket_20260828__5m_x7_00546,527506,31,289.354,Success,31,527506,285
547,547,2026-08-28T08:30:19+00:00,zc_cmp_full_zstd_single_bucket_20260828__5m_x7_00547,525866,31,457.561,Success,31,525866,452
548,548,2026-08-28T08:30:20+00:00,zc_cmp_full_zstd_single_bucket_20260828__5m_x7_00548,526141,31,469.843,Success,31,526141,465
549,549,2026-08-28T08:30:21+00:00,zc_cmp_full_zstd_single_bucket_20260828__5m_x7_00549,526014,31,412.496,Success,31,526014,407
550,550,2026-08-28T08:30:22+00:00,zc_cmp_full_zstd_single_bucket_20260828__5m_x7_00550,526360,31,449.127,Success,31,526360,444
551,551,2026-08-28T08:30:23+00:00,zc_cmp_full_zstd_single_bucket_20260828__5m_x7_00551,526924,31,359.5,Success,31,526924,354
552,552,2026-08-28T08:30:24+00:00,zc_cmp_full_zstd_single_bucket_20260828__5m_x7_00552,527015,31,474.133,Success,31,527015,469
553,553,2026-08-28T08:30:25+00:00,zc_cmp_full_zstd_single_bucket_20260828__5m_x7_00553,526270,31,436.386,Success,31,526270,430
554,554,2026-08-28T08:30:26+00:00,zc_cmp_full_zstd_single_bucket_20260828__5m_x7_00554,527949,31,457.127,Success,31,527949,458
555,555,2026-08-28T08:30:27+00:00,zc_cmp_full_zstd_single_bucket_20260828__5m_x7_00555,525729,31,336.354,Success,31,525729,335
556,556,2026-08-28T08:30:28+00:00,zc_cmp_full_zstd_single_bucket_20260828__5m_x7_00556,526830,31,415.326,Success,31,526830,413
557,557,2026-08-28T08:30:29+00:00,zc_cmp_full_zstd_single_bucket_20260828__5m_x7_00557,526119,31,407.666,Success,31,526119,406
558,558,2026-08-28T08:30:30+00:00,zc_cmp_full_zstd_single_bucket_20260828__5m_x7_00558,526961,31,314.365,Success,31,526961,312
559,559,2026-08-28T08:30:31+00:00,zc_cmp_full_zstd_single_bucket_20260828__5m_x7_00559,525976,31,306.693,Success,31,525976,300
560,560,2026-08-28T08:30:32+00:00,zc_cmp_full_zstd_single_bucket_20260828__5m_x7_00560,526768,31,380.709,Success,31,526768,378
561,561,2026-08-28T08:30:33+00:00,zc_cmp_full_zstd_single_bucket_20260828__5m_x7_00561,527247,31,367.235,Success,31,527247,364
562,562,2026-08-28T08:30:34+00:00,zc_cmp_full_zstd_single_bucket_20260828__5m_x7_00562,525989,31,339.3,Success,31,525989,334
563,563,2026-08-28T08:30:35+00:00,zc_cmp_full_zstd_single_bucket_20260828__5m_x7_00563,526833,31,313.357,Success,31,526833,309
564,564,2026-08-28T08:30:36+00:00,zc_cmp_full_zstd_single_bucket_20260828__5m_x7_00564,527399,31,379.279,Success,31,527399,375
565,565,2026-08-28T08:30:37+00:00,zc_cmp_full_zstd_single_bucket_20260828__5m_x7_00565,526410,31,457.233,Success,31,526410,452
566,566,2026-08-28T08:30:38+00:00,zc_cmp_full_zstd_single_bucket_20260828__5m_x7_00566,526239,31,477.186,Success,31,526239,473
567,567,2026-08-28T08:30:39+00:00,zc_cmp_full_zstd_single_bucket_20260828__5m_x7_00567,526245,31,295.057,Success,31,526245,290
568,568,2026-08-28T08:30:40+00:00,zc_cmp_full_zstd_single_bucket_20260828__5m_x7_00568,525730,31,395.511,Success,31,525730,390
569,569,2026-08-28T08:30:41+00:00,zc_cmp_full_zstd_single_bucket_20260828__5m_x7_00569,526534,31,344.63,Success,31,526534,339
570,570,2026-08-28T08:30:42+00:00,zc_cmp_full_zstd_single_bucket_20260828__5m_x7_00570,526049,31,386.479,Success,31,526049,382
571,571,2026-08-28T08:30:43+00:00,zc_cmp_full_zstd_single_bucket_20260828__5m_x7_00571,527555,31,398.994,Success,31,527555,394
572,572,2026-08-28T08:30:44+00:00,zc_cmp_full_zstd_single_bucket_20260828__5m_x7_00572,525904,31,369.932,Success,31,525904,364
573,573,2026-08-28T08:30:45+00:00,zc_cmp_full_zstd_single_bucket_20260828__5m_x7_00573,526162,31,312.823,Success,31,526162,307
574,574,2026-08-28T08:30:46+00:00,zc_cmp_full_zstd_single_bucket_20260828__5m_x7_00574,527652,31,373.367,Success,31,527652,373
575,575,2026-08-28T08:30:47+00:00,zc_cmp_full_zstd_single_bucket_20260828__5m_x7_00575,526056,31,418.309,Success,31,526056,417
576,576,2026-08-28T08:30:48+00:00,zc_cmp_full_zstd_single_bucket_20260828__5m_x7_00576,527508,31,377.874,Success,31,527508,375
577,577,2026-08-28T08:30:49+00:00,zc_cmp_full_zstd_single_bucket_20260828__5m_x7_00577,526923,31,357.699,Success,31,526923,354
578,578,2026-08-28T08:30:50+00:00,zc_cmp_full_zstd_single_bucket_20260828__5m_x7_00578,526967,31,323.145,Success,31,526967,319
579,579,2026-08-28T08:30:51+00:00,zc_cmp_full_zstd_single_bucket_20260828__5m_x7_00579,526970,31,323.738,Success,31,526970,320
580,580,2026-08-28T08:30:52+00:00,zc_cmp_full_zstd_single_bucket_20260828__5m_x7_00580,526460,31,446.103,Success,31,526460,443
581,581,2026-08-28T08:30:53+00:00,zc_cmp_full_zstd_single_bucket_20260828__5m_x7_00581,527081,31,343.219,Success,31,527081,339
582,582,2026-08-28T08:30:54+00:00,zc_cmp_full_zstd_single_bucket_20260828__5m_x7_00582,526535,31,432.779,Success,31,526535,428
583,583,2026-08-28T08:30:55+00:00,zc_cmp_full_zstd_single_bucket_20260828__5m_x7_00583,527946,31,424.021,Success,31,527946,420
584,584,2026-08-28T08:30:56+00:00,zc_cmp_full_zstd_single_bucket_20260828__5m_x7_00584,527147,31,390.606,Success,31,527147,386
585,585,2026-08-28T08:30:57+00:00,zc_cmp_full_zstd_single_bucket_20260828__5m_x7_00585,526218,31,393.552,Success,31,526218,388
586,586,2026-08-28T08:30:58+00:00,zc_cmp_full_zstd_single_bucket_20260828__5m_x7_00586,526359,31,508.279,Success,31,526359,503
587,587,2026-08-28T08:30:59+00:00,zc_cmp_full_zstd_single_bucket_20260828__5m_x7_00587,526502,31,386.001,Success,31,526502,381
588,588,2026-08-28T08:31:00+00:00,zc_cmp_full_zstd_single_bucket_20260828__5m_x7_00588,526708,31,350.27,Success,31,526708,345
589,589,2026-08-28T08:31:01+00:00,zc_cmp_full_zstd_single_bucket_20260828__5m_x7_00589,527269,31,387.171,Success,31,527269,382
590,590,2026-08-28T08:31:02+00:00,zc_cmp_full_zstd_single_bucket_20260828__5m_x7_00590,526200,31,367.422,Success,31,526200,363
591,591,2026-08-28T08:31:03+00:00,zc_cmp_full_zstd_single_bucket_20260828__5m_x7_00591,526788,31,361.734,Success,31,526788,355
592,592,2026-08-28T08:31:04+00:00,zc_cmp_full_zstd_single_bucket_20260828__5m_x7_00592,526566,31,360.375,Success,31,526566,353
593,593,2026-08-28T08:31:05+00:00,zc_cmp_full_zstd_single_bucket_20260828__5m_x7_00593,526245,31,384.884,Success,31,526245,380
594,594,2026-08-28T08:31:06+00:00,zc_cmp_full_zstd_single_bucket_20260828__5m_x7_00594,526688,31,386.716,Success,31,526688,381
595,595,2026-08-28T08:31:07+00:00,zc_cmp_full_zstd_single_bucket_20260828__5m_x7_00595,525643,31,416.317,Success,31,525643,410
596,596,2026-08-28T08:31:08+00:00,zc_cmp_full_zstd_single_bucket_20260828__5m_x7_00596,526424,31,358.899,Success,31,526424,352
597,597,2026-08-28T08:31:09+00:00,zc_cmp_full_zstd_single_bucket_20260828__5m_x7_00597,525963,31,314.154,Success,31,525963,308
598,598,2026-08-28T08:31:10+00:00,zc_cmp_full_zstd_single_bucket_20260828__5m_x7_00598,526458,31,415.743,Success,31,526458,410
599,599,2026-08-28T08:31:11+00:00,zc_cmp_full_zstd_single_bucket_20260828__5m_x7_00599,526344,31,416.892,Success,31,526344,411
600,600,2026-08-28T08:31:12+00:00,zc_cmp_full_zstd_single_bucket_20260828__5m_x7_00600,526693,31,367.499,Success,31,526693,362
601,601,2026-08-28T08:31:13+00:00,zc_cmp_full_zstd_single_bucket_20260828__5m_x7_00601,526325,31,320.742,Success,31,526325,315
602,602,2026-08-28T08:31:14+00:00,zc_cmp_full_zstd_single_bucket_20260828__5m_x7_00602,528340,31,330.889,Success,31,528340,326
603,603,2026-08-28T08:31:15+00:00,zc_cmp_full_zstd_single_bucket_20260828__5m_x7_00603,526079,31,350.514,Success,31,526079,345
604,604,2026-08-28T08:31:16+00:00,zc_cmp_full_zstd_single_bucket_20260828__5m_x7_00604,526683,31,276.937,Success,31,526683,276
605,605,2026-08-28T08:31:17+00:00,zc_cmp_full_zstd_single_bucket_20260828__5m_x7_00605,527312,31,368.12,Success,31,527312,369
606,606,2026-08-28T08:31:18+00:00,zc_cmp_full_zstd_single_bucket_20260828__5m_x7_00606,527272,31,368.362,Success,31,527272,367
607,607,2026-08-28T08:31:19+00:00,zc_cmp_full_zstd_single_bucket_20260828__5m_x7_00607,527744,31,484.258,Success,31,527744,483
608,608,2026-08-28T08:31:20+00:00,zc_cmp_full_zstd_single_bucket_20260828__5m_x7_00608,527542,31,417.721,Success,31,527542,415
609,609,2026-08-28T08:31:21+00:00,zc_cmp_full_zstd_single_bucket_20260828__5m_x7_00609,526931,31,314.887,Success,31,526931,312
610,610,2026-08-28T08:31:22+00:00,zc_cmp_full_zstd_single_bucket_20260828__5m_x7_00610,525972,31,307.787,Success,31,525972,304
611,611,2026-08-28T08:31:23+00:00,zc_cmp_full_zstd_single_bucket_20260828__5m_x7_00611,526365,31,403.329,Success,31,526365,401
612,612,2026-08-28T08:31:24+00:00,zc_cmp_full_zstd_single_bucket_20260828__5m_x7_00612,527243,31,289.012,Success,31,527243,285
613,613,2026-08-28T08:31:25+00:00,zc_cmp_full_zstd_single_bucket_20260828__5m_x7_00613,526620,31,324.105,Success,31,526620,319
614,614,2026-08-28T08:31:26+00:00,zc_cmp_full_zstd_single_bucket_20260828__5m_x7_00614,526619,31,307.606,Success,31,526619,306
615,615,2026-08-28T08:31:27+00:00,zc_cmp_full_zstd_single_bucket_20260828__5m_x7_00615,527647,31,399.172,Success,31,527647,398
616,616,2026-08-28T08:31:28+00:00,zc_cmp_full_zstd_single_bucket_20260828__5m_x7_00616,526265,31,353.156,Success,31,526265,351
617,617,2026-08-28T08:31:29+00:00,zc_cmp_full_zstd_single_bucket_20260828__5m_x7_00617,526198,31,295.715,Success,31,526198,293
618,618,2026-08-28T08:31:30+00:00,zc_cmp_full_zstd_single_bucket_20260828__5m_x7_00618,526280,31,302.288,Success,31,526280,299
619,619,2026-08-28T08:31:31+00:00,zc_cmp_full_zstd_single_bucket_20260828__5m_x7_00619,526370,31,421.027,Success,31,526370,419
620,620,2026-08-28T08:31:32+00:00,zc_cmp_full_zstd_single_bucket_20260828__5m_x7_00620,526103,31,378.76,Success,31,526103,376
621,621,2026-08-28T08:31:33+00:00,zc_cmp_full_zstd_single_bucket_20260828__5m_x7_00621,526542,31,376.531,Success,31,526542,373
622,622,2026-08-28T08:31:34+00:00,zc_cmp_full_zstd_single_bucket_20260828__5m_x7_00622,526370,31,355.813,Success,31,526370,352
623,623,2026-08-28T08:31:35+00:00,zc_cmp_full_zstd_single_bucket_20260828__5m_x7_00623,526647,31,290.949,Success,31,526647,286
624,624,2026-08-28T08:31:36+00:00,zc_cmp_full_zstd_single_bucket_20260828__5m_x7_00624,525725,31,270.818,Success,31,525725,266
625,625,2026-08-28T08:31:37+00:00,zc_cmp_full_zstd_single_bucket_20260828__5m_x7_00625,526205,31,410.75,Success,31,526205,407
626,626,2026-08-28T08:31:38+00:00,zc_cmp_full_zstd_single_bucket_20260828__5m_x7_00626,526571,31,338.493,Success,31,526571,333
627,627,2026-08-28T08:31:39+00:00,zc_cmp_full_zstd_single_bucket_20260828__5m_x7_00627,526509,31,371.984,Success,31,526509,367
628,628,2026-08-28T08:31:40+00:00,zc_cmp_full_zstd_single_bucket_20260828__5m_x7_00628,524774,31,321.733,Success,31,524774,316
629,629,2026-08-28T08:31:41+00:00,zc_cmp_full_zstd_single_bucket_20260828__5m_x7_00629,527602,31,413.381,Success,31,527602,409
630,630,2026-08-28T08:31:42+00:00,zc_cmp_full_zstd_single_bucket_20260828__5m_x7_00630,526474,31,330.861,Success,31,526474,326
631,631,2026-08-28T08:31:43+00:00,zc_cmp_full_zstd_single_bucket_20260828__5m_x7_00631,525888,31,308.38,Success,31,525888,303
632,632,2026-08-28T08:31:44+00:00,zc_cmp_full_zstd_single_bucket_20260828__5m_x7_00632,526721,31,335.254,Success,31,526721,330
633,633,2026-08-28T08:31:45+00:00,zc_cmp_full_zstd_single_bucket_20260828__5m_x7_00633,526502,31,367.411,Success,31,526502,362
634,634,2026-08-28T08:31:46+00:00,zc_cmp_full_zstd_single_bucket_20260828__5m_x7_00634,526694,31,427.477,Success,31,526694,429
635,635,2026-08-28T08:31:47+00:00,zc_cmp_full_zstd_single_bucket_20260828__5m_x7_00635,526426,31,417.889,Success,31,526426,418
636,636,2026-08-28T08:31:48+00:00,zc_cmp_full_zstd_single_bucket_20260828__5m_x7_00636,526470,31,397.593,Success,31,526470,397
637,637,2026-08-28T08:31:49+00:00,zc_cmp_full_zstd_single_bucket_20260828__5m_x7_00637,526595,31,374.038,Success,31,526595,373
638,638,2026-08-28T08:31:50+00:00,zc_cmp_full_zstd_single_bucket_20260828__5m_x7_00638,526898,31,453.53,Success,31,526898,452
639,639,2026-08-28T08:31:51+00:00,zc_cmp_full_zstd_single_bucket_20260828__5m_x7_00639,526619,31,463.576,Success,31,526619,461
640,640,2026-08-28T08:31:52+00:00,zc_cmp_full_zstd_single_bucket_20260828__5m_x7_00640,526681,31,467.094,Success,31,526681,464
641,641,2026-08-28T08:31:53+00:00,zc_cmp_full_zstd_single_bucket_20260828__5m_x7_00641,526482,31,477.791,Success,31,526482,475
642,642,2026-08-28T08:31:54+00:00,zc_cmp_full_zstd_single_bucket_20260828__5m_x7_00642,526860,31,355.402,Success,31,526860,351
643,643,2026-08-28T08:31:55+00:00,zc_cmp_full_zstd_single_bucket_20260828__5m_x7_00643,527493,31,326.8,Success,31,527493,322
644,644,2026-08-28T08:31:56+00:00,zc_cmp_full_zstd_single_bucket_20260828__5m_x7_00644,525632,31,440.743,Success,31,525632,437
645,645,2026-08-28T08:31:57+00:00,zc_cmp_full_zstd_single_bucket_20260828__5m_x7_00645,525435,31,368.144,Success,31,525435,363
646,646,2026-08-28T08:31:58+00:00,zc_cmp_full_zstd_single_bucket_20260828__5m_x7_00646,526215,31,302.904,Success,31,526215,298
647,647,2026-08-28T08:31:59+00:00,zc_cmp_full_zstd_single_bucket_20260828__5m_x7_00647,526646,31,333.165,Success,31,526646,328
648,648,2026-08-28T08:32:00+00:00,zc_cmp_full_zstd_single_bucket_20260828__5m_x7_00648,525485,31,327.822,Success,31,525485,323
649,649,2026-08-28T08:32:01+00:00,zc_cmp_full_zstd_single_bucket_20260828__5m_x7_00649,525916,31,397.1,Success,31,525916,393
650,650,2026-08-28T08:32:02+00:00,zc_cmp_full_zstd_single_bucket_20260828__5m_x7_00650,527380,31,454.077,Success,31,527380,449
651,651,2026-08-28T08:32:03+00:00,zc_cmp_full_zstd_single_bucket_20260828__5m_x7_00651,526841,31,358.797,Success,31,526841,354
652,652,2026-08-28T08:32:04+00:00,zc_cmp_full_zstd_single_bucket_20260828__5m_x7_00652,525896,31,305.088,Success,31,525896,300
653,653,2026-08-28T08:32:05+00:00,zc_cmp_full_zstd_single_bucket_20260828__5m_x7_00653,526306,31,346.967,Success,31,526306,341
654,654,2026-08-28T08:32:06+00:00,zc_cmp_full_zstd_single_bucket_20260828__5m_x7_00654,526761,31,439.545,Success,31,526761,441
655,655,2026-08-28T08:32:07+00:00,zc_cmp_full_zstd_single_bucket_20260828__5m_x7_00655,525833,31,423.978,Success,31,525833,424
656,656,2026-08-28T08:32:08+00:00,zc_cmp_full_zstd_single_bucket_20260828__5m_x7_00656,526837,31,369.023,Success,31,526837,367
657,657,2026-08-28T08:32:09+00:00,zc_cmp_full_zstd_single_bucket_20260828__5m_x7_00657,527112,31,340.917,Success,31,527112,339
658,658,2026-08-28T08:32:10+00:00,zc_cmp_full_zstd_single_bucket_20260828__5m_x7_00658,526886,31,418.147,Success,31,526886,416
659,659,2026-08-28T08:32:11+00:00,zc_cmp_full_zstd_single_bucket_20260828__5m_x7_00659,527093,31,408.37,Success,31,527093,407
660,660,2026-08-28T08:32:12+00:00,zc_cmp_full_zstd_single_bucket_20260828__5m_x7_00660,527034,31,486.957,Success,31,527034,484
661,661,2026-08-28T08:32:13+00:00,zc_cmp_full_zstd_single_bucket_20260828__5m_x7_00661,526202,31,410.454,Success,31,526202,407
662,662,2026-08-28T08:32:14+00:00,zc_cmp_full_zstd_single_bucket_20260828__5m_x7_00662,526349,31,474.577,Success,31,526349,472
663,663,2026-08-28T08:32:15+00:00,zc_cmp_full_zstd_single_bucket_20260828__5m_x7_00663,527098,31,535.785,Success,31,527098,530
664,664,2026-08-28T08:32:16+00:00,zc_cmp_full_zstd_single_bucket_20260828__5m_x7_00664,526772,31,429.848,Success,31,526772,425
665,665,2026-08-28T08:32:17+00:00,zc_cmp_full_zstd_single_bucket_20260828__5m_x7_00665,525900,31,360.793,Success,31,525900,357
666,666,2026-08-28T08:32:18+00:00,zc_cmp_full_zstd_single_bucket_20260828__5m_x7_00666,525740,31,368.49,Success,31,525740,364
667,667,2026-08-28T08:32:19+00:00,zc_cmp_full_zstd_single_bucket_20260828__5m_x7_00667,526775,31,463.953,Success,31,526775,460
668,668,2026-08-28T08:32:20+00:00,zc_cmp_full_zstd_single_bucket_20260828__5m_x7_00668,525014,31,437.041,Success,31,525014,432
669,669,2026-08-28T08:32:21+00:00,zc_cmp_full_zstd_single_bucket_20260828__5m_x7_00669,526318,31,494.4,Success,31,526318,489
670,670,2026-08-28T08:32:22+00:00,zc_cmp_full_zstd_single_bucket_20260828__5m_x7_00670,526236,31,353.113,Success,31,526236,348
671,671,2026-08-28T08:32:23+00:00,zc_cmp_full_zstd_single_bucket_20260828__5m_x7_00671,525459,31,396.729,Success,31,525459,392
672,672,2026-08-28T08:32:24+00:00,zc_cmp_full_zstd_single_bucket_20260828__5m_x7_00672,525719,31,534.922,Success,31,525719,521
673,673,2026-08-28T08:32:25+00:00,zc_cmp_full_zstd_single_bucket_20260828__5m_x7_00673,525691,31,330.915,Success,31,525691,324
674,674,2026-08-28T08:32:26+00:00,zc_cmp_full_zstd_single_bucket_20260828__5m_x7_00674,526353,31,356.023,Success,31,526353,356
675,675,2026-08-28T08:32:27+00:00,zc_cmp_full_zstd_single_bucket_20260828__5m_x7_00675,526579,31,331.46,Success,31,526579,330
676,676,2026-08-28T08:32:28+00:00,zc_cmp_full_zstd_single_bucket_20260828__5m_x7_00676,526653,31,457.357,Success,31,526653,457
677,677,2026-08-28T08:32:29+00:00,zc_cmp_full_zstd_single_bucket_20260828__5m_x7_00677,525889,31,435.015,Success,31,525889,434
678,678,2026-08-28T08:32:30+00:00,zc_cmp_full_zstd_single_bucket_20260828__5m_x7_00678,526353,31,371.577,Success,31,526353,370
679,679,2026-08-28T08:32:31+00:00,zc_cmp_full_zstd_single_bucket_20260828__5m_x7_00679,526428,31,344.914,Success,31,526428,342
680,680,2026-08-28T08:32:32+00:00,zc_cmp_full_zstd_single_bucket_20260828__5m_x7_00680,526272,31,353.553,Success,31,526272,351
681,681,2026-08-28T08:32:33+00:00,zc_cmp_full_zstd_single_bucket_20260828__5m_x7_00681,526418,31,376.977,Success,31,526418,374
682,682,2026-08-28T08:32:34+00:00,zc_cmp_full_zstd_single_bucket_20260828__5m_x7_00682,527125,31,429.781,Success,31,527125,423
683,683,2026-08-28T08:32:35+00:00,zc_cmp_full_zstd_single_bucket_20260828__5m_x7_00683,525685,31,361.296,Success,31,525685,358
684,684,2026-08-28T08:32:36+00:00,zc_cmp_full_zstd_single_bucket_20260828__5m_x7_00684,526687,31,359.478,Success,31,526687,355
685,685,2026-08-28T08:32:37+00:00,zc_cmp_full_zstd_single_bucket_20260828__5m_x7_00685,526849,31,412.547,Success,31,526849,408
686,686,2026-08-28T08:32:38+00:00,zc_cmp_full_zstd_single_bucket_20260828__5m_x7_00686,527520,31,420.395,Success,31,527520,415
687,687,2026-08-28T08:32:39+00:00,zc_cmp_full_zstd_single_bucket_20260828__5m_x7_00687,525834,31,373.098,Success,31,525834,369
688,688,2026-08-28T08:32:40+00:00,zc_cmp_full_zstd_single_bucket_20260828__5m_x7_00688,526212,31,332.369,Success,31,526212,327
689,689,2026-08-28T08:32:41+00:00,zc_cmp_full_zstd_single_bucket_20260828__5m_x7_00689,525609,31,311.881,Success,31,525609,307
690,690,2026-08-28T08:32:42+00:00,zc_cmp_full_zstd_single_bucket_20260828__5m_x7_00690,527023,31,415.067,Success,31,527023,410
691,691,2026-08-28T08:32:43+00:00,zc_cmp_full_zstd_single_bucket_20260828__5m_x7_00691,526298,31,380.932,Success,31,526298,376
692,692,2026-08-28T08:32:44+00:00,zc_cmp_full_zstd_single_bucket_20260828__5m_x7_00692,525711,31,362.954,Success,31,525711,358
693,693,2026-08-28T08:32:45+00:00,zc_cmp_full_zstd_single_bucket_20260828__5m_x7_00693,527007,31,266.763,Success,31,527007,261
694,694,2026-08-28T08:32:46+00:00,zc_cmp_full_zstd_single_bucket_20260828__5m_x7_00694,526122,31,384.878,Success,31,526122,386
695,695,2026-08-28T08:32:47+00:00,zc_cmp_full_zstd_single_bucket_20260828__5m_x7_00695,526683,31,424.093,Success,31,526683,425
696,696,2026-08-28T08:32:48+00:00,zc_cmp_full_zstd_single_bucket_20260828__5m_x7_00696,526396,31,443.518,Success,31,526396,443
697,697,2026-08-28T08:32:49+00:00,zc_cmp_full_zstd_single_bucket_20260828__5m_x7_00697,527302,31,390.715,Success,31,527302,390
698,698,2026-08-28T08:32:50+00:00,zc_cmp_full_zstd_single_bucket_20260828__5m_x7_00698,526352,31,376.398,Success,31,526352,375
699,699,2026-08-28T08:32:51+00:00,zc_cmp_full_zstd_single_bucket_20260828__5m_x7_00699,525406,31,435.921,Success,31,525406,434
700,700,2026-08-28T08:32:52+00:00,zc_cmp_full_zstd_single_bucket_20260828__5m_x7_00700,526357,31,415.028,Success,31,526357,412
701,701,2026-08-28T08:32:53+00:00,zc_cmp_full_zstd_single_bucket_20260828__5m_x7_00701,525876,31,411.92,Success,31,525876,408
702,702,2026-08-28T08:32:54+00:00,zc_cmp_full_zstd_single_bucket_20260828__5m_x7_00702,525416,31,327.199,Success,31,525416,324
703,703,2026-08-28T08:32:55+00:00,zc_cmp_full_zstd_single_bucket_20260828__5m_x7_00703,526461,31,470.124,Success,31,526461,467
704,704,2026-08-28T08:32:56+00:00,zc_cmp_full_zstd_single_bucket_20260828__5m_x7_00704,527070,31,427.36,Success,31,527070,423
705,705,2026-08-28T08:32:57+00:00,zc_cmp_full_zstd_single_bucket_20260828__5m_x7_00705,526023,31,410.364,Success,31,526023,407
706,706,2026-08-28T08:32:58+00:00,zc_cmp_full_zstd_single_bucket_20260828__5m_x7_00706,526048,31,356.952,Success,31,526048,353
707,707,2026-08-28T08:32:59+00:00,zc_cmp_full_zstd_single_bucket_20260828__5m_x7_00707,527478,31,438.84,Success,31,527478,434
708,708,2026-08-28T08:33:00+00:00,zc_cmp_full_zstd_single_bucket_20260828__5m_x7_00708,527304,31,439.17,Success,31,527304,435
709,709,2026-08-28T08:33:01+00:00,zc_cmp_full_zstd_single_bucket_20260828__5m_x7_00709,526849,31,406.504,Success,31,526849,402
710,710,2026-08-28T08:33:02+00:00,zc_cmp_full_zstd_single_bucket_20260828__5m_x7_00710,526480,31,342.02,Success,31,526480,337
711,711,2026-08-28T08:33:03+00:00,zc_cmp_full_zstd_single_bucket_20260828__5m_x7_00711,525760,31,391.907,Success,31,525760,387
712,712,2026-08-28T08:33:04+00:00,zc_cmp_full_zstd_single_bucket_20260828__5m_x7_00712,527083,31,402.627,Success,31,527083,396
713,713,2026-08-28T08:33:05+00:00,zc_cmp_full_zstd_single_bucket_20260828__5m_x7_00713,526133,31,425.093,Success,31,526133,419
714,714,2026-08-28T08:33:06+00:00,zc_cmp_full_zstd_single_bucket_20260828__5m_x7_00714,526419,31,252.267,Success,31,526419,251
715,715,2026-08-28T08:33:07+00:00,zc_cmp_full_zstd_single_bucket_20260828__5m_x7_00715,527419,31,406.951,Success,31,527419,403
716,716,2026-08-28T08:33:08+00:00,zc_cmp_full_zstd_single_bucket_20260828__5m_x7_00716,526189,31,451.995,Success,31,526189,447
717,717,2026-08-28T08:33:09+00:00,zc_cmp_full_zstd_single_bucket_20260828__5m_x7_00717,526487,31,369.093,Success,31,526487,367
718,718,2026-08-28T08:33:10+00:00,zc_cmp_full_zstd_single_bucket_20260828__5m_x7_00718,527344,31,363.54,Success,31,527344,361
719,719,2026-08-28T08:33:11+00:00,zc_cmp_full_zstd_single_bucket_20260828__5m_x7_00719,526354,31,322.666,Success,31,526354,320
720,720,2026-08-28T08:33:12+00:00,zc_cmp_full_zstd_single_bucket_20260828__5m_x7_00720,526843,31,386.532,Success,31,526843,384
721,721,2026-08-28T08:33:13+00:00,zc_cmp_full_zstd_single_bucket_20260828__5m_x7_00721,526654,31,290.337,Success,31,526654,286
722,722,2026-08-28T08:33:14+00:00,zc_cmp_full_zstd_single_bucket_20260828__5m_x7_00722,527210,31,368.294,Success,31,527210,364
723,723,2026-08-28T08:33:15+00:00,zc_cmp_full_zstd_single_bucket_20260828__5m_x7_00723,525958,31,360.99,Success,31,525958,355
724,724,2026-08-28T08:33:16+00:00,zc_cmp_full_zstd_single_bucket_20260828__5m_x7_00724,527107,31,384.613,Success,31,527107,384
725,725,2026-08-28T08:33:17+00:00,zc_cmp_full_zstd_single_bucket_20260828__5m_x7_00725,526234,31,408.824,Success,31,526234,409
726,726,2026-08-28T08:33:18+00:00,zc_cmp_full_zstd_single_bucket_20260828__5m_x7_00726,525765,31,434.592,Success,31,525765,434
727,727,2026-08-28T08:33:19+00:00,zc_cmp_full_zstd_single_bucket_20260828__5m_x7_00727,526334,31,335.458,Success,31,526334,332
728,728,2026-08-28T08:33:20+00:00,zc_cmp_full_zstd_single_bucket_20260828__5m_x7_00728,527219,31,364.328,Success,31,527219,361
729,729,2026-08-28T08:33:21+00:00,zc_cmp_full_zstd_single_bucket_20260828__5m_x7_00729,526993,31,382.797,Success,31,526993,380
730,730,2026-08-28T08:33:22+00:00,zc_cmp_full_zstd_single_bucket_20260828__5m_x7_00730,526857,31,342.032,Success,31,526857,338
731,731,2026-08-28T08:33:23+00:00,zc_cmp_full_zstd_single_bucket_20260828__5m_x7_00731,526362,31,335.328,Success,31,526362,331
732,732,2026-08-28T08:33:24+00:00,zc_cmp_full_zstd_single_bucket_20260828__5m_x7_00732,526493,31,346.239,Success,31,526493,342
733,733,2026-08-28T08:33:25+00:00,zc_cmp_full_zstd_single_bucket_20260828__5m_x7_00733,525998,31,395.068,Success,31,525998,391
734,734,2026-08-28T08:33:26+00:00,zc_cmp_full_zstd_single_bucket_20260828__5m_x7_00734,526420,31,349.671,Success,31,526420,345
735,735,2026-08-28T08:33:27+00:00,zc_cmp_full_zstd_single_bucket_20260828__5m_x7_00735,527001,31,334.159,Success,31,527001,329
736,736,2026-08-28T08:33:28+00:00,zc_cmp_full_zstd_single_bucket_20260828__5m_x7_00736,526644,31,318.842,Success,31,526644,312
737,737,2026-08-28T08:33:29+00:00,zc_cmp_full_zstd_single_bucket_20260828__5m_x7_00737,525295,31,304.292,Success,31,525295,299
738,738,2026-08-28T08:33:30+00:00,zc_cmp_full_zstd_single_bucket_20260828__5m_x7_00738,525925,31,371.155,Success,31,525925,366
739,739,2026-08-28T08:33:31+00:00,zc_cmp_full_zstd_single_bucket_20260828__5m_x7_00739,526120,31,389.145,Success,31,526120,383
740,740,2026-08-28T08:33:32+00:00,zc_cmp_full_zstd_single_bucket_20260828__5m_x7_00740,526556,31,348.682,Success,31,526556,343
741,741,2026-08-28T08:33:33+00:00,zc_cmp_full_zstd_single_bucket_20260828__5m_x7_00741,525842,31,407.093,Success,31,525842,401
742,742,2026-08-28T08:33:34+00:00,zc_cmp_full_zstd_single_bucket_20260828__5m_x7_00742,525091,31,452.341,Success,31,525091,446
743,743,2026-08-28T08:33:35+00:00,zc_cmp_full_zstd_single_bucket_20260828__5m_x7_00743,525845,31,399.555,Success,31,525845,393
744,744,2026-08-28T08:33:36+00:00,zc_cmp_full_zstd_single_bucket_20260828__5m_x7_00744,526008,31,403.859,Success,31,526008,405
745,745,2026-08-28T08:33:37+00:00,zc_cmp_full_zstd_single_bucket_20260828__5m_x7_00745,526564,31,404.528,Success,31,526564,404
746,746,2026-08-28T08:33:38+00:00,zc_cmp_full_zstd_single_bucket_20260828__5m_x7_00746,526084,31,453.147,Success,31,526084,453
747,747,2026-08-28T08:33:39+00:00,zc_cmp_full_zstd_single_bucket_20260828__5m_x7_00747,527474,31,396.826,Success,31,527474,395
748,748,2026-08-28T08:33:40+00:00,zc_cmp_full_zstd_single_bucket_20260828__5m_x7_00748,527298,31,356.021,Success,31,527298,354
749,749,2026-08-28T08:33:41+00:00,zc_cmp_full_zstd_single_bucket_20260828__5m_x7_00749,526320,31,332.656,Success,31,526320,330
750,750,2026-08-28T08:33:42+00:00,zc_cmp_full_zstd_single_bucket_20260828__5m_x7_00750,525395,31,302.046,Success,31,525395,298
751,751,2026-08-28T08:33:43+00:00,zc_cmp_full_zstd_single_bucket_20260828__5m_x7_00751,527094,31,367.072,Success,31,527094,363
752,752,2026-08-28T08:33:44+00:00,zc_cmp_full_zstd_single_bucket_20260828__5m_x7_00752,526585,31,417.876,Success,31,526585,414
753,753,2026-08-28T08:33:45+00:00,zc_cmp_full_zstd_single_bucket_20260828__5m_x7_00753,526235,31,344.046,Success,31,526235,338
754,754,2026-08-28T08:33:46+00:00,zc_cmp_full_zstd_single_bucket_20260828__5m_x7_00754,526148,31,390.293,Success,31,526148,390
755,755,2026-08-28T08:33:47+00:00,zc_cmp_full_zstd_single_bucket_20260828__5m_x7_00755,525823,31,448.322,Success,31,525823,448
756,756,2026-08-28T08:33:48+00:00,zc_cmp_full_zstd_single_bucket_20260828__5m_x7_00756,525546,31,377.619,Success,31,525546,376
757,757,2026-08-28T08:33:49+00:00,zc_cmp_full_zstd_single_bucket_20260828__5m_x7_00757,526824,31,344.796,Success,31,526824,342
758,758,2026-08-28T08:33:50+00:00,zc_cmp_full_zstd_single_bucket_20260828__5m_x7_00758,526403,31,402.865,Success,31,526403,400
759,759,2026-08-28T08:33:51+00:00,zc_cmp_full_zstd_single_bucket_20260828__5m_x7_00759,525476,31,427.426,Success,31,525476,425
760,760,2026-08-28T08:33:52+00:00,zc_cmp_full_zstd_single_bucket_20260828__5m_x7_00760,526620,31,436.018,Success,31,526620,433
761,761,2026-08-28T08:33:53+00:00,zc_cmp_full_zstd_single_bucket_20260828__5m_x7_00761,525921,31,382.245,Success,31,525921,377
762,762,2026-08-28T08:33:54+00:00,zc_cmp_full_zstd_single_bucket_20260828__5m_x7_00762,526558,31,554.619,Success,31,526558,551
763,763,2026-08-28T08:33:55+00:00,zc_cmp_full_zstd_single_bucket_20260828__5m_x7_00763,525594,31,461.324,Success,31,525594,458
764,764,2026-08-28T08:33:56+00:00,zc_cmp_full_zstd_single_bucket_20260828__5m_x7_00764,526156,31,534.374,Success,31,526156,530
765,765,2026-08-28T08:33:57+00:00,zc_cmp_full_zstd_single_bucket_20260828__5m_x7_00765,526640,31,404.854,Success,31,526640,400
766,766,2026-08-28T08:33:58+00:00,zc_cmp_full_zstd_single_bucket_20260828__5m_x7_00766,526058,31,454.419,Success,31,526058,450
767,767,2026-08-28T08:33:59+00:00,zc_cmp_full_zstd_single_bucket_20260828__5m_x7_00767,527159,31,397.425,Success,31,527159,392
768,768,2026-08-28T08:34:00+00:00,zc_cmp_full_zstd_single_bucket_20260828__5m_x7_00768,526381,31,382.61,Success,31,526381,378
769,769,2026-08-28T08:34:01+00:00,zc_cmp_full_zstd_single_bucket_20260828__5m_x7_00769,527110,31,408.651,Success,31,527110,404
770,770,2026-08-28T08:34:02+00:00,zc_cmp_full_zstd_single_bucket_20260828__5m_x7_00770,526904,31,467.607,Success,31,526904,462
771,771,2026-08-28T08:34:03+00:00,zc_cmp_full_zstd_single_bucket_20260828__5m_x7_00771,525895,31,385.748,Success,31,525895,380
772,772,2026-08-28T08:34:04+00:00,zc_cmp_full_zstd_single_bucket_20260828__5m_x7_00772,527211,31,499.323,Success,31,527211,494
773,773,2026-08-28T08:34:05+00:00,zc_cmp_full_zstd_single_bucket_20260828__5m_x7_00773,526489,31,409.09,Success,31,526489,403
774,774,2026-08-28T08:34:06+00:00,zc_cmp_full_zstd_single_bucket_20260828__5m_x7_00774,527417,31,374.774,Success,31,527417,374
775,775,2026-08-28T08:34:07+00:00,zc_cmp_full_zstd_single_bucket_20260828__5m_x7_00775,526674,31,530.84,Success,31,526674,530
776,776,2026-08-28T08:34:08+00:00,zc_cmp_full_zstd_single_bucket_20260828__5m_x7_00776,527153,31,385.525,Success,31,527153,383
777,777,2026-08-28T08:34:09+00:00,zc_cmp_full_zstd_single_bucket_20260828__5m_x7_00777,525958,31,413.475,Success,31,525958,408
778,778,2026-08-28T08:34:10+00:00,zc_cmp_full_zstd_single_bucket_20260828__5m_x7_00778,525258,31,436.224,Success,31,525258,432
779,779,2026-08-28T08:34:11+00:00,zc_cmp_full_zstd_single_bucket_20260828__5m_x7_00779,526277,31,392.483,Success,31,526277,389
780,780,2026-08-28T08:34:12+00:00,zc_cmp_full_zstd_single_bucket_20260828__5m_x7_00780,527173,31,440.867,Success,31,527173,437
781,781,2026-08-28T08:34:13+00:00,zc_cmp_full_zstd_single_bucket_20260828__5m_x7_00781,526199,31,473.841,Success,31,526199,470
782,782,2026-08-28T08:34:14+00:00,zc_cmp_full_zstd_single_bucket_20260828__5m_x7_00782,527026,31,381.408,Success,31,527026,377
783,783,2026-08-28T08:34:15+00:00,zc_cmp_full_zstd_single_bucket_20260828__5m_x7_00783,527126,31,481.314,Success,31,527126,477
784,784,2026-08-28T08:34:16+00:00,zc_cmp_full_zstd_single_bucket_20260828__5m_x7_00784,527985,31,354.954,Success,31,527985,350
785,785,2026-08-28T08:34:17+00:00,zc_cmp_full_zstd_single_bucket_20260828__5m_x7_00785,527101,31,407.97,Success,31,527101,403
786,786,2026-08-28T08:34:18+00:00,zc_cmp_full_zstd_single_bucket_20260828__5m_x7_00786,526058,31,421.031,Success,31,526058,415
787,787,2026-08-28T08:34:19+00:00,zc_cmp_full_zstd_single_bucket_20260828__5m_x7_00787,525793,31,362.062,Success,31,525793,357
788,788,2026-08-28T08:34:20+00:00,zc_cmp_full_zstd_single_bucket_20260828__5m_x7_00788,525676,31,352.399,Success,31,525676,347
789,789,2026-08-28T08:34:21+00:00,zc_cmp_full_zstd_single_bucket_20260828__5m_x7_00789,526376,31,433.085,Success,31,526376,428
790,790,2026-08-28T08:34:22+00:00,zc_cmp_full_zstd_single_bucket_20260828__5m_x7_00790,526804,31,347.93,Success,31,526804,343
791,791,2026-08-28T08:34:23+00:00,zc_cmp_full_zstd_single_bucket_20260828__5m_x7_00791,527070,31,356.96,Success,31,527070,352
792,792,2026-08-28T08:34:24+00:00,zc_cmp_full_zstd_single_bucket_20260828__5m_x7_00792,526175,31,322.428,Success,31,526175,317
793,793,2026-08-28T08:34:25+00:00,zc_cmp_full_zstd_single_bucket_20260828__5m_x7_00793,525899,31,481.412,Success,31,525899,475
794,794,2026-08-28T08:34:26+00:00,zc_cmp_full_zstd_single_bucket_20260828__5m_x7_00794,527102,31,376.091,Success,31,527102,376
795,795,2026-08-28T08:34:27+00:00,zc_cmp_full_zstd_single_bucket_20260828__5m_x7_00795,526816,31,342.477,Success,31,526816,342
796,796,2026-08-28T08:34:28+00:00,zc_cmp_full_zstd_single_bucket_20260828__5m_x7_00796,526948,31,378.311,Success,31,526948,377
797,797,2026-08-28T08:34:29+00:00,zc_cmp_full_zstd_single_bucket_20260828__5m_x7_00797,526711,31,361.015,Success,31,526711,359
798,798,2026-08-28T08:34:30+00:00,zc_cmp_full_zstd_single_bucket_20260828__5m_x7_00798,526033,31,321.754,Success,31,526033,319
799,799,2026-08-28T08:34:31+00:00,zc_cmp_full_zstd_single_bucket_20260828__5m_x7_00799,527234,31,483.659,Success,31,527234,482
800,800,2026-08-28T08:34:32+00:00,zc_cmp_full_zstd_single_bucket_20260828__5m_x7_00800,527386,31,395.85,Success,31,527386,392
801,801,2026-08-28T08:34:33+00:00,zc_cmp_full_zstd_single_bucket_20260828__5m_x7_00801,527412,31,286.454,Success,31,527412,283
802,802,2026-08-28T08:34:34+00:00,zc_cmp_full_zstd_single_bucket_20260828__5m_x7_00802,525031,31,361.128,Success,31,525031,358
803,803,2026-08-28T08:34:35+00:00,zc_cmp_full_zstd_single_bucket_20260828__5m_x7_00803,527065,31,278.852,Success,31,527065,275
804,804,2026-08-28T08:34:36+00:00,zc_cmp_full_zstd_single_bucket_20260828__5m_x7_00804,527484,31,431.674,Success,31,527484,428
805,805,2026-08-28T08:34:37+00:00,zc_cmp_full_zstd_single_bucket_20260828__5m_x7_00805,526330,31,464.11,Success,31,526330,460
806,806,2026-08-28T08:34:38+00:00,zc_cmp_full_zstd_single_bucket_20260828__5m_x7_00806,526847,31,374.76,Success,31,526847,368
807,807,2026-08-28T08:34:39+00:00,zc_cmp_full_zstd_single_bucket_20260828__5m_x7_00807,527030,31,371.659,Success,31,527030,364
808,808,2026-08-28T08:34:40+00:00,zc_cmp_full_zstd_single_bucket_20260828__5m_x7_00808,525482,31,364.172,Success,31,525482,359
809,809,2026-08-28T08:34:41+00:00,zc_cmp_full_zstd_single_bucket_20260828__5m_x7_00809,527261,31,368.949,Success,31,527261,364
810,810,2026-08-28T08:34:42+00:00,zc_cmp_full_zstd_single_bucket_20260828__5m_x7_00810,524701,31,381.465,Success,31,524701,373
811,811,2026-08-28T08:34:43+00:00,zc_cmp_full_zstd_single_bucket_20260828__5m_x7_00811,525855,31,407.162,Success,31,525855,402
812,812,2026-08-28T08:34:44+00:00,zc_cmp_full_zstd_single_bucket_20260828__5m_x7_00812,526002,31,337.205,Success,31,526002,332
813,813,2026-08-28T08:34:45+00:00,zc_cmp_full_zstd_single_bucket_20260828__5m_x7_00813,526386,31,360.533,Success,31,526386,355
814,814,2026-08-28T08:34:46+00:00,zc_cmp_full_zstd_single_bucket_20260828__5m_x7_00814,527306,31,322.015,Success,31,527306,322
815,815,2026-08-28T08:34:47+00:00,zc_cmp_full_zstd_single_bucket_20260828__5m_x7_00815,527111,31,411.69,Success,31,527111,412
816,816,2026-08-28T08:34:48+00:00,zc_cmp_full_zstd_single_bucket_20260828__5m_x7_00816,526807,31,408.663,Success,31,526807,408
817,817,2026-08-28T08:34:49+00:00,zc_cmp_full_zstd_single_bucket_20260828__5m_x7_00817,524725,31,398.454,Success,31,524725,396
818,818,2026-08-28T08:34:50+00:00,zc_cmp_full_zstd_single_bucket_20260828__5m_x7_00818,526887,31,345.978,Success,31,526887,344
819,819,2026-08-28T08:34:51+00:00,zc_cmp_full_zstd_single_bucket_20260828__5m_x7_00819,527054,31,417.949,Success,31,527054,413
820,820,2026-08-28T08:34:52+00:00,zc_cmp_full_zstd_single_bucket_20260828__5m_x7_00820,527441,31,410.886,Success,31,527441,408
821,821,2026-08-28T08:34:53+00:00,zc_cmp_full_zstd_single_bucket_20260828__5m_x7_00821,527150,31,471.51,Success,31,527150,469
822,822,2026-08-28T08:34:54+00:00,zc_cmp_full_zstd_single_bucket_20260828__5m_x7_00822,524843,31,320.341,Success,31,524843,316
823,823,2026-08-28T08:34:55+00:00,zc_cmp_full_zstd_single_bucket_20260828__5m_x7_00823,526701,31,337.743,Success,31,526701,332
824,824,2026-08-28T08:34:56+00:00,zc_cmp_full_zstd_single_bucket_20260828__5m_x7_00824,526631,31,397.772,Success,31,526631,395
825,825,2026-08-28T08:34:57+00:00,zc_cmp_full_zstd_single_bucket_20260828__5m_x7_00825,526274,31,330.504,Success,31,526274,327
826,826,2026-08-28T08:34:58+00:00,zc_cmp_full_zstd_single_bucket_20260828__5m_x7_00826,526798,31,395.454,Success,31,526798,392
827,827,2026-08-28T08:34:59+00:00,zc_cmp_full_zstd_single_bucket_20260828__5m_x7_00827,526853,31,383.514,Success,31,526853,380
828,828,2026-08-28T08:35:00+00:00,zc_cmp_full_zstd_single_bucket_20260828__5m_x7_00828,526569,31,523.709,Success,31,526569,518
829,829,2026-08-28T08:35:01+00:00,zc_cmp_full_zstd_single_bucket_20260828__5m_x7_00829,527268,31,472.527,Success,31,527268,468
830,830,2026-08-28T08:35:02+00:00,zc_cmp_full_zstd_single_bucket_20260828__5m_x7_00830,526512,31,474.718,Success,31,526512,454
831,831,2026-08-28T08:35:03+00:00,zc_cmp_full_zstd_single_bucket_20260828__5m_x7_00831,526240,31,382.785,Success,31,526240,377
832,832,2026-08-28T08:35:04+00:00,zc_cmp_full_zstd_single_bucket_20260828__5m_x7_00832,526394,31,470.165,Success,31,526394,464
833,833,2026-08-28T08:35:05+00:00,zc_cmp_full_zstd_single_bucket_20260828__5m_x7_00833,527177,31,429.194,Success,31,527177,424
834,834,2026-08-28T08:35:06+00:00,zc_cmp_full_zstd_single_bucket_20260828__5m_x7_00834,527294,31,376.073,Success,31,527294,371
835,835,2026-08-28T08:35:07+00:00,zc_cmp_full_zstd_single_bucket_20260828__5m_x7_00835,526546,31,409.418,Success,31,526546,404
836,836,2026-08-28T08:35:08+00:00,zc_cmp_full_zstd_single_bucket_20260828__5m_x7_00836,526456,31,338.439,Success,31,526456,333
837,837,2026-08-28T08:35:09+00:00,zc_cmp_full_zstd_single_bucket_20260828__5m_x7_00837,528127,31,408.728,Success,31,528127,404
838,838,2026-08-28T08:35:10+00:00,zc_cmp_full_zstd_single_bucket_20260828__5m_x7_00838,526611,31,350.51,Success,31,526611,345
839,839,2026-08-28T08:35:11+00:00,zc_cmp_full_zstd_single_bucket_20260828__5m_x7_00839,525941,31,424.226,Success,31,525941,418
840,840,2026-08-28T08:35:12+00:00,zc_cmp_full_zstd_single_bucket_20260828__5m_x7_00840,526721,31,378.671,Success,31,526721,373
841,841,2026-08-28T08:35:13+00:00,zc_cmp_full_zstd_single_bucket_20260828__5m_x7_00841,526028,31,325.557,Success,31,526028,320
842,842,2026-08-28T08:35:14+00:00,zc_cmp_full_zstd_single_bucket_20260828__5m_x7_00842,526388,31,458.822,Success,31,526388,453
843,843,2026-08-28T08:35:15+00:00,zc_cmp_full_zstd_single_bucket_20260828__5m_x7_00843,526181,31,456.747,Success,31,526181,451
844,844,2026-08-28T08:35:16+00:00,zc_cmp_full_zstd_single_bucket_20260828__5m_x7_00844,524994,31,323.884,Success,31,524994,318
845,845,2026-08-28T08:35:17+00:00,zc_cmp_full_zstd_single_bucket_20260828__5m_x7_00845,526044,31,424.925,Success,31,526044,419
846,846,2026-08-28T08:35:18+00:00,zc_cmp_full_zstd_single_bucket_20260828__5m_x7_00846,527129,31,371.295,Success,31,527129,366
847,847,2026-08-28T08:35:19+00:00,zc_cmp_full_zstd_single_bucket_20260828__5m_x7_00847,526493,31,518.442,Success,31,526493,513
848,848,2026-08-28T08:35:20+00:00,zc_cmp_full_zstd_single_bucket_20260828__5m_x7_00848,526148,31,355.497,Success,31,526148,350
849,849,2026-08-28T08:35:21+00:00,zc_cmp_full_zstd_single_bucket_20260828__5m_x7_00849,526640,31,377.491,Success,31,526640,372
850,850,2026-08-28T08:35:22+00:00,zc_cmp_full_zstd_single_bucket_20260828__5m_x7_00850,526638,31,457.101,Success,31,526638,451
851,851,2026-08-28T08:35:23+00:00,zc_cmp_full_zstd_single_bucket_20260828__5m_x7_00851,526015,31,355.453,Success,31,526015,350
852,852,2026-08-28T08:35:24+00:00,zc_cmp_full_zstd_single_bucket_20260828__5m_x7_00852,525930,31,462.577,Success,31,525930,457
853,853,2026-08-28T08:35:25+00:00,zc_cmp_full_zstd_single_bucket_20260828__5m_x7_00853,526665,31,471.505,Success,31,526665,466
854,854,2026-08-28T08:35:26+00:00,zc_cmp_full_zstd_single_bucket_20260828__5m_x7_00854,526668,31,444.995,Success,31,526668,439
855,855,2026-08-28T08:35:27+00:00,zc_cmp_full_zstd_single_bucket_20260828__5m_x7_00855,527169,31,343.337,Success,31,527169,338
856,856,2026-08-28T08:35:28+00:00,zc_cmp_full_zstd_single_bucket_20260828__5m_x7_00856,525613,31,410.77,Success,31,525613,409
857,857,2026-08-28T08:35:29+00:00,zc_cmp_full_zstd_single_bucket_20260828__5m_x7_00857,525846,31,354.977,Success,31,525846,351
858,858,2026-08-28T08:35:30+00:00,zc_cmp_full_zstd_single_bucket_20260828__5m_x7_00858,526074,31,344.11,Success,31,526074,341
859,859,2026-08-28T08:35:31+00:00,zc_cmp_full_zstd_single_bucket_20260828__5m_x7_00859,527429,31,319.863,Success,31,527429,316
860,860,2026-08-28T08:35:32+00:00,zc_cmp_full_zstd_single_bucket_20260828__5m_x7_00860,525652,31,385.114,Success,31,525652,381
861,861,2026-08-28T08:35:33+00:00,zc_cmp_full_zstd_single_bucket_20260828__5m_x7_00861,526259,31,433.318,Success,31,526259,429
862,862,2026-08-28T08:35:34+00:00,zc_cmp_full_zstd_single_bucket_20260828__5m_x7_00862,526838,31,340.293,Success,31,526838,336
863,863,2026-08-28T08:35:35+00:00,zc_cmp_full_zstd_single_bucket_20260828__5m_x7_00863,526759,31,286.179,Success,31,526759,280
864,864,2026-08-28T08:35:36+00:00,zc_cmp_full_zstd_single_bucket_20260828__5m_x7_00864,527115,31,376.771,Success,31,527115,376
865,865,2026-08-28T08:35:37+00:00,zc_cmp_full_zstd_single_bucket_20260828__5m_x7_00865,526139,31,428.401,Success,31,526139,427
866,866,2026-08-28T08:35:38+00:00,zc_cmp_full_zstd_single_bucket_20260828__5m_x7_00866,527630,31,461.359,Success,31,527630,460
867,867,2026-08-28T08:35:39+00:00,zc_cmp_full_zstd_single_bucket_20260828__5m_x7_00867,527448,31,388.387,Success,31,527448,386
868,868,2026-08-28T08:35:40+00:00,zc_cmp_full_zstd_single_bucket_20260828__5m_x7_00868,526302,31,344.023,Success,31,526302,341
869,869,2026-08-28T08:35:41+00:00,zc_cmp_full_zstd_single_bucket_20260828__5m_x7_00869,526928,31,344.297,Success,31,526928,342
870,870,2026-08-28T08:35:42+00:00,zc_cmp_full_zstd_single_bucket_20260828__5m_x7_00870,527654,31,385.963,Success,31,527654,383
871,871,2026-08-28T08:35:43+00:00,zc_cmp_full_zstd_single_bucket_20260828__5m_x7_00871,526518,31,398.361,Success,31,526518,395
872,872,2026-08-28T08:35:44+00:00,zc_cmp_full_zstd_single_bucket_20260828__5m_x7_00872,526483,31,354.384,Success,31,526483,350
873,873,2026-08-28T08:35:45+00:00,zc_cmp_full_zstd_single_bucket_20260828__5m_x7_00873,527464,31,338.892,Success,31,527464,334
874,874,2026-08-28T08:35:46+00:00,zc_cmp_full_zstd_single_bucket_20260828__5m_x7_00874,526402,31,301.894,Success,31,526402,297
875,875,2026-08-28T08:35:47+00:00,zc_cmp_full_zstd_single_bucket_20260828__5m_x7_00875,527005,31,435.33,Success,31,527005,431
876,876,2026-08-28T08:35:48+00:00,zc_cmp_full_zstd_single_bucket_20260828__5m_x7_00876,527104,31,371.648,Success,31,527104,367
877,877,2026-08-28T08:35:49+00:00,zc_cmp_full_zstd_single_bucket_20260828__5m_x7_00877,526116,31,347.569,Success,31,526116,343
878,878,2026-08-28T08:35:50+00:00,zc_cmp_full_zstd_single_bucket_20260828__5m_x7_00878,526736,31,250.887,Success,31,526736,246
879,879,2026-08-28T08:35:51+00:00,zc_cmp_full_zstd_single_bucket_20260828__5m_x7_00879,526900,31,306.832,Success,31,526900,302
880,880,2026-08-28T08:35:52+00:00,zc_cmp_full_zstd_single_bucket_20260828__5m_x7_00880,527508,31,363.991,Success,31,527508,359
881,881,2026-08-28T08:35:53+00:00,zc_cmp_full_zstd_single_bucket_20260828__5m_x7_00881,526771,31,452.007,Success,31,526771,447
882,882,2026-08-28T08:35:54+00:00,zc_cmp_full_zstd_single_bucket_20260828__5m_x7_00882,525264,31,419.94,Success,31,525264,415
883,883,2026-08-28T08:35:55+00:00,zc_cmp_full_zstd_single_bucket_20260828__5m_x7_00883,525773,31,382.036,Success,31,525773,376
884,884,2026-08-28T08:35:56+00:00,zc_cmp_full_zstd_single_bucket_20260828__5m_x7_00884,525814,31,365.232,Success,31,525814,365
885,885,2026-08-28T08:35:57+00:00,zc_cmp_full_zstd_single_bucket_20260828__5m_x7_00885,526164,31,415.075,Success,31,526164,415
886,886,2026-08-28T08:35:58+00:00,zc_cmp_full_zstd_single_bucket_20260828__5m_x7_00886,526779,31,454.386,Success,31,526779,453
887,887,2026-08-28T08:35:59+00:00,zc_cmp_full_zstd_single_bucket_20260828__5m_x7_00887,527426,31,408.167,Success,31,527426,408
888,888,2026-08-28T08:36:00+00:00,zc_cmp_full_zstd_single_bucket_20260828__5m_x7_00888,526741,31,346.416,Success,31,526741,344
889,889,2026-08-28T08:36:01+00:00,zc_cmp_full_zstd_single_bucket_20260828__5m_x7_00889,526072,31,530.764,Success,31,526072,530
890,890,2026-08-28T08:36:02+00:00,zc_cmp_full_zstd_single_bucket_20260828__5m_x7_00890,526542,31,414.173,Success,31,526542,412
891,891,2026-08-28T08:36:03+00:00,zc_cmp_full_zstd_single_bucket_20260828__5m_x7_00891,526765,31,429.957,Success,31,526765,427
892,892,2026-08-28T08:36:04+00:00,zc_cmp_full_zstd_single_bucket_20260828__5m_x7_00892,526297,31,417.514,Success,31,526297,414
893,893,2026-08-28T08:36:05+00:00,zc_cmp_full_zstd_single_bucket_20260828__5m_x7_00893,527319,31,362.222,Success,31,527319,357
894,894,2026-08-28T08:36:06+00:00,zc_cmp_full_zstd_single_bucket_20260828__5m_x7_00894,526049,31,366.922,Success,31,526049,368
895,895,2026-08-28T08:36:07+00:00,zc_cmp_full_zstd_single_bucket_20260828__5m_x7_00895,526033,31,353.172,Success,31,526033,354
896,896,2026-08-28T08:36:08+00:00,zc_cmp_full_zstd_single_bucket_20260828__5m_x7_00896,526026,31,379.31,Success,31,526026,380
897,897,2026-08-28T08:36:09+00:00,zc_cmp_full_zstd_single_bucket_20260828__5m_x7_00897,525643,31,366.83,Success,31,525643,366
898,898,2026-08-28T08:36:10+00:00,zc_cmp_full_zstd_single_bucket_20260828__5m_x7_00898,525886,31,527.666,Success,31,525886,528
899,899,2026-08-28T08:36:11+00:00,zc_cmp_full_zstd_single_bucket_20260828__5m_x7_00899,527959,31,408.563,Success,31,527959,407
900,900,2026-08-28T08:36:12+00:00,zc_cmp_full_zstd_single_bucket_20260828__5m_x7_00900,526207,31,368.662,Success,31,526207,366
901,901,2026-08-28T08:36:13+00:00,zc_cmp_full_zstd_single_bucket_20260828__5m_x7_00901,527187,31,417.997,Success,31,527187,415
902,902,2026-08-28T08:36:14+00:00,zc_cmp_full_zstd_single_bucket_20260828__5m_x7_00902,526273,31,449.783,Success,31,526273,447
903,903,2026-08-28T08:36:15+00:00,zc_cmp_full_zstd_single_bucket_20260828__5m_x7_00903,526863,31,353.665,Success,31,526863,348
904,904,2026-08-28T08:36:16+00:00,zc_cmp_full_zstd_single_bucket_20260828__5m_x7_00904,527262,31,391.718,Success,31,527262,393
905,905,2026-08-28T08:36:17+00:00,zc_cmp_full_zstd_single_bucket_20260828__5m_x7_00905,526407,31,409.24,Success,31,526407,410
906,906,2026-08-28T08:36:18+00:00,zc_cmp_full_zstd_single_bucket_20260828__5m_x7_00906,526661,31,460.224,Success,31,526661,460
907,907,2026-08-28T08:36:20+00:00,zc_cmp_full_zstd_single_bucket_20260828__5m_x7_00907,526211,31,734.177,Success,31,526211,736
908,908,2026-08-28T08:36:20+00:00,zc_cmp_full_zstd_single_bucket_20260828__5m_x7_00908,525961,31,478.662,Success,31,525961,477
909,909,2026-08-28T08:36:21+00:00,zc_cmp_full_zstd_single_bucket_20260828__5m_x7_00909,527446,31,423.47,Success,31,527446,422
910,910,2026-08-28T08:36:22+00:00,zc_cmp_full_zstd_single_bucket_20260828__5m_x7_00910,525691,31,495.311,Success,31,525691,493
911,911,2026-08-28T08:36:23+00:00,zc_cmp_full_zstd_single_bucket_20260828__5m_x7_00911,527530,31,483.577,Success,31,527530,481
912,912,2026-08-28T08:36:24+00:00,zc_cmp_full_zstd_single_bucket_20260828__5m_x7_00912,526912,31,363.177,Success,31,526912,360
913,913,2026-08-28T08:36:25+00:00,zc_cmp_full_zstd_single_bucket_20260828__5m_x7_00913,526119,31,396.189,Success,31,526119,390
914,914,2026-08-28T08:36:26+00:00,zc_cmp_full_zstd_single_bucket_20260828__5m_x7_00914,527685,31,472.838,Success,31,527685,475
915,915,2026-08-28T08:36:27+00:00,zc_cmp_full_zstd_single_bucket_20260828__5m_x7_00915,526624,31,509.521,Success,31,526624,510
916,916,2026-08-28T08:36:28+00:00,zc_cmp_full_zstd_single_bucket_20260828__5m_x7_00916,526904,31,460.111,Success,31,526904,459
917,917,2026-08-28T08:36:29+00:00,zc_cmp_full_zstd_single_bucket_20260828__5m_x7_00917,527194,31,367.059,Success,31,527194,357
918,918,2026-08-28T08:36:30+00:00,zc_cmp_full_zstd_single_bucket_20260828__5m_x7_00918,526581,31,440.313,Success,31,526581,439
919,919,2026-08-28T08:36:31+00:00,zc_cmp_full_zstd_single_bucket_20260828__5m_x7_00919,525664,31,522.922,Success,31,525664,522
920,920,2026-08-28T08:36:32+00:00,zc_cmp_full_zstd_single_bucket_20260828__5m_x7_00920,527365,31,476.033,Success,31,527365,474
921,921,2026-08-28T08:36:34+00:00,zc_cmp_full_zstd_single_bucket_20260828__5m_x7_00921,525980,31,620.84,Success,31,525980,598
922,922,2026-08-28T08:36:34+00:00,zc_cmp_full_zstd_single_bucket_20260828__5m_x7_00922,526287,31,427.928,Success,31,526287,425
923,923,2026-08-28T08:36:35+00:00,zc_cmp_full_zstd_single_bucket_20260828__5m_x7_00923,526302,31,520.558,Success,31,526302,512
924,924,2026-08-28T08:36:37+00:00,zc_cmp_full_zstd_single_bucket_20260828__5m_x7_00924,526876,31,605.381,Success,31,526876,601
925,925,2026-08-28T08:36:37+00:00,zc_cmp_full_zstd_single_bucket_20260828__5m_x7_00925,527339,31,551.062,Success,31,527339,547
926,926,2026-08-28T08:36:38+00:00,zc_cmp_full_zstd_single_bucket_20260828__5m_x7_00926,526732,31,423.623,Success,31,526732,416
927,927,2026-08-28T08:36:39+00:00,zc_cmp_full_zstd_single_bucket_20260828__5m_x7_00927,526925,31,439.142,Success,31,526925,434
928,928,2026-08-28T08:36:40+00:00,zc_cmp_full_zstd_single_bucket_20260828__5m_x7_00928,526820,31,350.531,Success,31,526820,344
929,929,2026-08-28T08:36:41+00:00,zc_cmp_full_zstd_single_bucket_20260828__5m_x7_00929,526406,31,412.332,Success,31,526406,407
930,930,2026-08-28T08:36:42+00:00,zc_cmp_full_zstd_single_bucket_20260828__5m_x7_00930,525921,31,486.942,Success,31,525921,482
931,931,2026-08-28T08:36:43+00:00,zc_cmp_full_zstd_single_bucket_20260828__5m_x7_00931,527954,31,403.878,Success,31,527954,399
932,932,2026-08-28T08:36:44+00:00,zc_cmp_full_zstd_single_bucket_20260828__5m_x7_00932,526633,31,419.558,Success,31,526633,414
933,933,2026-08-28T08:36:45+00:00,zc_cmp_full_zstd_single_bucket_20260828__5m_x7_00933,526668,31,387.48,Success,31,526668,382
934,934,2026-08-28T08:36:46+00:00,zc_cmp_full_zstd_single_bucket_20260828__5m_x7_00934,525597,31,473.832,Success,31,525597,472
935,935,2026-08-28T08:36:47+00:00,zc_cmp_full_zstd_single_bucket_20260828__5m_x7_00935,527828,31,449.458,Success,31,527828,448
936,936,2026-08-28T08:36:48+00:00,zc_cmp_full_zstd_single_bucket_20260828__5m_x7_00936,527253,31,432.13,Success,31,527253,429
937,937,2026-08-28T08:36:49+00:00,zc_cmp_full_zstd_single_bucket_20260828__5m_x7_00937,525482,31,407.549,Success,31,525482,404
938,938,2026-08-28T08:36:50+00:00,zc_cmp_full_zstd_single_bucket_20260828__5m_x7_00938,526811,31,386.752,Success,31,526811,383
939,939,2026-08-28T08:36:51+00:00,zc_cmp_full_zstd_single_bucket_20260828__5m_x7_00939,526326,31,419.032,Success,31,526326,415
940,940,2026-08-28T08:36:53+00:00,zc_cmp_full_zstd_single_bucket_20260828__5m_x7_00940,527653,31,605.5,Success,31,527653,602
941,941,2026-08-28T08:36:53+00:00,zc_cmp_full_zstd_single_bucket_20260828__5m_x7_00941,528089,31,369.751,Success,31,528089,365
942,942,2026-08-28T08:36:54+00:00,zc_cmp_full_zstd_single_bucket_20260828__5m_x7_00942,526895,31,341.454,Success,31,526895,337
943,943,2026-08-28T08:36:55+00:00,zc_cmp_full_zstd_single_bucket_20260828__5m_x7_00943,526260,31,478.203,Success,31,526260,474
944,944,2026-08-28T08:36:56+00:00,zc_cmp_full_zstd_single_bucket_20260828__5m_x7_00944,526264,31,468.656,Success,31,526264,464
945,945,2026-08-28T08:36:57+00:00,zc_cmp_full_zstd_single_bucket_20260828__5m_x7_00945,526721,31,405.282,Success,31,526721,401
946,946,2026-08-28T08:36:58+00:00,zc_cmp_full_zstd_single_bucket_20260828__5m_x7_00946,526364,31,336.05,Success,31,526364,330
947,947,2026-08-28T08:36:59+00:00,zc_cmp_full_zstd_single_bucket_20260828__5m_x7_00947,526732,31,380.19,Success,31,526732,376
948,948,2026-08-28T08:37:00+00:00,zc_cmp_full_zstd_single_bucket_20260828__5m_x7_00948,525752,31,388.635,Success,31,525752,383
949,949,2026-08-28T08:37:01+00:00,zc_cmp_full_zstd_single_bucket_20260828__5m_x7_00949,526570,31,400.754,Success,31,526570,395
950,950,2026-08-28T08:37:02+00:00,zc_cmp_full_zstd_single_bucket_20260828__5m_x7_00950,526913,31,390.095,Success,31,526913,385
951,951,2026-08-28T08:37:03+00:00,zc_cmp_full_zstd_single_bucket_20260828__5m_x7_00951,526130,31,395.515,Success,31,526130,390
952,952,2026-08-28T08:37:04+00:00,zc_cmp_full_zstd_single_bucket_20260828__5m_x7_00952,525988,31,349.923,Success,31,525988,344
953,953,2026-08-28T08:37:05+00:00,zc_cmp_full_zstd_single_bucket_20260828__5m_x7_00953,526460,31,411.086,Success,31,526460,406
954,954,2026-08-28T08:37:06+00:00,zc_cmp_full_zstd_single_bucket_20260828__5m_x7_00954,526673,31,394.237,Success,31,526673,387
955,955,2026-08-28T08:37:07+00:00,zc_cmp_full_zstd_single_bucket_20260828__5m_x7_00955,525850,31,283.135,Success,31,525850,277
956,956,2026-08-28T08:37:08+00:00,zc_cmp_full_zstd_single_bucket_20260828__5m_x7_00956,526292,31,344.306,Success,31,526292,335
957,957,2026-08-28T08:37:09+00:00,zc_cmp_full_zstd_single_bucket_20260828__5m_x7_00957,526443,31,340.941,Success,31,526443,330
958,958,2026-08-28T08:37:10+00:00,zc_cmp_full_zstd_single_bucket_20260828__5m_x7_00958,527017,31,474.951,Success,31,527017,469
959,959,2026-08-28T08:37:11+00:00,zc_cmp_full_zstd_single_bucket_20260828__5m_x7_00959,526647,31,461.213,Success,31,526647,455
960,960,2026-08-28T08:37:12+00:00,zc_cmp_full_zstd_single_bucket_20260828__5m_x7_00960,525705,31,416.353,Success,31,525705,411
961,961,2026-08-28T08:37:13+00:00,zc_cmp_full_zstd_single_bucket_20260828__5m_x7_00961,526036,31,396.573,Success,31,526036,391
962,962,2026-08-28T08:37:14+00:00,zc_cmp_full_zstd_single_bucket_20260828__5m_x7_00962,525470,31,450.649,Success,31,525470,445
963,963,2026-08-28T08:37:15+00:00,zc_cmp_full_zstd_single_bucket_20260828__5m_x7_00963,527706,31,480.522,Success,31,527706,475
964,964,2026-08-28T08:37:16+00:00,zc_cmp_full_zstd_single_bucket_20260828__5m_x7_00964,526032,31,468.412,Success,31,526032,462
965,965,2026-08-28T08:37:17+00:00,zc_cmp_full_zstd_single_bucket_20260828__5m_x7_00965,526695,31,376.553,Success,31,526695,371
966,966,2026-08-28T08:37:18+00:00,zc_cmp_full_zstd_single_bucket_20260828__5m_x7_00966,526581,31,407.385,Success,31,526581,403
967,967,2026-08-28T08:37:19+00:00,zc_cmp_full_zstd_single_bucket_20260828__5m_x7_00967,526084,31,467.142,Success,31,526084,462
968,968,2026-08-28T08:37:20+00:00,zc_cmp_full_zstd_single_bucket_20260828__5m_x7_00968,526192,31,469.716,Success,31,526192,464
969,969,2026-08-28T08:37:21+00:00,zc_cmp_full_zstd_single_bucket_20260828__5m_x7_00969,526005,31,395.395,Success,31,526005,390
970,970,2026-08-28T08:37:22+00:00,zc_cmp_full_zstd_single_bucket_20260828__5m_x7_00970,525866,31,368.349,Success,31,525866,363
971,971,2026-08-28T08:37:23+00:00,zc_cmp_full_zstd_single_bucket_20260828__5m_x7_00971,526305,31,307.442,Success,31,526305,298
972,972,2026-08-28T08:37:25+00:00,zc_cmp_full_zstd_single_bucket_20260828__5m_x7_00972,526287,31,648.825,Success,31,526287,643
973,973,2026-08-28T08:37:25+00:00,zc_cmp_full_zstd_single_bucket_20260828__5m_x7_00973,525733,31,558.841,Success,31,525733,553
974,974,2026-08-28T08:37:26+00:00,zc_cmp_full_zstd_single_bucket_20260828__5m_x7_00974,526108,31,549.46,Success,31,526108,553
975,975,2026-08-28T08:37:27+00:00,zc_cmp_full_zstd_single_bucket_20260828__5m_x7_00975,526258,31,334.231,Success,31,526258,334
976,976,2026-08-28T08:37:28+00:00,zc_cmp_full_zstd_single_bucket_20260828__5m_x7_00976,527093,31,387.667,Success,31,527093,387
977,977,2026-08-28T08:37:29+00:00,zc_cmp_full_zstd_single_bucket_20260828__5m_x7_00977,525219,31,306.58,Success,31,525219,305
978,978,2026-08-28T08:37:30+00:00,zc_cmp_full_zstd_single_bucket_20260828__5m_x7_00978,526429,31,373.845,Success,31,526429,372
979,979,2026-08-28T08:37:31+00:00,zc_cmp_full_zstd_single_bucket_20260828__5m_x7_00979,525819,31,374.847,Success,31,525819,372
980,980,2026-08-28T08:37:32+00:00,zc_cmp_full_zstd_single_bucket_20260828__5m_x7_00980,526432,31,347.338,Success,31,526432,344
981,981,2026-08-28T08:37:33+00:00,zc_cmp_full_zstd_single_bucket_20260828__5m_x7_00981,526837,31,391.658,Success,31,526837,388
982,982,2026-08-28T08:37:34+00:00,zc_cmp_full_zstd_single_bucket_20260828__5m_x7_00982,525449,31,439.947,Success,31,525449,437
983,983,2026-08-28T08:37:35+00:00,zc_cmp_full_zstd_single_bucket_20260828__5m_x7_00983,526294,31,372.217,Success,31,526294,367
984,984,2026-08-28T08:37:36+00:00,zc_cmp_full_zstd_single_bucket_20260828__5m_x7_00984,527198,31,371.653,Success,31,527198,373
985,985,2026-08-28T08:37:37+00:00,zc_cmp_full_zstd_single_bucket_20260828__5m_x7_00985,526382,31,498.216,Success,31,526382,500
986,986,2026-08-28T08:37:38+00:00,zc_cmp_full_zstd_single_bucket_20260828__5m_x7_00986,527603,31,297.781,Success,31,527603,294
987,987,2026-08-28T08:37:39+00:00,zc_cmp_full_zstd_single_bucket_20260828__5m_x7_00987,526702,31,418.638,Success,31,526702,418
988,988,2026-08-28T08:37:40+00:00,zc_cmp_full_zstd_single_bucket_20260828__5m_x7_00988,526298,31,390.796,Success,31,526298,389
989,989,2026-08-28T08:37:41+00:00,zc_cmp_full_zstd_single_bucket_20260828__5m_x7_00989,527168,31,383.506,Success,31,527168,381
990,990,2026-08-28T08:37:42+00:00,zc_cmp_full_zstd_single_bucket_20260828__5m_x7_00990,526073,31,411.555,Success,31,526073,409
991,991,2026-08-28T08:37:43+00:00,zc_cmp_full_zstd_single_bucket_20260828__5m_x7_00991,526093,31,385.121,Success,31,526093,382
992,992,2026-08-28T08:37:44+00:00,zc_cmp_full_zstd_single_bucket_20260828__5m_x7_00992,526775,31,379.218,Success,31,526775,376
993,993,2026-08-28T08:37:45+00:00,zc_cmp_full_zstd_single_bucket_20260828__5m_x7_00993,526605,31,316.194,Success,31,526605,309
994,994,2026-08-28T08:37:46+00:00,zc_cmp_full_zstd_single_bucket_20260828__5m_x7_00994,525464,31,426.887,Success,31,525464,427
995,995,2026-08-28T08:37:47+00:00,zc_cmp_full_zstd_single_bucket_20260828__5m_x7_00995,526558,31,364.512,Success,31,526558,365
996,996,2026-08-28T08:37:48+00:00,zc_cmp_full_zstd_single_bucket_20260828__5m_x7_00996,525721,31,446.404,Success,31,525721,446
997,997,2026-08-28T08:37:49+00:00,zc_cmp_full_zstd_single_bucket_20260828__5m_x7_00997,526253,31,412.805,Success,31,526253,411
998,998,2026-08-28T08:37:50+00:00,zc_cmp_full_zstd_single_bucket_20260828__5m_x7_00998,526619,31,416.037,Success,31,526619,414
999,999,2026-08-28T08:37:51+00:00,zc_cmp_full_zstd_single_bucket_20260828__5m_x7_00999,526041,31,429.82,Success,31,526041,428
1000,1000,2026-08-28T08:37:52+00:00,zc_cmp_full_zstd_single_bucket_20260828__5m_x7_01000,527292,31,448.869,Success,31,527292,447
1001,1001,2026-08-28T08:37:53+00:00,zc_cmp_full_zstd_single_bucket_20260828__5m_x7_01001,526876,31,467.873,Success,31,526876,465
1002,1002,2026-08-28T08:37:54+00:00,zc_cmp_full_zstd_single_bucket_20260828__5m_x7_01002,526327,31,343.181,Success,31,526327,339
1003,1003,2026-08-28T08:37:55+00:00,zc_cmp_full_zstd_single_bucket_20260828__5m_x7_01003,527148,31,440.969,Success,31,527148,435
1004,1004,2026-08-28T08:37:56+00:00,zc_cmp_full_zstd_single_bucket_20260828__5m_x7_01004,526108,31,411.967,Success,31,526108,413
1005,1005,2026-08-28T08:37:57+00:00,zc_cmp_full_zstd_single_bucket_20260828__5m_x7_01005,525689,31,438.574,Success,31,525689,440
1006,1006,2026-08-28T08:37:58+00:00,zc_cmp_full_zstd_single_bucket_20260828__5m_x7_01006,527425,31,332.148,Success,31,527425,330
1007,1007,2026-08-28T08:37:59+00:00,zc_cmp_full_zstd_single_bucket_20260828__5m_x7_01007,526315,31,366.491,Success,31,526315,366
1008,1008,2026-08-28T08:38:00+00:00,zc_cmp_full_zstd_single_bucket_20260828__5m_x7_01008,526801,31,465.494,Success,31,526801,464
1009,1009,2026-08-28T08:38:01+00:00,zc_cmp_full_zstd_single_bucket_20260828__5m_x7_01009,526378,31,427.668,Success,31,526378,426
1010,1010,2026-08-28T08:38:02+00:00,zc_cmp_full_zstd_single_bucket_20260828__5m_x7_01010,527495,31,380.796,Success,31,527495,378
1011,1011,2026-08-28T08:38:03+00:00,zc_cmp_full_zstd_single_bucket_20260828__5m_x7_01011,526832,31,412.636,Success,31,526832,410
1012,1012,2026-08-28T08:38:04+00:00,zc_cmp_full_zstd_single_bucket_20260828__5m_x7_01012,526676,31,421.76,Success,31,526676,418
1013,1013,2026-08-28T08:38:05+00:00,zc_cmp_full_zstd_single_bucket_20260828__5m_x7_01013,527220,31,431.776,Success,31,527220,426
1014,1014,2026-08-28T08:38:06+00:00,zc_cmp_full_zstd_single_bucket_20260828__5m_x7_01014,526809,31,387.984,Success,31,526809,389
1015,1015,2026-08-28T08:38:07+00:00,zc_cmp_full_zstd_single_bucket_20260828__5m_x7_01015,527015,31,390.982,Success,31,527015,392
1016,1016,2026-08-28T08:38:08+00:00,zc_cmp_full_zstd_single_bucket_20260828__5m_x7_01016,525994,31,313.658,Success,31,525994,312
1017,1017,2026-08-28T08:38:09+00:00,zc_cmp_full_zstd_single_bucket_20260828__5m_x7_01017,527448,31,295.001,Success,31,527448,293
1018,1018,2026-08-28T08:38:10+00:00,zc_cmp_full_zstd_single_bucket_20260828__5m_x7_01018,527076,31,357.479,Success,31,527076,355
1019,1019,2026-08-28T08:38:11+00:00,zc_cmp_full_zstd_single_bucket_20260828__5m_x7_01019,525398,31,355.315,Success,31,525398,352
1020,1020,2026-08-28T08:38:12+00:00,zc_cmp_full_zstd_single_bucket_20260828__5m_x7_01020,525754,31,514.843,Success,31,525754,513
1021,1021,2026-08-28T08:38:13+00:00,zc_cmp_full_zstd_single_bucket_20260828__5m_x7_01021,526116,31,533.823,Success,31,526116,531
1022,1022,2026-08-28T08:38:14+00:00,zc_cmp_full_zstd_single_bucket_20260828__5m_x7_01022,526805,31,521.297,Success,31,526805,518
1023,1023,2026-08-28T08:38:15+00:00,zc_cmp_full_zstd_single_bucket_20260828__5m_x7_01023,525886,31,451.952,Success,31,525886,445
1024,1024,2026-08-28T08:38:16+00:00,zc_cmp_full_zstd_single_bucket_20260828__5m_x7_01024,526646,31,524.814,Success,31,526646,528
1025,1025,2026-08-28T08:38:17+00:00,zc_cmp_full_zstd_single_bucket_20260828__5m_x7_01025,526965,31,373.375,Success,31,526965,373
1026,1026,2026-08-28T08:38:18+00:00,zc_cmp_full_zstd_single_bucket_20260828__5m_x7_01026,526535,31,356.057,Success,31,526535,355
1027,1027,2026-08-28T08:38:19+00:00,zc_cmp_full_zstd_single_bucket_20260828__5m_x7_01027,525972,31,334.027,Success,31,525972,333
1028,1028,2026-08-28T08:38:20+00:00,zc_cmp_full_zstd_single_bucket_20260828__5m_x7_01028,525565,31,353.018,Success,31,525565,351
1029,1029,2026-08-28T08:38:21+00:00,zc_cmp_full_zstd_single_bucket_20260828__5m_x7_01029,526718,31,358.851,Success,31,526718,356
1030,1030,2026-08-28T08:38:22+00:00,zc_cmp_full_zstd_single_bucket_20260828__5m_x7_01030,526582,31,385.758,Success,31,526582,382
1031,1031,2026-08-28T08:38:23+00:00,zc_cmp_full_zstd_single_bucket_20260828__5m_x7_01031,526522,31,408.742,Success,31,526522,403
1032,1032,2026-08-28T08:38:24+00:00,zc_cmp_full_zstd_single_bucket_20260828__5m_x7_01032,526283,31,395.355,Success,31,526283,392
1033,1033,2026-08-28T08:38:25+00:00,zc_cmp_full_zstd_single_bucket_20260828__5m_x7_01033,527010,31,496.159,Success,31,527010,490
1034,1034,2026-08-28T08:38:26+00:00,zc_cmp_full_zstd_single_bucket_20260828__5m_x7_01034,527374,31,380.272,Success,31,527374,379
1035,1035,2026-08-28T08:38:27+00:00,zc_cmp_full_zstd_single_bucket_20260828__5m_x7_01035,526021,31,368.313,Success,31,526021,367
1036,1036,2026-08-28T08:38:28+00:00,zc_cmp_full_zstd_single_bucket_20260828__5m_x7_01036,526310,31,323.249,Success,31,526310,320
1037,1037,2026-08-28T08:38:29+00:00,zc_cmp_full_zstd_single_bucket_20260828__5m_x7_01037,526347,31,437.453,Success,31,526347,436
1038,1038,2026-08-28T08:38:30+00:00,zc_cmp_full_zstd_single_bucket_20260828__5m_x7_01038,526356,31,516.63,Success,31,526356,514
1039,1039,2026-08-28T08:38:32+00:00,zc_cmp_full_zstd_single_bucket_20260828__5m_x7_01039,526748,31,702.619,Success,31,526748,697
1040,1040,2026-08-28T08:38:32+00:00,zc_cmp_full_zstd_single_bucket_20260828__5m_x7_01040,526041,31,474.678,Success,31,526041,472
1041,1041,2026-08-28T08:38:33+00:00,zc_cmp_full_zstd_single_bucket_20260828__5m_x7_01041,526400,31,370.588,Success,31,526400,367
1042,1042,2026-08-28T08:38:34+00:00,zc_cmp_full_zstd_single_bucket_20260828__5m_x7_01042,526586,31,435.628,Success,31,526586,431
1043,1043,2026-08-28T08:38:35+00:00,zc_cmp_full_zstd_single_bucket_20260828__5m_x7_01043,527067,31,485.222,Success,31,527067,481
1044,1044,2026-08-28T08:38:36+00:00,zc_cmp_full_zstd_single_bucket_20260828__5m_x7_01044,525785,31,379.659,Success,31,525785,375
1045,1045,2026-08-28T08:38:37+00:00,zc_cmp_full_zstd_single_bucket_20260828__5m_x7_01045,526760,31,326.505,Success,31,526760,321
1046,1046,2026-08-28T08:38:38+00:00,zc_cmp_full_zstd_single_bucket_20260828__5m_x7_01046,526515,31,484.279,Success,31,526515,475
1047,1047,2026-08-28T08:38:39+00:00,zc_cmp_full_zstd_single_bucket_20260828__5m_x7_01047,526821,31,405.313,Success,31,526821,399
1048,1048,2026-08-28T08:38:40+00:00,zc_cmp_full_zstd_single_bucket_20260828__5m_x7_01048,526263,31,529.03,Success,31,526263,525
1049,1049,2026-08-28T08:38:41+00:00,zc_cmp_full_zstd_single_bucket_20260828__5m_x7_01049,525601,31,331.431,Success,31,525601,326
1050,1050,2026-08-28T08:38:42+00:00,zc_cmp_full_zstd_single_bucket_20260828__5m_x7_01050,526775,31,420.525,Success,31,526775,411
1051,1051,2026-08-28T08:38:43+00:00,zc_cmp_full_zstd_single_bucket_20260828__5m_x7_01051,526839,31,546.421,Success,31,526839,541
1052,1052,2026-08-28T08:38:45+00:00,zc_cmp_full_zstd_single_bucket_20260828__5m_x7_01052,527863,31,592.604,Success,31,527863,587
1053,1053,2026-08-28T08:38:45+00:00,zc_cmp_full_zstd_single_bucket_20260828__5m_x7_01053,526403,31,531.076,Success,31,526403,525
1054,1054,2026-08-28T08:38:46+00:00,zc_cmp_full_zstd_single_bucket_20260828__5m_x7_01054,525955,31,535.1,Success,31,525955,535
1055,1055,2026-08-28T08:38:47+00:00,zc_cmp_full_zstd_single_bucket_20260828__5m_x7_01055,526240,31,461.478,Success,31,526240,458
1056,1056,2026-08-28T08:38:48+00:00,zc_cmp_full_zstd_single_bucket_20260828__5m_x7_01056,526519,31,448.982,Success,31,526519,447
1057,1057,2026-08-28T08:38:49+00:00,zc_cmp_full_zstd_single_bucket_20260828__5m_x7_01057,526648,31,402.755,Success,31,526648,400
1058,1058,2026-08-28T08:38:50+00:00,zc_cmp_full_zstd_single_bucket_20260828__5m_x7_01058,527227,31,443.512,Success,31,527227,441
1059,1059,2026-08-28T08:38:51+00:00,zc_cmp_full_zstd_single_bucket_20260828__5m_x7_01059,526353,31,505.396,Success,31,526353,502
1060,1060,2026-08-28T08:38:52+00:00,zc_cmp_full_zstd_single_bucket_20260828__5m_x7_01060,527480,31,486.176,Success,31,527480,483
1061,1061,2026-08-28T08:38:53+00:00,zc_cmp_full_zstd_single_bucket_20260828__5m_x7_01061,525955,31,440.43,Success,31,525955,437
1062,1062,2026-08-28T08:38:54+00:00,zc_cmp_full_zstd_single_bucket_20260828__5m_x7_01062,527260,31,393.291,Success,31,527260,390
1063,1063,2026-08-28T08:38:55+00:00,zc_cmp_full_zstd_single_bucket_20260828__5m_x7_01063,526392,31,385.533,Success,31,526392,380
1064,1064,2026-08-28T08:38:56+00:00,zc_cmp_full_zstd_single_bucket_20260828__5m_x7_01064,525665,31,449.236,Success,31,525665,444
1065,1065,2026-08-28T08:38:57+00:00,zc_cmp_full_zstd_single_bucket_20260828__5m_x7_01065,526105,31,428.542,Success,31,526105,423
1066,1066,2026-08-28T08:38:58+00:00,zc_cmp_full_zstd_single_bucket_20260828__5m_x7_01066,527006,31,540.115,Success,31,527006,535
1067,1067,2026-08-28T08:38:59+00:00,zc_cmp_full_zstd_single_bucket_20260828__5m_x7_01067,525920,31,474.983,Success,31,525920,470
1068,1068,2026-08-28T08:39:00+00:00,zc_cmp_full_zstd_single_bucket_20260828__5m_x7_01068,526233,31,453.472,Success,31,526233,449
1069,1069,2026-08-28T08:39:01+00:00,zc_cmp_full_zstd_single_bucket_20260828__5m_x7_01069,525756,31,471.336,Success,31,525756,467
1070,1070,2026-08-28T08:39:02+00:00,zc_cmp_full_zstd_single_bucket_20260828__5m_x7_01070,526293,31,521.416,Success,31,526293,516
1071,1071,2026-08-28T08:39:03+00:00,zc_cmp_full_zstd_single_bucket_20260828__5m_x7_01071,528138,31,460.245,Success,31,528138,455
1072,1072,2026-08-28T08:39:04+00:00,zc_cmp_full_zstd_single_bucket_20260828__5m_x7_01072,526608,31,426.563,Success,31,526608,421
1073,1073,2026-08-28T08:39:05+00:00,zc_cmp_full_zstd_single_bucket_20260828__5m_x7_01073,526685,31,415.636,Success,31,526685,410
1074,1074,2026-08-28T08:39:06+00:00,zc_cmp_full_zstd_single_bucket_20260828__5m_x7_01074,526862,31,453.505,Success,31,526862,448
1075,1075,2026-08-28T08:39:07+00:00,zc_cmp_full_zstd_single_bucket_20260828__5m_x7_01075,527258,31,534.785,Success,31,527258,529
1076,1076,2026-08-28T08:39:08+00:00,zc_cmp_full_zstd_single_bucket_20260828__5m_x7_01076,525203,31,435.057,Success,31,525203,429
1077,1077,2026-08-28T08:39:09+00:00,zc_cmp_full_zstd_single_bucket_20260828__5m_x7_01077,527251,31,443.587,Success,31,527251,438
1078,1078,2026-08-28T08:39:10+00:00,zc_cmp_full_zstd_single_bucket_20260828__5m_x7_01078,525276,31,442.3,Success,31,525276,437
1079,1079,2026-08-28T08:39:11+00:00,zc_cmp_full_zstd_single_bucket_20260828__5m_x7_01079,527156,31,535.575,Success,31,527156,530
1080,1080,2026-08-28T08:39:12+00:00,zc_cmp_full_zstd_single_bucket_20260828__5m_x7_01080,526520,31,393.764,Success,31,526520,388
1081,1081,2026-08-28T08:39:13+00:00,zc_cmp_full_zstd_single_bucket_20260828__5m_x7_01081,526407,31,339.866,Success,31,526407,334
1082,1082,2026-08-28T08:39:14+00:00,zc_cmp_full_zstd_single_bucket_20260828__5m_x7_01082,526336,31,417.409,Success,31,526336,412
1083,1083,2026-08-28T08:39:15+00:00,zc_cmp_full_zstd_single_bucket_20260828__5m_x7_01083,526464,31,372.092,Success,31,526464,366
1084,1084,2026-08-28T08:39:16+00:00,zc_cmp_full_zstd_single_bucket_20260828__5m_x7_01084,527373,31,505.545,Success,31,527373,503
1085,1085,2026-08-28T08:39:17+00:00,zc_cmp_full_zstd_single_bucket_20260828__5m_x7_01085,527123,31,418.988,Success,31,527123,416
1086,1086,2026-08-28T08:39:18+00:00,zc_cmp_full_zstd_single_bucket_20260828__5m_x7_01086,526336,31,360.263,Success,31,526336,357
1087,1087,2026-08-28T08:39:19+00:00,zc_cmp_full_zstd_single_bucket_20260828__5m_x7_01087,526908,31,412.507,Success,31,526908,410
1088,1088,2026-08-28T08:39:20+00:00,zc_cmp_full_zstd_single_bucket_20260828__5m_x7_01088,526139,31,473.636,Success,31,526139,471
1089,1089,2026-08-28T08:39:21+00:00,zc_cmp_full_zstd_single_bucket_20260828__5m_x7_01089,526199,31,401.134,Success,31,526199,397
1090,1090,2026-08-28T08:39:22+00:00,zc_cmp_full_zstd_single_bucket_20260828__5m_x7_01090,526942,31,428.027,Success,31,526942,424
1091,1091,2026-08-28T08:39:23+00:00,zc_cmp_full_zstd_single_bucket_20260828__5m_x7_01091,525925,31,361.941,Success,31,525925,357
1092,1092,2026-08-28T08:39:24+00:00,zc_cmp_full_zstd_single_bucket_20260828__5m_x7_01092,526929,31,390.359,Success,31,526929,386
1093,1093,2026-08-28T08:39:25+00:00,zc_cmp_full_zstd_single_bucket_20260828__5m_x7_01093,526593,31,447.948,Success,31,526593,444
1094,1094,2026-08-28T08:39:26+00:00,zc_cmp_full_zstd_single_bucket_20260828__5m_x7_01094,526664,31,346.546,Success,31,526664,341
1095,1095,2026-08-28T08:39:27+00:00,zc_cmp_full_zstd_single_bucket_20260828__5m_x7_01095,527396,31,342.578,Success,31,527396,338
1096,1096,2026-08-28T08:39:28+00:00,zc_cmp_full_zstd_single_bucket_20260828__5m_x7_01096,526265,31,373.263,Success,31,526265,368
1097,1097,2026-08-28T08:39:29+00:00,zc_cmp_full_zstd_single_bucket_20260828__5m_x7_01097,526835,31,461.253,Success,31,526835,456
1098,1098,2026-08-28T08:39:30+00:00,zc_cmp_full_zstd_single_bucket_20260828__5m_x7_01098,527271,31,388.123,Success,31,527271,383
1099,1099,2026-08-28T08:39:31+00:00,zc_cmp_full_zstd_single_bucket_20260828__5m_x7_01099,527304,31,443.424,Success,31,527304,439
1100,1100,2026-08-28T08:39:32+00:00,zc_cmp_full_zstd_single_bucket_20260828__5m_x7_01100,525854,31,373.901,Success,31,525854,368
1101,1101,2026-08-28T08:39:33+00:00,zc_cmp_full_zstd_single_bucket_20260828__5m_x7_01101,527631,31,311.055,Success,31,527631,306
1102,1102,2026-08-28T08:39:35+00:00,zc_cmp_full_zstd_single_bucket_20260828__5m_x7_01102,525931,31,615.743,Success,31,525931,611
1103,1103,2026-08-28T08:39:35+00:00,zc_cmp_full_zstd_single_bucket_20260828__5m_x7_01103,526710,31,429.714,Success,31,526710,424
1104,1104,2026-08-28T08:39:36+00:00,zc_cmp_full_zstd_single_bucket_20260828__5m_x7_01104,526149,31,372.562,Success,31,526149,367
1105,1105,2026-08-28T08:39:37+00:00,zc_cmp_full_zstd_single_bucket_20260828__5m_x7_01105,527805,31,384.478,Success,31,527805,379
1106,1106,2026-08-28T08:39:38+00:00,zc_cmp_full_zstd_single_bucket_20260828__5m_x7_01106,526305,31,400.092,Success,31,526305,393
1107,1107,2026-08-28T08:39:39+00:00,zc_cmp_full_zstd_single_bucket_20260828__5m_x7_01107,527082,31,495.725,Success,31,527082,490
1108,1108,2026-08-28T08:39:40+00:00,zc_cmp_full_zstd_single_bucket_20260828__5m_x7_01108,526828,31,441.955,Success,31,526828,436
1109,1109,2026-08-28T08:39:41+00:00,zc_cmp_full_zstd_single_bucket_20260828__5m_x7_01109,526988,31,400.01,Success,31,526988,394
1110,1110,2026-08-28T08:39:42+00:00,zc_cmp_full_zstd_single_bucket_20260828__5m_x7_01110,526785,31,376.8,Success,31,526785,371
1111,1111,2026-08-28T08:39:44+00:00,zc_cmp_full_zstd_single_bucket_20260828__5m_x7_01111,526456,31,608.988,Success,31,526456,603
1112,1112,2026-08-28T08:39:44+00:00,zc_cmp_full_zstd_single_bucket_20260828__5m_x7_01112,527367,31,574.383,Success,31,527367,568
1113,1113,2026-08-28T08:39:45+00:00,zc_cmp_full_zstd_single_bucket_20260828__5m_x7_01113,527625,31,459.829,Success,31,527625,453
1114,1114,2026-08-28T08:39:46+00:00,zc_cmp_full_zstd_single_bucket_20260828__5m_x7_01114,526620,31,336.135,Success,31,526620,330
1115,1115,2026-08-28T08:39:47+00:00,zc_cmp_full_zstd_single_bucket_20260828__5m_x7_01115,526593,31,451.89,Success,31,526593,445
1116,1116,2026-08-28T08:39:48+00:00,zc_cmp_full_zstd_single_bucket_20260828__5m_x7_01116,526543,31,515.284,Success,31,526543,507
1117,1117,2026-08-28T08:39:50+00:00,zc_cmp_full_zstd_single_bucket_20260828__5m_x7_01117,526359,31,628.81,Success,31,526359,624
1118,1118,2026-08-28T08:39:51+00:00,zc_cmp_full_zstd_single_bucket_20260828__5m_x7_01118,525135,31,793.586,Success,31,525135,740
1119,1119,2026-08-28T08:39:51+00:00,zc_cmp_full_zstd_single_bucket_20260828__5m_x7_01119,528011,31,518.425,Success,31,528011,512
1120,1120,2026-08-28T08:39:52+00:00,zc_cmp_full_zstd_single_bucket_20260828__5m_x7_01120,527323,31,356.049,Success,31,527323,351
1121,1121,2026-08-28T08:39:53+00:00,zc_cmp_full_zstd_single_bucket_20260828__5m_x7_01121,525204,31,482.473,Success,31,525204,477
1122,1122,2026-08-28T08:39:54+00:00,zc_cmp_full_zstd_single_bucket_20260828__5m_x7_01122,526339,31,445.606,Success,31,526339,440
1123,1123,2026-08-28T08:39:55+00:00,zc_cmp_full_zstd_single_bucket_20260828__5m_x7_01123,526582,31,369.716,Success,31,526582,364
1124,1124,2026-08-28T08:39:56+00:00,zc_cmp_full_zstd_single_bucket_20260828__5m_x7_01124,527179,31,354.822,Success,31,527179,350
1125,1125,2026-08-28T08:39:57+00:00,zc_cmp_full_zstd_single_bucket_20260828__5m_x7_01125,527223,31,474.805,Success,31,527223,468
1126,1126,2026-08-28T08:39:58+00:00,zc_cmp_full_zstd_single_bucket_20260828__5m_x7_01126,525947,31,418.502,Success,31,525947,409
1127,1127,2026-08-28T08:39:59+00:00,zc_cmp_full_zstd_single_bucket_20260828__5m_x7_01127,526379,31,407.943,Success,31,526379,402
1128,1128,2026-08-28T08:40:00+00:00,zc_cmp_full_zstd_single_bucket_20260828__5m_x7_01128,526555,31,323.758,Success,31,526555,318
1129,1129,2026-08-28T08:40:01+00:00,zc_cmp_full_zstd_single_bucket_20260828__5m_x7_01129,527293,31,312.236,Success,31,527293,303
1130,1130,2026-08-28T08:40:02+00:00,zc_cmp_full_zstd_single_bucket_20260828__5m_x7_01130,526595,31,567.269,Success,31,526595,560
1131,1131,2026-08-28T08:40:03+00:00,zc_cmp_full_zstd_single_bucket_20260828__5m_x7_01131,527093,31,432.202,Success,31,527093,426
1132,1132,2026-08-28T08:40:04+00:00,zc_cmp_full_zstd_single_bucket_20260828__5m_x7_01132,528008,31,304.024,Success,31,528008,298
1133,1133,2026-08-28T08:40:05+00:00,zc_cmp_full_zstd_single_bucket_20260828__5m_x7_01133,526532,31,381.582,Success,31,526532,375
1134,1134,2026-08-28T08:40:06+00:00,zc_cmp_full_zstd_single_bucket_20260828__5m_x7_01134,526730,31,347.549,Success,31,526730,342
1135,1135,2026-08-28T08:40:07+00:00,zc_cmp_full_zstd_single_bucket_20260828__5m_x7_01135,526462,31,452.596,Success,31,526462,447
1136,1136,2026-08-28T08:40:08+00:00,zc_cmp_full_zstd_single_bucket_20260828__5m_x7_01136,526184,31,401.5,Success,31,526184,396
1137,1137,2026-08-28T08:40:09+00:00,zc_cmp_full_zstd_single_bucket_20260828__5m_x7_01137,527664,31,367.831,Success,31,527664,362
1138,1138,2026-08-28T08:40:10+00:00,zc_cmp_full_zstd_single_bucket_20260828__5m_x7_01138,527526,31,382.059,Success,31,527526,376
1139,1139,2026-08-28T08:40:11+00:00,zc_cmp_full_zstd_single_bucket_20260828__5m_x7_01139,527572,31,353.685,Success,31,527572,348
1140,1140,2026-08-28T08:40:12+00:00,zc_cmp_full_zstd_single_bucket_20260828__5m_x7_01140,526157,31,413.7,Success,31,526157,408
1141,1141,2026-08-28T08:40:13+00:00,zc_cmp_full_zstd_single_bucket_20260828__5m_x7_01141,526376,31,455.433,Success,31,526376,446
1142,1142,2026-08-28T08:40:14+00:00,zc_cmp_full_zstd_single_bucket_20260828__5m_x7_01142,527413,31,336.019,Success,31,527413,331
1143,1143,2026-08-28T08:40:15+00:00,zc_cmp_full_zstd_single_bucket_20260828__5m_x7_01143,526075,31,314.44,Success,31,526075,308
1144,1144,2026-08-28T08:40:16+00:00,zc_cmp_full_zstd_single_bucket_20260828__5m_x7_01144,525690,31,306.318,Success,31,525690,301
1145,1145,2026-08-28T08:40:17+00:00,zc_cmp_full_zstd_single_bucket_20260828__5m_x7_01145,526535,31,428.739,Success,31,526535,424
1146,1146,2026-08-28T08:40:18+00:00,zc_cmp_full_zstd_single_bucket_20260828__5m_x7_01146,526421,31,388.019,Success,31,526421,382
1147,1147,2026-08-28T08:40:19+00:00,zc_cmp_full_zstd_single_bucket_20260828__5m_x7_01147,525689,31,417.886,Success,31,525689,413
1148,1148,2026-08-28T08:40:20+00:00,zc_cmp_full_zstd_single_bucket_20260828__5m_x7_01148,526042,31,421.156,Success,31,526042,415
1149,1149,2026-08-28T08:40:21+00:00,zc_cmp_full_zstd_single_bucket_20260828__5m_x7_01149,526148,31,381.842,Success,31,526148,376
1150,1150,2026-08-28T08:40:22+00:00,zc_cmp_full_zstd_single_bucket_20260828__5m_x7_01150,527197,31,465.592,Success,31,527197,460
1151,1151,2026-08-28T08:40:23+00:00,zc_cmp_full_zstd_single_bucket_20260828__5m_x7_01151,527318,31,417.156,Success,31,527318,412
1152,1152,2026-08-28T08:40:24+00:00,zc_cmp_full_zstd_single_bucket_20260828__5m_x7_01152,525997,31,476.14,Success,31,525997,471
1153,1153,2026-08-28T08:40:25+00:00,zc_cmp_full_zstd_single_bucket_20260828__5m_x7_01153,526807,31,358.315,Success,31,526807,353
1154,1154,2026-08-28T08:40:26+00:00,zc_cmp_full_zstd_single_bucket_20260828__5m_x7_01154,527026,31,399.283,Success,31,527026,394
1155,1155,2026-08-28T08:40:27+00:00,zc_cmp_full_zstd_single_bucket_20260828__5m_x7_01155,527648,31,365.935,Success,31,527648,360
1156,1156,2026-08-28T08:40:28+00:00,zc_cmp_full_zstd_single_bucket_20260828__5m_x7_01156,526448,31,303.65,Success,31,526448,299
1157,1157,2026-08-28T08:40:29+00:00,zc_cmp_full_zstd_single_bucket_20260828__5m_x7_01157,527455,31,307.371,Success,31,527455,302
1158,1158,2026-08-28T08:40:30+00:00,zc_cmp_full_zstd_single_bucket_20260828__5m_x7_01158,527402,31,333.664,Success,31,527402,329
1159,1159,2026-08-28T08:40:31+00:00,zc_cmp_full_zstd_single_bucket_20260828__5m_x7_01159,526496,31,404.324,Success,31,526496,398
1160,1160,2026-08-28T08:40:32+00:00,zc_cmp_full_zstd_single_bucket_20260828__5m_x7_01160,525921,31,353.709,Success,31,525921,348
1161,1161,2026-08-28T08:40:33+00:00,zc_cmp_full_zstd_single_bucket_20260828__5m_x7_01161,526471,31,266.113,Success,31,526471,260
1162,1162,2026-08-28T08:40:34+00:00,zc_cmp_full_zstd_single_bucket_20260828__5m_x7_01162,527239,31,290.308,Success,31,527239,285
1163,1163,2026-08-28T08:40:35+00:00,zc_cmp_full_zstd_single_bucket_20260828__5m_x7_01163,526925,31,327.476,Success,31,526925,322
1164,1164,2026-08-28T08:40:36+00:00,zc_cmp_full_zstd_single_bucket_20260828__5m_x7_01164,526400,31,424.644,Success,31,526400,419
1165,1165,2026-08-28T08:40:37+00:00,zc_cmp_full_zstd_single_bucket_20260828__5m_x7_01165,526736,31,407.515,Success,31,526736,401
1166,1166,2026-08-28T08:40:38+00:00,zc_cmp_full_zstd_single_bucket_20260828__5m_x7_01166,527233,31,315.039,Success,31,527233,310
1167,1167,2026-08-28T08:40:39+00:00,zc_cmp_full_zstd_single_bucket_20260828__5m_x7_01167,526777,31,375.797,Success,31,526777,370
1168,1168,2026-08-28T08:40:40+00:00,zc_cmp_full_zstd_single_bucket_20260828__5m_x7_01168,527149,31,406.166,Success,31,527149,401
1169,1169,2026-08-28T08:40:41+00:00,zc_cmp_full_zstd_single_bucket_20260828__5m_x7_01169,525604,31,337.513,Success,31,525604,332
1170,1170,2026-08-28T08:40:42+00:00,zc_cmp_full_zstd_single_bucket_20260828__5m_x7_01170,527168,31,297.521,Success,31,527168,292
1171,1171,2026-08-28T08:40:43+00:00,zc_cmp_full_zstd_single_bucket_20260828__5m_x7_01171,526553,31,326.386,Success,31,526553,321
1172,1172,2026-08-28T08:40:44+00:00,zc_cmp_full_zstd_single_bucket_20260828__5m_x7_01172,526665,31,289.92,Success,31,526665,284
1173,1173,2026-08-28T08:40:45+00:00,zc_cmp_full_zstd_single_bucket_20260828__5m_x7_01173,527026,31,334.274,Success,31,527026,329
1174,1174,2026-08-28T08:40:46+00:00,zc_cmp_full_zstd_single_bucket_20260828__5m_x7_01174,526715,31,346.704,Success,31,526715,341
1175,1175,2026-08-28T08:40:47+00:00,zc_cmp_full_zstd_single_bucket_20260828__5m_x7_01175,525557,31,375.421,Success,31,525557,370
1176,1176,2026-08-28T08:40:48+00:00,zc_cmp_full_zstd_single_bucket_20260828__5m_x7_01176,525373,31,319.6,Success,31,525373,314
1177,1177,2026-08-28T08:40:49+00:00,zc_cmp_full_zstd_single_bucket_20260828__5m_x7_01177,526848,31,370.033,Success,31,526848,364
1178,1178,2026-08-28T08:40:50+00:00,zc_cmp_full_zstd_single_bucket_20260828__5m_x7_01178,527041,31,431.302,Success,31,527041,426
1179,1179,2026-08-28T08:40:51+00:00,zc_cmp_full_zstd_single_bucket_20260828__5m_x7_01179,526030,31,404.578,Success,31,526030,399
1180,1180,2026-08-28T08:40:52+00:00,zc_cmp_full_zstd_single_bucket_20260828__5m_x7_01180,527757,31,361.004,Success,31,527757,356
1181,1181,2026-08-28T08:40:53+00:00,zc_cmp_full_zstd_single_bucket_20260828__5m_x7_01181,525378,31,354.898,Success,31,525378,349
1182,1182,2026-08-28T08:40:54+00:00,zc_cmp_full_zstd_single_bucket_20260828__5m_x7_01182,525562,31,415.415,Success,31,525562,410
1183,1183,2026-08-28T08:40:55+00:00,zc_cmp_full_zstd_single_bucket_20260828__5m_x7_01183,525911,31,362.724,Success,31,525911,357
1184,1184,2026-08-28T08:40:56+00:00,zc_cmp_full_zstd_single_bucket_20260828__5m_x7_01184,526853,31,432.787,Success,31,526853,427
1185,1185,2026-08-28T08:40:57+00:00,zc_cmp_full_zstd_single_bucket_20260828__5m_x7_01185,526461,31,429.513,Success,31,526461,424
1186,1186,2026-08-28T08:40:58+00:00,zc_cmp_full_zstd_single_bucket_20260828__5m_x7_01186,527159,31,419.019,Success,31,527159,413
1187,1187,2026-08-28T08:40:59+00:00,zc_cmp_full_zstd_single_bucket_20260828__5m_x7_01187,526907,31,437.214,Success,31,526907,431
1188,1188,2026-08-28T08:41:00+00:00,zc_cmp_full_zstd_single_bucket_20260828__5m_x7_01188,528005,31,474.123,Success,31,528005,464
1189,1189,2026-08-28T08:41:01+00:00,zc_cmp_full_zstd_single_bucket_20260828__5m_x7_01189,527685,31,404.993,Success,31,527685,396
1190,1190,2026-08-28T08:41:02+00:00,zc_cmp_full_zstd_single_bucket_20260828__5m_x7_01190,526227,31,400.215,Success,31,526227,395
1191,1191,2026-08-28T08:41:03+00:00,zc_cmp_full_zstd_single_bucket_20260828__5m_x7_01191,526407,31,472.382,Success,31,526407,460
1192,1192,2026-08-28T08:41:04+00:00,zc_cmp_full_zstd_single_bucket_20260828__5m_x7_01192,526716,31,403.975,Success,31,526716,394
1193,1193,2026-08-28T08:41:05+00:00,zc_cmp_full_zstd_single_bucket_20260828__5m_x7_01193,525690,31,406.951,Success,31,525690,397
1194,1194,2026-08-28T08:41:06+00:00,zc_cmp_full_zstd_single_bucket_20260828__5m_x7_01194,526923,31,375.631,Success,31,526923,367
1195,1195,2026-08-28T08:41:07+00:00,zc_cmp_full_zstd_single_bucket_20260828__5m_x7_01195,525921,31,459.417,Success,31,525921,450
1196,1196,2026-08-28T08:41:08+00:00,zc_cmp_full_zstd_single_bucket_20260828__5m_x7_01196,526101,31,332.864,Success,31,526101,325
1197,1197,2026-08-28T08:41:09+00:00,zc_cmp_full_zstd_single_bucket_20260828__5m_x7_01197,526381,31,428.281,Success,31,526381,420
1198,1198,2026-08-28T08:41:10+00:00,zc_cmp_full_zstd_single_bucket_20260828__5m_x7_01198,526107,31,459.05,Success,31,526107,450
1199,1199,2026-08-28T08:41:11+00:00,zc_cmp_full_zstd_single_bucket_20260828__5m_x7_01199,527090,31,350.437,Success,31,527090,343
1200,1200,2026-08-28T08:41:12+00:00,zc_cmp_full_zstd_single_bucket_20260828__5m_x7_01200,526998,31,403.182,Success,31,526998,395
1201,1201,2026-08-28T08:41:13+00:00,zc_cmp_full_zstd_single_bucket_20260828__5m_x7_01201,526091,31,441.281,Success,31,526091,434
1202,1202,2026-08-28T08:41:14+00:00,zc_cmp_full_zstd_single_bucket_20260828__5m_x7_01202,526461,31,397.772,Success,31,526461,390
1203,1203,2026-08-28T08:41:15+00:00,zc_cmp_full_zstd_single_bucket_20260828__5m_x7_01203,527266,31,388.306,Success,31,527266,381
1204,1204,2026-08-28T08:41:16+00:00,zc_cmp_full_zstd_single_bucket_20260828__5m_x7_01204,525595,31,334.785,Success,31,525595,328
1205,1205,2026-08-28T08:41:17+00:00,zc_cmp_full_zstd_single_bucket_20260828__5m_x7_01205,526607,31,403.733,Success,31,526607,397
1206,1206,2026-08-28T08:41:18+00:00,zc_cmp_full_zstd_single_bucket_20260828__5m_x7_01206,526654,31,405.559,Success,31,526654,396
1207,1207,2026-08-28T08:41:19+00:00,zc_cmp_full_zstd_single_bucket_20260828__5m_x7_01207,526828,31,495.001,Success,31,526828,487
1208,1208,2026-08-28T08:41:20+00:00,zc_cmp_full_zstd_single_bucket_20260828__5m_x7_01208,526427,31,387.749,Success,31,526427,381
1209,1209,2026-08-28T08:41:21+00:00,zc_cmp_full_zstd_single_bucket_20260828__5m_x7_01209,526764,31,404.06,Success,31,526764,398
1210,1210,2026-08-28T08:41:22+00:00,zc_cmp_full_zstd_single_bucket_20260828__5m_x7_01210,527046,31,447.941,Success,31,527046,441
1211,1211,2026-08-28T08:41:23+00:00,zc_cmp_full_zstd_single_bucket_20260828__5m_x7_01211,526362,31,444.817,Success,31,526362,436
1212,1212,2026-08-28T08:41:24+00:00,zc_cmp_full_zstd_single_bucket_20260828__5m_x7_01212,526907,31,385.931,Success,31,526907,379
1213,1213,2026-08-28T08:41:25+00:00,zc_cmp_full_zstd_single_bucket_20260828__5m_x7_01213,525700,31,327.599,Success,31,525700,321
1214,1214,2026-08-28T08:41:26+00:00,zc_cmp_full_zstd_single_bucket_20260828__5m_x7_01214,526467,31,391.296,Success,31,526467,385
1215,1215,2026-08-28T08:41:27+00:00,zc_cmp_full_zstd_single_bucket_20260828__5m_x7_01215,526554,31,415.658,Success,31,526554,409
1216,1216,2026-08-28T08:41:28+00:00,zc_cmp_full_zstd_single_bucket_20260828__5m_x7_01216,526396,31,475.575,Success,31,526396,468
1217,1217,2026-08-28T08:41:29+00:00,zc_cmp_full_zstd_single_bucket_20260828__5m_x7_01217,526035,31,385.552,Success,31,526035,379
1218,1218,2026-08-28T08:41:30+00:00,zc_cmp_full_zstd_single_bucket_20260828__5m_x7_01218,526983,31,409.53,Success,31,526983,404
1219,1219,2026-08-28T08:41:31+00:00,zc_cmp_full_zstd_single_bucket_20260828__5m_x7_01219,525822,31,452.825,Success,31,525822,446
1220,1220,2026-08-28T08:41:32+00:00,zc_cmp_full_zstd_single_bucket_20260828__5m_x7_01220,527485,31,485.316,Success,31,527485,479
1221,1221,2026-08-28T08:41:33+00:00,zc_cmp_full_zstd_single_bucket_20260828__5m_x7_01221,525798,31,520.411,Success,31,525798,514
1222,1222,2026-08-28T08:41:34+00:00,zc_cmp_full_zstd_single_bucket_20260828__5m_x7_01222,527462,31,354.187,Success,31,527462,349
1223,1223,2026-08-28T08:41:35+00:00,zc_cmp_full_zstd_single_bucket_20260828__5m_x7_01223,527142,31,364.491,Success,31,527142,367
1224,1224,2026-08-28T08:41:36+00:00,zc_cmp_full_zstd_single_bucket_20260828__5m_x7_01224,525950,31,427.739,Success,31,525950,430
1225,1225,2026-08-28T08:41:37+00:00,zc_cmp_full_zstd_single_bucket_20260828__5m_x7_01225,527323,31,432.921,Success,31,527323,434
1226,1226,2026-08-28T08:41:38+00:00,zc_cmp_full_zstd_single_bucket_20260828__5m_x7_01226,526976,31,456.391,Success,31,526976,457
1227,1227,2026-08-28T08:41:39+00:00,zc_cmp_full_zstd_single_bucket_20260828__5m_x7_01227,526720,31,451.507,Success,31,526720,451
1228,1228,2026-08-28T08:41:40+00:00,zc_cmp_full_zstd_single_bucket_20260828__5m_x7_01228,526413,31,363.416,Success,31,526413,362
1229,1229,2026-08-28T08:41:41+00:00,zc_cmp_full_zstd_single_bucket_20260828__5m_x7_01229,528142,31,402.88,Success,31,528142,401
1230,1230,2026-08-28T08:41:42+00:00,zc_cmp_full_zstd_single_bucket_20260828__5m_x7_01230,527055,31,425.373,Success,31,527055,423
1231,1231,2026-08-28T08:41:43+00:00,zc_cmp_full_zstd_single_bucket_20260828__5m_x7_01231,525594,31,475.052,Success,31,525594,472
1232,1232,2026-08-28T08:41:44+00:00,zc_cmp_full_zstd_single_bucket_20260828__5m_x7_01232,525545,31,373.252,Success,31,525545,370
1233,1233,2026-08-28T08:41:45+00:00,zc_cmp_full_zstd_single_bucket_20260828__5m_x7_01233,526555,31,332.977,Success,31,526555,328
1234,1234,2026-08-28T08:41:46+00:00,zc_cmp_full_zstd_single_bucket_20260828__5m_x7_01234,526247,31,462.761,Success,31,526247,458
1235,1235,2026-08-28T08:41:47+00:00,zc_cmp_full_zstd_single_bucket_20260828__5m_x7_01235,526651,31,503.265,Success,31,526651,499
1236,1236,2026-08-28T08:41:48+00:00,zc_cmp_full_zstd_single_bucket_20260828__5m_x7_01236,525018,31,309.967,Success,31,525018,305
1237,1237,2026-08-28T08:41:49+00:00,zc_cmp_full_zstd_single_bucket_20260828__5m_x7_01237,525769,31,300.705,Success,31,525769,296
1238,1238,2026-08-28T08:41:50+00:00,zc_cmp_full_zstd_single_bucket_20260828__5m_x7_01238,526591,31,336.224,Success,31,526591,331
1239,1239,2026-08-28T08:41:51+00:00,zc_cmp_full_zstd_single_bucket_20260828__5m_x7_01239,526204,31,357.941,Success,31,526204,353
1240,1240,2026-08-28T08:41:52+00:00,zc_cmp_full_zstd_single_bucket_20260828__5m_x7_01240,525523,31,504.61,Success,31,525523,498
1241,1241,2026-08-28T08:41:53+00:00,zc_cmp_full_zstd_single_bucket_20260828__5m_x7_01241,527571,31,351.133,Success,31,527571,346
1242,1242,2026-08-28T08:41:54+00:00,zc_cmp_full_zstd_single_bucket_20260828__5m_x7_01242,525418,31,397.406,Success,31,525418,392
1243,1243,2026-08-28T08:41:55+00:00,zc_cmp_full_zstd_single_bucket_20260828__5m_x7_01243,527100,31,404.575,Success,31,527100,399
1244,1244,2026-08-28T08:41:56+00:00,zc_cmp_full_zstd_single_bucket_20260828__5m_x7_01244,525525,31,413.95,Success,31,525525,414
1245,1245,2026-08-28T08:41:57+00:00,zc_cmp_full_zstd_single_bucket_20260828__5m_x7_01245,527443,31,414.055,Success,31,527443,413
1246,1246,2026-08-28T08:41:58+00:00,zc_cmp_full_zstd_single_bucket_20260828__5m_x7_01246,526193,31,377.473,Success,31,526193,374
1247,1247,2026-08-28T08:41:59+00:00,zc_cmp_full_zstd_single_bucket_20260828__5m_x7_01247,527760,31,377.348,Success,31,527760,376
1248,1248,2026-08-28T08:42:00+00:00,zc_cmp_full_zstd_single_bucket_20260828__5m_x7_01248,526683,31,382.66,Success,31,526683,380
1249,1249,2026-08-28T08:42:01+00:00,zc_cmp_full_zstd_single_bucket_20260828__5m_x7_01249,526498,31,470.536,Success,31,526498,468
1250,1250,2026-08-28T08:42:02+00:00,zc_cmp_full_zstd_single_bucket_20260828__5m_x7_01250,526073,31,366.022,Success,31,526073,363
1251,1251,2026-08-28T08:42:03+00:00,zc_cmp_full_zstd_single_bucket_20260828__5m_x7_01251,527267,31,297.503,Success,31,527267,294
1252,1252,2026-08-28T08:42:04+00:00,zc_cmp_full_zstd_single_bucket_20260828__5m_x7_01252,527465,31,335.62,Success,31,527465,332
1253,1253,2026-08-28T08:42:05+00:00,zc_cmp_full_zstd_single_bucket_20260828__5m_x7_01253,526966,31,449.942,Success,31,526966,447
1254,1254,2026-08-28T08:42:06+00:00,zc_cmp_full_zstd_single_bucket_20260828__5m_x7_01254,527072,31,431.165,Success,31,527072,428
1255,1255,2026-08-28T08:42:07+00:00,zc_cmp_full_zstd_single_bucket_20260828__5m_x7_01255,527397,31,340.376,Success,31,527397,336
1256,1256,2026-08-28T08:42:08+00:00,zc_cmp_full_zstd_single_bucket_20260828__5m_x7_01256,525980,31,342.473,Success,31,525980,338
1257,1257,2026-08-28T08:42:09+00:00,zc_cmp_full_zstd_single_bucket_20260828__5m_x7_01257,526525,31,399.828,Success,31,526525,395
1258,1258,2026-08-28T08:42:10+00:00,zc_cmp_full_zstd_single_bucket_20260828__5m_x7_01258,527109,31,429.069,Success,31,527109,423
1259,1259,2026-08-28T08:42:11+00:00,zc_cmp_full_zstd_single_bucket_20260828__5m_x7_01259,527029,31,538.375,Success,31,527029,534
1260,1260,2026-08-28T08:42:12+00:00,zc_cmp_full_zstd_single_bucket_20260828__5m_x7_01260,526599,31,400.084,Success,31,526599,395
1261,1261,2026-08-28T08:42:13+00:00,zc_cmp_full_zstd_single_bucket_20260828__5m_x7_01261,527746,31,379.27,Success,31,527746,374
1262,1262,2026-08-28T08:42:14+00:00,zc_cmp_full_zstd_single_bucket_20260828__5m_x7_01262,526901,31,435.701,Success,31,526901,430
1263,1263,2026-08-28T08:42:15+00:00,zc_cmp_full_zstd_single_bucket_20260828__5m_x7_01263,527280,31,445.703,Success,31,527280,440
1264,1264,2026-08-28T08:42:16+00:00,zc_cmp_full_zstd_single_bucket_20260828__5m_x7_01264,527213,31,428.321,Success,31,527213,429
1265,1265,2026-08-28T08:42:17+00:00,zc_cmp_full_zstd_single_bucket_20260828__5m_x7_01265,527233,31,404.901,Success,31,527233,405
1266,1266,2026-08-28T08:42:18+00:00,zc_cmp_full_zstd_single_bucket_20260828__5m_x7_01266,526854,31,377.482,Success,31,526854,377
1267,1267,2026-08-28T08:42:19+00:00,zc_cmp_full_zstd_single_bucket_20260828__5m_x7_01267,527235,31,519.861,Success,31,527235,520
1268,1268,2026-08-28T08:42:20+00:00,zc_cmp_full_zstd_single_bucket_20260828__5m_x7_01268,527680,31,405.217,Success,31,527680,404
1269,1269,2026-08-28T08:42:21+00:00,zc_cmp_full_zstd_single_bucket_20260828__5m_x7_01269,527183,31,402.137,Success,31,527183,400
1270,1270,2026-08-28T08:42:22+00:00,zc_cmp_full_zstd_single_bucket_20260828__5m_x7_01270,527163,31,318.6,Success,31,527163,315
1271,1271,2026-08-28T08:42:23+00:00,zc_cmp_full_zstd_single_bucket_20260828__5m_x7_01271,526575,31,359.341,Success,31,526575,356
1272,1272,2026-08-28T08:42:24+00:00,zc_cmp_full_zstd_single_bucket_20260828__5m_x7_01272,527094,31,390.353,Success,31,527094,385
1273,1273,2026-08-28T08:42:25+00:00,zc_cmp_full_zstd_single_bucket_20260828__5m_x7_01273,526025,31,376.531,Success,31,526025,373
1274,1274,2026-08-28T08:42:26+00:00,zc_cmp_full_zstd_single_bucket_20260828__5m_x7_01274,526475,31,335.76,Success,31,526475,331
1275,1275,2026-08-28T08:42:27+00:00,zc_cmp_full_zstd_single_bucket_20260828__5m_x7_01275,525878,31,352.303,Success,31,525878,348
1276,1276,2026-08-28T08:42:28+00:00,zc_cmp_full_zstd_single_bucket_20260828__5m_x7_01276,526713,31,397.973,Success,31,526713,394
1277,1277,2026-08-28T08:42:29+00:00,zc_cmp_full_zstd_single_bucket_20260828__5m_x7_01277,527031,31,373.284,Success,31,527031,368
1278,1278,2026-08-28T08:42:30+00:00,zc_cmp_full_zstd_single_bucket_20260828__5m_x7_01278,526476,31,309.39,Success,31,526476,305
1279,1279,2026-08-28T08:42:31+00:00,zc_cmp_full_zstd_single_bucket_20260828__5m_x7_01279,527354,31,374.71,Success,31,527354,371
1280,1280,2026-08-28T08:42:32+00:00,zc_cmp_full_zstd_single_bucket_20260828__5m_x7_01280,526563,31,325.191,Success,31,526563,320
1281,1281,2026-08-28T08:42:33+00:00,zc_cmp_full_zstd_single_bucket_20260828__5m_x7_01281,526398,31,491.259,Success,31,526398,487
1282,1282,2026-08-28T08:42:34+00:00,zc_cmp_full_zstd_single_bucket_20260828__5m_x7_01282,527053,31,412.461,Success,31,527053,408
1283,1283,2026-08-28T08:42:35+00:00,zc_cmp_full_zstd_single_bucket_20260828__5m_x7_01283,526505,31,368.55,Success,31,526505,362
1284,1284,2026-08-28T08:42:36+00:00,zc_cmp_full_zstd_single_bucket_20260828__5m_x7_01284,525362,31,345.45,Success,31,525362,345
1285,1285,2026-08-28T08:42:37+00:00,zc_cmp_full_zstd_single_bucket_20260828__5m_x7_01285,526374,31,441.268,Success,31,526374,441
1286,1286,2026-08-28T08:42:38+00:00,zc_cmp_full_zstd_single_bucket_20260828__5m_x7_01286,526852,31,350.281,Success,31,526852,349
1287,1287,2026-08-28T08:42:39+00:00,zc_cmp_full_zstd_single_bucket_20260828__5m_x7_01287,525447,31,317.043,Success,31,525447,315
1288,1288,2026-08-28T08:42:40+00:00,zc_cmp_full_zstd_single_bucket_20260828__5m_x7_01288,527974,31,301.727,Success,31,527974,299
1289,1289,2026-08-28T08:42:41+00:00,zc_cmp_full_zstd_single_bucket_20260828__5m_x7_01289,526962,31,330.34,Success,31,526962,328
1290,1290,2026-08-28T08:42:42+00:00,zc_cmp_full_zstd_single_bucket_20260828__5m_x7_01290,525877,31,457.484,Success,31,525877,455
1291,1291,2026-08-28T08:42:43+00:00,zc_cmp_full_zstd_single_bucket_20260828__5m_x7_01291,525298,31,375.286,Success,31,525298,371
1292,1292,2026-08-28T08:42:44+00:00,zc_cmp_full_zstd_single_bucket_20260828__5m_x7_01292,525949,31,345.348,Success,31,525949,342
1293,1293,2026-08-28T08:42:45+00:00,zc_cmp_full_zstd_single_bucket_20260828__5m_x7_01293,526405,31,357.674,Success,31,526405,354
1294,1294,2026-08-28T08:42:46+00:00,zc_cmp_full_zstd_single_bucket_20260828__5m_x7_01294,526593,31,409.94,Success,31,526593,405
1295,1295,2026-08-28T08:42:47+00:00,zc_cmp_full_zstd_single_bucket_20260828__5m_x7_01295,526924,31,356.76,Success,31,526924,352
1296,1296,2026-08-28T08:42:48+00:00,zc_cmp_full_zstd_single_bucket_20260828__5m_x7_01296,526907,31,406.411,Success,31,526907,402
1297,1297,2026-08-28T08:42:49+00:00,zc_cmp_full_zstd_single_bucket_20260828__5m_x7_01297,526774,31,456.421,Success,31,526774,452
1298,1298,2026-08-28T08:42:50+00:00,zc_cmp_full_zstd_single_bucket_20260828__5m_x7_01298,526121,31,404.72,Success,31,526121,399
1299,1299,2026-08-28T08:42:51+00:00,zc_cmp_full_zstd_single_bucket_20260828__5m_x7_01299,526493,31,465.077,Success,31,526493,460
1300,1300,2026-08-28T08:42:52+00:00,zc_cmp_full_zstd_single_bucket_20260828__5m_x7_01300,526900,31,466.204,Success,31,526900,460
1301,1301,2026-08-28T08:42:53+00:00,zc_cmp_full_zstd_single_bucket_20260828__5m_x7_01301,526096,31,369.405,Success,31,526096,364
1302,1302,2026-08-28T08:42:54+00:00,zc_cmp_full_zstd_single_bucket_20260828__5m_x7_01302,527365,31,413.5,Success,31,527365,409
1303,1303,2026-08-28T08:42:55+00:00,zc_cmp_full_zstd_single_bucket_20260828__5m_x7_01303,526160,31,420.258,Success,31,526160,415
1304,1304,2026-08-28T08:42:56+00:00,zc_cmp_full_zstd_single_bucket_20260828__5m_x7_01304,525235,31,425.858,Success,31,525235,428
1305,1305,2026-08-28T08:42:57+00:00,zc_cmp_full_zstd_single_bucket_20260828__5m_x7_01305,526176,31,381.065,Success,31,526176,381
1306,1306,2026-08-28T08:42:58+00:00,zc_cmp_full_zstd_single_bucket_20260828__5m_x7_01306,527194,31,395.952,Success,31,527194,395
1307,1307,2026-08-28T08:42:59+00:00,zc_cmp_full_zstd_single_bucket_20260828__5m_x7_01307,526494,31,392.844,Success,31,526494,392
1308,1308,2026-08-28T08:43:00+00:00,zc_cmp_full_zstd_single_bucket_20260828__5m_x7_01308,525885,31,369.563,Success,31,525885,368
1309,1309,2026-08-28T08:43:01+00:00,zc_cmp_full_zstd_single_bucket_20260828__5m_x7_01309,525355,31,444.863,Success,31,525355,443
1310,1310,2026-08-28T08:43:02+00:00,zc_cmp_full_zstd_single_bucket_20260828__5m_x7_01310,527306,31,416.648,Success,31,527306,415
1311,1311,2026-08-28T08:43:03+00:00,zc_cmp_full_zstd_single_bucket_20260828__5m_x7_01311,526288,31,377.147,Success,31,526288,374
1312,1312,2026-08-28T08:43:04+00:00,zc_cmp_full_zstd_single_bucket_20260828__5m_x7_01312,526255,31,342.841,Success,31,526255,339
1313,1313,2026-08-28T08:43:05+00:00,zc_cmp_full_zstd_single_bucket_20260828__5m_x7_01313,526394,31,397.471,Success,31,526394,392
1314,1314,2026-08-28T08:43:06+00:00,zc_cmp_full_zstd_single_bucket_20260828__5m_x7_01314,527565,31,367.013,Success,31,527565,368
1315,1315,2026-08-28T08:43:07+00:00,zc_cmp_full_zstd_single_bucket_20260828__5m_x7_01315,527192,31,388.958,Success,31,527192,390
1316,1316,2026-08-28T08:43:08+00:00,zc_cmp_full_zstd_single_bucket_20260828__5m_x7_01316,526372,31,384.566,Success,31,526372,383
1317,1317,2026-08-28T08:43:09+00:00,zc_cmp_full_zstd_single_bucket_20260828__5m_x7_01317,526138,31,359.823,Success,31,526138,358
1318,1318,2026-08-28T08:43:10+00:00,zc_cmp_full_zstd_single_bucket_20260828__5m_x7_01318,525476,31,315.273,Success,31,525476,311
1319,1319,2026-08-28T08:43:11+00:00,zc_cmp_full_zstd_single_bucket_20260828__5m_x7_01319,526660,31,313.987,Success,31,526660,312
1320,1320,2026-08-28T08:43:12+00:00,zc_cmp_full_zstd_single_bucket_20260828__5m_x7_01320,525406,31,413.085,Success,31,525406,411
1321,1321,2026-08-28T08:43:13+00:00,zc_cmp_full_zstd_single_bucket_20260828__5m_x7_01321,525990,31,402.613,Success,31,525990,399
1322,1322,2026-08-28T08:43:14+00:00,zc_cmp_full_zstd_single_bucket_20260828__5m_x7_01322,526509,31,380.586,Success,31,526509,377
1323,1323,2026-08-28T08:43:15+00:00,zc_cmp_full_zstd_single_bucket_20260828__5m_x7_01323,526093,31,274.368,Success,31,526093,270
1324,1324,2026-08-28T08:43:16+00:00,zc_cmp_full_zstd_single_bucket_20260828__5m_x7_01324,526382,31,341.44,Success,31,526382,338
1325,1325,2026-08-28T08:43:17+00:00,zc_cmp_full_zstd_single_bucket_20260828__5m_x7_01325,526607,31,401.525,Success,31,526607,398
1326,1326,2026-08-28T08:43:18+00:00,zc_cmp_full_zstd_single_bucket_20260828__5m_x7_01326,527130,31,366.416,Success,31,527130,361
1327,1327,2026-08-28T08:43:19+00:00,zc_cmp_full_zstd_single_bucket_20260828__5m_x7_01327,526090,31,316.685,Success,31,526090,312
1328,1328,2026-08-28T08:43:20+00:00,zc_cmp_full_zstd_single_bucket_20260828__5m_x7_01328,526792,31,338.113,Success,31,526792,334
1329,1329,2026-08-28T08:43:21+00:00,zc_cmp_full_zstd_single_bucket_20260828__5m_x7_01329,527160,31,376.433,Success,31,527160,372
1330,1330,2026-08-28T08:43:22+00:00,zc_cmp_full_zstd_single_bucket_20260828__5m_x7_01330,526245,31,318.748,Success,31,526245,314
1331,1331,2026-08-28T08:43:23+00:00,zc_cmp_full_zstd_single_bucket_20260828__5m_x7_01331,526412,31,334.8,Success,31,526412,330
1332,1332,2026-08-28T08:43:24+00:00,zc_cmp_full_zstd_single_bucket_20260828__5m_x7_01332,526030,31,303.789,Success,31,526030,299
1333,1333,2026-08-28T08:43:25+00:00,zc_cmp_full_zstd_single_bucket_20260828__5m_x7_01333,526039,31,404.942,Success,31,526039,400
1334,1334,2026-08-28T08:43:26+00:00,zc_cmp_full_zstd_single_bucket_20260828__5m_x7_01334,526885,31,322.451,Success,31,526885,321
1335,1335,2026-08-28T08:43:27+00:00,zc_cmp_full_zstd_single_bucket_20260828__5m_x7_01335,526442,31,316.94,Success,31,526442,316
1336,1336,2026-08-28T08:43:28+00:00,zc_cmp_full_zstd_single_bucket_20260828__5m_x7_01336,526874,31,318.724,Success,31,526874,316
1337,1337,2026-08-28T08:43:29+00:00,zc_cmp_full_zstd_single_bucket_20260828__5m_x7_01337,526716,31,346.75,Success,31,526716,345
1338,1338,2026-08-28T08:43:30+00:00,zc_cmp_full_zstd_single_bucket_20260828__5m_x7_01338,526252,31,380.296,Success,31,526252,378
1339,1339,2026-08-28T08:43:31+00:00,zc_cmp_full_zstd_single_bucket_20260828__5m_x7_01339,526237,31,328.107,Success,31,526237,324
1340,1340,2026-08-28T08:43:32+00:00,zc_cmp_full_zstd_single_bucket_20260828__5m_x7_01340,526755,31,351.907,Success,31,526755,349
1341,1341,2026-08-28T08:43:33+00:00,zc_cmp_full_zstd_single_bucket_20260828__5m_x7_01341,526084,31,320.145,Success,31,526084,317
1342,1342,2026-08-28T08:43:34+00:00,zc_cmp_full_zstd_single_bucket_20260828__5m_x7_01342,525487,31,359.549,Success,31,525487,356
1343,1343,2026-08-28T08:43:35+00:00,zc_cmp_full_zstd_single_bucket_20260828__5m_x7_01343,527620,31,349.831,Success,31,527620,346
1344,1344,2026-08-28T08:43:36+00:00,zc_cmp_full_zstd_single_bucket_20260828__5m_x7_01344,525943,31,270.163,Success,31,525943,265
1345,1345,2026-08-28T08:43:37+00:00,zc_cmp_full_zstd_single_bucket_20260828__5m_x7_01345,525861,31,419.948,Success,31,525861,416
1346,1346,2026-08-28T08:43:38+00:00,zc_cmp_full_zstd_single_bucket_20260828__5m_x7_01346,527223,31,335.055,Success,31,527223,330
1347,1347,2026-08-28T08:43:39+00:00,zc_cmp_full_zstd_single_bucket_20260828__5m_x7_01347,526001,31,355.38,Success,31,526001,350
1348,1348,2026-08-28T08:43:40+00:00,zc_cmp_full_zstd_single_bucket_20260828__5m_x7_01348,525511,31,440.912,Success,31,525511,436
1349,1349,2026-08-28T08:43:41+00:00,zc_cmp_full_zstd_single_bucket_20260828__5m_x7_01349,526956,31,274.418,Success,31,526956,269
1350,1350,2026-08-28T08:43:42+00:00,zc_cmp_full_zstd_single_bucket_20260828__5m_x7_01350,526512,31,385.733,Success,31,526512,381
1351,1351,2026-08-28T08:43:43+00:00,zc_cmp_full_zstd_single_bucket_20260828__5m_x7_01351,526266,31,399.847,Success,31,526266,394
1352,1352,2026-08-28T08:43:44+00:00,zc_cmp_full_zstd_single_bucket_20260828__5m_x7_01352,526416,31,399.594,Success,31,526416,395
1353,1353,2026-08-28T08:43:45+00:00,zc_cmp_full_zstd_single_bucket_20260828__5m_x7_01353,527321,31,431.356,Success,31,527321,425
1354,1354,2026-08-28T08:43:46+00:00,zc_cmp_full_zstd_single_bucket_20260828__5m_x7_01354,527064,31,375.195,Success,31,527064,377
1355,1355,2026-08-28T08:43:47+00:00,zc_cmp_full_zstd_single_bucket_20260828__5m_x7_01355,526109,31,406.867,Success,31,526109,408
1356,1356,2026-08-28T08:43:48+00:00,zc_cmp_full_zstd_single_bucket_20260828__5m_x7_01356,526118,31,396.369,Success,31,526118,396
1357,1357,2026-08-28T08:43:49+00:00,zc_cmp_full_zstd_single_bucket_20260828__5m_x7_01357,525245,31,352.275,Success,31,525245,351
1358,1358,2026-08-28T08:43:50+00:00,zc_cmp_full_zstd_single_bucket_20260828__5m_x7_01358,525070,31,367.562,Success,31,525070,366
1359,1359,2026-08-28T08:43:51+00:00,zc_cmp_full_zstd_single_bucket_20260828__5m_x7_01359,527195,31,397.295,Success,31,527195,396
1360,1360,2026-08-28T08:43:52+00:00,zc_cmp_full_zstd_single_bucket_20260828__5m_x7_01360,526721,31,417.967,Success,31,526721,415
1361,1361,2026-08-28T08:43:53+00:00,zc_cmp_full_zstd_single_bucket_20260828__5m_x7_01361,526069,31,433.037,Success,31,526069,430
1362,1362,2026-08-28T08:43:54+00:00,zc_cmp_full_zstd_single_bucket_20260828__5m_x7_01362,527018,31,390.257,Success,31,527018,388
1363,1363,2026-08-28T08:43:55+00:00,zc_cmp_full_zstd_single_bucket_20260828__5m_x7_01363,525945,31,434.957,Success,31,525945,429
1364,1364,2026-08-28T08:43:56+00:00,zc_cmp_full_zstd_single_bucket_20260828__5m_x7_01364,526599,31,325.332,Success,31,526599,326
1365,1365,2026-08-28T08:43:57+00:00,zc_cmp_full_zstd_single_bucket_20260828__5m_x7_01365,525555,31,462.835,Success,31,525555,464
1366,1366,2026-08-28T08:43:58+00:00,zc_cmp_full_zstd_single_bucket_20260828__5m_x7_01366,526776,31,357.125,Success,31,526776,354
1367,1367,2026-08-28T08:43:59+00:00,zc_cmp_full_zstd_single_bucket_20260828__5m_x7_01367,527203,31,404.037,Success,31,527203,403
1368,1368,2026-08-28T08:44:00+00:00,zc_cmp_full_zstd_single_bucket_20260828__5m_x7_01368,527474,31,343.148,Success,31,527474,341
1369,1369,2026-08-28T08:44:01+00:00,zc_cmp_full_zstd_single_bucket_20260828__5m_x7_01369,527229,31,406.202,Success,31,527229,404
1370,1370,2026-08-28T08:44:02+00:00,zc_cmp_full_zstd_single_bucket_20260828__5m_x7_01370,525799,31,418.018,Success,31,525799,416
1371,1371,2026-08-28T08:44:03+00:00,zc_cmp_full_zstd_single_bucket_20260828__5m_x7_01371,526061,31,381.035,Success,31,526061,377
1372,1372,2026-08-28T08:44:04+00:00,zc_cmp_full_zstd_single_bucket_20260828__5m_x7_01372,526313,31,435.034,Success,31,526313,432
1373,1373,2026-08-28T08:44:05+00:00,zc_cmp_full_zstd_single_bucket_20260828__5m_x7_01373,526416,31,394.976,Success,31,526416,392
1374,1374,2026-08-28T08:44:06+00:00,zc_cmp_full_zstd_single_bucket_20260828__5m_x7_01374,526318,31,464.968,Success,31,526318,462
1375,1375,2026-08-28T08:44:07+00:00,zc_cmp_full_zstd_single_bucket_20260828__5m_x7_01375,525930,31,431.655,Success,31,525930,427
1376,1376,2026-08-28T08:44:08+00:00,zc_cmp_full_zstd_single_bucket_20260828__5m_x7_01376,525937,31,459.459,Success,31,525937,455
1377,1377,2026-08-28T08:44:09+00:00,zc_cmp_full_zstd_single_bucket_20260828__5m_x7_01377,526888,31,337.525,Success,31,526888,332
1378,1378,2026-08-28T08:44:10+00:00,zc_cmp_full_zstd_single_bucket_20260828__5m_x7_01378,526239,31,329.98,Success,31,526239,325
1379,1379,2026-08-28T08:44:11+00:00,zc_cmp_full_zstd_single_bucket_20260828__5m_x7_01379,526024,31,385.162,Success,31,526024,381
1380,1380,2026-08-28T08:44:12+00:00,zc_cmp_full_zstd_single_bucket_20260828__5m_x7_01380,527518,31,413.476,Success,31,527518,409
1381,1381,2026-08-28T08:44:13+00:00,zc_cmp_full_zstd_single_bucket_20260828__5m_x7_01381,526763,31,405.252,Success,31,526763,400
1382,1382,2026-08-28T08:44:14+00:00,zc_cmp_full_zstd_single_bucket_20260828__5m_x7_01382,526578,31,384.118,Success,31,526578,380
1383,1383,2026-08-28T08:44:15+00:00,zc_cmp_full_zstd_single_bucket_20260828__5m_x7_01383,525959,31,452.653,Success,31,525959,447
1384,1384,2026-08-28T08:44:16+00:00,zc_cmp_full_zstd_single_bucket_20260828__5m_x7_01384,526597,31,412.592,Success,31,526597,414
1385,1385,2026-08-28T08:44:17+00:00,zc_cmp_full_zstd_single_bucket_20260828__5m_x7_01385,525229,31,508.355,Success,31,525229,511
1386,1386,2026-08-28T08:44:18+00:00,zc_cmp_full_zstd_single_bucket_20260828__5m_x7_01386,527004,31,398.816,Success,31,527004,397
1387,1387,2026-08-28T08:44:19+00:00,zc_cmp_full_zstd_single_bucket_20260828__5m_x7_01387,527426,31,364.982,Success,31,527426,364
1388,1388,2026-08-28T08:44:20+00:00,zc_cmp_full_zstd_single_bucket_20260828__5m_x7_01388,526791,31,352.731,Success,31,526791,350
1389,1389,2026-08-28T08:44:21+00:00,zc_cmp_full_zstd_single_bucket_20260828__5m_x7_01389,526808,31,373.359,Success,31,526808,372
1390,1390,2026-08-28T08:44:22+00:00,zc_cmp_full_zstd_single_bucket_20260828__5m_x7_01390,526708,31,335.609,Success,31,526708,333
1391,1391,2026-08-28T08:44:23+00:00,zc_cmp_full_zstd_single_bucket_20260828__5m_x7_01391,526317,31,294.401,Success,31,526317,291
1392,1392,2026-08-28T08:44:24+00:00,zc_cmp_full_zstd_single_bucket_20260828__5m_x7_01392,526897,31,415.142,Success,31,526897,412
1393,1393,2026-08-28T08:44:25+00:00,zc_cmp_full_zstd_single_bucket_20260828__5m_x7_01393,527520,31,282.554,Success,31,527520,279
1394,1394,2026-08-28T08:44:26+00:00,zc_cmp_full_zstd_single_bucket_20260828__5m_x7_01394,526725,31,323.881,Success,31,526725,319
1395,1395,2026-08-28T08:44:27+00:00,zc_cmp_full_zstd_single_bucket_20260828__5m_x7_01395,527249,31,354.281,Success,31,527249,350
1396,1396,2026-08-28T08:44:28+00:00,zc_cmp_full_zstd_single_bucket_20260828__5m_x7_01396,526806,31,335.902,Success,31,526806,332
1397,1397,2026-08-28T08:44:29+00:00,zc_cmp_full_zstd_single_bucket_20260828__5m_x7_01397,526185,31,395.99,Success,31,526185,392
1398,1398,2026-08-28T08:44:30+00:00,zc_cmp_full_zstd_single_bucket_20260828__5m_x7_01398,527205,31,380.705,Success,31,527205,377
1399,1399,2026-08-28T08:44:31+00:00,zc_cmp_full_zstd_single_bucket_20260828__5m_x7_01399,526677,31,314.728,Success,31,526677,310
1400,1400,2026-08-28T08:44:32+00:00,zc_cmp_full_zstd_single_bucket_20260828__5m_x7_01400,526831,31,349.009,Success,31,526831,345
1401,1401,2026-08-28T08:44:33+00:00,zc_cmp_full_zstd_single_bucket_20260828__5m_x7_01401,526986,31,393.008,Success,31,526986,385
1402,1402,2026-08-28T08:44:34+00:00,zc_cmp_full_zstd_single_bucket_20260828__5m_x7_01402,525735,31,428.95,Success,31,525735,424
1403,1403,2026-08-28T08:44:35+00:00,zc_cmp_full_zstd_single_bucket_20260828__5m_x7_01403,525346,31,367.554,Success,31,525346,362
1404,1404,2026-08-28T08:44:36+00:00,zc_cmp_full_zstd_single_bucket_20260828__5m_x7_01404,527167,31,339.544,Success,31,527167,340
1405,1405,2026-08-28T08:44:37+00:00,zc_cmp_full_zstd_single_bucket_20260828__5m_x7_01405,526724,31,329.154,Success,31,526724,329
1406,1406,2026-08-28T08:44:38+00:00,zc_cmp_full_zstd_single_bucket_20260828__5m_x7_01406,527204,31,316.048,Success,31,527204,314
1407,1407,2026-08-28T08:44:39+00:00,zc_cmp_full_zstd_single_bucket_20260828__5m_x7_01407,525841,31,479.825,Success,31,525841,480
1408,1408,2026-08-28T08:44:40+00:00,zc_cmp_full_zstd_single_bucket_20260828__5m_x7_01408,526888,31,394.73,Success,31,526888,394
1409,1409,2026-08-28T08:44:41+00:00,zc_cmp_full_zstd_single_bucket_20260828__5m_x7_01409,526828,31,387.636,Success,31,526828,386
1410,1410,2026-08-28T08:44:42+00:00,zc_cmp_full_zstd_single_bucket_20260828__5m_x7_01410,526848,31,354.815,Success,31,526848,352
1411,1411,2026-08-28T08:44:43+00:00,zc_cmp_full_zstd_single_bucket_20260828__5m_x7_01411,526403,31,309.827,Success,31,526403,306
1412,1412,2026-08-28T08:44:44+00:00,zc_cmp_full_zstd_single_bucket_20260828__5m_x7_01412,526532,31,403.91,Success,31,526532,401
1413,1413,2026-08-28T08:44:45+00:00,zc_cmp_full_zstd_single_bucket_20260828__5m_x7_01413,527206,31,376.545,Success,31,527206,370
1414,1414,2026-08-28T08:44:46+00:00,zc_cmp_full_zstd_single_bucket_20260828__5m_x7_01414,527296,31,371.783,Success,31,527296,373
1415,1415,2026-08-28T08:44:47+00:00,zc_cmp_full_zstd_single_bucket_20260828__5m_x7_01415,526780,31,404.918,Success,31,526780,405
1416,1416,2026-08-28T08:44:48+00:00,zc_cmp_full_zstd_single_bucket_20260828__5m_x7_01416,526998,31,373.317,Success,31,526998,372
1417,1417,2026-08-28T08:44:49+00:00,zc_cmp_full_zstd_single_bucket_20260828__5m_x7_01417,526604,31,444.743,Success,31,526604,443
1418,1418,2026-08-28T08:44:50+00:00,zc_cmp_full_zstd_single_bucket_20260828__5m_x7_01418,527373,31,494.874,Success,31,527373,493
1419,1419,2026-08-28T08:44:51+00:00,zc_cmp_full_zstd_single_bucket_20260828__5m_x7_01419,526765,31,414.8,Success,31,526765,413
1420,1420,2026-08-28T08:44:52+00:00,zc_cmp_full_zstd_single_bucket_20260828__5m_x7_01420,526573,31,287.353,Success,31,526573,284
1421,1421,2026-08-28T08:44:53+00:00,zc_cmp_full_zstd_single_bucket_20260828__5m_x7_01421,525701,31,314.716,Success,31,525701,311
1422,1422,2026-08-28T08:44:54+00:00,zc_cmp_full_zstd_single_bucket_20260828__5m_x7_01422,525650,31,414.67,Success,31,525650,412
1423,1423,2026-08-28T08:44:55+00:00,zc_cmp_full_zstd_single_bucket_20260828__5m_x7_01423,526835,31,296.771,Success,31,526835,293
1424,1424,2026-08-28T08:44:56+00:00,zc_cmp_full_zstd_single_bucket_20260828__5m_x7_01424,526469,31,368.292,Success,31,526469,362
1425,1425,2026-08-28T08:44:57+00:00,zc_cmp_full_zstd_single_bucket_20260828__5m_x7_01425,526030,31,427.191,Success,31,526030,419
1426,1426,2026-08-28T08:44:58+00:00,zc_cmp_full_zstd_single_bucket_20260828__5m_x7_01426,526835,31,353.212,Success,31,526835,348
1427,1427,2026-08-28T08:44:59+00:00,zc_cmp_full_zstd_single_bucket_20260828__5m_x7_01427,526986,31,381.868,Success,31,526986,377
1428,1428,2026-08-28T08:45:00+00:00,zc_cmp_full_zstd_single_bucket_20260828__5m_x7_01428,527238,31,327.985,Success,31,527238,324
1429,1429,2026-08-28T08:45:01+00:00,zc_cmp_full_zstd_single_bucket_20260828__5m_x7_01429,527707,31,302.447,Success,31,527707,297
1430,1430,2026-08-28T08:45:02+00:00,zc_cmp_full_zstd_single_bucket_20260828__5m_x7_01430,526495,31,371.609,Success,31,526495,366
1431,1431,2026-08-28T08:45:03+00:00,zc_cmp_full_zstd_single_bucket_20260828__5m_x7_01431,524793,31,380.76,Success,31,524793,376
1432,1432,2026-08-28T08:45:04+00:00,zc_cmp_full_zstd_single_bucket_20260828__5m_x7_01432,526279,31,343.695,Success,31,526279,339
1433,1433,2026-08-28T08:45:05+00:00,zc_cmp_full_zstd_single_bucket_20260828__5m_x7_01433,526930,31,443.475,Success,31,526930,434
1434,1434,2026-08-28T08:45:06+00:00,zc_cmp_full_zstd_single_bucket_20260828__5m_x7_01434,526273,31,362.552,Success,31,526273,362
1435,1435,2026-08-28T08:45:07+00:00,zc_cmp_full_zstd_single_bucket_20260828__5m_x7_01435,526651,31,398.948,Success,31,526651,397
1436,1436,2026-08-28T08:45:08+00:00,zc_cmp_full_zstd_single_bucket_20260828__5m_x7_01436,525605,31,425.252,Success,31,525605,423
1437,1437,2026-08-28T08:45:09+00:00,zc_cmp_full_zstd_single_bucket_20260828__5m_x7_01437,525549,31,394.698,Success,31,525549,393
1438,1438,2026-08-28T08:45:10+00:00,zc_cmp_full_zstd_single_bucket_20260828__5m_x7_01438,526492,31,394.641,Success,31,526492,392
1439,1439,2026-08-28T08:45:11+00:00,zc_cmp_full_zstd_single_bucket_20260828__5m_x7_01439,526752,31,360.807,Success,31,526752,358
1440,1440,2026-08-28T08:45:12+00:00,zc_cmp_full_zstd_single_bucket_20260828__5m_x7_01440,527455,31,329.023,Success,31,527455,326
1441,1441,2026-08-28T08:45:13+00:00,zc_cmp_full_zstd_single_bucket_20260828__5m_x7_01441,525283,31,400.991,Success,31,525283,397
1442,1442,2026-08-28T08:45:14+00:00,zc_cmp_full_zstd_single_bucket_20260828__5m_x7_01442,526960,31,351.667,Success,31,526960,348
1443,1443,2026-08-28T08:45:15+00:00,zc_cmp_full_zstd_single_bucket_20260828__5m_x7_01443,526582,31,321.533,Success,31,526582,317
1444,1444,2026-08-28T08:45:16+00:00,zc_cmp_full_zstd_single_bucket_20260828__5m_x7_01444,525601,31,345.754,Success,31,525601,342
1445,1445,2026-08-28T08:45:17+00:00,zc_cmp_full_zstd_single_bucket_20260828__5m_x7_01445,525259,31,405.173,Success,31,525259,401
1446,1446,2026-08-28T08:45:18+00:00,zc_cmp_full_zstd_single_bucket_20260828__5m_x7_01446,527802,31,386.373,Success,31,527802,382
1447,1447,2026-08-28T08:45:19+00:00,zc_cmp_full_zstd_single_bucket_20260828__5m_x7_01447,526561,31,389.096,Success,31,526561,385
1448,1448,2026-08-28T08:45:20+00:00,zc_cmp_full_zstd_single_bucket_20260828__5m_x7_01448,526974,31,390.954,Success,31,526974,386
1449,1449,2026-08-28T08:45:21+00:00,zc_cmp_full_zstd_single_bucket_20260828__5m_x7_01449,525307,31,342.341,Success,31,525307,337
1450,1450,2026-08-28T08:45:22+00:00,zc_cmp_full_zstd_single_bucket_20260828__5m_x7_01450,525922,31,447.23,Success,31,525922,442
1451,1451,2026-08-28T08:45:23+00:00,zc_cmp_full_zstd_single_bucket_20260828__5m_x7_01451,526719,31,414.49,Success,31,526719,409
1452,1452,2026-08-28T08:45:24+00:00,zc_cmp_full_zstd_single_bucket_20260828__5m_x7_01452,526626,31,360.047,Success,31,526626,355
1453,1453,2026-08-28T08:45:25+00:00,zc_cmp_full_zstd_single_bucket_20260828__5m_x7_01453,526710,31,303.698,Success,31,526710,298
1454,1454,2026-08-28T08:45:26+00:00,zc_cmp_full_zstd_single_bucket_20260828__5m_x7_01454,526035,31,348.325,Success,31,526035,348
1455,1455,2026-08-28T08:45:27+00:00,zc_cmp_full_zstd_single_bucket_20260828__5m_x7_01455,527988,31,376.461,Success,31,527988,376
1456,1456,2026-08-28T08:45:28+00:00,zc_cmp_full_zstd_single_bucket_20260828__5m_x7_01456,526324,31,268.206,Success,31,526324,265
1457,1457,2026-08-28T08:45:29+00:00,zc_cmp_full_zstd_single_bucket_20260828__5m_x7_01457,526584,31,323.573,Success,31,526584,322
1458,1458,2026-08-28T08:45:30+00:00,zc_cmp_full_zstd_single_bucket_20260828__5m_x7_01458,526575,31,412.127,Success,31,526575,410
1459,1459,2026-08-28T08:45:31+00:00,zc_cmp_full_zstd_single_bucket_20260828__5m_x7_01459,526516,31,307.152,Success,31,526516,304
1460,1460,2026-08-28T08:45:32+00:00,zc_cmp_full_zstd_single_bucket_20260828__5m_x7_01460,526031,31,345.503,Success,31,526031,342
1461,1461,2026-08-28T08:45:33+00:00,zc_cmp_full_zstd_single_bucket_20260828__5m_x7_01461,525746,31,334.706,Success,31,525746,331
1462,1462,2026-08-28T08:45:34+00:00,zc_cmp_full_zstd_single_bucket_20260828__5m_x7_01462,526416,31,430.366,Success,31,526416,428
1463,1463,2026-08-28T08:45:35+00:00,zc_cmp_full_zstd_single_bucket_20260828__5m_x7_01463,526863,31,416.409,Success,31,526863,412
1464,1464,2026-08-28T08:45:36+00:00,zc_cmp_full_zstd_single_bucket_20260828__5m_x7_01464,527329,31,391.445,Success,31,527329,387
1465,1465,2026-08-28T08:45:37+00:00,zc_cmp_full_zstd_single_bucket_20260828__5m_x7_01465,526330,31,365.707,Success,31,526330,361
1466,1466,2026-08-28T08:45:38+00:00,zc_cmp_full_zstd_single_bucket_20260828__5m_x7_01466,527038,31,308.673,Success,31,527038,304
1467,1467,2026-08-28T08:45:39+00:00,zc_cmp_full_zstd_single_bucket_20260828__5m_x7_01467,527226,31,355.938,Success,31,527226,351
1468,1468,2026-08-28T08:45:40+00:00,zc_cmp_full_zstd_single_bucket_20260828__5m_x7_01468,527233,31,382.322,Success,31,527233,377
1469,1469,2026-08-28T08:45:41+00:00,zc_cmp_full_zstd_single_bucket_20260828__5m_x7_01469,527380,31,432.912,Success,31,527380,428
1470,1470,2026-08-28T08:45:42+00:00,zc_cmp_full_zstd_single_bucket_20260828__5m_x7_01470,526618,31,313.579,Success,31,526618,309
1471,1471,2026-08-28T08:45:43+00:00,zc_cmp_full_zstd_single_bucket_20260828__5m_x7_01471,526749,31,346.537,Success,31,526749,341
1472,1472,2026-08-28T08:45:44+00:00,zc_cmp_full_zstd_single_bucket_20260828__5m_x7_01472,526558,31,310.069,Success,31,526558,306
1473,1473,2026-08-28T08:45:45+00:00,zc_cmp_full_zstd_single_bucket_20260828__5m_x7_01473,526395,31,431.39,Success,31,526395,425
1474,1474,2026-08-28T08:45:46+00:00,zc_cmp_full_zstd_single_bucket_20260828__5m_x7_01474,527279,31,372.794,Success,31,527279,373
1475,1475,2026-08-28T08:45:47+00:00,zc_cmp_full_zstd_single_bucket_20260828__5m_x7_01475,526371,31,353.203,Success,31,526371,353
1476,1476,2026-08-28T08:45:48+00:00,zc_cmp_full_zstd_single_bucket_20260828__5m_x7_01476,526304,31,353.335,Success,31,526304,352
1477,1477,2026-08-28T08:45:49+00:00,zc_cmp_full_zstd_single_bucket_20260828__5m_x7_01477,527049,31,459.223,Success,31,527049,458
1478,1478,2026-08-28T08:45:50+00:00,zc_cmp_full_zstd_single_bucket_20260828__5m_x7_01478,526704,31,433.896,Success,31,526704,432
1479,1479,2026-08-28T08:45:51+00:00,zc_cmp_full_zstd_single_bucket_20260828__5m_x7_01479,526558,31,395.521,Success,31,526558,393
1480,1480,2026-08-28T08:45:52+00:00,zc_cmp_full_zstd_single_bucket_20260828__5m_x7_01480,526879,31,354.266,Success,31,526879,351
1481,1481,2026-08-28T08:45:53+00:00,zc_cmp_full_zstd_single_bucket_20260828__5m_x7_01481,526637,31,348.36,Success,31,526637,345
1482,1482,2026-08-28T08:45:54+00:00,zc_cmp_full_zstd_single_bucket_20260828__5m_x7_01482,527293,31,370.979,Success,31,527293,354
1483,1483,2026-08-28T08:45:55+00:00,zc_cmp_full_zstd_single_bucket_20260828__5m_x7_01483,525725,31,442.809,Success,31,525725,439
1484,1484,2026-08-28T08:45:56+00:00,zc_cmp_full_zstd_single_bucket_20260828__5m_x7_01484,526041,31,465.594,Success,31,526041,457
1485,1485,2026-08-28T08:45:57+00:00,zc_cmp_full_zstd_single_bucket_20260828__5m_x7_01485,527655,31,419.66,Success,31,527655,416
1486,1486,2026-08-28T08:45:58+00:00,zc_cmp_full_zstd_single_bucket_20260828__5m_x7_01486,526085,31,432.707,Success,31,526085,428
1487,1487,2026-08-28T08:45:59+00:00,zc_cmp_full_zstd_single_bucket_20260828__5m_x7_01487,526516,31,500.984,Success,31,526516,497
1488,1488,2026-08-28T08:46:00+00:00,zc_cmp_full_zstd_single_bucket_20260828__5m_x7_01488,526492,31,426.228,Success,31,526492,422
1489,1489,2026-08-28T08:46:02+00:00,zc_cmp_full_zstd_single_bucket_20260828__5m_x7_01489,526931,31,637.688,Success,31,526931,631
1490,1490,2026-08-28T08:46:02+00:00,zc_cmp_full_zstd_single_bucket_20260828__5m_x7_01490,527631,31,316.644,Success,31,527631,311
1491,1491,2026-08-28T08:46:03+00:00,zc_cmp_full_zstd_single_bucket_20260828__5m_x7_01491,526579,31,420.051,Success,31,526579,413
1492,1492,2026-08-28T08:46:04+00:00,zc_cmp_full_zstd_single_bucket_20260828__5m_x7_01492,526183,31,375.39,Success,31,526183,370
1493,1493,2026-08-28T08:46:05+00:00,zc_cmp_full_zstd_single_bucket_20260828__5m_x7_01493,525965,31,274.782,Success,31,525965,269
1494,1494,2026-08-28T08:46:06+00:00,zc_cmp_full_zstd_single_bucket_20260828__5m_x7_01494,527719,31,290.967,Success,31,527719,290
1495,1495,2026-08-28T08:46:07+00:00,zc_cmp_full_zstd_single_bucket_20260828__5m_x7_01495,525139,31,356.61,Success,31,525139,356
1496,1496,2026-08-28T08:46:08+00:00,zc_cmp_full_zstd_single_bucket_20260828__5m_x7_01496,525930,31,298.364,Success,31,525930,295
1497,1497,2026-08-28T08:46:09+00:00,zc_cmp_full_zstd_single_bucket_20260828__5m_x7_01497,526929,31,389.917,Success,31,526929,389
1498,1498,2026-08-28T08:46:10+00:00,zc_cmp_full_zstd_single_bucket_20260828__5m_x7_01498,526173,31,329.375,Success,31,526173,327
1499,1499,2026-08-28T08:46:11+00:00,zc_cmp_full_zstd_single_bucket_20260828__5m_x7_01499,526460,31,269.46,Success,31,526460,267
1500,1500,2026-08-28T08:46:12+00:00,zc_cmp_full_zstd_single_bucket_20260828__5m_x7_01500,527321,31,312.336,Success,31,527321,310
1501,1501,2026-08-28T08:46:13+00:00,zc_cmp_full_zstd_single_bucket_20260828__5m_x7_01501,527393,31,297.448,Success,31,527393,294
1502,1502,2026-08-28T08:46:14+00:00,zc_cmp_full_zstd_single_bucket_20260828__5m_x7_01502,526972,31,352.162,Success,31,526972,348
1503,1503,2026-08-28T08:46:15+00:00,zc_cmp_full_zstd_single_bucket_20260828__5m_x7_01503,526353,31,368.776,Success,31,526353,365
1504,1504,2026-08-28T08:46:16+00:00,zc_cmp_full_zstd_single_bucket_20260828__5m_x7_01504,525954,31,320.301,Success,31,525954,316
1505,1505,2026-08-28T08:46:17+00:00,zc_cmp_full_zstd_single_bucket_20260828__5m_x7_01505,526720,31,341.267,Success,31,526720,338
1506,1506,2026-08-28T08:46:18+00:00,zc_cmp_full_zstd_single_bucket_20260828__5m_x7_01506,527824,31,350.222,Success,31,527824,346
1507,1507,2026-08-28T08:46:19+00:00,zc_cmp_full_zstd_single_bucket_20260828__5m_x7_01507,527580,31,339.627,Success,31,527580,335
1508,1508,2026-08-28T08:46:20+00:00,zc_cmp_full_zstd_single_bucket_20260828__5m_x7_01508,527428,31,301.752,Success,31,527428,297
1509,1509,2026-08-28T08:46:21+00:00,zc_cmp_full_zstd_single_bucket_20260828__5m_x7_01509,526286,31,320.231,Success,31,526286,316
1510,1510,2026-08-28T08:46:23+00:00,zc_cmp_full_zstd_single_bucket_20260828__5m_x7_01510,526488,31,804.106,Success,31,526488,756
1511,1511,2026-08-28T08:46:23+00:00,zc_cmp_full_zstd_single_bucket_20260828__5m_x7_01511,526019,31,449.533,Success,31,526019,444
1512,1512,2026-08-28T08:46:24+00:00,zc_cmp_full_zstd_single_bucket_20260828__5m_x7_01512,526005,31,397.482,Success,31,526005,392
1513,1513,2026-08-28T08:46:25+00:00,zc_cmp_full_zstd_single_bucket_20260828__5m_x7_01513,526528,31,400.79,Success,31,526528,395
1514,1514,2026-08-28T08:46:26+00:00,zc_cmp_full_zstd_single_bucket_20260828__5m_x7_01514,526593,31,349.333,Success,31,526593,349
1515,1515,2026-08-28T08:46:27+00:00,zc_cmp_full_zstd_single_bucket_20260828__5m_x7_01515,526439,31,472.318,Success,31,526439,472
1516,1516,2026-08-28T08:46:28+00:00,zc_cmp_full_zstd_single_bucket_20260828__5m_x7_01516,527424,31,449.668,Success,31,527424,449
1517,1517,2026-08-28T08:46:29+00:00,zc_cmp_full_zstd_single_bucket_20260828__5m_x7_01517,526709,31,336.247,Success,31,526709,333
1518,1518,2026-08-28T08:46:30+00:00,zc_cmp_full_zstd_single_bucket_20260828__5m_x7_01518,526710,31,424.817,Success,31,526710,423
1519,1519,2026-08-28T08:46:31+00:00,zc_cmp_full_zstd_single_bucket_20260828__5m_x7_01519,526246,31,357.11,Success,31,526246,355
1520,1520,2026-08-28T08:46:32+00:00,zc_cmp_full_zstd_single_bucket_20260828__5m_x7_01520,527700,31,395.955,Success,31,527700,394
1521,1521,2026-08-28T08:46:33+00:00,zc_cmp_full_zstd_single_bucket_20260828__5m_x7_01521,525893,31,411.248,Success,31,525893,408
1522,1522,2026-08-28T08:46:34+00:00,zc_cmp_full_zstd_single_bucket_20260828__5m_x7_01522,526413,31,418.114,Success,31,526413,415
1523,1523,2026-08-28T08:46:35+00:00,zc_cmp_full_zstd_single_bucket_20260828__5m_x7_01523,526737,31,487.08,Success,31,526737,481
1524,1524,2026-08-28T08:46:36+00:00,zc_cmp_full_zstd_single_bucket_20260828__5m_x7_01524,526511,31,336.459,Success,31,526511,336
1525,1525,2026-08-28T08:46:37+00:00,zc_cmp_full_zstd_single_bucket_20260828__5m_x7_01525,526475,31,373.748,Success,31,526475,373
1526,1526,2026-08-28T08:46:38+00:00,zc_cmp_full_zstd_single_bucket_20260828__5m_x7_01526,527142,31,454.08,Success,31,527142,454
1527,1527,2026-08-28T08:46:39+00:00,zc_cmp_full_zstd_single_bucket_20260828__5m_x7_01527,526819,31,419.737,Success,31,526819,419
1528,1528,2026-08-28T08:46:40+00:00,zc_cmp_full_zstd_single_bucket_20260828__5m_x7_01528,525559,31,415.171,Success,31,525559,414
1529,1529,2026-08-28T08:46:41+00:00,zc_cmp_full_zstd_single_bucket_20260828__5m_x7_01529,525328,31,360.258,Success,31,525328,357
1530,1530,2026-08-28T08:46:42+00:00,zc_cmp_full_zstd_single_bucket_20260828__5m_x7_01530,526820,31,421.014,Success,31,526820,419
1531,1531,2026-08-28T08:46:43+00:00,zc_cmp_full_zstd_single_bucket_20260828__5m_x7_01531,526165,31,412.157,Success,31,526165,408
1532,1532,2026-08-28T08:46:44+00:00,zc_cmp_full_zstd_single_bucket_20260828__5m_x7_01532,525715,31,450.666,Success,31,525715,447
1533,1533,2026-08-28T08:46:45+00:00,zc_cmp_full_zstd_single_bucket_20260828__5m_x7_01533,525881,31,369.48,Success,31,525881,364
1534,1534,2026-08-28T08:46:46+00:00,zc_cmp_full_zstd_single_bucket_20260828__5m_x7_01534,526764,31,400.03,Success,31,526764,398
1535,1535,2026-08-28T08:46:47+00:00,zc_cmp_full_zstd_single_bucket_20260828__5m_x7_01535,526169,31,416.988,Success,31,526169,418
1536,1536,2026-08-28T08:46:48+00:00,zc_cmp_full_zstd_single_bucket_20260828__5m_x7_01536,525677,31,488.603,Success,31,525677,489
1537,1537,2026-08-28T08:46:49+00:00,zc_cmp_full_zstd_single_bucket_20260828__5m_x7_01537,526865,31,366.987,Success,31,526865,365
1538,1538,2026-08-28T08:46:50+00:00,zc_cmp_full_zstd_single_bucket_20260828__5m_x7_01538,525740,31,304.589,Success,31,525740,302
1539,1539,2026-08-28T08:46:51+00:00,zc_cmp_full_zstd_single_bucket_20260828__5m_x7_01539,527314,31,335.434,Success,31,527314,333
1540,1540,2026-08-28T08:46:52+00:00,zc_cmp_full_zstd_single_bucket_20260828__5m_x7_01540,526510,31,415.819,Success,31,526510,414
1541,1541,2026-08-28T08:46:53+00:00,zc_cmp_full_zstd_single_bucket_20260828__5m_x7_01541,525823,31,458.339,Success,31,525823,456
1542,1542,2026-08-28T08:46:54+00:00,zc_cmp_full_zstd_single_bucket_20260828__5m_x7_01542,527286,31,474.291,Success,31,527286,470
1543,1543,2026-08-28T08:46:55+00:00,zc_cmp_full_zstd_single_bucket_20260828__5m_x7_01543,527493,31,368.951,Success,31,527493,363
1544,1544,2026-08-28T08:46:56+00:00,zc_cmp_full_zstd_single_bucket_20260828__5m_x7_01544,527406,31,470.556,Success,31,527406,474
1545,1545,2026-08-28T08:46:57+00:00,zc_cmp_full_zstd_single_bucket_20260828__5m_x7_01545,525849,31,463.166,Success,31,525849,465
1546,1546,2026-08-28T08:46:58+00:00,zc_cmp_full_zstd_single_bucket_20260828__5m_x7_01546,526738,31,367.446,Success,31,526738,367
1547,1547,2026-08-28T08:46:59+00:00,zc_cmp_full_zstd_single_bucket_20260828__5m_x7_01547,526189,31,395.403,Success,31,526189,394
1548,1548,2026-08-28T08:47:00+00:00,zc_cmp_full_zstd_single_bucket_20260828__5m_x7_01548,527355,31,345.562,Success,31,527355,344
1549,1549,2026-08-28T08:47:01+00:00,zc_cmp_full_zstd_single_bucket_20260828__5m_x7_01549,526206,31,449.452,Success,31,526206,447
1550,1550,2026-08-28T08:47:02+00:00,zc_cmp_full_zstd_single_bucket_20260828__5m_x7_01550,526209,31,457.247,Success,31,526209,456
1551,1551,2026-08-28T08:47:03+00:00,zc_cmp_full_zstd_single_bucket_20260828__5m_x7_01551,526010,31,320.841,Success,31,526010,318
1552,1552,2026-08-28T08:47:04+00:00,zc_cmp_full_zstd_single_bucket_20260828__5m_x7_01552,526522,31,288.351,Success,31,526522,285
1553,1553,2026-08-28T08:47:05+00:00,zc_cmp_full_zstd_single_bucket_20260828__5m_x7_01553,526425,31,373.543,Success,31,526425,368
1554,1554,2026-08-28T08:47:06+00:00,zc_cmp_full_zstd_single_bucket_20260828__5m_x7_01554,527865,31,327.146,Success,31,527865,327
1555,1555,2026-08-28T08:47:07+00:00,zc_cmp_full_zstd_single_bucket_20260828__5m_x7_01555,526645,31,475.844,Success,31,526645,477
1556,1556,2026-08-28T08:47:08+00:00,zc_cmp_full_zstd_single_bucket_20260828__5m_x7_01556,525532,31,347.132,Success,31,525532,346
1557,1557,2026-08-28T08:47:09+00:00,zc_cmp_full_zstd_single_bucket_20260828__5m_x7_01557,527211,31,304.015,Success,31,527211,302
1558,1558,2026-08-28T08:47:10+00:00,zc_cmp_full_zstd_single_bucket_20260828__5m_x7_01558,527642,31,376.05,Success,31,527642,373
1559,1559,2026-08-28T08:47:11+00:00,zc_cmp_full_zstd_single_bucket_20260828__5m_x7_01559,526407,31,374.892,Success,31,526407,372
1560,1560,2026-08-28T08:47:12+00:00,zc_cmp_full_zstd_single_bucket_20260828__5m_x7_01560,526928,31,483.489,Success,31,526928,481
1561,1561,2026-08-28T08:47:13+00:00,zc_cmp_full_zstd_single_bucket_20260828__5m_x7_01561,525928,31,391.537,Success,31,525928,386
1562,1562,2026-08-28T08:47:15+00:00,zc_cmp_full_zstd_single_bucket_20260828__5m_x7_01562,526172,31,673.719,Success,31,526172,667
1563,1563,2026-08-28T08:47:15+00:00,zc_cmp_full_zstd_single_bucket_20260828__5m_x7_01563,527246,31,446.195,Success,31,527246,440
1564,1564,2026-08-28T08:47:16+00:00,zc_cmp_full_zstd_single_bucket_20260828__5m_x7_01564,526742,31,533.875,Success,31,526742,534
1565,1565,2026-08-28T08:47:17+00:00,zc_cmp_full_zstd_single_bucket_20260828__5m_x7_01565,527022,31,461.664,Success,31,527022,461
1566,1566,2026-08-28T08:47:18+00:00,zc_cmp_full_zstd_single_bucket_20260828__5m_x7_01566,526041,31,407.991,Success,31,526041,406
1567,1567,2026-08-28T08:47:19+00:00,zc_cmp_full_zstd_single_bucket_20260828__5m_x7_01567,526257,31,426.262,Success,31,526257,424
1568,1568,2026-08-28T08:47:20+00:00,zc_cmp_full_zstd_single_bucket_20260828__5m_x7_01568,527337,31,428.809,Success,31,527337,426
1569,1569,2026-08-28T08:47:21+00:00,zc_cmp_full_zstd_single_bucket_20260828__5m_x7_01569,526623,31,442.823,Success,31,526623,440
1570,1570,2026-08-28T08:47:22+00:00,zc_cmp_full_zstd_single_bucket_20260828__5m_x7_01570,526873,31,399.765,Success,31,526873,396
1571,1571,2026-08-28T08:47:23+00:00,zc_cmp_full_zstd_single_bucket_20260828__5m_x7_01571,525969,31,480.848,Success,31,525969,477
1572,1572,2026-08-28T08:47:24+00:00,zc_cmp_full_zstd_single_bucket_20260828__5m_x7_01572,526794,31,379.951,Success,31,526794,375
1573,1573,2026-08-28T08:47:25+00:00,zc_cmp_full_zstd_single_bucket_20260828__5m_x7_01573,526101,31,429.124,Success,31,526101,425
1574,1574,2026-08-28T08:47:26+00:00,zc_cmp_full_zstd_single_bucket_20260828__5m_x7_01574,527018,31,383.938,Success,31,527018,380
1575,1575,2026-08-28T08:47:27+00:00,zc_cmp_full_zstd_single_bucket_20260828__5m_x7_01575,526858,31,348.083,Success,31,526858,344
1576,1576,2026-08-28T08:47:28+00:00,zc_cmp_full_zstd_single_bucket_20260828__5m_x7_01576,525958,31,345.352,Success,31,525958,341
1577,1577,2026-08-28T08:47:29+00:00,zc_cmp_full_zstd_single_bucket_20260828__5m_x7_01577,526927,31,383.364,Success,31,526927,378
1578,1578,2026-08-28T08:47:30+00:00,zc_cmp_full_zstd_single_bucket_20260828__5m_x7_01578,527032,31,373.988,Success,31,527032,369
1579,1579,2026-08-28T08:47:31+00:00,zc_cmp_full_zstd_single_bucket_20260828__5m_x7_01579,525924,31,411.805,Success,31,525924,408
1580,1580,2026-08-28T08:47:32+00:00,zc_cmp_full_zstd_single_bucket_20260828__5m_x7_01580,526785,31,344.324,Success,31,526785,340
1581,1581,2026-08-28T08:47:33+00:00,zc_cmp_full_zstd_single_bucket_20260828__5m_x7_01581,526811,31,397.947,Success,31,526811,392
1582,1582,2026-08-28T08:47:34+00:00,zc_cmp_full_zstd_single_bucket_20260828__5m_x7_01582,526222,31,390.384,Success,31,526222,385
1583,1583,2026-08-28T08:47:35+00:00,zc_cmp_full_zstd_single_bucket_20260828__5m_x7_01583,526284,31,369.671,Success,31,526284,364
1584,1584,2026-08-28T08:47:36+00:00,zc_cmp_full_zstd_single_bucket_20260828__5m_x7_01584,526002,31,336.21,Success,31,526002,331
1585,1585,2026-08-28T08:47:37+00:00,zc_cmp_full_zstd_single_bucket_20260828__5m_x7_01585,526438,31,378.63,Success,31,526438,374
1586,1586,2026-08-28T08:47:38+00:00,zc_cmp_full_zstd_single_bucket_20260828__5m_x7_01586,526420,31,451.665,Success,31,526420,443
1587,1587,2026-08-28T08:47:39+00:00,zc_cmp_full_zstd_single_bucket_20260828__5m_x7_01587,526140,31,451.561,Success,31,526140,447
1588,1588,2026-08-28T08:47:40+00:00,zc_cmp_full_zstd_single_bucket_20260828__5m_x7_01588,527392,31,342.631,Success,31,527392,337
1589,1589,2026-08-28T08:47:41+00:00,zc_cmp_full_zstd_single_bucket_20260828__5m_x7_01589,525846,31,336.058,Success,31,525846,331
1590,1590,2026-08-28T08:47:42+00:00,zc_cmp_full_zstd_single_bucket_20260828__5m_x7_01590,526065,31,358.54,Success,31,526065,353
1591,1591,2026-08-28T08:47:43+00:00,zc_cmp_full_zstd_single_bucket_20260828__5m_x7_01591,526349,31,389.255,Success,31,526349,384
1592,1592,2026-08-28T08:47:44+00:00,zc_cmp_full_zstd_single_bucket_20260828__5m_x7_01592,526929,31,306.156,Success,31,526929,300
1593,1593,2026-08-28T08:47:45+00:00,zc_cmp_full_zstd_single_bucket_20260828__5m_x7_01593,526595,31,387.257,Success,31,526595,382
1594,1594,2026-08-28T08:47:46+00:00,zc_cmp_full_zstd_single_bucket_20260828__5m_x7_01594,526104,31,357.788,Success,31,526104,357
1595,1595,2026-08-28T08:47:47+00:00,zc_cmp_full_zstd_single_bucket_20260828__5m_x7_01595,525684,31,448.804,Success,31,525684,448
1596,1596,2026-08-28T08:47:48+00:00,zc_cmp_full_zstd_single_bucket_20260828__5m_x7_01596,526737,31,465.62,Success,31,526737,464
1597,1597,2026-08-28T08:47:49+00:00,zc_cmp_full_zstd_single_bucket_20260828__5m_x7_01597,525915,31,399.164,Success,31,525915,396
1598,1598,2026-08-28T08:47:50+00:00,zc_cmp_full_zstd_single_bucket_20260828__5m_x7_01598,526284,31,355.756,Success,31,526284,353
1599,1599,2026-08-28T08:47:51+00:00,zc_cmp_full_zstd_single_bucket_20260828__5m_x7_01599,526735,31,440.069,Success,31,526735,437
1600,1600,2026-08-28T08:47:52+00:00,zc_cmp_full_zstd_single_bucket_20260828__5m_x7_01600,526840,31,389.857,Success,31,526840,387
1601,1601,2026-08-28T08:47:53+00:00,zc_cmp_full_zstd_single_bucket_20260828__5m_x7_01601,526193,31,412.173,Success,31,526193,409
1602,1602,2026-08-28T08:47:54+00:00,zc_cmp_full_zstd_single_bucket_20260828__5m_x7_01602,527106,31,351.027,Success,31,527106,346
1603,1603,2026-08-28T08:47:55+00:00,zc_cmp_full_zstd_single_bucket_20260828__5m_x7_01603,526712,31,498.9,Success,31,526712,495
1604,1604,2026-08-28T08:47:56+00:00,zc_cmp_full_zstd_single_bucket_20260828__5m_x7_01604,527524,31,411.79,Success,31,527524,408
1605,1605,2026-08-28T08:47:57+00:00,zc_cmp_full_zstd_single_bucket_20260828__5m_x7_01605,526184,31,480.241,Success,31,526184,475
1606,1606,2026-08-28T08:47:58+00:00,zc_cmp_full_zstd_single_bucket_20260828__5m_x7_01606,526640,31,419.763,Success,31,526640,415
1607,1607,2026-08-28T08:47:59+00:00,zc_cmp_full_zstd_single_bucket_20260828__5m_x7_01607,526476,31,385.951,Success,31,526476,381
1608,1608,2026-08-28T08:48:00+00:00,zc_cmp_full_zstd_single_bucket_20260828__5m_x7_01608,527004,31,421.699,Success,31,527004,416
1609,1609,2026-08-28T08:48:01+00:00,zc_cmp_full_zstd_single_bucket_20260828__5m_x7_01609,525475,31,518.339,Success,31,525475,513
1610,1610,2026-08-28T08:48:02+00:00,zc_cmp_full_zstd_single_bucket_20260828__5m_x7_01610,526695,31,376.382,Success,31,526695,371
1611,1611,2026-08-28T08:48:03+00:00,zc_cmp_full_zstd_single_bucket_20260828__5m_x7_01611,526847,31,409.762,Success,31,526847,405
1612,1612,2026-08-28T08:48:04+00:00,zc_cmp_full_zstd_single_bucket_20260828__5m_x7_01612,526343,31,362.726,Success,31,526343,357
1613,1613,2026-08-28T08:48:05+00:00,zc_cmp_full_zstd_single_bucket_20260828__5m_x7_01613,526571,31,470.104,Success,31,526571,464
1614,1614,2026-08-28T08:48:06+00:00,zc_cmp_full_zstd_single_bucket_20260828__5m_x7_01614,527939,31,416.615,Success,31,527939,411
1615,1615,2026-08-28T08:48:07+00:00,zc_cmp_full_zstd_single_bucket_20260828__5m_x7_01615,525641,31,520.97,Success,31,525641,515
1616,1616,2026-08-28T08:48:08+00:00,zc_cmp_full_zstd_single_bucket_20260828__5m_x7_01616,526000,31,455.215,Success,31,526000,448
1617,1617,2026-08-28T08:48:09+00:00,zc_cmp_full_zstd_single_bucket_20260828__5m_x7_01617,526533,31,568.297,Success,31,526533,562
1618,1618,2026-08-28T08:48:10+00:00,zc_cmp_full_zstd_single_bucket_20260828__5m_x7_01618,527340,31,468.11,Success,31,527340,463
1619,1619,2026-08-28T08:48:11+00:00,zc_cmp_full_zstd_single_bucket_20260828__5m_x7_01619,526067,31,313.439,Success,31,526067,307
1620,1620,2026-08-28T08:48:12+00:00,zc_cmp_full_zstd_single_bucket_20260828__5m_x7_01620,526834,31,322.149,Success,31,526834,316
1621,1621,2026-08-28T08:48:13+00:00,zc_cmp_full_zstd_single_bucket_20260828__5m_x7_01621,526495,31,476.876,Success,31,526495,471
1622,1622,2026-08-28T08:48:14+00:00,zc_cmp_full_zstd_single_bucket_20260828__5m_x7_01622,526430,31,528.659,Success,31,526430,521
1623,1623,2026-08-28T08:48:15+00:00,zc_cmp_full_zstd_single_bucket_20260828__5m_x7_01623,526681,31,540.855,Success,31,526681,535
1624,1624,2026-08-28T08:48:16+00:00,zc_cmp_full_zstd_single_bucket_20260828__5m_x7_01624,526353,31,431.131,Success,31,526353,431
1625,1625,2026-08-28T08:48:17+00:00,zc_cmp_full_zstd_single_bucket_20260828__5m_x7_01625,526041,31,514.788,Success,31,526041,514
1626,1626,2026-08-28T08:48:18+00:00,zc_cmp_full_zstd_single_bucket_20260828__5m_x7_01626,525787,31,409.292,Success,31,525787,407
1627,1627,2026-08-28T08:48:19+00:00,zc_cmp_full_zstd_single_bucket_20260828__5m_x7_01627,527158,31,524.036,Success,31,527158,523
1628,1628,2026-08-28T08:48:20+00:00,zc_cmp_full_zstd_single_bucket_20260828__5m_x7_01628,525842,31,385.244,Success,31,525842,382
1629,1629,2026-08-28T08:48:21+00:00,zc_cmp_full_zstd_single_bucket_20260828__5m_x7_01629,524839,31,363.586,Success,31,524839,360
1630,1630,2026-08-28T08:48:22+00:00,zc_cmp_full_zstd_single_bucket_20260828__5m_x7_01630,526097,31,412.512,Success,31,526097,410
1631,1631,2026-08-28T08:48:23+00:00,zc_cmp_full_zstd_single_bucket_20260828__5m_x7_01631,525954,31,381.989,Success,31,525954,378
1632,1632,2026-08-28T08:48:24+00:00,zc_cmp_full_zstd_single_bucket_20260828__5m_x7_01632,526097,31,376.553,Success,31,526097,373
1633,1633,2026-08-28T08:48:25+00:00,zc_cmp_full_zstd_single_bucket_20260828__5m_x7_01633,525875,31,364.51,Success,31,525875,361
1634,1634,2026-08-28T08:48:26+00:00,zc_cmp_full_zstd_single_bucket_20260828__5m_x7_01634,526181,31,404.626,Success,31,526181,400
1635,1635,2026-08-28T08:48:27+00:00,zc_cmp_full_zstd_single_bucket_20260828__5m_x7_01635,526892,31,318.308,Success,31,526892,313
1636,1636,2026-08-28T08:48:28+00:00,zc_cmp_full_zstd_single_bucket_20260828__5m_x7_01636,526341,31,321.247,Success,31,526341,316
1637,1637,2026-08-28T08:48:29+00:00,zc_cmp_full_zstd_single_bucket_20260828__5m_x7_01637,526684,31,331.679,Success,31,526684,327
1638,1638,2026-08-28T08:48:30+00:00,zc_cmp_full_zstd_single_bucket_20260828__5m_x7_01638,526849,31,335.681,Success,31,526849,331
1639,1639,2026-08-28T08:48:31+00:00,zc_cmp_full_zstd_single_bucket_20260828__5m_x7_01639,526521,31,394.583,Success,31,526521,390
1640,1640,2026-08-28T08:48:32+00:00,zc_cmp_full_zstd_single_bucket_20260828__5m_x7_01640,525985,31,327.792,Success,31,525985,323
1641,1641,2026-08-28T08:48:33+00:00,zc_cmp_full_zstd_single_bucket_20260828__5m_x7_01641,526092,31,314.251,Success,31,526092,310
1642,1642,2026-08-28T08:48:34+00:00,zc_cmp_full_zstd_single_bucket_20260828__5m_x7_01642,527369,31,370.537,Success,31,527369,365
1643,1643,2026-08-28T08:48:35+00:00,zc_cmp_full_zstd_single_bucket_20260828__5m_x7_01643,525716,31,547.158,Success,31,525716,541
1644,1644,2026-08-28T08:48:36+00:00,zc_cmp_full_zstd_single_bucket_20260828__5m_x7_01644,526364,31,431.655,Success,31,526364,431
1645,1645,2026-08-28T08:48:37+00:00,zc_cmp_full_zstd_single_bucket_20260828__5m_x7_01645,526873,31,393.298,Success,31,526873,392
1646,1646,2026-08-28T08:48:38+00:00,zc_cmp_full_zstd_single_bucket_20260828__5m_x7_01646,526717,31,376.963,Success,31,526717,375
1647,1647,2026-08-28T08:48:39+00:00,zc_cmp_full_zstd_single_bucket_20260828__5m_x7_01647,526061,31,434.383,Success,31,526061,432
1648,1648,2026-08-28T08:48:40+00:00,zc_cmp_full_zstd_single_bucket_20260828__5m_x7_01648,526435,31,356.201,Success,31,526435,353
1649,1649,2026-08-28T08:48:41+00:00,zc_cmp_full_zstd_single_bucket_20260828__5m_x7_01649,526302,31,340.424,Success,31,526302,337
1650,1650,2026-08-28T08:48:42+00:00,zc_cmp_full_zstd_single_bucket_20260828__5m_x7_01650,526322,31,361.342,Success,31,526322,358
1651,1651,2026-08-28T08:48:43+00:00,zc_cmp_full_zstd_single_bucket_20260828__5m_x7_01651,525968,31,378.993,Success,31,525968,375
1652,1652,2026-08-28T08:48:44+00:00,zc_cmp_full_zstd_single_bucket_20260828__5m_x7_01652,526853,31,356.864,Success,31,526853,353
1653,1653,2026-08-28T08:48:45+00:00,zc_cmp_full_zstd_single_bucket_20260828__5m_x7_01653,526428,31,352.666,Success,31,526428,347
1654,1654,2026-08-28T08:48:46+00:00,zc_cmp_full_zstd_single_bucket_20260828__5m_x7_01654,526347,31,375.256,Success,31,526347,371
1655,1655,2026-08-28T08:48:47+00:00,zc_cmp_full_zstd_single_bucket_20260828__5m_x7_01655,526067,31,304.479,Success,31,526067,300
1656,1656,2026-08-28T08:48:48+00:00,zc_cmp_full_zstd_single_bucket_20260828__5m_x7_01656,527214,31,421.154,Success,31,527214,417
1657,1657,2026-08-28T08:48:49+00:00,zc_cmp_full_zstd_single_bucket_20260828__5m_x7_01657,526268,31,502.901,Success,31,526268,498
1658,1658,2026-08-28T08:48:50+00:00,zc_cmp_full_zstd_single_bucket_20260828__5m_x7_01658,526787,31,413.9,Success,31,526787,409
1659,1659,2026-08-28T08:48:51+00:00,zc_cmp_full_zstd_single_bucket_20260828__5m_x7_01659,526675,31,372.193,Success,31,526675,367
1660,1660,2026-08-28T08:48:52+00:00,zc_cmp_full_zstd_single_bucket_20260828__5m_x7_01660,527098,31,410.456,Success,31,527098,405
1661,1661,2026-08-28T08:48:53+00:00,zc_cmp_full_zstd_single_bucket_20260828__5m_x7_01661,526028,31,404.516,Success,31,526028,399
1662,1662,2026-08-28T08:48:54+00:00,zc_cmp_full_zstd_single_bucket_20260828__5m_x7_01662,526552,31,402.275,Success,31,526552,397
1663,1663,2026-08-28T08:48:55+00:00,zc_cmp_full_zstd_single_bucket_20260828__5m_x7_01663,525602,31,390.164,Success,31,525602,385
1664,1664,2026-08-28T08:48:56+00:00,zc_cmp_full_zstd_single_bucket_20260828__5m_x7_01664,526896,31,413.128,Success,31,526896,414
1665,1665,2026-08-28T08:48:57+00:00,zc_cmp_full_zstd_single_bucket_20260828__5m_x7_01665,527008,31,411.296,Success,31,527008,411
1666,1666,2026-08-28T08:48:58+00:00,zc_cmp_full_zstd_single_bucket_20260828__5m_x7_01666,526274,31,399.729,Success,31,526274,397
1667,1667,2026-08-28T08:48:59+00:00,zc_cmp_full_zstd_single_bucket_20260828__5m_x7_01667,526866,31,459.736,Success,31,526866,459
1668,1668,2026-08-28T08:49:00+00:00,zc_cmp_full_zstd_single_bucket_20260828__5m_x7_01668,526171,31,420.281,Success,31,526171,419
1669,1669,2026-08-28T08:49:01+00:00,zc_cmp_full_zstd_single_bucket_20260828__5m_x7_01669,527927,31,437.571,Success,31,527927,434
1670,1670,2026-08-28T08:49:02+00:00,zc_cmp_full_zstd_single_bucket_20260828__5m_x7_01670,526422,31,479.672,Success,31,526422,477
1671,1671,2026-08-28T08:49:03+00:00,zc_cmp_full_zstd_single_bucket_20260828__5m_x7_01671,526813,31,385.28,Success,31,526813,382
1672,1672,2026-08-28T08:49:04+00:00,zc_cmp_full_zstd_single_bucket_20260828__5m_x7_01672,525861,31,328.872,Success,31,525861,324
1673,1673,2026-08-28T08:49:05+00:00,zc_cmp_full_zstd_single_bucket_20260828__5m_x7_01673,526381,31,335.918,Success,31,526381,332
1674,1674,2026-08-28T08:49:06+00:00,zc_cmp_full_zstd_single_bucket_20260828__5m_x7_01674,526189,31,459.792,Success,31,526189,456
1675,1675,2026-08-28T08:49:07+00:00,zc_cmp_full_zstd_single_bucket_20260828__5m_x7_01675,526103,31,459.972,Success,31,526103,455
1676,1676,2026-08-28T08:49:08+00:00,zc_cmp_full_zstd_single_bucket_20260828__5m_x7_01676,526741,31,376.673,Success,31,526741,370
1677,1677,2026-08-28T08:49:09+00:00,zc_cmp_full_zstd_single_bucket_20260828__5m_x7_01677,526043,31,406.923,Success,31,526043,402
1678,1678,2026-08-28T08:49:10+00:00,zc_cmp_full_zstd_single_bucket_20260828__5m_x7_01678,526220,31,423.808,Success,31,526220,419
1679,1679,2026-08-28T08:49:11+00:00,zc_cmp_full_zstd_single_bucket_20260828__5m_x7_01679,527016,31,398.054,Success,31,527016,393
1680,1680,2026-08-28T08:49:12+00:00,zc_cmp_full_zstd_single_bucket_20260828__5m_x7_01680,526232,31,487.418,Success,31,526232,482
1681,1681,2026-08-28T08:49:13+00:00,zc_cmp_full_zstd_single_bucket_20260828__5m_x7_01681,526162,31,427.856,Success,31,526162,423
1682,1682,2026-08-28T08:49:14+00:00,zc_cmp_full_zstd_single_bucket_20260828__5m_x7_01682,526789,31,468.854,Success,31,526789,458
1683,1683,2026-08-28T08:49:15+00:00,zc_cmp_full_zstd_single_bucket_20260828__5m_x7_01683,526647,31,319.768,Success,31,526647,314
1684,1684,2026-08-28T08:49:16+00:00,zc_cmp_full_zstd_single_bucket_20260828__5m_x7_01684,525528,31,306.818,Success,31,525528,306
1685,1685,2026-08-28T08:49:17+00:00,zc_cmp_full_zstd_single_bucket_20260828__5m_x7_01685,527335,31,452.382,Success,31,527335,454
1686,1686,2026-08-28T08:49:18+00:00,zc_cmp_full_zstd_single_bucket_20260828__5m_x7_01686,526865,31,396.658,Success,31,526865,392
1687,1687,2026-08-28T08:49:19+00:00,zc_cmp_full_zstd_single_bucket_20260828__5m_x7_01687,526221,31,489.869,Success,31,526221,489
1688,1688,2026-08-28T08:49:20+00:00,zc_cmp_full_zstd_single_bucket_20260828__5m_x7_01688,527035,31,352.554,Success,31,527035,351
1689,1689,2026-08-28T08:49:21+00:00,zc_cmp_full_zstd_single_bucket_20260828__5m_x7_01689,525719,31,374.237,Success,31,525719,372
1690,1690,2026-08-28T08:49:22+00:00,zc_cmp_full_zstd_single_bucket_20260828__5m_x7_01690,526072,31,430.409,Success,31,526072,428
1691,1691,2026-08-28T08:49:23+00:00,zc_cmp_full_zstd_single_bucket_20260828__5m_x7_01691,526218,31,486.561,Success,31,526218,483
1692,1692,2026-08-28T08:49:24+00:00,zc_cmp_full_zstd_single_bucket_20260828__5m_x7_01692,526405,31,347.186,Success,31,526405,343
1693,1693,2026-08-28T08:49:25+00:00,zc_cmp_full_zstd_single_bucket_20260828__5m_x7_01693,526700,31,319.854,Success,31,526700,314
1694,1694,2026-08-28T08:49:26+00:00,zc_cmp_full_zstd_single_bucket_20260828__5m_x7_01694,527202,31,378.274,Success,31,527202,379
1695,1695,2026-08-28T08:49:27+00:00,zc_cmp_full_zstd_single_bucket_20260828__5m_x7_01695,526679,31,357.09,Success,31,526679,357
1696,1696,2026-08-28T08:49:28+00:00,zc_cmp_full_zstd_single_bucket_20260828__5m_x7_01696,527090,31,412.115,Success,31,527090,412
1697,1697,2026-08-28T08:49:29+00:00,zc_cmp_full_zstd_single_bucket_20260828__5m_x7_01697,527285,31,304.409,Success,31,527285,302
1698,1698,2026-08-28T08:49:30+00:00,zc_cmp_full_zstd_single_bucket_20260828__5m_x7_01698,527092,31,360.713,Success,31,527092,358
1699,1699,2026-08-28T08:49:31+00:00,zc_cmp_full_zstd_single_bucket_20260828__5m_x7_01699,526967,31,395.4,Success,31,526967,393
1700,1700,2026-08-28T08:49:32+00:00,zc_cmp_full_zstd_single_bucket_20260828__5m_x7_01700,526512,31,381.698,Success,31,526512,379
1701,1701,2026-08-28T08:49:33+00:00,zc_cmp_full_zstd_single_bucket_20260828__5m_x7_01701,526184,31,327.403,Success,31,526184,324
1702,1702,2026-08-28T08:49:34+00:00,zc_cmp_full_zstd_single_bucket_20260828__5m_x7_01702,526304,31,338.541,Success,31,526304,335
1703,1703,2026-08-28T08:49:35+00:00,zc_cmp_full_zstd_single_bucket_20260828__5m_x7_01703,525947,31,372.212,Success,31,525947,369
1704,1704,2026-08-28T08:49:36+00:00,zc_cmp_full_zstd_single_bucket_20260828__5m_x7_01704,526501,31,430.687,Success,31,526501,427
1705,1705,2026-08-28T08:49:37+00:00,zc_cmp_full_zstd_single_bucket_20260828__5m_x7_01705,525562,31,375.485,Success,31,525562,371
1706,1706,2026-08-28T08:49:38+00:00,zc_cmp_full_zstd_single_bucket_20260828__5m_x7_01706,526450,31,332.15,Success,31,526450,327
1707,1707,2026-08-28T08:49:39+00:00,zc_cmp_full_zstd_single_bucket_20260828__5m_x7_01707,526529,31,360.632,Success,31,526529,354
1708,1708,2026-08-28T08:49:40+00:00,zc_cmp_full_zstd_single_bucket_20260828__5m_x7_01708,527044,31,430.215,Success,31,527044,425
1709,1709,2026-08-28T08:49:41+00:00,zc_cmp_full_zstd_single_bucket_20260828__5m_x7_01709,526634,31,390.749,Success,31,526634,386
1710,1710,2026-08-28T08:49:42+00:00,zc_cmp_full_zstd_single_bucket_20260828__5m_x7_01710,527023,31,395.582,Success,31,527023,390
1711,1711,2026-08-28T08:49:43+00:00,zc_cmp_full_zstd_single_bucket_20260828__5m_x7_01711,526336,31,454.852,Success,31,526336,450
1712,1712,2026-08-28T08:49:44+00:00,zc_cmp_full_zstd_single_bucket_20260828__5m_x7_01712,526949,31,327.6,Success,31,526949,322
1713,1713,2026-08-28T08:49:45+00:00,zc_cmp_full_zstd_single_bucket_20260828__5m_x7_01713,526249,31,447.453,Success,31,526249,442
1714,1714,2026-08-28T08:49:46+00:00,zc_cmp_full_zstd_single_bucket_20260828__5m_x7_01714,526707,31,441.053,Success,31,526707,443
1715,1715,2026-08-28T08:49:47+00:00,zc_cmp_full_zstd_single_bucket_20260828__5m_x7_01715,526090,31,383.961,Success,31,526090,384
1716,1716,2026-08-28T08:49:48+00:00,zc_cmp_full_zstd_single_bucket_20260828__5m_x7_01716,526423,31,318.758,Success,31,526423,318
1717,1717,2026-08-28T08:49:49+00:00,zc_cmp_full_zstd_single_bucket_20260828__5m_x7_01717,527298,31,355.383,Success,31,527298,354
1718,1718,2026-08-28T08:49:50+00:00,zc_cmp_full_zstd_single_bucket_20260828__5m_x7_01718,526548,31,380.242,Success,31,526548,379
1719,1719,2026-08-28T08:49:51+00:00,zc_cmp_full_zstd_single_bucket_20260828__5m_x7_01719,526005,31,375.294,Success,31,526005,372
1720,1720,2026-08-28T08:49:52+00:00,zc_cmp_full_zstd_single_bucket_20260828__5m_x7_01720,526589,31,419.488,Success,31,526589,417
1721,1721,2026-08-28T08:49:53+00:00,zc_cmp_full_zstd_single_bucket_20260828__5m_x7_01721,525978,31,414.119,Success,31,525978,411
1722,1722,2026-08-28T08:49:54+00:00,zc_cmp_full_zstd_single_bucket_20260828__5m_x7_01722,526703,31,351.078,Success,31,526703,347
1723,1723,2026-08-28T08:49:55+00:00,zc_cmp_full_zstd_single_bucket_20260828__5m_x7_01723,525852,31,411.058,Success,31,525852,403
1724,1724,2026-08-28T08:49:56+00:00,zc_cmp_full_zstd_single_bucket_20260828__5m_x7_01724,526744,31,456.609,Success,31,526744,458
1725,1725,2026-08-28T08:49:57+00:00,zc_cmp_full_zstd_single_bucket_20260828__5m_x7_01725,526882,31,428.474,Success,31,526882,428
1726,1726,2026-08-28T08:49:58+00:00,zc_cmp_full_zstd_single_bucket_20260828__5m_x7_01726,526617,31,413.343,Success,31,526617,411
1727,1727,2026-08-28T08:49:59+00:00,zc_cmp_full_zstd_single_bucket_20260828__5m_x7_01727,526602,31,462.046,Success,31,526602,462
1728,1728,2026-08-28T08:50:00+00:00,zc_cmp_full_zstd_single_bucket_20260828__5m_x7_01728,527045,31,433.087,Success,31,527045,431
1729,1729,2026-08-28T08:50:01+00:00,zc_cmp_full_zstd_single_bucket_20260828__5m_x7_01729,526934,31,306.236,Success,31,526934,302
1730,1730,2026-08-28T08:50:02+00:00,zc_cmp_full_zstd_single_bucket_20260828__5m_x7_01730,525900,31,374.017,Success,31,525900,370
1731,1731,2026-08-28T08:50:03+00:00,zc_cmp_full_zstd_single_bucket_20260828__5m_x7_01731,526589,31,366.432,Success,31,526589,363
1732,1732,2026-08-28T08:50:04+00:00,zc_cmp_full_zstd_single_bucket_20260828__5m_x7_01732,525635,31,463.012,Success,31,525635,460
1733,1733,2026-08-28T08:50:05+00:00,zc_cmp_full_zstd_single_bucket_20260828__5m_x7_01733,527375,31,382.296,Success,31,527375,379
1734,1734,2026-08-28T08:50:06+00:00,zc_cmp_full_zstd_single_bucket_20260828__5m_x7_01734,526281,31,317.648,Success,31,526281,313
1735,1735,2026-08-28T08:50:07+00:00,zc_cmp_full_zstd_single_bucket_20260828__5m_x7_01735,527439,31,382.428,Success,31,527439,378
1736,1736,2026-08-28T08:50:08+00:00,zc_cmp_full_zstd_single_bucket_20260828__5m_x7_01736,527130,31,464.497,Success,31,527130,460
1737,1737,2026-08-28T08:50:09+00:00,zc_cmp_full_zstd_single_bucket_20260828__5m_x7_01737,525234,31,372.893,Success,31,525234,368
1738,1738,2026-08-28T08:50:10+00:00,zc_cmp_full_zstd_single_bucket_20260828__5m_x7_01738,526261,31,353.172,Success,31,526261,349
1739,1739,2026-08-28T08:50:11+00:00,zc_cmp_full_zstd_single_bucket_20260828__5m_x7_01739,526642,31,380.254,Success,31,526642,376
1740,1740,2026-08-28T08:50:12+00:00,zc_cmp_full_zstd_single_bucket_20260828__5m_x7_01740,527859,31,316.257,Success,31,527859,312
1741,1741,2026-08-28T08:50:13+00:00,zc_cmp_full_zstd_single_bucket_20260828__5m_x7_01741,526299,31,513.53,Success,31,526299,507
1742,1742,2026-08-28T08:50:14+00:00,zc_cmp_full_zstd_single_bucket_20260828__5m_x7_01742,526702,31,466.293,Success,31,526702,461
1743,1743,2026-08-28T08:50:15+00:00,zc_cmp_full_zstd_single_bucket_20260828__5m_x7_01743,526551,31,372.356,Success,31,526551,367
1744,1744,2026-08-28T08:50:16+00:00,zc_cmp_full_zstd_single_bucket_20260828__5m_x7_01744,525926,31,368.64,Success,31,525926,369
1745,1745,2026-08-28T08:50:17+00:00,zc_cmp_full_zstd_single_bucket_20260828__5m_x7_01745,526766,31,351.464,Success,31,526766,351
1746,1746,2026-08-28T08:50:18+00:00,zc_cmp_full_zstd_single_bucket_20260828__5m_x7_01746,526912,31,403.972,Success,31,526912,404
1747,1747,2026-08-28T08:50:19+00:00,zc_cmp_full_zstd_single_bucket_20260828__5m_x7_01747,526803,31,414.922,Success,31,526803,413
1748,1748,2026-08-28T08:50:20+00:00,zc_cmp_full_zstd_single_bucket_20260828__5m_x7_01748,527179,31,322.897,Success,31,527179,320
1749,1749,2026-08-28T08:50:21+00:00,zc_cmp_full_zstd_single_bucket_20260828__5m_x7_01749,526506,31,350.215,Success,31,526506,347
1750,1750,2026-08-28T08:50:22+00:00,zc_cmp_full_zstd_single_bucket_20260828__5m_x7_01750,526485,31,350.932,Success,31,526485,348
1751,1751,2026-08-28T08:50:23+00:00,zc_cmp_full_zstd_single_bucket_20260828__5m_x7_01751,526844,31,451.671,Success,31,526844,449
1752,1752,2026-08-28T08:50:24+00:00,zc_cmp_full_zstd_single_bucket_20260828__5m_x7_01752,527208,31,463.134,Success,31,527208,459
1753,1753,2026-08-28T08:50:25+00:00,zc_cmp_full_zstd_single_bucket_20260828__5m_x7_01753,525474,31,419.943,Success,31,525474,416
1754,1754,2026-08-28T08:50:26+00:00,zc_cmp_full_zstd_single_bucket_20260828__5m_x7_01754,526751,31,404.451,Success,31,526751,400
1755,1755,2026-08-28T08:50:27+00:00,zc_cmp_full_zstd_single_bucket_20260828__5m_x7_01755,526741,31,410.126,Success,31,526741,406
1756,1756,2026-08-28T08:50:28+00:00,zc_cmp_full_zstd_single_bucket_20260828__5m_x7_01756,527359,31,466.723,Success,31,527359,461
1757,1757,2026-08-28T08:50:29+00:00,zc_cmp_full_zstd_single_bucket_20260828__5m_x7_01757,526116,31,459.205,Success,31,526116,454
1758,1758,2026-08-28T08:50:30+00:00,zc_cmp_full_zstd_single_bucket_20260828__5m_x7_01758,526946,31,418.511,Success,31,526946,414
1759,1759,2026-08-28T08:50:31+00:00,zc_cmp_full_zstd_single_bucket_20260828__5m_x7_01759,526279,31,376.761,Success,31,526279,372
1760,1760,2026-08-28T08:50:32+00:00,zc_cmp_full_zstd_single_bucket_20260828__5m_x7_01760,526490,31,428.319,Success,31,526490,424
1761,1761,2026-08-28T08:50:33+00:00,zc_cmp_full_zstd_single_bucket_20260828__5m_x7_01761,526845,31,489.643,Success,31,526845,481
1762,1762,2026-08-28T08:50:34+00:00,zc_cmp_full_zstd_single_bucket_20260828__5m_x7_01762,527041,31,455.086,Success,31,527041,442
1763,1763,2026-08-28T08:50:35+00:00,zc_cmp_full_zstd_single_bucket_20260828__5m_x7_01763,526139,31,376.03,Success,31,526139,369
1764,1764,2026-08-28T08:50:36+00:00,zc_cmp_full_zstd_single_bucket_20260828__5m_x7_01764,525804,31,447.673,Success,31,525804,449
1765,1765,2026-08-28T08:50:37+00:00,zc_cmp_full_zstd_single_bucket_20260828__5m_x7_01765,528406,31,410.305,Success,31,528406,410
1766,1766,2026-08-28T08:50:38+00:00,zc_cmp_full_zstd_single_bucket_20260828__5m_x7_01766,525795,31,344.386,Success,31,525795,341
1767,1767,2026-08-28T08:50:39+00:00,zc_cmp_full_zstd_single_bucket_20260828__5m_x7_01767,526729,31,380.858,Success,31,526729,379
1768,1768,2026-08-28T08:50:40+00:00,zc_cmp_full_zstd_single_bucket_20260828__5m_x7_01768,526327,31,347.49,Success,31,526327,345
1769,1769,2026-08-28T08:50:41+00:00,zc_cmp_full_zstd_single_bucket_20260828__5m_x7_01769,526634,31,400.841,Success,31,526634,399
1770,1770,2026-08-28T08:50:42+00:00,zc_cmp_full_zstd_single_bucket_20260828__5m_x7_01770,525864,31,383.777,Success,31,525864,381
1771,1771,2026-08-28T08:50:43+00:00,zc_cmp_full_zstd_single_bucket_20260828__5m_x7_01771,527010,31,399.928,Success,31,527010,394
1772,1772,2026-08-28T08:50:44+00:00,zc_cmp_full_zstd_single_bucket_20260828__5m_x7_01772,527076,31,402.94,Success,31,527076,399
1773,1773,2026-08-28T08:50:45+00:00,zc_cmp_full_zstd_single_bucket_20260828__5m_x7_01773,527066,31,378.504,Success,31,527066,375
1774,1774,2026-08-28T08:50:46+00:00,zc_cmp_full_zstd_single_bucket_20260828__5m_x7_01774,526364,31,363.04,Success,31,526364,346
1775,1775,2026-08-28T08:50:47+00:00,zc_cmp_full_zstd_single_bucket_20260828__5m_x7_01775,525637,31,421.242,Success,31,525637,417
1776,1776,2026-08-28T08:50:48+00:00,zc_cmp_full_zstd_single_bucket_20260828__5m_x7_01776,528245,31,328.042,Success,31,528245,324
1777,1777,2026-08-28T08:50:49+00:00,zc_cmp_full_zstd_single_bucket_20260828__5m_x7_01777,526546,31,328.533,Success,31,526546,324
1778,1778,2026-08-28T08:50:50+00:00,zc_cmp_full_zstd_single_bucket_20260828__5m_x7_01778,526460,31,384.384,Success,31,526460,380
1779,1779,2026-08-28T08:50:51+00:00,zc_cmp_full_zstd_single_bucket_20260828__5m_x7_01779,527499,31,410.761,Success,31,527499,406
1780,1780,2026-08-28T08:50:52+00:00,zc_cmp_full_zstd_single_bucket_20260828__5m_x7_01780,525686,31,401.686,Success,31,525686,397
1781,1781,2026-08-28T08:50:53+00:00,zc_cmp_full_zstd_single_bucket_20260828__5m_x7_01781,526621,31,347.405,Success,31,526621,342
1782,1782,2026-08-28T08:50:54+00:00,zc_cmp_full_zstd_single_bucket_20260828__5m_x7_01782,527152,31,343.838,Success,31,527152,339
1783,1783,2026-08-28T08:50:55+00:00,zc_cmp_full_zstd_single_bucket_20260828__5m_x7_01783,526746,31,327.818,Success,31,526746,322
1784,1784,2026-08-28T08:50:56+00:00,zc_cmp_full_zstd_single_bucket_20260828__5m_x7_01784,525307,31,371.739,Success,31,525307,374
1785,1785,2026-08-28T08:50:57+00:00,zc_cmp_full_zstd_single_bucket_20260828__5m_x7_01785,526694,31,472.87,Success,31,526694,475
1786,1786,2026-08-28T08:50:58+00:00,zc_cmp_full_zstd_single_bucket_20260828__5m_x7_01786,527180,31,446.585,Success,31,527180,448
1787,1787,2026-08-28T08:50:59+00:00,zc_cmp_full_zstd_single_bucket_20260828__5m_x7_01787,525186,31,400.696,Success,31,525186,401
1788,1788,2026-08-28T08:51:00+00:00,zc_cmp_full_zstd_single_bucket_20260828__5m_x7_01788,526420,31,501.647,Success,31,526420,502
1789,1789,2026-08-28T08:51:01+00:00,zc_cmp_full_zstd_single_bucket_20260828__5m_x7_01789,527130,31,419.957,Success,31,527130,415
1790,1790,2026-08-28T08:51:02+00:00,zc_cmp_full_zstd_single_bucket_20260828__5m_x7_01790,527051,31,485.817,Success,31,527051,484
1791,1791,2026-08-28T08:51:03+00:00,zc_cmp_full_zstd_single_bucket_20260828__5m_x7_01791,526906,31,384.39,Success,31,526906,381
1792,1792,2026-08-28T08:51:04+00:00,zc_cmp_full_zstd_single_bucket_20260828__5m_x7_01792,526283,31,328.71,Success,31,526283,325
1793,1793,2026-08-28T08:51:05+00:00,zc_cmp_full_zstd_single_bucket_20260828__5m_x7_01793,526633,31,388.535,Success,31,526633,383
1794,1794,2026-08-28T08:51:06+00:00,zc_cmp_full_zstd_single_bucket_20260828__5m_x7_01794,526361,31,442.305,Success,31,526361,443
1795,1795,2026-08-28T08:51:07+00:00,zc_cmp_full_zstd_single_bucket_20260828__5m_x7_01795,526764,31,469.312,Success,31,526764,471
1796,1796,2026-08-28T08:51:08+00:00,zc_cmp_full_zstd_single_bucket_20260828__5m_x7_01796,526195,31,399.242,Success,31,526195,398
1797,1797,2026-08-28T08:51:09+00:00,zc_cmp_full_zstd_single_bucket_20260828__5m_x7_01797,528217,31,404.591,Success,31,528217,404
1798,1798,2026-08-28T08:51:10+00:00,zc_cmp_full_zstd_single_bucket_20260828__5m_x7_01798,526537,31,462.107,Success,31,526537,457
1799,1799,2026-08-28T08:51:11+00:00,zc_cmp_full_zstd_single_bucket_20260828__5m_x7_01799,525416,31,331.974,Success,31,525416,329
1800,1800,2026-08-28T08:51:12+00:00,zc_cmp_full_zstd_single_bucket_20260828__5m_x7_01800,527422,31,405.378,Success,31,527422,403
1801,1801,2026-08-28T08:51:13+00:00,zc_cmp_full_zstd_single_bucket_20260828__5m_x7_01801,526094,31,435.532,Success,31,526094,433
1802,1802,2026-08-28T08:51:14+00:00,zc_cmp_full_zstd_single_bucket_20260828__5m_x7_01802,526643,31,470.466,Success,31,526643,467
1803,1803,2026-08-28T08:51:15+00:00,zc_cmp_full_zstd_single_bucket_20260828__5m_x7_01803,526239,31,360.075,Success,31,526239,354
1804,1804,2026-08-28T08:51:16+00:00,zc_cmp_full_zstd_single_bucket_20260828__5m_x7_01804,526638,31,398.667,Success,31,526638,398
1805,1805,2026-08-28T08:51:17+00:00,zc_cmp_full_zstd_single_bucket_20260828__5m_x7_01805,527390,31,369.062,Success,31,527390,368
1806,1806,2026-08-28T08:51:18+00:00,zc_cmp_full_zstd_single_bucket_20260828__5m_x7_01806,526997,31,407.82,Success,31,526997,405
1807,1807,2026-08-28T08:51:19+00:00,zc_cmp_full_zstd_single_bucket_20260828__5m_x7_01807,526617,31,483.007,Success,31,526617,480
1808,1808,2026-08-28T08:51:20+00:00,zc_cmp_full_zstd_single_bucket_20260828__5m_x7_01808,527228,31,343.431,Success,31,527228,340
1809,1809,2026-08-28T08:51:21+00:00,zc_cmp_full_zstd_single_bucket_20260828__5m_x7_01809,526164,31,361.306,Success,31,526164,358
1810,1810,2026-08-28T08:51:22+00:00,zc_cmp_full_zstd_single_bucket_20260828__5m_x7_01810,526312,31,432.799,Success,31,526312,429
1811,1811,2026-08-28T08:51:23+00:00,zc_cmp_full_zstd_single_bucket_20260828__5m_x7_01811,525571,31,416.141,Success,31,525571,412
1812,1812,2026-08-28T08:51:24+00:00,zc_cmp_full_zstd_single_bucket_20260828__5m_x7_01812,526920,31,390.993,Success,31,526920,387
1813,1813,2026-08-28T08:51:25+00:00,zc_cmp_full_zstd_single_bucket_20260828__5m_x7_01813,526707,31,393.176,Success,31,526707,389
1814,1814,2026-08-28T08:51:26+00:00,zc_cmp_full_zstd_single_bucket_20260828__5m_x7_01814,526975,31,349.628,Success,31,526975,345
1815,1815,2026-08-28T08:51:27+00:00,zc_cmp_full_zstd_single_bucket_20260828__5m_x7_01815,525810,31,412.826,Success,31,525810,408
1816,1816,2026-08-28T08:51:28+00:00,zc_cmp_full_zstd_single_bucket_20260828__5m_x7_01816,526228,31,425.628,Success,31,526228,421
1817,1817,2026-08-28T08:51:29+00:00,zc_cmp_full_zstd_single_bucket_20260828__5m_x7_01817,527357,31,366.339,Success,31,527357,361
1818,1818,2026-08-28T08:51:30+00:00,zc_cmp_full_zstd_single_bucket_20260828__5m_x7_01818,525729,31,420.557,Success,31,525729,416
1819,1819,2026-08-28T08:51:31+00:00,zc_cmp_full_zstd_single_bucket_20260828__5m_x7_01819,526452,31,463.37,Success,31,526452,458
1820,1820,2026-08-28T08:51:32+00:00,zc_cmp_full_zstd_single_bucket_20260828__5m_x7_01820,526997,31,403.673,Success,31,526997,398
1821,1821,2026-08-28T08:51:33+00:00,zc_cmp_full_zstd_single_bucket_20260828__5m_x7_01821,526891,31,397.014,Success,31,526891,392
1822,1822,2026-08-28T08:51:34+00:00,zc_cmp_full_zstd_single_bucket_20260828__5m_x7_01822,527323,31,377.347,Success,31,527323,372
1823,1823,2026-08-28T08:51:35+00:00,zc_cmp_full_zstd_single_bucket_20260828__5m_x7_01823,526698,31,434.834,Success,31,526698,430
1824,1824,2026-08-28T08:51:36+00:00,zc_cmp_full_zstd_single_bucket_20260828__5m_x7_01824,527209,31,406.12,Success,31,527209,400
1825,1825,2026-08-28T08:51:37+00:00,zc_cmp_full_zstd_single_bucket_20260828__5m_x7_01825,526608,31,464.008,Success,31,526608,458
1826,1826,2026-08-28T08:51:38+00:00,zc_cmp_full_zstd_single_bucket_20260828__5m_x7_01826,526522,31,381.246,Success,31,526522,375
1827,1827,2026-08-28T08:51:39+00:00,zc_cmp_full_zstd_single_bucket_20260828__5m_x7_01827,527856,31,390.051,Success,31,527856,385
1828,1828,2026-08-28T08:51:40+00:00,zc_cmp_full_zstd_single_bucket_20260828__5m_x7_01828,526704,31,510.99,Success,31,526704,506
1829,1829,2026-08-28T08:51:41+00:00,zc_cmp_full_zstd_single_bucket_20260828__5m_x7_01829,526639,31,387.752,Success,31,526639,383
1830,1830,2026-08-28T08:51:42+00:00,zc_cmp_full_zstd_single_bucket_20260828__5m_x7_01830,526384,31,420.729,Success,31,526384,416
1831,1831,2026-08-28T08:51:43+00:00,zc_cmp_full_zstd_single_bucket_20260828__5m_x7_01831,526556,31,470.627,Success,31,526556,465
1832,1832,2026-08-28T08:51:44+00:00,zc_cmp_full_zstd_single_bucket_20260828__5m_x7_01832,527463,31,424.42,Success,31,527463,419
1833,1833,2026-08-28T08:51:45+00:00,zc_cmp_full_zstd_single_bucket_20260828__5m_x7_01833,525914,31,373.407,Success,31,525914,368
1834,1834,2026-08-28T08:51:46+00:00,zc_cmp_full_zstd_single_bucket_20260828__5m_x7_01834,526906,31,410.761,Success,31,526906,412
1835,1835,2026-08-28T08:51:47+00:00,zc_cmp_full_zstd_single_bucket_20260828__5m_x7_01835,526375,31,408.455,Success,31,526375,408
1836,1836,2026-08-28T08:51:48+00:00,zc_cmp_full_zstd_single_bucket_20260828__5m_x7_01836,526113,31,490.437,Success,31,526113,491
1837,1837,2026-08-28T08:51:49+00:00,zc_cmp_full_zstd_single_bucket_20260828__5m_x7_01837,527588,31,463.466,Success,31,527588,463
1838,1838,2026-08-28T08:51:50+00:00,zc_cmp_full_zstd_single_bucket_20260828__5m_x7_01838,526136,31,397.316,Success,31,526136,395
1839,1839,2026-08-28T08:51:51+00:00,zc_cmp_full_zstd_single_bucket_20260828__5m_x7_01839,526344,31,409.401,Success,31,526344,407
1840,1840,2026-08-28T08:51:52+00:00,zc_cmp_full_zstd_single_bucket_20260828__5m_x7_01840,526254,31,450.898,Success,31,526254,448
1841,1841,2026-08-28T08:51:53+00:00,zc_cmp_full_zstd_single_bucket_20260828__5m_x7_01841,526273,31,437.657,Success,31,526273,435
1842,1842,2026-08-28T08:51:54+00:00,zc_cmp_full_zstd_single_bucket_20260828__5m_x7_01842,525769,31,546.712,Success,31,525769,543
1843,1843,2026-08-28T08:51:55+00:00,zc_cmp_full_zstd_single_bucket_20260828__5m_x7_01843,526860,31,477.62,Success,31,526860,474
1844,1844,2026-08-28T08:51:56+00:00,zc_cmp_full_zstd_single_bucket_20260828__5m_x7_01844,526816,31,483.372,Success,31,526816,479
1845,1845,2026-08-28T08:51:57+00:00,zc_cmp_full_zstd_single_bucket_20260828__5m_x7_01845,527131,31,479.975,Success,31,527131,476
1846,1846,2026-08-28T08:51:58+00:00,zc_cmp_full_zstd_single_bucket_20260828__5m_x7_01846,526546,31,418.169,Success,31,526546,413
1847,1847,2026-08-28T08:51:59+00:00,zc_cmp_full_zstd_single_bucket_20260828__5m_x7_01847,526415,31,439.303,Success,31,526415,435
1848,1848,2026-08-28T08:52:00+00:00,zc_cmp_full_zstd_single_bucket_20260828__5m_x7_01848,526150,31,394.826,Success,31,526150,390
1849,1849,2026-08-28T08:52:01+00:00,zc_cmp_full_zstd_single_bucket_20260828__5m_x7_01849,526436,31,374.325,Success,31,526436,369
1850,1850,2026-08-28T08:52:02+00:00,zc_cmp_full_zstd_single_bucket_20260828__5m_x7_01850,526985,31,369.162,Success,31,526985,364
1851,1851,2026-08-28T08:52:03+00:00,zc_cmp_full_zstd_single_bucket_20260828__5m_x7_01851,524993,31,380.141,Success,31,524993,375
1852,1852,2026-08-28T08:52:04+00:00,zc_cmp_full_zstd_single_bucket_20260828__5m_x7_01852,526901,31,315.54,Success,31,526901,310
1853,1853,2026-08-28T08:52:05+00:00,zc_cmp_full_zstd_single_bucket_20260828__5m_x7_01853,526592,31,292.757,Success,31,526592,287
1854,1854,2026-08-28T08:52:06+00:00,zc_cmp_full_zstd_single_bucket_20260828__5m_x7_01854,527083,31,410.915,Success,31,527083,412
1855,1855,2026-08-28T08:52:07+00:00,zc_cmp_full_zstd_single_bucket_20260828__5m_x7_01855,526624,31,419.714,Success,31,526624,420
1856,1856,2026-08-28T08:52:08+00:00,zc_cmp_full_zstd_single_bucket_20260828__5m_x7_01856,525019,31,337.448,Success,31,525019,336
1857,1857,2026-08-28T08:52:09+00:00,zc_cmp_full_zstd_single_bucket_20260828__5m_x7_01857,526364,31,370.16,Success,31,526364,368
1858,1858,2026-08-28T08:52:10+00:00,zc_cmp_full_zstd_single_bucket_20260828__5m_x7_01858,526604,31,298.936,Success,31,526604,297
1859,1859,2026-08-28T08:52:11+00:00,zc_cmp_full_zstd_single_bucket_20260828__5m_x7_01859,527432,31,400.062,Success,31,527432,398
1860,1860,2026-08-28T08:52:12+00:00,zc_cmp_full_zstd_single_bucket_20260828__5m_x7_01860,525981,31,422.059,Success,31,525981,419
1861,1861,2026-08-28T08:52:13+00:00,zc_cmp_full_zstd_single_bucket_20260828__5m_x7_01861,526469,31,347.326,Success,31,526469,344
1862,1862,2026-08-28T08:52:14+00:00,zc_cmp_full_zstd_single_bucket_20260828__5m_x7_01862,525947,31,393.088,Success,31,525947,390
1863,1863,2026-08-28T08:52:15+00:00,zc_cmp_full_zstd_single_bucket_20260828__5m_x7_01863,526283,31,423.824,Success,31,526283,418
1864,1864,2026-08-28T08:52:16+00:00,zc_cmp_full_zstd_single_bucket_20260828__5m_x7_01864,525793,31,427.931,Success,31,525793,429
1865,1865,2026-08-28T08:52:17+00:00,zc_cmp_full_zstd_single_bucket_20260828__5m_x7_01865,527521,31,479.551,Success,31,527521,481
1866,1866,2026-08-28T08:52:18+00:00,zc_cmp_full_zstd_single_bucket_20260828__5m_x7_01866,527188,31,434.53,Success,31,527188,434
1867,1867,2026-08-28T08:52:19+00:00,zc_cmp_full_zstd_single_bucket_20260828__5m_x7_01867,527320,31,383.51,Success,31,527320,383
1868,1868,2026-08-28T08:52:20+00:00,zc_cmp_full_zstd_single_bucket_20260828__5m_x7_01868,526221,31,478.326,Success,31,526221,477
1869,1869,2026-08-28T08:52:21+00:00,zc_cmp_full_zstd_single_bucket_20260828__5m_x7_01869,526871,31,407.716,Success,31,526871,406
1870,1870,2026-08-28T08:52:22+00:00,zc_cmp_full_zstd_single_bucket_20260828__5m_x7_01870,527247,31,329.409,Success,31,527247,326
1871,1871,2026-08-28T08:52:23+00:00,zc_cmp_full_zstd_single_bucket_20260828__5m_x7_01871,525452,31,369.358,Success,31,525452,366
1872,1872,2026-08-28T08:52:24+00:00,zc_cmp_full_zstd_single_bucket_20260828__5m_x7_01872,525829,31,331.437,Success,31,525829,328
1873,1873,2026-08-28T08:52:25+00:00,zc_cmp_full_zstd_single_bucket_20260828__5m_x7_01873,526396,31,416.862,Success,31,526396,414
1874,1874,2026-08-28T08:52:26+00:00,zc_cmp_full_zstd_single_bucket_20260828__5m_x7_01874,526080,31,428.639,Success,31,526080,424
1875,1875,2026-08-28T08:52:27+00:00,zc_cmp_full_zstd_single_bucket_20260828__5m_x7_01875,525510,31,350.002,Success,31,525510,346
1876,1876,2026-08-28T08:52:28+00:00,zc_cmp_full_zstd_single_bucket_20260828__5m_x7_01876,527460,31,321.272,Success,31,527460,317
1877,1877,2026-08-28T08:52:29+00:00,zc_cmp_full_zstd_single_bucket_20260828__5m_x7_01877,527046,31,388.249,Success,31,527046,384
1878,1878,2026-08-28T08:52:30+00:00,zc_cmp_full_zstd_single_bucket_20260828__5m_x7_01878,525843,31,289.801,Success,31,525843,285
1879,1879,2026-08-28T08:52:31+00:00,zc_cmp_full_zstd_single_bucket_20260828__5m_x7_01879,526804,31,340.275,Success,31,526804,335
1880,1880,2026-08-28T08:52:32+00:00,zc_cmp_full_zstd_single_bucket_20260828__5m_x7_01880,526735,31,357.427,Success,31,526735,353
1881,1881,2026-08-28T08:52:33+00:00,zc_cmp_full_zstd_single_bucket_20260828__5m_x7_01881,526403,31,367.743,Success,31,526403,363
1882,1882,2026-08-28T08:52:34+00:00,zc_cmp_full_zstd_single_bucket_20260828__5m_x7_01882,526813,31,384.696,Success,31,526813,379
1883,1883,2026-08-28T08:52:35+00:00,zc_cmp_full_zstd_single_bucket_20260828__5m_x7_01883,525667,31,395.998,Success,31,525667,391
1884,1884,2026-08-28T08:52:36+00:00,zc_cmp_full_zstd_single_bucket_20260828__5m_x7_01884,527279,31,347.803,Success,31,527279,349
1885,1885,2026-08-28T08:52:37+00:00,zc_cmp_full_zstd_single_bucket_20260828__5m_x7_01885,525949,31,378.118,Success,31,525949,378
1886,1886,2026-08-28T08:52:38+00:00,zc_cmp_full_zstd_single_bucket_20260828__5m_x7_01886,526325,31,378.093,Success,31,526325,377
1887,1887,2026-08-28T08:52:39+00:00,zc_cmp_full_zstd_single_bucket_20260828__5m_x7_01887,525565,31,424.446,Success,31,525565,423
1888,1888,2026-08-28T08:52:40+00:00,zc_cmp_full_zstd_single_bucket_20260828__5m_x7_01888,525766,31,357.996,Success,31,525766,355
1889,1889,2026-08-28T08:52:41+00:00,zc_cmp_full_zstd_single_bucket_20260828__5m_x7_01889,526797,31,390.574,Success,31,526797,389
1890,1890,2026-08-28T08:52:42+00:00,zc_cmp_full_zstd_single_bucket_20260828__5m_x7_01890,526501,31,440.018,Success,31,526501,437
1891,1891,2026-08-28T08:52:43+00:00,zc_cmp_full_zstd_single_bucket_20260828__5m_x7_01891,526387,31,365.644,Success,31,526387,362
1892,1892,2026-08-28T08:52:44+00:00,zc_cmp_full_zstd_single_bucket_20260828__5m_x7_01892,526417,31,492.676,Success,31,526417,490
1893,1893,2026-08-28T08:52:45+00:00,zc_cmp_full_zstd_single_bucket_20260828__5m_x7_01893,527246,31,501.447,Success,31,527246,494
1894,1894,2026-08-28T08:52:46+00:00,zc_cmp_full_zstd_single_bucket_20260828__5m_x7_01894,526546,31,443.085,Success,31,526546,442
1895,1895,2026-08-28T08:52:47+00:00,zc_cmp_full_zstd_single_bucket_20260828__5m_x7_01895,527635,31,399.998,Success,31,527635,397
1896,1896,2026-08-28T08:52:48+00:00,zc_cmp_full_zstd_single_bucket_20260828__5m_x7_01896,526440,31,472.995,Success,31,526440,470
1897,1897,2026-08-28T08:52:49+00:00,zc_cmp_full_zstd_single_bucket_20260828__5m_x7_01897,526570,31,492.718,Success,31,526570,490
1898,1898,2026-08-28T08:52:51+00:00,zc_cmp_full_zstd_single_bucket_20260828__5m_x7_01898,525700,31,606.256,Success,31,525700,604
1899,1899,2026-08-28T08:52:51+00:00,zc_cmp_full_zstd_single_bucket_20260828__5m_x7_01899,526559,31,394.564,Success,31,526559,390
1900,1900,2026-08-28T08:52:53+00:00,zc_cmp_full_zstd_single_bucket_20260828__5m_x7_01900,525666,31,601.75,Success,31,525666,598
1901,1901,2026-08-28T08:52:53+00:00,zc_cmp_full_zstd_single_bucket_20260828__5m_x7_01901,527018,31,464.224,Success,31,527018,459
1902,1902,2026-08-28T08:52:54+00:00,zc_cmp_full_zstd_single_bucket_20260828__5m_x7_01902,526451,31,386.953,Success,31,526451,383
1903,1903,2026-08-28T08:52:55+00:00,zc_cmp_full_zstd_single_bucket_20260828__5m_x7_01903,526826,31,390.029,Success,31,526826,385
1904,1904,2026-08-28T08:52:56+00:00,zc_cmp_full_zstd_single_bucket_20260828__5m_x7_01904,526796,31,438.435,Success,31,526796,433
1905,1905,2026-08-28T08:52:57+00:00,zc_cmp_full_zstd_single_bucket_20260828__5m_x7_01905,526802,31,378.306,Success,31,526802,373
1906,1906,2026-08-28T08:52:58+00:00,zc_cmp_full_zstd_single_bucket_20260828__5m_x7_01906,526838,31,484.422,Success,31,526838,478
1907,1907,2026-08-28T08:52:59+00:00,zc_cmp_full_zstd_single_bucket_20260828__5m_x7_01907,527376,31,451.702,Success,31,527376,447
1908,1908,2026-08-28T08:53:00+00:00,zc_cmp_full_zstd_single_bucket_20260828__5m_x7_01908,526884,31,531.267,Success,31,526884,520
1909,1909,2026-08-28T08:53:01+00:00,zc_cmp_full_zstd_single_bucket_20260828__5m_x7_01909,526380,31,477.48,Success,31,526380,472
1910,1910,2026-08-28T08:53:03+00:00,zc_cmp_full_zstd_single_bucket_20260828__5m_x7_01910,525682,31,726.416,Success,31,525682,666
1911,1911,2026-08-28T08:53:03+00:00,zc_cmp_full_zstd_single_bucket_20260828__5m_x7_01911,526690,31,449.207,Success,31,526690,444
1912,1912,2026-08-28T08:53:04+00:00,zc_cmp_full_zstd_single_bucket_20260828__5m_x7_01912,526110,31,498.239,Success,31,526110,491
1913,1913,2026-08-28T08:53:05+00:00,zc_cmp_full_zstd_single_bucket_20260828__5m_x7_01913,526130,31,424.6,Success,31,526130,419
1914,1914,2026-08-28T08:53:06+00:00,zc_cmp_full_zstd_single_bucket_20260828__5m_x7_01914,526150,31,375.427,Success,31,526150,369
1915,1915,2026-08-28T08:53:07+00:00,zc_cmp_full_zstd_single_bucket_20260828__5m_x7_01915,526393,31,472.534,Success,31,526393,466
1916,1916,2026-08-28T08:53:08+00:00,zc_cmp_full_zstd_single_bucket_20260828__5m_x7_01916,527913,31,337.087,Success,31,527913,332
1917,1917,2026-08-28T08:53:09+00:00,zc_cmp_full_zstd_single_bucket_20260828__5m_x7_01917,526304,31,421.111,Success,31,526304,415
1918,1918,2026-08-28T08:53:10+00:00,zc_cmp_full_zstd_single_bucket_20260828__5m_x7_01918,526427,31,375.743,Success,31,526427,369
1919,1919,2026-08-28T08:53:11+00:00,zc_cmp_full_zstd_single_bucket_20260828__5m_x7_01919,526519,31,365.202,Success,31,526519,360
1920,1920,2026-08-28T08:53:12+00:00,zc_cmp_full_zstd_single_bucket_20260828__5m_x7_01920,525738,31,355.365,Success,31,525738,350
1921,1921,2026-08-28T08:53:13+00:00,zc_cmp_full_zstd_single_bucket_20260828__5m_x7_01921,525518,31,478.308,Success,31,525518,473
1922,1922,2026-08-28T08:53:14+00:00,zc_cmp_full_zstd_single_bucket_20260828__5m_x7_01922,526092,31,397.969,Success,31,526092,392
1923,1923,2026-08-28T08:53:15+00:00,zc_cmp_full_zstd_single_bucket_20260828__5m_x7_01923,526896,31,380.495,Success,31,526896,371
1924,1924,2026-08-28T08:53:16+00:00,zc_cmp_full_zstd_single_bucket_20260828__5m_x7_01924,527481,31,408.156,Success,31,527481,405
1925,1925,2026-08-28T08:53:17+00:00,zc_cmp_full_zstd_single_bucket_20260828__5m_x7_01925,526804,31,408.742,Success,31,526804,404
1926,1926,2026-08-28T08:53:18+00:00,zc_cmp_full_zstd_single_bucket_20260828__5m_x7_01926,526095,31,507.009,Success,31,526095,507
1927,1927,2026-08-28T08:53:19+00:00,zc_cmp_full_zstd_single_bucket_20260828__5m_x7_01927,526345,31,516.683,Success,31,526345,516
1928,1928,2026-08-28T08:53:20+00:00,zc_cmp_full_zstd_single_bucket_20260828__5m_x7_01928,526238,31,320.521,Success,31,526238,317
1929,1929,2026-08-28T08:53:21+00:00,zc_cmp_full_zstd_single_bucket_20260828__5m_x7_01929,526087,31,346.056,Success,31,526087,343
1930,1930,2026-08-28T08:53:22+00:00,zc_cmp_full_zstd_single_bucket_20260828__5m_x7_01930,526887,31,461.372,Success,31,526887,458
1931,1931,2026-08-28T08:53:23+00:00,zc_cmp_full_zstd_single_bucket_20260828__5m_x7_01931,525683,31,426.872,Success,31,525683,424
1932,1932,2026-08-28T08:53:24+00:00,zc_cmp_full_zstd_single_bucket_20260828__5m_x7_01932,526805,31,396.432,Success,31,526805,392
1933,1933,2026-08-28T08:53:25+00:00,zc_cmp_full_zstd_single_bucket_20260828__5m_x7_01933,525868,31,342.448,Success,31,525868,336
1934,1934,2026-08-28T08:53:26+00:00,zc_cmp_full_zstd_single_bucket_20260828__5m_x7_01934,525859,31,437.615,Success,31,525859,438
1935,1935,2026-08-28T08:53:27+00:00,zc_cmp_full_zstd_single_bucket_20260828__5m_x7_01935,526024,31,398.132,Success,31,526024,398
1936,1936,2026-08-28T08:53:28+00:00,zc_cmp_full_zstd_single_bucket_20260828__5m_x7_01936,526342,31,358.058,Success,31,526342,356
1937,1937,2026-08-28T08:53:29+00:00,zc_cmp_full_zstd_single_bucket_20260828__5m_x7_01937,525217,31,404.728,Success,31,525217,403
1938,1938,2026-08-28T08:53:30+00:00,zc_cmp_full_zstd_single_bucket_20260828__5m_x7_01938,526558,31,412.814,Success,31,526558,411
1939,1939,2026-08-28T08:53:31+00:00,zc_cmp_full_zstd_single_bucket_20260828__5m_x7_01939,525503,31,493.225,Success,31,525503,491
1940,1940,2026-08-28T08:53:32+00:00,zc_cmp_full_zstd_single_bucket_20260828__5m_x7_01940,524626,31,399.604,Success,31,524626,396
1941,1941,2026-08-28T08:53:33+00:00,zc_cmp_full_zstd_single_bucket_20260828__5m_x7_01941,526675,31,423.219,Success,31,526675,420
1942,1942,2026-08-28T08:53:34+00:00,zc_cmp_full_zstd_single_bucket_20260828__5m_x7_01942,525933,31,344.197,Success,31,525933,340
1943,1943,2026-08-28T08:53:35+00:00,zc_cmp_full_zstd_single_bucket_20260828__5m_x7_01943,525691,31,412.775,Success,31,525691,409
1944,1944,2026-08-28T08:53:36+00:00,zc_cmp_full_zstd_single_bucket_20260828__5m_x7_01944,525826,31,387.455,Success,31,525826,383
1945,1945,2026-08-28T08:53:37+00:00,zc_cmp_full_zstd_single_bucket_20260828__5m_x7_01945,526171,31,349.202,Success,31,526171,344
1946,1946,2026-08-28T08:53:38+00:00,zc_cmp_full_zstd_single_bucket_20260828__5m_x7_01946,525075,31,331.622,Success,31,525075,322
1947,1947,2026-08-28T08:53:39+00:00,zc_cmp_full_zstd_single_bucket_20260828__5m_x7_01947,525994,31,395.092,Success,31,525994,390
1948,1948,2026-08-28T08:53:40+00:00,zc_cmp_full_zstd_single_bucket_20260828__5m_x7_01948,526400,31,455.834,Success,31,526400,451
1949,1949,2026-08-28T08:53:41+00:00,zc_cmp_full_zstd_single_bucket_20260828__5m_x7_01949,527171,31,389.312,Success,31,527171,384
1950,1950,2026-08-28T08:53:42+00:00,zc_cmp_full_zstd_single_bucket_20260828__5m_x7_01950,525607,31,368.24,Success,31,525607,363
1951,1951,2026-08-28T08:53:43+00:00,zc_cmp_full_zstd_single_bucket_20260828__5m_x7_01951,525817,31,378.951,Success,31,525817,373
1952,1952,2026-08-28T08:53:44+00:00,zc_cmp_full_zstd_single_bucket_20260828__5m_x7_01952,525772,31,338.744,Success,31,525772,333
1953,1953,2026-08-28T08:53:45+00:00,zc_cmp_full_zstd_single_bucket_20260828__5m_x7_01953,527632,31,530.941,Success,31,527632,521
1954,1954,2026-08-28T08:53:46+00:00,zc_cmp_full_zstd_single_bucket_20260828__5m_x7_01954,526338,31,419.977,Success,31,526338,420
1955,1955,2026-08-28T08:53:47+00:00,zc_cmp_full_zstd_single_bucket_20260828__5m_x7_01955,526624,31,398.86,Success,31,526624,398
1956,1956,2026-08-28T08:53:48+00:00,zc_cmp_full_zstd_single_bucket_20260828__5m_x7_01956,526674,31,466.641,Success,31,526674,464
1957,1957,2026-08-28T08:53:49+00:00,zc_cmp_full_zstd_single_bucket_20260828__5m_x7_01957,526153,31,424.787,Success,31,526153,423
1958,1958,2026-08-28T08:53:50+00:00,zc_cmp_full_zstd_single_bucket_20260828__5m_x7_01958,526429,31,347.693,Success,31,526429,344
1959,1959,2026-08-28T08:53:51+00:00,zc_cmp_full_zstd_single_bucket_20260828__5m_x7_01959,526167,31,353.851,Success,31,526167,351
1960,1960,2026-08-28T08:53:53+00:00,zc_cmp_full_zstd_single_bucket_20260828__5m_x7_01960,526027,31,748.971,Success,31,526027,738
1961,1961,2026-08-28T08:53:53+00:00,zc_cmp_full_zstd_single_bucket_20260828__5m_x7_01961,526101,31,528.031,Success,31,526101,523
1962,1962,2026-08-28T08:53:54+00:00,zc_cmp_full_zstd_single_bucket_20260828__5m_x7_01962,526526,31,524.128,Success,31,526526,520
1963,1963,2026-08-28T08:53:55+00:00,zc_cmp_full_zstd_single_bucket_20260828__5m_x7_01963,525979,31,437.702,Success,31,525979,433
1964,1964,2026-08-28T08:53:56+00:00,zc_cmp_full_zstd_single_bucket_20260828__5m_x7_01964,525982,31,454.764,Success,31,525982,450
1965,1965,2026-08-28T08:53:57+00:00,zc_cmp_full_zstd_single_bucket_20260828__5m_x7_01965,526234,31,434.559,Success,31,526234,429
1966,1966,2026-08-28T08:53:58+00:00,zc_cmp_full_zstd_single_bucket_20260828__5m_x7_01966,526002,31,429.149,Success,31,526002,423
1967,1967,2026-08-28T08:53:59+00:00,zc_cmp_full_zstd_single_bucket_20260828__5m_x7_01967,526535,31,470.767,Success,31,526535,465
1968,1968,2026-08-28T08:54:00+00:00,zc_cmp_full_zstd_single_bucket_20260828__5m_x7_01968,525883,31,367.402,Success,31,525883,361
1969,1969,2026-08-28T08:54:01+00:00,zc_cmp_full_zstd_single_bucket_20260828__5m_x7_01969,527520,31,397.243,Success,31,527520,392
1970,1970,2026-08-28T08:54:02+00:00,zc_cmp_full_zstd_single_bucket_20260828__5m_x7_01970,526109,31,476.317,Success,31,526109,470
1971,1971,2026-08-28T08:54:03+00:00,zc_cmp_full_zstd_single_bucket_20260828__5m_x7_01971,526223,31,501.697,Success,31,526223,496
1972,1972,2026-08-28T08:54:04+00:00,zc_cmp_full_zstd_single_bucket_20260828__5m_x7_01972,526583,31,470.126,Success,31,526583,464
1973,1973,2026-08-28T08:54:05+00:00,zc_cmp_full_zstd_single_bucket_20260828__5m_x7_01973,526719,31,387.742,Success,31,526719,382
1974,1974,2026-08-28T08:54:06+00:00,zc_cmp_full_zstd_single_bucket_20260828__5m_x7_01974,526988,31,439.514,Success,31,526988,441
1975,1975,2026-08-28T08:54:07+00:00,zc_cmp_full_zstd_single_bucket_20260828__5m_x7_01975,526667,31,513.803,Success,31,526667,515
1976,1976,2026-08-28T08:54:08+00:00,zc_cmp_full_zstd_single_bucket_20260828__5m_x7_01976,527142,31,534.672,Success,31,527142,533
1977,1977,2026-08-28T08:54:09+00:00,zc_cmp_full_zstd_single_bucket_20260828__5m_x7_01977,526187,31,416.551,Success,31,526187,411
1978,1978,2026-08-28T08:54:10+00:00,zc_cmp_full_zstd_single_bucket_20260828__5m_x7_01978,526652,31,389.77,Success,31,526652,387
1979,1979,2026-08-28T08:54:11+00:00,zc_cmp_full_zstd_single_bucket_20260828__5m_x7_01979,528073,31,458.577,Success,31,528073,456
1980,1980,2026-08-28T08:54:12+00:00,zc_cmp_full_zstd_single_bucket_20260828__5m_x7_01980,526859,31,525.986,Success,31,526859,524
1981,1981,2026-08-28T08:54:13+00:00,zc_cmp_full_zstd_single_bucket_20260828__5m_x7_01981,525418,31,481.974,Success,31,525418,479
1982,1982,2026-08-28T08:54:14+00:00,zc_cmp_full_zstd_single_bucket_20260828__5m_x7_01982,527611,31,359.965,Success,31,527611,356
1983,1983,2026-08-28T08:54:15+00:00,zc_cmp_full_zstd_single_bucket_20260828__5m_x7_01983,525918,31,435.409,Success,31,525918,429
1984,1984,2026-08-28T08:54:16+00:00,zc_cmp_full_zstd_single_bucket_20260828__5m_x7_01984,527678,31,494.313,Success,31,527678,496
1985,1985,2026-08-28T08:54:17+00:00,zc_cmp_full_zstd_single_bucket_20260828__5m_x7_01985,525949,31,444.333,Success,31,525949,444
1986,1986,2026-08-28T08:54:18+00:00,zc_cmp_full_zstd_single_bucket_20260828__5m_x7_01986,526772,31,496.396,Success,31,526772,496
1987,1987,2026-08-28T08:54:19+00:00,zc_cmp_full_zstd_single_bucket_20260828__5m_x7_01987,527020,31,430.539,Success,31,527020,429
1988,1988,2026-08-28T08:54:20+00:00,zc_cmp_full_zstd_single_bucket_20260828__5m_x7_01988,526262,31,395.482,Success,31,526262,393
1989,1989,2026-08-28T08:54:21+00:00,zc_cmp_full_zstd_single_bucket_20260828__5m_x7_01989,526263,31,317.355,Success,31,526263,314
1990,1990,2026-08-28T08:54:22+00:00,zc_cmp_full_zstd_single_bucket_20260828__5m_x7_01990,526626,31,440.105,Success,31,526626,437
1991,1991,2026-08-28T08:54:23+00:00,zc_cmp_full_zstd_single_bucket_20260828__5m_x7_01991,526048,31,399.767,Success,31,526048,396
1992,1992,2026-08-28T08:54:24+00:00,zc_cmp_full_zstd_single_bucket_20260828__5m_x7_01992,525806,31,352.193,Success,31,525806,348
1993,1993,2026-08-28T08:54:25+00:00,zc_cmp_full_zstd_single_bucket_20260828__5m_x7_01993,525800,31,300.567,Success,31,525800,294
1994,1994,2026-08-28T08:54:26+00:00,zc_cmp_full_zstd_single_bucket_20260828__5m_x7_01994,526747,31,418.821,Success,31,526747,420
1995,1995,2026-08-28T08:54:27+00:00,zc_cmp_full_zstd_single_bucket_20260828__5m_x7_01995,527501,31,445.019,Success,31,527501,446
1996,1996,2026-08-28T08:54:28+00:00,zc_cmp_full_zstd_single_bucket_20260828__5m_x7_01996,526339,31,281.235,Success,31,526339,278
1997,1997,2026-08-28T08:54:29+00:00,zc_cmp_full_zstd_single_bucket_20260828__5m_x7_01997,526476,31,344.474,Success,31,526476,342
1998,1998,2026-08-28T08:54:30+00:00,zc_cmp_full_zstd_single_bucket_20260828__5m_x7_01998,527138,31,373.155,Success,31,527138,370
1999,1999,2026-08-28T08:54:31+00:00,zc_cmp_full_zstd_single_bucket_20260828__5m_x7_01999,526811,31,275.853,Success,31,526811,272
2000,2000,2026-08-28T08:54:32+00:00,zc_cmp_full_zstd_single_bucket_20260828__5m_x7_02000,525990,31,470.584,Success,31,525990,467
2001,2001,2026-08-28T08:54:33+00:00,zc_cmp_full_zstd_single_bucket_20260828__5m_x7_02001,526041,31,406.407,Success,31,526041,402
2002,2002,2026-08-28T08:54:34+00:00,zc_cmp_full_zstd_single_bucket_20260828__5m_x7_02002,526625,31,331.087,Success,31,526625,327
2003,2003,2026-08-28T08:54:35+00:00,zc_cmp_full_zstd_single_bucket_20260828__5m_x7_02003,527272,31,335.128,Success,31,527272,329
2004,2004,2026-08-28T08:54:36+00:00,zc_cmp_full_zstd_single_bucket_20260828__5m_x7_02004,526267,31,334.424,Success,31,526267,329
2005,2005,2026-08-28T08:54:37+00:00,zc_cmp_full_zstd_single_bucket_20260828__5m_x7_02005,526200,31,483.817,Success,31,526200,479
2006,2006,2026-08-28T08:54:38+00:00,zc_cmp_full_zstd_single_bucket_20260828__5m_x7_02006,525757,31,393.627,Success,31,525757,388
2007,2007,2026-08-28T08:54:39+00:00,zc_cmp_full_zstd_single_bucket_20260828__5m_x7_02007,526268,31,334.22,Success,31,526268,329
2008,2008,2026-08-28T08:54:40+00:00,zc_cmp_full_zstd_single_bucket_20260828__5m_x7_02008,527168,31,337.431,Success,31,527168,332
2009,2009,2026-08-28T08:54:41+00:00,zc_cmp_full_zstd_single_bucket_20260828__5m_x7_02009,526322,31,347.079,Success,31,526322,342
2010,2010,2026-08-28T08:54:42+00:00,zc_cmp_full_zstd_single_bucket_20260828__5m_x7_02010,526603,31,452.249,Success,31,526603,447
2011,2011,2026-08-28T08:54:43+00:00,zc_cmp_full_zstd_single_bucket_20260828__5m_x7_02011,527005,31,447.182,Success,31,527005,441
2012,2012,2026-08-28T08:54:44+00:00,zc_cmp_full_zstd_single_bucket_20260828__5m_x7_02012,526252,31,384.888,Success,31,526252,379
2013,2013,2026-08-28T08:54:45+00:00,zc_cmp_full_zstd_single_bucket_20260828__5m_x7_02013,526209,31,319.535,Success,31,526209,313
2014,2014,2026-08-28T08:54:46+00:00,zc_cmp_full_zstd_single_bucket_20260828__5m_x7_02014,526986,31,512.073,Success,31,526986,512
2015,2015,2026-08-28T08:54:47+00:00,zc_cmp_full_zstd_single_bucket_20260828__5m_x7_02015,525880,31,474.063,Success,31,525880,474
2016,2016,2026-08-28T08:54:48+00:00,zc_cmp_full_zstd_single_bucket_20260828__5m_x7_02016,526871,31,350.116,Success,31,526871,348
2017,2017,2026-08-28T08:54:49+00:00,zc_cmp_full_zstd_single_bucket_20260828__5m_x7_02017,527066,31,334.692,Success,31,527066,333
2018,2018,2026-08-28T08:54:50+00:00,zc_cmp_full_zstd_single_bucket_20260828__5m_x7_02018,526416,31,309.247,Success,31,526416,307
2019,2019,2026-08-28T08:54:51+00:00,zc_cmp_full_zstd_single_bucket_20260828__5m_x7_02019,527359,31,483.273,Success,31,527359,482
2020,2020,2026-08-28T08:54:52+00:00,zc_cmp_full_zstd_single_bucket_20260828__5m_x7_02020,526264,31,467.639,Success,31,526264,465
2021,2021,2026-08-28T08:54:54+00:00,zc_cmp_full_zstd_single_bucket_20260828__5m_x7_02021,525690,31,668.775,Success,31,525690,665
2022,2022,2026-08-28T08:54:54+00:00,zc_cmp_full_zstd_single_bucket_20260828__5m_x7_02022,526377,31,447.289,Success,31,526377,443
2023,2023,2026-08-28T08:54:56+00:00,zc_cmp_full_zstd_single_bucket_20260828__5m_x7_02023,526186,31,616.339,Success,31,526186,585
2024,2024,2026-08-28T08:54:56+00:00,zc_cmp_full_zstd_single_bucket_20260828__5m_x7_02024,525917,31,547.693,Success,31,525917,551
2025,2025,2026-08-28T08:54:57+00:00,zc_cmp_full_zstd_single_bucket_20260828__5m_x7_02025,525754,31,364.123,Success,31,525754,363
2026,2026,2026-08-28T08:54:58+00:00,zc_cmp_full_zstd_single_bucket_20260828__5m_x7_02026,526205,31,452.825,Success,31,526205,452
2027,2027,2026-08-28T08:54:59+00:00,zc_cmp_full_zstd_single_bucket_20260828__5m_x7_02027,526242,31,428.351,Success,31,526242,427
2028,2028,2026-08-28T08:55:00+00:00,zc_cmp_full_zstd_single_bucket_20260828__5m_x7_02028,527016,31,474.161,Success,31,527016,473
2029,2029,2026-08-28T08:55:01+00:00,zc_cmp_full_zstd_single_bucket_20260828__5m_x7_02029,526534,31,344.333,Success,31,526534,340
2030,2030,2026-08-28T08:55:02+00:00,zc_cmp_full_zstd_single_bucket_20260828__5m_x7_02030,526214,31,373.518,Success,31,526214,370
2031,2031,2026-08-28T08:55:03+00:00,zc_cmp_full_zstd_single_bucket_20260828__5m_x7_02031,526069,31,386.182,Success,31,526069,382
2032,2032,2026-08-28T08:55:04+00:00,zc_cmp_full_zstd_single_bucket_20260828__5m_x7_02032,525700,31,464.85,Success,31,525700,461
2033,2033,2026-08-28T08:55:05+00:00,zc_cmp_full_zstd_single_bucket_20260828__5m_x7_02033,526882,31,501.019,Success,31,526882,494
2034,2034,2026-08-28T08:55:06+00:00,zc_cmp_full_zstd_single_bucket_20260828__5m_x7_02034,525199,31,430.134,Success,31,525199,426
2035,2035,2026-08-28T08:55:07+00:00,zc_cmp_full_zstd_single_bucket_20260828__5m_x7_02035,525336,31,410.2,Success,31,525336,410
2036,2036,2026-08-28T08:55:08+00:00,zc_cmp_full_zstd_single_bucket_20260828__5m_x7_02036,525995,31,395.462,Success,31,525995,394
2037,2037,2026-08-28T08:55:09+00:00,zc_cmp_full_zstd_single_bucket_20260828__5m_x7_02037,526780,31,443.867,Success,31,526780,440
2038,2038,2026-08-28T08:55:10+00:00,zc_cmp_full_zstd_single_bucket_20260828__5m_x7_02038,527098,31,485.263,Success,31,527098,483
2039,2039,2026-08-28T08:55:11+00:00,zc_cmp_full_zstd_single_bucket_20260828__5m_x7_02039,526212,31,444.989,Success,31,526212,442
2040,2040,2026-08-28T08:55:12+00:00,zc_cmp_full_zstd_single_bucket_20260828__5m_x7_02040,526128,31,334.281,Success,31,526128,330
2041,2041,2026-08-28T08:55:13+00:00,zc_cmp_full_zstd_single_bucket_20260828__5m_x7_02041,526155,31,383.872,Success,31,526155,380
2042,2042,2026-08-28T08:55:14+00:00,zc_cmp_full_zstd_single_bucket_20260828__5m_x7_02042,526147,31,395.964,Success,31,526147,391
2043,2043,2026-08-28T08:55:15+00:00,zc_cmp_full_zstd_single_bucket_20260828__5m_x7_02043,528242,31,449.997,Success,31,528242,446
2044,2044,2026-08-28T08:55:16+00:00,zc_cmp_full_zstd_single_bucket_20260828__5m_x7_02044,526713,31,384.432,Success,31,526713,378
2045,2045,2026-08-28T08:55:17+00:00,zc_cmp_full_zstd_single_bucket_20260828__5m_x7_02045,525777,31,380.84,Success,31,525777,377
2046,2046,2026-08-28T08:55:18+00:00,zc_cmp_full_zstd_single_bucket_20260828__5m_x7_02046,526577,31,323.013,Success,31,526577,318
2047,2047,2026-08-28T08:55:19+00:00,zc_cmp_full_zstd_single_bucket_20260828__5m_x7_02047,526694,31,423.003,Success,31,526694,417
2048,2048,2026-08-28T08:55:20+00:00,zc_cmp_full_zstd_single_bucket_20260828__5m_x7_02048,525800,31,426.446,Success,31,525800,421
2049,2049,2026-08-28T08:55:21+00:00,zc_cmp_full_zstd_single_bucket_20260828__5m_x7_02049,527090,31,303.813,Success,31,527090,298
2050,2050,2026-08-28T08:55:22+00:00,zc_cmp_full_zstd_single_bucket_20260828__5m_x7_02050,526839,31,410.035,Success,31,526839,404
2051,2051,2026-08-28T08:55:23+00:00,zc_cmp_full_zstd_single_bucket_20260828__5m_x7_02051,525579,31,393.831,Success,31,525579,388
2052,2052,2026-08-28T08:55:24+00:00,zc_cmp_full_zstd_single_bucket_20260828__5m_x7_02052,526859,31,539.61,Success,31,526859,534
2053,2053,2026-08-28T08:55:25+00:00,zc_cmp_full_zstd_single_bucket_20260828__5m_x7_02053,525408,31,511.189,Success,31,525408,504
2054,2054,2026-08-28T08:55:26+00:00,zc_cmp_full_zstd_single_bucket_20260828__5m_x7_02054,526111,31,396.701,Success,31,526111,390
2055,2055,2026-08-28T08:55:27+00:00,zc_cmp_full_zstd_single_bucket_20260828__5m_x7_02055,526673,31,363.67,Success,31,526673,357
2056,2056,2026-08-28T08:55:28+00:00,zc_cmp_full_zstd_single_bucket_20260828__5m_x7_02056,526775,31,477.417,Success,31,526775,470
2057,2057,2026-08-28T08:55:29+00:00,zc_cmp_full_zstd_single_bucket_20260828__5m_x7_02057,526587,31,421.69,Success,31,526587,415
2058,2058,2026-08-28T08:55:30+00:00,zc_cmp_full_zstd_single_bucket_20260828__5m_x7_02058,525499,31,320.842,Success,31,525499,315
2059,2059,2026-08-28T08:55:31+00:00,zc_cmp_full_zstd_single_bucket_20260828__5m_x7_02059,526218,31,347.39,Success,31,526218,341
2060,2060,2026-08-28T08:55:32+00:00,zc_cmp_full_zstd_single_bucket_20260828__5m_x7_02060,526828,31,431.339,Success,31,526828,425
2061,2061,2026-08-28T08:55:33+00:00,zc_cmp_full_zstd_single_bucket_20260828__5m_x7_02061,527264,31,418.971,Success,31,527264,412
2062,2062,2026-08-28T08:55:34+00:00,zc_cmp_full_zstd_single_bucket_20260828__5m_x7_02062,527500,31,354.518,Success,31,527500,348
2063,2063,2026-08-28T08:55:35+00:00,zc_cmp_full_zstd_single_bucket_20260828__5m_x7_02063,527705,31,399.527,Success,31,527705,394
2064,2064,2026-08-28T08:55:36+00:00,zc_cmp_full_zstd_single_bucket_20260828__5m_x7_02064,526205,31,323.58,Success,31,526205,317
2065,2065,2026-08-28T08:55:37+00:00,zc_cmp_full_zstd_single_bucket_20260828__5m_x7_02065,527141,31,505.725,Success,31,527141,499
2066,2066,2026-08-28T08:55:38+00:00,zc_cmp_full_zstd_single_bucket_20260828__5m_x7_02066,526601,31,439.322,Success,31,526601,433
2067,2067,2026-08-28T08:55:39+00:00,zc_cmp_full_zstd_single_bucket_20260828__5m_x7_02067,527055,31,383.466,Success,31,527055,377
2068,2068,2026-08-28T08:55:40+00:00,zc_cmp_full_zstd_single_bucket_20260828__5m_x7_02068,526832,31,339.495,Success,31,526832,333
2069,2069,2026-08-28T08:55:41+00:00,zc_cmp_full_zstd_single_bucket_20260828__5m_x7_02069,526723,31,348.487,Success,31,526723,346
2070,2070,2026-08-28T08:55:42+00:00,zc_cmp_full_zstd_single_bucket_20260828__5m_x7_02070,527005,31,468.259,Success,31,527005,465
2071,2071,2026-08-28T08:55:43+00:00,zc_cmp_full_zstd_single_bucket_20260828__5m_x7_02071,526106,31,463.391,Success,31,526106,460
2072,2072,2026-08-28T08:55:44+00:00,zc_cmp_full_zstd_single_bucket_20260828__5m_x7_02072,525791,31,353.421,Success,31,525791,350
2073,2073,2026-08-28T08:55:45+00:00,zc_cmp_full_zstd_single_bucket_20260828__5m_x7_02073,526439,31,325.675,Success,31,526439,321
2074,2074,2026-08-28T08:55:46+00:00,zc_cmp_full_zstd_single_bucket_20260828__5m_x7_02074,527996,31,368.104,Success,31,527996,363
2075,2075,2026-08-28T08:55:47+00:00,zc_cmp_full_zstd_single_bucket_20260828__5m_x7_02075,525942,31,387.435,Success,31,525942,382
2076,2076,2026-08-28T08:55:48+00:00,zc_cmp_full_zstd_single_bucket_20260828__5m_x7_02076,526246,31,430.448,Success,31,526246,425
2077,2077,2026-08-28T08:55:49+00:00,zc_cmp_full_zstd_single_bucket_20260828__5m_x7_02077,526713,31,317.148,Success,31,526713,312
2078,2078,2026-08-28T08:55:50+00:00,zc_cmp_full_zstd_single_bucket_20260828__5m_x7_02078,527396,31,337.407,Success,31,527396,331
2079,2079,2026-08-28T08:55:51+00:00,zc_cmp_full_zstd_single_bucket_20260828__5m_x7_02079,526490,31,361.856,Success,31,526490,357
2080,2080,2026-08-28T08:55:52+00:00,zc_cmp_full_zstd_single_bucket_20260828__5m_x7_02080,525570,31,415.343,Success,31,525570,409
2081,2081,2026-08-28T08:55:53+00:00,zc_cmp_full_zstd_single_bucket_20260828__5m_x7_02081,527508,31,381.051,Success,31,527508,375
2082,2082,2026-08-28T08:55:54+00:00,zc_cmp_full_zstd_single_bucket_20260828__5m_x7_02082,525887,31,383.974,Success,31,525887,378
2083,2083,2026-08-28T08:55:55+00:00,zc_cmp_full_zstd_single_bucket_20260828__5m_x7_02083,526180,31,375.34,Success,31,526180,369
2084,2084,2026-08-28T08:55:56+00:00,zc_cmp_full_zstd_single_bucket_20260828__5m_x7_02084,527003,31,370.348,Success,31,527003,364
2085,2085,2026-08-28T08:55:57+00:00,zc_cmp_full_zstd_single_bucket_20260828__5m_x7_02085,526828,31,465.179,Success,31,526828,459
2086,2086,2026-08-28T08:55:58+00:00,zc_cmp_full_zstd_single_bucket_20260828__5m_x7_02086,526882,31,546.981,Success,31,526882,541
2087,2087,2026-08-28T08:55:59+00:00,zc_cmp_full_zstd_single_bucket_20260828__5m_x7_02087,526942,31,379.39,Success,31,526942,373
2088,2088,2026-08-28T08:56:00+00:00,zc_cmp_full_zstd_single_bucket_20260828__5m_x7_02088,525844,31,368.988,Success,31,525844,363
2089,2089,2026-08-28T08:56:01+00:00,zc_cmp_full_zstd_single_bucket_20260828__5m_x7_02089,526797,31,559.195,Success,31,526797,552
2090,2090,2026-08-28T08:56:02+00:00,zc_cmp_full_zstd_single_bucket_20260828__5m_x7_02090,526436,31,397.679,Success,31,526436,391
2091,2091,2026-08-28T08:56:03+00:00,zc_cmp_full_zstd_single_bucket_20260828__5m_x7_02091,527262,31,388.773,Success,31,527262,382
2092,2092,2026-08-28T08:56:04+00:00,zc_cmp_full_zstd_single_bucket_20260828__5m_x7_02092,526834,31,404.633,Success,31,526834,398
2093,2093,2026-08-28T08:56:05+00:00,zc_cmp_full_zstd_single_bucket_20260828__5m_x7_02093,527292,31,485.057,Success,31,527292,479
2094,2094,2026-08-28T08:56:06+00:00,zc_cmp_full_zstd_single_bucket_20260828__5m_x7_02094,527166,31,366.855,Success,31,527166,360
2095,2095,2026-08-28T08:56:07+00:00,zc_cmp_full_zstd_single_bucket_20260828__5m_x7_02095,526763,31,431.976,Success,31,526763,425
2096,2096,2026-08-28T08:56:08+00:00,zc_cmp_full_zstd_single_bucket_20260828__5m_x7_02096,527297,31,369.42,Success,31,527297,363
2097,2097,2026-08-28T08:56:09+00:00,zc_cmp_full_zstd_single_bucket_20260828__5m_x7_02097,527666,31,398.886,Success,31,527666,393
2098,2098,2026-08-28T08:56:10+00:00,zc_cmp_full_zstd_single_bucket_20260828__5m_x7_02098,526630,31,406.466,Success,31,526630,400
2099,2099,2026-08-28T08:56:11+00:00,zc_cmp_full_zstd_single_bucket_20260828__5m_x7_02099,527667,31,513.754,Success,31,527667,507
