epoch,utc_time,stage,base_compaction_bps,base_compaction_cost_ms,base_compaction_bytes,cumulative_compaction_bytes,base_compaction_deltas,cumulative_compaction_deltas,compaction_mem_bytes,cumulative_compaction_bps,cumulative_compaction_cost_ms,running_base,running_cumulative,wait_base,wait_cumulative,tablet_base_max_score,tablet_cumulative_max_score,process_mem_bytes,disk_read_bytes,disk_write_bytes,disk_io_time_ms,disk_avail_bytes,disk_data_used_bytes,max_disk_io_util_percent,rowset_count,cpu_idle,cpu_iowait,cpu_user,cpu_system,cpu_nice,cpu_irq,cpu_soft_irq,cpu_steal
1787905272.399816,2026-08-28T08:21:12+00:00,http_log_5m_x7,604306.0,460.0,3049963.0,0.0,24.0,0.0,0.0,0.0,0.0,0.0,0.0,0.0,0.0,13.0,0.0,275556120.0,2643102208.0,1205972992.0,33234.0,48639938560.0,3407012.0,0.0,142.0,4851839.0,3353.0,63381.0,21501.0,0.0,0.0,1495.0,0.0
1787905273.406849,2026-08-28T08:21:13+00:00,http_log_5m_x7,604306.0,460.0,3049963.0,0.0,24.0,0.0,0.0,0.0,0.0,0.0,0.0,0.0,0.0,13.0,0.0,275556120.0,2643102208.0,1205972992.0,33234.0,48639938560.0,3407012.0,0.0,142.0,4851839.0,3353.0,63381.0,21501.0,0.0,0.0,1495.0,0.0
1787905274.411278,2026-08-28T08:21:14+00:00,http_log_5m_x7,604306.0,460.0,3049963.0,0.0,24.0,0.0,0.0,0.0,0.0,0.0,0.0,0.0,0.0,13.0,0.0,275556120.0,2643102208.0,1205972992.0,33234.0,48639938560.0,3407012.0,0.0,142.0,4851839.0,3353.0,63381.0,21501.0,0.0,0.0,1495.0,0.0
1787905275.411805,2026-08-28T08:21:15+00:00,http_log_5m_x7,604306.0,460.0,3049963.0,0.0,24.0,0.0,0.0,0.0,0.0,0.0,0.0,0.0,0.0,13.0,0.0,277104616.0,2643102208.0,1211879424.0,33295.0,48639938560.0,3407012.0,0.0,165.0,4863637.0,3360.0,63550.0,21533.0,0.0,0.0,1502.0,0.0
1787905276.412014,2026-08-28T08:21:16+00:00,http_log_5m_x7,604306.0,460.0,3049963.0,0.0,24.0,0.0,0.0,0.0,0.0,1.0,0.0,0.0,0.0,28.0,0.0,277104616.0,2643102208.0,1211879424.0,33295.0,48639938560.0,3407012.0,0.0,165.0,4863637.0,3360.0,63550.0,21533.0,0.0,0.0,1502.0,0.0
1787905277.4121778,2026-08-28T08:21:17+00:00,http_log_5m_x7,604306.0,460.0,3049963.0,0.0,24.0,0.0,0.0,0.0,0.0,1.0,0.0,0.0,0.0,28.0,0.0,277104616.0,2643102208.0,1211879424.0,33295.0,48634007552.0,7341493.0,0.0,165.0,4863637.0,3360.0,63550.0,21533.0,0.0,0.0,1502.0,0.0
1787905278.413078,2026-08-28T08:21:18+00:00,http_log_5m_x7,793444.0,2011.0,5439024.0,0.0,29.0,0.0,0.0,0.0,0.0,0.0,0.0,0.0,0.0,28.0,0.0,277104616.0,2643102208.0,1211879424.0,33295.0,48634007552.0,7341493.0,0.0,165.0,4863637.0,3360.0,63550.0,21533.0,0.0,0.0,1502.0,0.0
1787905279.4136581,2026-08-28T08:21:19+00:00,http_log_5m_x7,793444.0,2011.0,5439024.0,0.0,29.0,0.0,0.0,0.0,0.0,0.0,0.0,0.0,0.0,28.0,0.0,277104616.0,2643102208.0,1211879424.0,33295.0,48634007552.0,7341493.0,0.0,165.0,4863637.0,3360.0,63550.0,21533.0,0.0,0.0,1502.0,0.0
1787905280.414761,2026-08-28T08:21:20+00:00,http_log_5m_x7,793444.0,2011.0,5439024.0,0.0,29.0,0.0,0.0,0.0,0.0,1.0,0.0,0.0,0.0,13.0,0.0,277104616.0,2643102208.0,1211879424.0,33295.0,48634007552.0,7341493.0,0.0,165.0,4863637.0,3360.0,63550.0,21533.0,0.0,0.0,1502.0,0.0
1787905281.414909,2026-08-28T08:21:21+00:00,http_log_5m_x7,793444.0,2011.0,5439024.0,0.0,29.0,0.0,0.0,0.0,0.0,1.0,0.0,0.0,0.0,13.0,0.0,277104616.0,2643102208.0,1211879424.0,33295.0,48634007552.0,7341493.0,0.0,165.0,4863637.0,3360.0,63550.0,21533.0,0.0,0.0,1502.0,0.0
1787905282.415733,2026-08-28T08:21:22+00:00,http_log_5m_x7,793444.0,2011.0,5439024.0,0.0,29.0,0.0,0.0,0.0,0.0,1.0,0.0,0.0,0.0,13.0,0.0,277104616.0,2643102208.0,1211879424.0,33295.0,48634007552.0,7341493.0,0.0,165.0,4863637.0,3360.0,63550.0,21533.0,0.0,0.0,1502.0,0.0
1787905283.416297,2026-08-28T08:21:23+00:00,http_log_5m_x7,1348648.0,2452.0,10094557.0,0.0,34.0,0.0,0.0,0.0,0.0,0.0,0.0,0.0,0.0,13.0,0.0,277104616.0,2643102208.0,1211879424.0,33295.0,48634007552.0,7341493.0,0.0,165.0,4863637.0,3360.0,63550.0,21533.0,0.0,0.0,1502.0,0.0
1787905284.419154,2026-08-28T08:21:24+00:00,http_log_5m_x7,1348648.0,2452.0,10094557.0,0.0,34.0,0.0,0.0,0.0,0.0,1.0,0.0,0.0,0.0,12.0,0.0,277104616.0,2643102208.0,1211879424.0,33295.0,48634007552.0,7341493.0,0.0,165.0,4863637.0,3360.0,63550.0,21533.0,0.0,0.0,1502.0,0.0
1787905285.423171,2026-08-28T08:21:25+00:00,http_log_5m_x7,1348648.0,2452.0,10094557.0,0.0,34.0,0.0,0.0,0.0,0.0,1.0,0.0,0.0,0.0,12.0,0.0,277104616.0,2643102208.0,1211879424.0,33295.0,48634007552.0,7341493.0,0.0,165.0,4863637.0,3360.0,63550.0,21533.0,0.0,0.0,1502.0,0.0
1787905286.423419,2026-08-28T08:21:26+00:00,http_log_5m_x7,2426267.0,1816.0,16926925.0,0.0,39.0,0.0,0.0,0.0,0.0,0.0,0.0,0.0,0.0,12.0,0.0,277104616.0,2643102208.0,1211879424.0,33295.0,48634007552.0,7341493.0,0.0,165.0,4863637.0,3360.0,63550.0,21533.0,0.0,0.0,1502.0,0.0
1787905287.428273,2026-08-28T08:21:27+00:00,http_log_5m_x7,2426267.0,1816.0,16926925.0,0.0,39.0,0.0,0.0,0.0,0.0,0.0,0.0,0.0,0.0,12.0,0.0,277104616.0,2643102208.0,1211879424.0,33295.0,48634007552.0,7341493.0,0.0,165.0,4863637.0,3360.0,63550.0,21533.0,0.0,0.0,1502.0,0.0
1787905288.431367,2026-08-28T08:21:28+00:00,http_log_5m_x7,2426267.0,1816.0,16926925.0,0.0,39.0,0.0,0.0,0.0,0.0,0.0,0.0,0.0,0.0,12.0,0.0,277104616.0,2643102208.0,1211879424.0,33295.0,48634007552.0,7341493.0,0.0,165.0,4863637.0,3360.0,63550.0,21533.0,0.0,0.0,1502.0,0.0
1787905289.4364538,2026-08-28T08:21:29+00:00,http_log_5m_x7,2426267.0,1816.0,16926925.0,0.0,39.0,0.0,0.0,0.0,0.0,0.0,1.0,0.0,0.0,12.0,27.0,277104616.0,2643102208.0,1211879424.0,33295.0,48634007552.0,7341493.0,0.0,165.0,4863637.0,3360.0,63550.0,21533.0,0.0,0.0,1502.0,0.0
1787905290.4415622,2026-08-28T08:21:30+00:00,http_log_5m_x7,2426267.0,1816.0,16926925.0,0.0,39.0,0.0,44100216.0,0.0,0.0,0.0,1.0,0.0,0.0,12.0,27.0,327447744.0,2643147264.0,1250336768.0,33407.0,48634007552.0,7341493.0,0.0,184.0,4874183.0,3370.0,64911.0,21604.0,0.0,0.0,1519.0,0.0
1787905291.446675,2026-08-28T08:21:31+00:00,http_log_5m_x7,2426267.0,1816.0,16926925.0,2996158.0,39.0,5.0,44100216.0,1001724.0,1991.0,0.0,0.0,0.0,0.0,12.0,27.0,327447744.0,2643147264.0,1250336768.0,33407.0,48634007552.0,7341493.0,0.0,184.0,4874183.0,3370.0,64911.0,21604.0,0.0,0.0,1519.0,0.0
1787905292.451745,2026-08-28T08:21:32+00:00,http_log_5m_x7,2426267.0,1816.0,16926925.0,2996158.0,39.0,5.0,44100216.0,1001724.0,1991.0,0.0,0.0,0.0,0.0,12.0,27.0,327447744.0,2643147264.0,1250336768.0,33407.0,48634007552.0,7341493.0,0.0,184.0,4874183.0,3370.0,64911.0,21604.0,0.0,0.0,1519.0,0.0
1787905293.45714,2026-08-28T08:21:33+00:00,http_log_5m_x7,2426267.0,1816.0,16926925.0,2996158.0,39.0,5.0,44100216.0,1001724.0,1991.0,0.0,0.0,0.0,0.0,12.0,27.0,327447744.0,2643147264.0,1250336768.0,33407.0,48634007552.0,7341493.0,0.0,184.0,4874183.0,3370.0,64911.0,21604.0,0.0,0.0,1519.0,0.0
1787905294.461587,2026-08-28T08:21:34+00:00,http_log_5m_x7,2426267.0,1816.0,16926925.0,2996158.0,39.0,5.0,44100216.0,1001724.0,1991.0,0.0,1.0,0.0,0.0,12.0,28.0,327447744.0,2643147264.0,1250336768.0,33407.0,48634007552.0,7341493.0,0.0,184.0,4874183.0,3370.0,64911.0,21604.0,0.0,0.0,1519.0,0.0
1787905295.465149,2026-08-28T08:21:35+00:00,http_log_5m_x7,2426267.0,1816.0,16926925.0,2996158.0,39.0,5.0,44100216.0,1001724.0,1991.0,0.0,1.0,0.0,0.0,12.0,28.0,327447744.0,2643147264.0,1250336768.0,33407.0,48634007552.0,7341493.0,0.0,184.0,4874183.0,3370.0,64911.0,21604.0,0.0,0.0,1519.0,0.0
1787905296.47023,2026-08-28T08:21:36+00:00,http_log_5m_x7,2426267.0,1816.0,16926925.0,5955065.0,39.0,10.0,44100216.0,1004040.0,1947.0,0.0,0.0,0.0,0.0,12.0,28.0,327447744.0,2643147264.0,1250336768.0,33407.0,48634007552.0,7341493.0,0.0,184.0,4874183.0,3370.0,64911.0,21604.0,0.0,0.0,1519.0,0.0
1787905297.4746041,2026-08-28T08:21:37+00:00,http_log_5m_x7,2426267.0,1816.0,16926925.0,5955065.0,39.0,10.0,44100216.0,1004040.0,1947.0,0.0,0.0,0.0,0.0,12.0,28.0,327447744.0,2643147264.0,1250336768.0,33407.0,48634007552.0,7341493.0,0.0,184.0,4874183.0,3370.0,64911.0,21604.0,0.0,0.0,1519.0,0.0
1787905298.475852,2026-08-28T08:21:38+00:00,http_log_5m_x7,2426267.0,1816.0,16926925.0,5955065.0,39.0,10.0,44100216.0,1004040.0,1947.0,0.0,0.0,0.0,0.0,12.0,28.0,327447744.0,2643147264.0,1250336768.0,33407.0,48634007552.0,7341493.0,0.0,184.0,4874183.0,3370.0,64911.0,21604.0,0.0,0.0,1519.0,0.0
1787905299.480921,2026-08-28T08:21:39+00:00,http_log_5m_x7,2426267.0,1816.0,16926925.0,5955065.0,39.0,10.0,44100216.0,1004040.0,1947.0,0.0,1.0,0.0,0.0,12.0,30.0,327447744.0,2643147264.0,1250336768.0,33407.0,48634007552.0,7341493.0,0.0,184.0,4874183.0,3370.0,64911.0,21604.0,0.0,0.0,1519.0,0.0
1787905300.48603,2026-08-28T08:21:40+00:00,http_log_5m_x7,2426267.0,1816.0,16926925.0,5955065.0,39.0,10.0,44100216.0,1004040.0,1947.0,0.0,1.0,0.0,0.0,12.0,30.0,327447744.0,2643147264.0,1250336768.0,33407.0,48634007552.0,7341493.0,0.0,184.0,4874183.0,3370.0,64911.0,21604.0,0.0,0.0,1519.0,0.0
1787905301.487534,2026-08-28T08:21:41+00:00,http_log_5m_x7,2426267.0,1816.0,16926925.0,8980263.0,39.0,15.0,44100216.0,1013127.0,1986.0,0.0,0.0,0.0,0.0,12.0,30.0,327447744.0,2643147264.0,1250336768.0,33407.0,48634007552.0,7341493.0,0.0,184.0,4874183.0,3370.0,64911.0,21604.0,0.0,0.0,1519.0,0.0
1787905302.4895658,2026-08-28T08:21:42+00:00,http_log_5m_x7,2426267.0,1816.0,16926925.0,8980263.0,39.0,15.0,44100216.0,1013127.0,1986.0,0.0,0.0,0.0,0.0,12.0,30.0,327447744.0,2643147264.0,1250336768.0,33407.0,48634007552.0,7341493.0,0.0,184.0,4874183.0,3370.0,64911.0,21604.0,0.0,0.0,1519.0,0.0
1787905303.494666,2026-08-28T08:21:43+00:00,http_log_5m_x7,2426267.0,1816.0,16926925.0,8980263.0,39.0,15.0,44100216.0,1013127.0,1986.0,0.0,0.0,0.0,0.0,12.0,30.0,327447744.0,2643147264.0,1250336768.0,33407.0,48634007552.0,7341493.0,0.0,184.0,4874183.0,3370.0,64911.0,21604.0,0.0,0.0,1519.0,0.0
1787905304.4997299,2026-08-28T08:21:44+00:00,http_log_5m_x7,2426267.0,1816.0,16926925.0,8980263.0,39.0,15.0,44100216.0,1013127.0,1986.0,0.0,1.0,0.0,0.0,12.0,32.0,327447744.0,2643147264.0,1250336768.0,33407.0,48634007552.0,7341493.0,0.0,184.0,4874183.0,3370.0,64911.0,21604.0,0.0,0.0,1519.0,0.0
1787905305.504799,2026-08-28T08:21:45+00:00,http_log_5m_x7,2426267.0,1816.0,16926925.0,8980263.0,39.0,15.0,40807208.0,1013127.0,1986.0,0.0,1.0,0.0,0.0,12.0,32.0,326242832.0,2643147264.0,1282748416.0,33505.0,48634007552.0,7341493.0,0.0,202.0,4884897.0,3380.0,66125.0,21647.0,0.0,0.0,1535.0,0.0
1787905306.507864,2026-08-28T08:21:46+00:00,http_log_5m_x7,2426267.0,1816.0,16926925.0,11976153.0,39.0,20.0,40807208.0,981937.0,2051.0,0.0,0.0,0.0,0.0,12.0,32.0,326242832.0,2643147264.0,1282748416.0,33505.0,48634007552.0,7341493.0,0.0,202.0,4884897.0,3380.0,66125.0,21647.0,0.0,0.0,1535.0,0.0
1787905307.5129569,2026-08-28T08:21:47+00:00,http_log_5m_x7,2426267.0,1816.0,16926925.0,11976153.0,39.0,20.0,40807208.0,981937.0,2051.0,1.0,0.0,0.0,0.0,28.0,32.0,326242832.0,2643147264.0,1282748416.0,33505.0,48634007552.0,7341493.0,0.0,202.0,4884897.0,3380.0,66125.0,21647.0,0.0,0.0,1535.0,0.0
1787905308.5152562,2026-08-28T08:21:48+00:00,http_log_5m_x7,2426267.0,1816.0,16926925.0,11976153.0,39.0,20.0,40807208.0,981937.0,2051.0,1.0,0.0,0.0,0.0,28.0,32.0,326242832.0,2643147264.0,1282748416.0,33505.0,48634007552.0,7341493.0,0.0,202.0,4884897.0,3380.0,66125.0,21647.0,0.0,0.0,1535.0,0.0
1787905309.5203571,2026-08-28T08:21:49+00:00,http_log_5m_x7,2426267.0,1816.0,16926925.0,11976153.0,39.0,20.0,40807208.0,981937.0,2051.0,1.0,1.0,0.0,0.0,28.0,19.0,326242832.0,2643147264.0,1282748416.0,33505.0,48634007552.0,7341493.0,0.0,202.0,4884897.0,3380.0,66125.0,21647.0,0.0,0.0,1535.0,0.0
1787905310.5223758,2026-08-28T08:21:50+00:00,http_log_5m_x7,2426267.0,1816.0,16926925.0,11976153.0,39.0,20.0,40807208.0,981937.0,2051.0,1.0,1.0,0.0,0.0,28.0,19.0,326242832.0,2643147264.0,1282748416.0,33505.0,48634007552.0,7341493.0,0.0,202.0,4884897.0,3380.0,66125.0,21647.0,0.0,0.0,1535.0,0.0
1787905311.5274491,2026-08-28T08:21:51+00:00,http_log_5m_x7,2426267.0,1816.0,16926925.0,15000464.0,39.0,25.0,40807208.0,954041.0,2170.0,1.0,0.0,0.0,0.0,28.0,19.0,326242832.0,2643147264.0,1282748416.0,33505.0,48634007552.0,7341493.0,0.0,202.0,4884897.0,3380.0,66125.0,21647.0,0.0,0.0,1535.0,0.0
1787905312.532543,2026-08-28T08:21:52+00:00,http_log_5m_x7,2804676.0,5469.0,35070378.0,15000464.0,44.0,25.0,40807208.0,954041.0,2170.0,0.0,0.0,0.0,0.0,28.0,19.0,326242832.0,2643147264.0,1282748416.0,33505.0,48634007552.0,7341493.0,0.0,202.0,4884897.0,3380.0,66125.0,21647.0,0.0,0.0,1535.0,0.0
1787905313.5376189,2026-08-28T08:21:53+00:00,http_log_5m_x7,2804676.0,5469.0,35070378.0,15000464.0,44.0,25.0,40807208.0,954041.0,2170.0,0.0,0.0,0.0,0.0,28.0,19.0,326242832.0,2643147264.0,1282748416.0,33505.0,48634007552.0,7341493.0,0.0,202.0,4884897.0,3380.0,66125.0,21647.0,0.0,0.0,1535.0,0.0
1787905314.539398,2026-08-28T08:21:54+00:00,http_log_5m_x7,2804676.0,5469.0,35070378.0,15000464.0,44.0,25.0,40807208.0,954041.0,2170.0,0.0,1.0,0.0,0.0,28.0,26.0,326242832.0,2643147264.0,1282748416.0,33505.0,48634007552.0,7341493.0,0.0,202.0,4884897.0,3380.0,66125.0,21647.0,0.0,0.0,1535.0,0.0
1787905315.5444832,2026-08-28T08:21:55+00:00,http_log_5m_x7,2804676.0,5469.0,35070378.0,15000464.0,44.0,25.0,40807208.0,954041.0,2170.0,0.0,1.0,0.0,0.0,28.0,26.0,326242832.0,2643147264.0,1282748416.0,33505.0,48634007552.0,7341493.0,0.0,202.0,4884897.0,3380.0,66125.0,21647.0,0.0,0.0,1535.0,0.0
1787905316.549551,2026-08-28T08:21:56+00:00,http_log_5m_x7,2804676.0,5469.0,35070378.0,18023723.0,44.0,30.0,40807208.0,1023099.0,1955.0,0.0,0.0,0.0,0.0,28.0,26.0,326242832.0,2643147264.0,1282748416.0,33505.0,48634007552.0,7341493.0,0.0,202.0,4884897.0,3380.0,66125.0,21647.0,0.0,0.0,1535.0,0.0
1787905317.554612,2026-08-28T08:21:57+00:00,http_log_5m_x7,2804676.0,5469.0,35070378.0,18023723.0,44.0,30.0,40807208.0,1023099.0,1955.0,0.0,0.0,0.0,0.0,28.0,26.0,326242832.0,2643147264.0,1282748416.0,33505.0,48634007552.0,7341493.0,0.0,202.0,4884897.0,3380.0,66125.0,21647.0,0.0,0.0,1535.0,0.0
1787905318.557646,2026-08-28T08:21:58+00:00,http_log_5m_x7,2804676.0,5469.0,35070378.0,18023723.0,44.0,30.0,40807208.0,1023099.0,1955.0,0.0,0.0,0.0,0.0,28.0,26.0,326242832.0,2643147264.0,1282748416.0,33505.0,48634007552.0,7341493.0,0.0,202.0,4884897.0,3380.0,66125.0,21647.0,0.0,0.0,1535.0,0.0
1787905319.56041,2026-08-28T08:21:59+00:00,http_log_5m_x7,2804676.0,5469.0,35070378.0,18023723.0,44.0,30.0,40807208.0,1023099.0,1955.0,0.0,1.0,0.0,0.0,28.0,28.0,326242832.0,2643147264.0,1282748416.0,33505.0,48634007552.0,7341493.0,0.0,202.0,4884897.0,3380.0,66125.0,21647.0,0.0,0.0,1535.0,0.0
1787905320.5654871,2026-08-28T08:22:00+00:00,http_log_5m_x7,2804676.0,5469.0,35070378.0,18023723.0,44.0,30.0,45153912.0,1023099.0,1955.0,0.0,1.0,0.0,0.0,28.0,28.0,331045368.0,2643147264.0,1343070208.0,33622.0,48634007552.0,7341493.0,0.0,221.0,4895040.0,3391.0,67907.0,21714.0,0.0,0.0,1551.0,0.0
1787905321.570548,2026-08-28T08:22:01+00:00,http_log_5m_x7,2804676.0,5469.0,35070378.0,21011008.0,44.0,35.0,45153912.0,1027617.0,1907.0,0.0,0.0,0.0,0.0,28.0,28.0,331045368.0,2643147264.0,1343070208.0,33622.0,48634007552.0,7341493.0,0.0,221.0,4895040.0,3391.0,67907.0,21714.0,0.0,0.0,1551.0,0.0
1787905322.575617,2026-08-28T08:22:02+00:00,http_log_5m_x7,2804676.0,5469.0,35070378.0,21011008.0,44.0,35.0,45153912.0,1027617.0,1907.0,0.0,0.0,0.0,0.0,28.0,28.0,331045368.0,2643147264.0,1343070208.0,33622.0,48634007552.0,7341493.0,0.0,221.0,4895040.0,3391.0,67907.0,21714.0,0.0,0.0,1551.0,0.0
1787905323.580696,2026-08-28T08:22:03+00:00,http_log_5m_x7,2804676.0,5469.0,35070378.0,21011008.0,44.0,35.0,45153912.0,1027617.0,1907.0,0.0,0.0,0.0,0.0,28.0,28.0,331045368.0,2643147264.0,1343070208.0,33622.0,48634007552.0,7341493.0,0.0,221.0,4895040.0,3391.0,67907.0,21714.0,0.0,0.0,1551.0,0.0
1787905324.585784,2026-08-28T08:22:04+00:00,http_log_5m_x7,2804676.0,5469.0,35070378.0,21011008.0,44.0,35.0,45153912.0,1027617.0,1907.0,0.0,1.0,0.0,0.0,28.0,29.0,331045368.0,2643147264.0,1343070208.0,33622.0,48634007552.0,7341493.0,0.0,221.0,4895040.0,3391.0,67907.0,21714.0,0.0,0.0,1551.0,0.0
1787905325.590861,2026-08-28T08:22:05+00:00,http_log_5m_x7,2804676.0,5469.0,35070378.0,21011008.0,44.0,35.0,45153912.0,1027617.0,1907.0,0.0,1.0,0.0,0.0,28.0,29.0,331045368.0,2643147264.0,1343070208.0,33622.0,48634007552.0,7341493.0,0.0,221.0,4895040.0,3391.0,67907.0,21714.0,0.0,0.0,1551.0,0.0
1787905326.59598,2026-08-28T08:22:06+00:00,http_log_5m_x7,2804676.0,5469.0,35070378.0,24007021.0,44.0,40.0,45153912.0,1065059.0,1813.0,1.0,0.0,0.0,0.0,22.0,29.0,331045368.0,2643147264.0,1343070208.0,33622.0,48634007552.0,7341493.0,0.0,221.0,4895040.0,3391.0,67907.0,21714.0,0.0,0.0,1551.0,0.0
1787905327.601072,2026-08-28T08:22:07+00:00,http_log_5m_x7,2804676.0,5469.0,35070378.0,24007021.0,44.0,40.0,45153912.0,1065059.0,1813.0,1.0,0.0,0.0,0.0,22.0,29.0,331045368.0,2643147264.0,1343070208.0,33622.0,48634007552.0,7341493.0,0.0,221.0,4895040.0,3391.0,67907.0,21714.0,0.0,0.0,1551.0,0.0
1787905328.606184,2026-08-28T08:22:08+00:00,http_log_5m_x7,2804676.0,5469.0,35070378.0,24007021.0,44.0,40.0,45153912.0,1065059.0,1813.0,1.0,0.0,0.0,0.0,22.0,29.0,331045368.0,2643147264.0,1343070208.0,33622.0,48634007552.0,7341493.0,0.0,221.0,4895040.0,3391.0,67907.0,21714.0,0.0,0.0,1551.0,0.0
1787905329.611302,2026-08-28T08:22:09+00:00,http_log_5m_x7,2804676.0,5469.0,35070378.0,24007021.0,44.0,40.0,45153912.0,1065059.0,1813.0,1.0,1.0,0.0,0.0,22.0,19.0,331045368.0,2643147264.0,1343070208.0,33622.0,48634007552.0,7341493.0,0.0,221.0,4895040.0,3391.0,67907.0,21714.0,0.0,0.0,1551.0,0.0
1787905330.612669,2026-08-28T08:22:10+00:00,http_log_5m_x7,2804676.0,5469.0,35070378.0,24007021.0,44.0,40.0,45153912.0,1065059.0,1813.0,1.0,1.0,0.0,0.0,22.0,19.0,331045368.0,2643147264.0,1343070208.0,33622.0,48634007552.0,7341493.0,0.0,221.0,4895040.0,3391.0,67907.0,21714.0,0.0,0.0,1551.0,0.0
1787905331.617763,2026-08-28T08:22:11+00:00,http_log_5m_x7,2804676.0,5469.0,35070378.0,26826465.0,44.0,45.0,45153912.0,924711.0,2049.0,1.0,0.0,0.0,0.0,22.0,19.0,331045368.0,2643147264.0,1343070208.0,33622.0,48634007552.0,7341493.0,0.0,221.0,4895040.0,3391.0,67907.0,21714.0,0.0,0.0,1551.0,0.0
1787905332.6210518,2026-08-28T08:22:12+00:00,http_log_5m_x7,2804676.0,5469.0,35070378.0,26826465.0,44.0,45.0,45153912.0,924711.0,2049.0,1.0,0.0,0.0,0.0,22.0,19.0,331045368.0,2643147264.0,1343070208.0,33622.0,48634007552.0,7341493.0,0.0,221.0,4895040.0,3391.0,67907.0,21714.0,0.0,0.0,1551.0,0.0
1787905333.626121,2026-08-28T08:22:13+00:00,http_log_5m_x7,2804676.0,5469.0,35070378.0,26826465.0,44.0,45.0,45153912.0,924711.0,2049.0,1.0,1.0,0.0,0.0,22.0,12.0,331045368.0,2643147264.0,1343070208.0,33622.0,48634007552.0,7341493.0,0.0,221.0,4895040.0,3391.0,67907.0,21714.0,0.0,0.0,1551.0,0.0
1787905334.630579,2026-08-28T08:22:14+00:00,http_log_5m_x7,2804676.0,5469.0,35070378.0,31944453.0,44.0,50.0,45153912.0,2006267.0,1551.0,1.0,0.0,0.0,0.0,22.0,12.0,331045368.0,2643147264.0,1343070208.0,33622.0,48634007552.0,7341493.0,0.0,221.0,4895040.0,3391.0,67907.0,21714.0,0.0,0.0,1551.0,0.0
1787905335.63567,2026-08-28T08:22:15+00:00,http_log_5m_x7,2916736.0,9124.0,64599422.0,31944453.0,49.0,50.0,342484120.0,2006267.0,1551.0,0.0,0.0,0.0,0.0,22.0,12.0,630328272.0,2643147264.0,1381969920.0,33743.0,48634007552.0,7341493.0,0.0,240.0,4904795.0,3402.0,70055.0,21778.0,0.0,0.0,1569.0,0.0
1787905336.640755,2026-08-28T08:22:16+00:00,http_log_5m_x7,2916736.0,9124.0,64599422.0,31944453.0,49.0,50.0,342484120.0,2006267.0,1551.0,0.0,0.0,0.0,0.0,22.0,12.0,630328272.0,2643147264.0,1381969920.0,33743.0,48430149632.0,59332995.0,0.0,240.0,4904795.0,3402.0,70055.0,21778.0,0.0,0.0,1569.0,0.0
1787905337.645845,2026-08-28T08:22:17+00:00,http_log_5m_x7,2916736.0,9124.0,64599422.0,31944453.0,49.0,50.0,342484120.0,2006267.0,1551.0,0.0,0.0,0.0,0.0,22.0,12.0,630328272.0,2643147264.0,1381969920.0,33743.0,48430149632.0,59332995.0,0.0,240.0,4904795.0,3402.0,70055.0,21778.0,0.0,0.0,1569.0,0.0
1787905338.64835,2026-08-28T08:22:18+00:00,http_log_5m_x7,2916736.0,9124.0,64599422.0,31944453.0,49.0,50.0,342484120.0,2006267.0,1551.0,0.0,1.0,0.0,0.0,22.0,27.0,630328272.0,2643147264.0,1381969920.0,33743.0,48430149632.0,59332995.0,0.0,240.0,4904795.0,3402.0,70055.0,21778.0,0.0,0.0,1569.0,0.0
1787905339.653441,2026-08-28T08:22:19+00:00,http_log_5m_x7,2916736.0,9124.0,64599422.0,31944453.0,49.0,50.0,342484120.0,2006267.0,1551.0,0.0,1.0,0.0,0.0,22.0,27.0,630328272.0,2643147264.0,1381969920.0,33743.0,48430149632.0,59332995.0,0.0,240.0,4904795.0,3402.0,70055.0,21778.0,0.0,0.0,1569.0,0.0
1787905340.658526,2026-08-28T08:22:20+00:00,http_log_5m_x7,2916736.0,9124.0,64599422.0,34904305.0,49.0,55.0,342484120.0,1015038.0,1916.0,0.0,0.0,0.0,0.0,22.0,27.0,630328272.0,2643147264.0,1381969920.0,33743.0,48430149632.0,59332995.0,0.0,240.0,4904795.0,3402.0,70055.0,21778.0,0.0,0.0,1569.0,0.0
1787905341.662606,2026-08-28T08:22:21+00:00,http_log_5m_x7,2916736.0,9124.0,64599422.0,34904305.0,49.0,55.0,342484120.0,1015038.0,1916.0,0.0,0.0,0.0,0.0,22.0,27.0,630328272.0,2643147264.0,1381969920.0,33743.0,48430149632.0,59332995.0,0.0,240.0,4904795.0,3402.0,70055.0,21778.0,0.0,0.0,1569.0,0.0
1787905342.667676,2026-08-28T08:22:22+00:00,http_log_5m_x7,2916736.0,9124.0,64599422.0,34904305.0,49.0,55.0,342484120.0,1015038.0,1916.0,0.0,1.0,0.0,0.0,22.0,20.0,630328272.0,2643147264.0,1381969920.0,33743.0,48430149632.0,59332995.0,0.0,240.0,4904795.0,3402.0,70055.0,21778.0,0.0,0.0,1569.0,0.0
1787905343.6724129,2026-08-28T08:22:23+00:00,http_log_5m_x7,2916736.0,9124.0,64599422.0,40135071.0,49.0,60.0,342484120.0,2110882.0,1478.0,0.0,0.0,0.0,0.0,22.0,20.0,630328272.0,2643147264.0,1381969920.0,33743.0,48430149632.0,59332995.0,0.0,240.0,4904795.0,3402.0,70055.0,21778.0,0.0,0.0,1569.0,0.0
1787905344.677495,2026-08-28T08:22:24+00:00,http_log_5m_x7,2916736.0,9124.0,64599422.0,40135071.0,49.0,60.0,342484120.0,2110882.0,1478.0,0.0,0.0,0.0,0.0,22.0,20.0,630328272.0,2643147264.0,1381969920.0,33743.0,48430149632.0,59332995.0,0.0,240.0,4904795.0,3402.0,70055.0,21778.0,0.0,0.0,1569.0,0.0
1787905345.682562,2026-08-28T08:22:25+00:00,http_log_5m_x7,2916736.0,9124.0,64599422.0,40135071.0,49.0,60.0,342484120.0,2110882.0,1478.0,0.0,0.0,0.0,0.0,22.0,20.0,630328272.0,2643147264.0,1381969920.0,33743.0,48430149632.0,59332995.0,0.0,240.0,4904795.0,3402.0,70055.0,21778.0,0.0,0.0,1569.0,0.0
1787905346.687625,2026-08-28T08:22:26+00:00,http_log_5m_x7,2916736.0,9124.0,64599422.0,40135071.0,49.0,60.0,342484120.0,2110882.0,1478.0,0.0,0.0,0.0,0.0,22.0,20.0,630328272.0,2643147264.0,1381969920.0,33743.0,48430149632.0,59332995.0,0.0,240.0,4904795.0,3402.0,70055.0,21778.0,0.0,0.0,1569.0,0.0
1787905347.692687,2026-08-28T08:22:27+00:00,http_log_5m_x7,2916736.0,9124.0,64599422.0,40135071.0,49.0,60.0,342484120.0,2110882.0,1478.0,0.0,1.0,0.0,0.0,22.0,28.0,630328272.0,2643147264.0,1381969920.0,33743.0,48430149632.0,59332995.0,0.0,240.0,4904795.0,3402.0,70055.0,21778.0,0.0,0.0,1569.0,0.0
1787905348.697761,2026-08-28T08:22:28+00:00,http_log_5m_x7,2916736.0,9124.0,64599422.0,40135071.0,49.0,60.0,342484120.0,2110882.0,1478.0,0.0,1.0,0.0,0.0,22.0,28.0,630328272.0,2643147264.0,1381969920.0,33743.0,48430149632.0,59332995.0,0.0,240.0,4904795.0,3402.0,70055.0,21778.0,0.0,0.0,1569.0,0.0
1787905349.702828,2026-08-28T08:22:29+00:00,http_log_5m_x7,2916736.0,9124.0,64599422.0,43159736.0,49.0,65.0,342484120.0,991368.0,2051.0,0.0,0.0,0.0,0.0,22.0,28.0,630328272.0,2643147264.0,1381969920.0,33743.0,48430149632.0,59332995.0,0.0,240.0,4904795.0,3402.0,70055.0,21778.0,0.0,0.0,1569.0,0.0
1787905350.707937,2026-08-28T08:22:30+00:00,http_log_5m_x7,2916736.0,9124.0,64599422.0,43159736.0,49.0,65.0,0.0,991368.0,2051.0,0.0,0.0,0.0,0.0,22.0,28.0,285565720.0,2643147264.0,1464172544.0,33862.0,48430149632.0,59332995.0,0.0,258.0,4915549.0,3414.0,71207.0,21834.0,0.0,0.0,1585.0,0.0
1787905351.712995,2026-08-28T08:22:31+00:00,http_log_5m_x7,2916736.0,9124.0,64599422.0,43159736.0,49.0,65.0,0.0,991368.0,2051.0,0.0,1.0,0.0,0.0,22.0,21.0,285565720.0,2643147264.0,1464172544.0,33862.0,48430149632.0,59332995.0,0.0,258.0,4915549.0,3414.0,71207.0,21834.0,0.0,0.0,1585.0,0.0
1787905352.718061,2026-08-28T08:22:32+00:00,http_log_5m_x7,2916736.0,9124.0,64599422.0,48448299.0,49.0,70.0,0.0,2131625.0,1481.0,0.0,0.0,0.0,0.0,22.0,21.0,285565720.0,2643147264.0,1464172544.0,33862.0,48430149632.0,59332995.0,0.0,258.0,4915549.0,3414.0,71207.0,21834.0,0.0,0.0,1585.0,0.0
1787905353.719627,2026-08-28T08:22:33+00:00,http_log_5m_x7,2916736.0,9124.0,64599422.0,48448299.0,49.0,70.0,0.0,2131625.0,1481.0,0.0,0.0,0.0,0.0,22.0,21.0,285565720.0,2643147264.0,1464172544.0,33862.0,48430149632.0,59332995.0,0.0,258.0,4915549.0,3414.0,71207.0,21834.0,0.0,0.0,1585.0,0.0
1787905354.7240598,2026-08-28T08:22:34+00:00,http_log_5m_x7,2916736.0,9124.0,64599422.0,48448299.0,49.0,70.0,0.0,2131625.0,1481.0,0.0,0.0,0.0,0.0,22.0,21.0,285565720.0,2643147264.0,1464172544.0,33862.0,48430149632.0,59332995.0,0.0,258.0,4915549.0,3414.0,71207.0,21834.0,0.0,0.0,1585.0,0.0
1787905355.7255528,2026-08-28T08:22:35+00:00,http_log_5m_x7,2916736.0,9124.0,64599422.0,48448299.0,49.0,70.0,0.0,2131625.0,1481.0,0.0,0.0,0.0,0.0,22.0,21.0,285565720.0,2643147264.0,1464172544.0,33862.0,48430149632.0,59332995.0,0.0,258.0,4915549.0,3414.0,71207.0,21834.0,0.0,0.0,1585.0,0.0
1787905356.728588,2026-08-28T08:22:36+00:00,http_log_5m_x7,2916736.0,9124.0,64599422.0,48448299.0,49.0,70.0,0.0,2131625.0,1481.0,0.0,1.0,0.0,0.0,22.0,30.0,285565720.0,2643147264.0,1464172544.0,33862.0,48430149632.0,59332995.0,0.0,258.0,4915549.0,3414.0,71207.0,21834.0,0.0,0.0,1585.0,0.0
1787905357.733671,2026-08-28T08:22:37+00:00,http_log_5m_x7,2916736.0,9124.0,64599422.0,51380001.0,49.0,75.0,0.0,1005040.0,1917.0,0.0,0.0,0.0,0.0,22.0,30.0,285565720.0,2643147264.0,1464172544.0,33862.0,48430149632.0,59332995.0,0.0,258.0,4915549.0,3414.0,71207.0,21834.0,0.0,0.0,1585.0,0.0
1787905358.738762,2026-08-28T08:22:38+00:00,http_log_5m_x7,2916736.0,9124.0,64599422.0,51380001.0,49.0,75.0,0.0,1005040.0,1917.0,0.0,0.0,0.0,0.0,22.0,30.0,285565720.0,2643147264.0,1464172544.0,33862.0,48430149632.0,59332995.0,0.0,258.0,4915549.0,3414.0,71207.0,21834.0,0.0,0.0,1585.0,0.0
1787905359.743825,2026-08-28T08:22:39+00:00,http_log_5m_x7,2916736.0,9124.0,64599422.0,51380001.0,49.0,75.0,0.0,1005040.0,1917.0,0.0,0.0,0.0,0.0,22.0,30.0,285565720.0,2643147264.0,1464172544.0,33862.0,48430149632.0,59332995.0,0.0,258.0,4915549.0,3414.0,71207.0,21834.0,0.0,0.0,1585.0,0.0
1787905360.7477582,2026-08-28T08:22:40+00:00,http_log_5m_x7,2916736.0,9124.0,64599422.0,51380001.0,49.0,75.0,0.0,1005040.0,1917.0,0.0,1.0,0.0,0.0,22.0,22.0,285565720.0,2643147264.0,1464172544.0,33862.0,48430149632.0,59332995.0,0.0,258.0,4915549.0,3414.0,71207.0,21834.0,0.0,0.0,1585.0,0.0
1787905361.752883,2026-08-28T08:22:41+00:00,http_log_5m_x7,2916736.0,9124.0,64599422.0,56611723.0,49.0,80.0,0.0,2118106.0,1470.0,1.0,0.0,0.0,0.0,19.0,22.0,285565720.0,2643147264.0,1464172544.0,33862.0,48430149632.0,59332995.0,0.0,258.0,4915549.0,3414.0,71207.0,21834.0,0.0,0.0,1585.0,0.0
1787905362.757952,2026-08-28T08:22:42+00:00,http_log_5m_x7,2916736.0,9124.0,64599422.0,56611723.0,49.0,80.0,0.0,2118106.0,1470.0,1.0,0.0,0.0,0.0,19.0,22.0,285565720.0,2643147264.0,1464172544.0,33862.0,48430149632.0,59332995.0,0.0,258.0,4915549.0,3414.0,71207.0,21834.0,0.0,0.0,1585.0,0.0
1787905363.7589812,2026-08-28T08:22:43+00:00,http_log_5m_x7,2916736.0,9124.0,64599422.0,56611723.0,49.0,80.0,0.0,2118106.0,1470.0,1.0,0.0,0.0,0.0,19.0,22.0,285565720.0,2643147264.0,1464172544.0,33862.0,48430149632.0,59332995.0,0.0,258.0,4915549.0,3414.0,71207.0,21834.0,0.0,0.0,1585.0,0.0
1787905364.7640471,2026-08-28T08:22:44+00:00,http_log_5m_x7,2916736.0,9124.0,64599422.0,56611723.0,49.0,80.0,135117416.0,2118106.0,1470.0,1.0,0.0,0.0,0.0,19.0,22.0,454793440.0,2643147264.0,1501999104.0,33952.0,48430149632.0,59332995.0,0.0,283.0,4926078.0,3424.0,72602.0,21886.0,0.0,0.0,1599.0,0.0
1787905365.769112,2026-08-28T08:22:45+00:00,http_log_5m_x7,2916736.0,9124.0,64599422.0,56611723.0,49.0,80.0,135117416.0,2118106.0,1470.0,1.0,1.0,0.0,0.0,19.0,19.0,454793440.0,2643147264.0,1501999104.0,33952.0,48430149632.0,59332995.0,0.0,283.0,4926078.0,3424.0,72602.0,21886.0,0.0,0.0,1599.0,0.0
1787905366.769949,2026-08-28T08:22:46+00:00,http_log_5m_x7,2916736.0,9124.0,64599422.0,56611723.0,49.0,80.0,135117416.0,2118106.0,1470.0,1.0,1.0,0.0,0.0,19.0,19.0,454793440.0,2643147264.0,1501999104.0,33952.0,48430149632.0,59332995.0,0.0,283.0,4926078.0,3424.0,72602.0,21886.0,0.0,0.0,1599.0,0.0
1787905367.77503,2026-08-28T08:22:47+00:00,http_log_5m_x7,2916736.0,9124.0,64599422.0,56611723.0,49.0,80.0,135117416.0,2118106.0,1470.0,1.0,1.0,0.0,0.0,19.0,19.0,454793440.0,2643147264.0,1501999104.0,33952.0,48430149632.0,59332995.0,0.0,283.0,4926078.0,3424.0,72602.0,21886.0,0.0,0.0,1599.0,0.0
1787905368.779352,2026-08-28T08:22:48+00:00,http_log_5m_x7,2916736.0,9124.0,64599422.0,59627051.0,49.0,85.0,135117416.0,941407.0,2203.0,1.0,0.0,0.0,0.0,19.0,19.0,454793440.0,2643147264.0,1501999104.0,33952.0,48430149632.0,59332995.0,0.0,283.0,4926078.0,3424.0,72602.0,21886.0,0.0,0.0,1599.0,0.0
1787905369.7844238,2026-08-28T08:22:49+00:00,http_log_5m_x7,2916736.0,9124.0,64599422.0,59627051.0,49.0,85.0,135117416.0,941407.0,2203.0,1.0,1.0,0.0,0.0,19.0,12.0,454793440.0,2643147264.0,1501999104.0,33952.0,48430149632.0,59332995.0,0.0,283.0,4926078.0,3424.0,72602.0,21886.0,0.0,0.0,1599.0,0.0
1787905370.7869592,2026-08-28T08:22:50+00:00,http_log_5m_x7,2916736.0,9124.0,64599422.0,59627051.0,49.0,85.0,135117416.0,941407.0,2203.0,1.0,1.0,0.0,0.0,19.0,12.0,454793440.0,2643147264.0,1501999104.0,33952.0,48430149632.0,59332995.0,0.0,283.0,4926078.0,3424.0,72602.0,21886.0,0.0,0.0,1599.0,0.0
1787905371.787624,2026-08-28T08:22:51+00:00,http_log_5m_x7,2916736.0,9124.0,64599422.0,64933116.0,49.0,90.0,135117416.0,2018282.0,1629.0,1.0,0.0,0.0,0.0,19.0,12.0,454793440.0,2643147264.0,1501999104.0,33952.0,48430149632.0,59332995.0,0.0,283.0,4926078.0,3424.0,72602.0,21886.0,0.0,0.0,1599.0,0.0
1787905372.789454,2026-08-28T08:22:52+00:00,http_log_5m_x7,2916736.0,9124.0,64599422.0,64933116.0,49.0,90.0,135117416.0,2018282.0,1629.0,1.0,0.0,0.0,0.0,19.0,12.0,454793440.0,2643147264.0,1501999104.0,33952.0,48430149632.0,59332995.0,0.0,283.0,4926078.0,3424.0,72602.0,21886.0,0.0,0.0,1599.0,0.0
1787905373.7945259,2026-08-28T08:22:53+00:00,http_log_5m_x7,2916736.0,9124.0,64599422.0,64933116.0,49.0,90.0,135117416.0,2018282.0,1629.0,1.0,1.0,0.0,0.0,19.0,11.0,454793440.0,2643147264.0,1501999104.0,33952.0,48430149632.0,59332995.0,0.0,283.0,4926078.0,3424.0,72602.0,21886.0,0.0,0.0,1599.0,0.0
1787905374.799577,2026-08-28T08:22:54+00:00,http_log_5m_x7,2916736.0,9124.0,64599422.0,64933116.0,49.0,90.0,135117416.0,2018282.0,1629.0,1.0,1.0,0.0,0.0,19.0,11.0,454793440.0,2643147264.0,1501999104.0,33952.0,48430149632.0,59332995.0,0.0,283.0,4926078.0,3424.0,72602.0,21886.0,0.0,0.0,1599.0,0.0
1787905375.804641,2026-08-28T08:22:55+00:00,http_log_5m_x7,2916736.0,9124.0,64599422.0,64933116.0,49.0,90.0,135117416.0,2018282.0,1629.0,1.0,1.0,0.0,0.0,19.0,11.0,454793440.0,2643147264.0,1501999104.0,33952.0,48430149632.0,59332995.0,0.0,283.0,4926078.0,3424.0,72602.0,21886.0,0.0,0.0,1599.0,0.0
1787905376.8080251,2026-08-28T08:22:56+00:00,http_log_5m_x7,2916736.0,9124.0,64599422.0,72510402.0,49.0,95.0,135117416.0,2249120.0,2369.0,1.0,0.0,0.0,0.0,19.0,11.0,454793440.0,2643147264.0,1501999104.0,33952.0,48430149632.0,59332995.0,0.0,283.0,4926078.0,3424.0,72602.0,21886.0,0.0,0.0,1599.0,0.0
1787905377.812665,2026-08-28T08:22:57+00:00,http_log_5m_x7,3076392.0,15197.0,114427746.0,72510402.0,54.0,95.0,135117416.0,2249120.0,2369.0,0.0,0.0,0.0,0.0,19.0,11.0,454793440.0,2643147264.0,1501999104.0,33952.0,48430149632.0,59332995.0,0.0,283.0,4926078.0,3424.0,72602.0,21886.0,0.0,0.0,1599.0,0.0
1787905378.817781,2026-08-28T08:22:58+00:00,http_log_5m_x7,3076392.0,15197.0,114427746.0,72510402.0,54.0,95.0,135117416.0,2249120.0,2369.0,0.0,1.0,0.0,0.0,19.0,27.0,454793440.0,2643147264.0,1501999104.0,33952.0,48430149632.0,59332995.0,0.0,283.0,4926078.0,3424.0,72602.0,21886.0,0.0,0.0,1599.0,0.0
1787905379.822829,2026-08-28T08:22:59+00:00,http_log_5m_x7,3076392.0,15197.0,114427746.0,72510402.0,54.0,95.0,42907240.0,2249120.0,2369.0,0.0,1.0,0.0,0.0,19.0,27.0,359733344.0,2643147264.0,1621585920.0,34094.0,48430149632.0,59332995.0,0.0,302.0,4935394.0,3437.0,75166.0,21963.0,0.0,0.0,1618.0,0.0
1787905380.827918,2026-08-28T08:23:00+00:00,http_log_5m_x7,3076392.0,15197.0,114427746.0,75451762.0,54.0,100.0,42907240.0,1003192.0,1932.0,0.0,0.0,0.0,0.0,19.0,27.0,359733344.0,2643147264.0,1621585920.0,34094.0,48430149632.0,59332995.0,0.0,302.0,4935394.0,3437.0,75166.0,21963.0,0.0,0.0,1618.0,0.0
1787905381.83109,2026-08-28T08:23:01+00:00,http_log_5m_x7,3076392.0,15197.0,114427746.0,75451762.0,54.0,100.0,42907240.0,1003192.0,1932.0,0.0,0.0,0.0,0.0,19.0,27.0,359733344.0,2643147264.0,1621585920.0,34094.0,48430149632.0,59332995.0,0.0,302.0,4935394.0,3437.0,75166.0,21963.0,0.0,0.0,1618.0,0.0
1787905382.831795,2026-08-28T08:23:02+00:00,http_log_5m_x7,3076392.0,15197.0,114427746.0,75451762.0,54.0,100.0,42907240.0,1003192.0,1932.0,0.0,1.0,0.0,0.0,19.0,20.0,359733344.0,2643147264.0,1621585920.0,34094.0,48430149632.0,59332995.0,0.0,302.0,4935394.0,3437.0,75166.0,21963.0,0.0,0.0,1618.0,0.0
1787905383.834219,2026-08-28T08:23:03+00:00,http_log_5m_x7,3076392.0,15197.0,114427746.0,75451762.0,54.0,100.0,42907240.0,1003192.0,1932.0,0.0,1.0,0.0,0.0,19.0,20.0,359733344.0,2643147264.0,1621585920.0,34094.0,48430149632.0,59332995.0,0.0,302.0,4935394.0,3437.0,75166.0,21963.0,0.0,0.0,1618.0,0.0
1787905384.839294,2026-08-28T08:23:04+00:00,http_log_5m_x7,3076392.0,15197.0,114427746.0,80645359.0,54.0,105.0,42907240.0,2155914.0,1409.0,0.0,0.0,0.0,0.0,19.0,20.0,359733344.0,2643147264.0,1621585920.0,34094.0,48430149632.0,59332995.0,0.0,302.0,4935394.0,3437.0,75166.0,21963.0,0.0,0.0,1618.0,0.0
1787905385.844383,2026-08-28T08:23:05+00:00,http_log_5m_x7,3076392.0,15197.0,114427746.0,80645359.0,54.0,105.0,42907240.0,2155914.0,1409.0,0.0,0.0,0.0,0.0,19.0,20.0,359733344.0,2643147264.0,1621585920.0,34094.0,48430149632.0,59332995.0,0.0,302.0,4935394.0,3437.0,75166.0,21963.0,0.0,0.0,1618.0,0.0
1787905386.8444889,2026-08-28T08:23:06+00:00,http_log_5m_x7,3076392.0,15197.0,114427746.0,80645359.0,54.0,105.0,42907240.0,2155914.0,1409.0,0.0,0.0,0.0,0.0,19.0,20.0,359733344.0,2643147264.0,1621585920.0,34094.0,48430149632.0,59332995.0,0.0,302.0,4935394.0,3437.0,75166.0,21963.0,0.0,0.0,1618.0,0.0
1787905387.845369,2026-08-28T08:23:07+00:00,http_log_5m_x7,3076392.0,15197.0,114427746.0,80645359.0,54.0,105.0,42907240.0,2155914.0,1409.0,0.0,1.0,0.0,0.0,19.0,28.0,359733344.0,2643147264.0,1621585920.0,34094.0,48430149632.0,59332995.0,0.0,302.0,4935394.0,3437.0,75166.0,21963.0,0.0,0.0,1618.0,0.0
1787905388.84834,2026-08-28T08:23:08+00:00,http_log_5m_x7,3076392.0,15197.0,114427746.0,80645359.0,54.0,105.0,42907240.0,2155914.0,1409.0,0.0,1.0,0.0,0.0,19.0,28.0,359733344.0,2643147264.0,1621585920.0,34094.0,48430149632.0,59332995.0,0.0,302.0,4935394.0,3437.0,75166.0,21963.0,0.0,0.0,1618.0,0.0
1787905389.853429,2026-08-28T08:23:09+00:00,http_log_5m_x7,3076392.0,15197.0,114427746.0,83661058.0,54.0,110.0,42907240.0,971552.0,2104.0,0.0,0.0,0.0,0.0,19.0,28.0,359733344.0,2643147264.0,1621585920.0,34094.0,48430149632.0,59332995.0,0.0,302.0,4935394.0,3437.0,75166.0,21963.0,0.0,0.0,1618.0,0.0
1787905390.854336,2026-08-28T08:23:10+00:00,http_log_5m_x7,3076392.0,15197.0,114427746.0,83661058.0,54.0,110.0,42907240.0,971552.0,2104.0,0.0,0.0,0.0,0.0,19.0,28.0,359733344.0,2643147264.0,1621585920.0,34094.0,48430149632.0,59332995.0,0.0,302.0,4935394.0,3437.0,75166.0,21963.0,0.0,0.0,1618.0,0.0
1787905391.8594198,2026-08-28T08:23:11+00:00,http_log_5m_x7,3076392.0,15197.0,114427746.0,83661058.0,54.0,110.0,42907240.0,971552.0,2104.0,0.0,1.0,0.0,0.0,19.0,21.0,359733344.0,2643147264.0,1621585920.0,34094.0,48430149632.0,59332995.0,0.0,302.0,4935394.0,3437.0,75166.0,21963.0,0.0,0.0,1618.0,0.0
1787905392.864513,2026-08-28T08:23:12+00:00,http_log_5m_x7,3076392.0,15197.0,114427746.0,83661058.0,54.0,110.0,42907240.0,971552.0,2104.0,0.0,1.0,0.0,0.0,19.0,21.0,359733344.0,2643147264.0,1621585920.0,34094.0,48430149632.0,59332995.0,0.0,302.0,4935394.0,3437.0,75166.0,21963.0,0.0,0.0,1618.0,0.0
1787905393.869649,2026-08-28T08:23:13+00:00,http_log_5m_x7,3076392.0,15197.0,114427746.0,88845563.0,54.0,115.0,42907240.0,2126540.0,1438.0,0.0,0.0,0.0,0.0,19.0,21.0,359733344.0,2643147264.0,1621585920.0,34094.0,48430149632.0,59332995.0,0.0,302.0,4935394.0,3437.0,75166.0,21963.0,0.0,0.0,1618.0,0.0
1787905394.8700402,2026-08-28T08:23:14+00:00,http_log_5m_x7,3076392.0,15197.0,114427746.0,88845563.0,54.0,115.0,0.0,2126540.0,1438.0,0.0,0.0,0.0,0.0,19.0,21.0,315418784.0,2643147264.0,1663004672.0,34200.0,48430149632.0,59332995.0,0.0,320.0,4946133.0,3447.0,76348.0,22008.0,0.0,0.0,1633.0,0.0
1787905395.8751302,2026-08-28T08:23:15+00:00,http_log_5m_x7,3076392.0,15197.0,114427746.0,88845563.0,54.0,115.0,0.0,2126540.0,1438.0,0.0,0.0,0.0,0.0,19.0,21.0,315418784.0,2643147264.0,1663004672.0,34200.0,48430149632.0,59332995.0,0.0,320.0,4946133.0,3447.0,76348.0,22008.0,0.0,0.0,1633.0,0.0
1787905396.880215,2026-08-28T08:23:16+00:00,http_log_5m_x7,3076392.0,15197.0,114427746.0,88845563.0,54.0,115.0,0.0,2126540.0,1438.0,0.0,1.0,0.0,0.0,19.0,29.0,315418784.0,2643147264.0,1663004672.0,34200.0,48204148736.0,112072842.0,0.0,320.0,4946133.0,3447.0,76348.0,22008.0,0.0,0.0,1633.0,0.0
1787905397.8826811,2026-08-28T08:23:17+00:00,http_log_5m_x7,3076392.0,15197.0,114427746.0,88845563.0,54.0,115.0,0.0,2126540.0,1438.0,0.0,1.0,0.0,0.0,19.0,29.0,315418784.0,2643147264.0,1663004672.0,34200.0,48204148736.0,112072842.0,0.0,320.0,4946133.0,3447.0,76348.0,22008.0,0.0,0.0,1633.0,0.0
1787905398.887412,2026-08-28T08:23:18+00:00,http_log_5m_x7,3076392.0,15197.0,114427746.0,91795624.0,54.0,120.0,0.0,971373.0,2037.0,0.0,0.0,0.0,0.0,19.0,29.0,315418784.0,2643147264.0,1663004672.0,34200.0,48204148736.0,112072842.0,0.0,320.0,4946133.0,3447.0,76348.0,22008.0,0.0,0.0,1633.0,0.0
1787905399.891445,2026-08-28T08:23:19+00:00,http_log_5m_x7,3076392.0,15197.0,114427746.0,91795624.0,54.0,120.0,0.0,971373.0,2037.0,0.0,0.0,0.0,0.0,19.0,29.0,315418784.0,2643147264.0,1663004672.0,34200.0,48204148736.0,112072842.0,0.0,320.0,4946133.0,3447.0,76348.0,22008.0,0.0,0.0,1633.0,0.0
1787905400.8965209,2026-08-28T08:23:20+00:00,http_log_5m_x7,3076392.0,15197.0,114427746.0,91795624.0,54.0,120.0,0.0,971373.0,2037.0,0.0,1.0,0.0,0.0,19.0,22.0,315418784.0,2643147264.0,1663004672.0,34200.0,48204148736.0,112072842.0,0.0,320.0,4946133.0,3447.0,76348.0,22008.0,0.0,0.0,1633.0,0.0
1787905401.901593,2026-08-28T08:23:21+00:00,http_log_5m_x7,3076392.0,15197.0,114427746.0,91795624.0,54.0,120.0,0.0,971373.0,2037.0,0.0,1.0,0.0,0.0,19.0,22.0,315418784.0,2643147264.0,1663004672.0,34200.0,48204148736.0,112072842.0,0.0,320.0,4946133.0,3447.0,76348.0,22008.0,0.0,0.0,1633.0,0.0
1787905402.90317,2026-08-28T08:23:22+00:00,http_log_5m_x7,3076392.0,15197.0,114427746.0,96961801.0,54.0,125.0,0.0,2140976.0,1413.0,0.0,0.0,0.0,0.0,19.0,22.0,315418784.0,2643147264.0,1663004672.0,34200.0,48204148736.0,112072842.0,0.0,320.0,4946133.0,3447.0,76348.0,22008.0,0.0,0.0,1633.0,0.0
1787905403.908283,2026-08-28T08:23:23+00:00,http_log_5m_x7,3076392.0,15197.0,114427746.0,96961801.0,54.0,125.0,0.0,2140976.0,1413.0,0.0,0.0,0.0,0.0,19.0,22.0,315418784.0,2643147264.0,1663004672.0,34200.0,48204148736.0,112072842.0,0.0,320.0,4946133.0,3447.0,76348.0,22008.0,0.0,0.0,1633.0,0.0
1787905404.9133599,2026-08-28T08:23:24+00:00,http_log_5m_x7,3076392.0,15197.0,114427746.0,96961801.0,54.0,125.0,0.0,2140976.0,1413.0,0.0,0.0,0.0,0.0,19.0,22.0,315418784.0,2643147264.0,1663004672.0,34200.0,48204148736.0,112072842.0,0.0,320.0,4946133.0,3447.0,76348.0,22008.0,0.0,0.0,1633.0,0.0
1787905405.914742,2026-08-28T08:23:25+00:00,http_log_5m_x7,3076392.0,15197.0,114427746.0,96961801.0,54.0,125.0,0.0,2140976.0,1413.0,0.0,1.0,0.0,0.0,19.0,31.0,315418784.0,2643147264.0,1663004672.0,34200.0,48204148736.0,112072842.0,0.0,320.0,4946133.0,3447.0,76348.0,22008.0,0.0,0.0,1633.0,0.0
1787905406.919832,2026-08-28T08:23:26+00:00,http_log_5m_x7,3076392.0,15197.0,114427746.0,96961801.0,54.0,125.0,0.0,2140976.0,1413.0,1.0,1.0,0.0,0.0,18.0,31.0,315418784.0,2643147264.0,1663004672.0,34200.0,48204148736.0,112072842.0,0.0,320.0,4946133.0,3447.0,76348.0,22008.0,0.0,0.0,1633.0,0.0
1787905407.924938,2026-08-28T08:23:27+00:00,http_log_5m_x7,3076392.0,15197.0,114427746.0,99930653.0,54.0,130.0,0.0,954921.0,2109.0,1.0,0.0,0.0,0.0,18.0,31.0,315418784.0,2643147264.0,1663004672.0,34200.0,48204148736.0,112072842.0,0.0,320.0,4946133.0,3447.0,76348.0,22008.0,0.0,0.0,1633.0,0.0
1787905408.927229,2026-08-28T08:23:28+00:00,http_log_5m_x7,3076392.0,15197.0,114427746.0,99930653.0,54.0,130.0,0.0,954921.0,2109.0,1.0,0.0,0.0,0.0,18.0,31.0,315418784.0,2643147264.0,1663004672.0,34200.0,48204148736.0,112072842.0,0.0,320.0,4946133.0,3447.0,76348.0,22008.0,0.0,0.0,1633.0,0.0
1787905409.929436,2026-08-28T08:23:29+00:00,http_log_5m_x7,3076392.0,15197.0,114427746.0,99930653.0,54.0,130.0,145490976.0,954921.0,2109.0,1.0,1.0,0.0,0.0,18.0,12.0,456882392.0,2643147264.0,1698746368.0,34311.0,48204148736.0,112072842.0,0.0,339.0,4956607.0,3457.0,77799.0,22058.0,0.0,0.0,1647.0,0.0
1787905410.93051,2026-08-28T08:23:30+00:00,http_log_5m_x7,3076392.0,15197.0,114427746.0,99930653.0,54.0,130.0,145490976.0,954921.0,2109.0,1.0,1.0,0.0,0.0,18.0,12.0,456882392.0,2643147264.0,1698746368.0,34311.0,48204148736.0,112072842.0,0.0,339.0,4956607.0,3457.0,77799.0,22058.0,0.0,0.0,1647.0,0.0
1787905411.935606,2026-08-28T08:23:31+00:00,http_log_5m_x7,3076392.0,15197.0,114427746.0,105143584.0,54.0,135.0,145490976.0,2017388.0,1584.0,1.0,0.0,0.0,0.0,18.0,12.0,456882392.0,2643147264.0,1698746368.0,34311.0,48204148736.0,112072842.0,0.0,339.0,4956607.0,3457.0,77799.0,22058.0,0.0,0.0,1647.0,0.0
1787905412.93599,2026-08-28T08:23:32+00:00,http_log_5m_x7,3076392.0,15197.0,114427746.0,105143584.0,54.0,135.0,145490976.0,2017388.0,1584.0,1.0,0.0,0.0,0.0,18.0,12.0,456882392.0,2643147264.0,1698746368.0,34311.0,48204148736.0,112072842.0,0.0,339.0,4956607.0,3457.0,77799.0,22058.0,0.0,0.0,1647.0,0.0
1787905413.937428,2026-08-28T08:23:33+00:00,http_log_5m_x7,3076392.0,15197.0,114427746.0,105143584.0,54.0,135.0,145490976.0,2017388.0,1584.0,1.0,1.0,0.0,0.0,18.0,11.0,456882392.0,2643147264.0,1698746368.0,34311.0,48204148736.0,112072842.0,0.0,339.0,4956607.0,3457.0,77799.0,22058.0,0.0,0.0,1647.0,0.0
1787905414.9424949,2026-08-28T08:23:34+00:00,http_log_5m_x7,3076392.0,15197.0,114427746.0,105143584.0,54.0,135.0,145490976.0,2017388.0,1584.0,1.0,1.0,0.0,0.0,18.0,11.0,456882392.0,2643147264.0,1698746368.0,34311.0,48204148736.0,112072842.0,0.0,339.0,4956607.0,3457.0,77799.0,22058.0,0.0,0.0,1647.0,0.0
1787905415.947594,2026-08-28T08:23:35+00:00,http_log_5m_x7,3076392.0,15197.0,114427746.0,105143584.0,54.0,135.0,145490976.0,2017388.0,1584.0,1.0,1.0,0.0,0.0,18.0,11.0,456882392.0,2643147264.0,1698746368.0,34311.0,48204148736.0,112072842.0,0.0,339.0,4956607.0,3457.0,77799.0,22058.0,0.0,0.0,1647.0,0.0
1787905416.952682,2026-08-28T08:23:36+00:00,http_log_5m_x7,3076392.0,15197.0,114427746.0,112607525.0,54.0,140.0,145490976.0,2200454.0,2392.0,1.0,0.0,0.0,0.0,18.0,11.0,456882392.0,2643147264.0,1698746368.0,34311.0,48204148736.0,112072842.0,0.0,339.0,4956607.0,3457.0,77799.0,22058.0,0.0,0.0,1647.0,0.0
1787905417.95385,2026-08-28T08:23:37+00:00,http_log_5m_x7,3076392.0,15197.0,114427746.0,112607525.0,54.0,140.0,145490976.0,2200454.0,2392.0,1.0,0.0,0.0,0.0,18.0,11.0,456882392.0,2643147264.0,1698746368.0,34311.0,48204148736.0,112072842.0,0.0,339.0,4956607.0,3457.0,77799.0,22058.0,0.0,0.0,1647.0,0.0
1787905418.954401,2026-08-28T08:23:38+00:00,http_log_5m_x7,3076392.0,15197.0,114427746.0,112607525.0,54.0,140.0,145490976.0,2200454.0,2392.0,1.0,1.0,0.0,0.0,18.0,27.0,456882392.0,2643147264.0,1698746368.0,34311.0,48204148736.0,112072842.0,0.0,339.0,4956607.0,3457.0,77799.0,22058.0,0.0,0.0,1647.0,0.0
1787905419.95951,2026-08-28T08:23:39+00:00,http_log_5m_x7,3076392.0,15197.0,114427746.0,112607525.0,54.0,140.0,145490976.0,2200454.0,2392.0,1.0,1.0,0.0,0.0,18.0,27.0,456882392.0,2643147264.0,1698746368.0,34311.0,48204148736.0,112072842.0,0.0,339.0,4956607.0,3457.0,77799.0,22058.0,0.0,0.0,1647.0,0.0
1787905420.9645991,2026-08-28T08:23:40+00:00,http_log_5m_x7,3076392.0,15197.0,114427746.0,115593721.0,54.0,145.0,145490976.0,936992.0,2187.0,1.0,0.0,0.0,0.0,18.0,27.0,456882392.0,2643147264.0,1698746368.0,34311.0,48204148736.0,112072842.0,0.0,339.0,4956607.0,3457.0,77799.0,22058.0,0.0,0.0,1647.0,0.0
1787905421.969695,2026-08-28T08:23:41+00:00,http_log_5m_x7,3076392.0,15197.0,114427746.0,115593721.0,54.0,145.0,145490976.0,936992.0,2187.0,1.0,0.0,0.0,0.0,18.0,27.0,456882392.0,2643147264.0,1698746368.0,34311.0,48204148736.0,112072842.0,0.0,339.0,4956607.0,3457.0,77799.0,22058.0,0.0,0.0,1647.0,0.0
1787905422.9747572,2026-08-28T08:23:42+00:00,http_log_5m_x7,3076392.0,15197.0,114427746.0,115593721.0,54.0,145.0,145490976.0,936992.0,2187.0,1.0,0.0,0.0,0.0,18.0,27.0,456882392.0,2643147264.0,1698746368.0,34311.0,48204148736.0,112072842.0,0.0,339.0,4956607.0,3457.0,77799.0,22058.0,0.0,0.0,1647.0,0.0
1787905423.979861,2026-08-28T08:23:43+00:00,http_log_5m_x7,3076392.0,15197.0,114427746.0,115593721.0,54.0,145.0,145490976.0,936992.0,2187.0,1.0,1.0,0.0,0.0,18.0,28.0,456882392.0,2643147264.0,1698746368.0,34311.0,48204148736.0,112072842.0,0.0,339.0,4956607.0,3457.0,77799.0,22058.0,0.0,0.0,1647.0,0.0
1787905424.984982,2026-08-28T08:23:44+00:00,http_log_5m_x7,3076392.0,15197.0,114427746.0,115593721.0,54.0,145.0,725682216.0,936992.0,2187.0,1.0,1.0,0.0,0.0,18.0,28.0,1021238400.0,2643147264.0,1739354112.0,34450.0,48204148736.0,112072842.0,0.0,351.0,4965632.0,3471.0,80678.0,22131.0,0.0,0.0,1670.0,0.0
1787905425.990071,2026-08-28T08:23:45+00:00,http_log_5m_x7,3076392.0,15197.0,114427746.0,118506689.0,54.0,150.0,725682216.0,965518.0,2017.0,1.0,0.0,0.0,0.0,18.0,28.0,1021238400.0,2643147264.0,1739354112.0,34450.0,48204148736.0,112072842.0,0.0,351.0,4965632.0,3471.0,80678.0,22131.0,0.0,0.0,1670.0,0.0
1787905426.995183,2026-08-28T08:23:47+00:00,http_log_5m_x7,3076392.0,15197.0,114427746.0,118506689.0,54.0,150.0,725682216.0,965518.0,2017.0,1.0,0.0,0.0,0.0,18.0,28.0,1021238400.0,2643147264.0,1739354112.0,34450.0,48204148736.0,112072842.0,0.0,351.0,4965632.0,3471.0,80678.0,22131.0,0.0,0.0,1670.0,0.0
1787905428.000263,2026-08-28T08:23:48+00:00,http_log_5m_x7,3076392.0,15197.0,114427746.0,118506689.0,54.0,150.0,725682216.0,965518.0,2017.0,1.0,0.0,0.0,0.0,18.0,28.0,1021238400.0,2643147264.0,1739354112.0,34450.0,48204148736.0,112072842.0,0.0,351.0,4965632.0,3471.0,80678.0,22131.0,0.0,0.0,1670.0,0.0
1787905429.0053499,2026-08-28T08:23:49+00:00,http_log_5m_x7,3091942.0,22393.0,186757563.0,118506689.0,59.0,150.0,725682216.0,965518.0,2017.0,0.0,1.0,0.0,0.0,18.0,30.0,1021238400.0,2643147264.0,1739354112.0,34450.0,48204148736.0,112072842.0,0.0,351.0,4965632.0,3471.0,80678.0,22131.0,0.0,0.0,1670.0,0.0
1787905430.0104508,2026-08-28T08:23:50+00:00,http_log_5m_x7,3091942.0,22393.0,186757563.0,118506689.0,59.0,150.0,725682216.0,965518.0,2017.0,0.0,1.0,0.0,0.0,18.0,30.0,1021238400.0,2643147264.0,1739354112.0,34450.0,48204148736.0,112072842.0,0.0,351.0,4965632.0,3471.0,80678.0,22131.0,0.0,0.0,1670.0,0.0
1787905431.012724,2026-08-28T08:23:51+00:00,http_log_5m_x7,3091942.0,22393.0,186757563.0,121447311.0,59.0,155.0,725682216.0,973715.0,2020.0,0.0,0.0,0.0,0.0,18.0,30.0,1021238400.0,2643147264.0,1739354112.0,34450.0,48204148736.0,112072842.0,0.0,351.0,4965632.0,3471.0,80678.0,22131.0,0.0,0.0,1670.0,0.0
1787905432.017827,2026-08-28T08:23:52+00:00,http_log_5m_x7,3091942.0,22393.0,186757563.0,121447311.0,59.0,155.0,725682216.0,973715.0,2020.0,0.0,1.0,0.0,0.0,18.0,24.0,1021238400.0,2643147264.0,1739354112.0,34450.0,48204148736.0,112072842.0,0.0,351.0,4965632.0,3471.0,80678.0,22131.0,0.0,0.0,1670.0,0.0
1787905433.021815,2026-08-28T08:23:53+00:00,http_log_5m_x7,3091942.0,22393.0,186757563.0,121447311.0,59.0,155.0,725682216.0,973715.0,2020.0,0.0,1.0,0.0,0.0,18.0,24.0,1021238400.0,2643147264.0,1739354112.0,34450.0,48204148736.0,112072842.0,0.0,351.0,4965632.0,3471.0,80678.0,22131.0,0.0,0.0,1670.0,0.0
1787905434.024055,2026-08-28T08:23:54+00:00,http_log_5m_x7,3091942.0,22393.0,186757563.0,121447311.0,59.0,155.0,725682216.0,973715.0,2020.0,0.0,1.0,0.0,0.0,18.0,24.0,1021238400.0,2643147264.0,1739354112.0,34450.0,48204148736.0,112072842.0,0.0,351.0,4965632.0,3471.0,80678.0,22131.0,0.0,0.0,1670.0,0.0
1787905435.0291672,2026-08-28T08:23:55+00:00,http_log_5m_x7,3091942.0,22393.0,186757563.0,131688138.0,59.0,161.0,725682216.0,2637349.0,2883.0,0.0,0.0,0.0,0.0,18.0,24.0,1021238400.0,2643147264.0,1739354112.0,34450.0,48204148736.0,112072842.0,0.0,351.0,4965632.0,3471.0,80678.0,22131.0,0.0,0.0,1670.0,0.0
1787905436.034116,2026-08-28T08:23:56+00:00,http_log_5m_x7,3091942.0,22393.0,186757563.0,131688138.0,59.0,161.0,725682216.0,2637349.0,2883.0,0.0,0.0,0.0,0.0,18.0,24.0,1021238400.0,2643147264.0,1739354112.0,34450.0,48204148736.0,112072842.0,0.0,351.0,4965632.0,3471.0,80678.0,22131.0,0.0,0.0,1670.0,0.0
1787905437.039197,2026-08-28T08:23:57+00:00,http_log_5m_x7,3091942.0,22393.0,186757563.0,131688138.0,59.0,161.0,725682216.0,2637349.0,2883.0,0.0,1.0,0.0,0.0,18.0,28.0,1021238400.0,2643147264.0,1739354112.0,34450.0,48204148736.0,112072842.0,0.0,351.0,4965632.0,3471.0,80678.0,22131.0,0.0,0.0,1670.0,0.0
1787905438.044288,2026-08-28T08:23:58+00:00,http_log_5m_x7,3091942.0,22393.0,186757563.0,131688138.0,59.0,161.0,725682216.0,2637349.0,2883.0,0.0,1.0,0.0,0.0,18.0,28.0,1021238400.0,2643147264.0,1739354112.0,34450.0,48204148736.0,112072842.0,0.0,351.0,4965632.0,3471.0,80678.0,22131.0,0.0,0.0,1670.0,0.0
1787905439.046078,2026-08-28T08:23:59+00:00,http_log_5m_x7,3091942.0,22393.0,186757563.0,134629089.0,59.0,166.0,725682216.0,994908.0,1956.0,0.0,0.0,0.0,0.0,18.0,28.0,1021238400.0,2643147264.0,1739354112.0,34450.0,48204148736.0,112072842.0,0.0,351.0,4965632.0,3471.0,80678.0,22131.0,0.0,0.0,1670.0,0.0
1787905440.051153,2026-08-28T08:24:00+00:00,http_log_5m_x7,3091942.0,22393.0,186757563.0,134629089.0,59.0,166.0,0.0,994908.0,1956.0,0.0,0.0,0.0,0.0,18.0,28.0,296881032.0,2643147264.0,1898094592.0,34637.0,48204148736.0,112072842.0,1.0,369.0,4975679.0,3488.0,82533.0,22197.0,0.0,0.0,1688.0,0.0
1787905441.0562549,2026-08-28T08:24:01+00:00,http_log_5m_x7,3091942.0,22393.0,186757563.0,134629089.0,59.0,166.0,0.0,994908.0,1956.0,0.0,1.0,0.0,0.0,18.0,21.0,296881032.0,2643147264.0,1898094592.0,34637.0,48204148736.0,112072842.0,1.0,369.0,4975679.0,3488.0,82533.0,22197.0,0.0,0.0,1688.0,0.0
1787905442.0613482,2026-08-28T08:24:02+00:00,http_log_5m_x7,3091942.0,22393.0,186757563.0,139767209.0,59.0,171.0,0.0,2150740.0,1389.0,0.0,0.0,0.0,0.0,18.0,21.0,296881032.0,2643147264.0,1898094592.0,34637.0,48204148736.0,112072842.0,1.0,369.0,4975679.0,3488.0,82533.0,22197.0,0.0,0.0,1688.0,0.0
1787905443.0664132,2026-08-28T08:24:03+00:00,http_log_5m_x7,3091942.0,22393.0,186757563.0,139767209.0,59.0,171.0,0.0,2150740.0,1389.0,0.0,0.0,0.0,0.0,18.0,21.0,296881032.0,2643147264.0,1898094592.0,34637.0,48204148736.0,112072842.0,1.0,369.0,4975679.0,3488.0,82533.0,22197.0,0.0,0.0,1688.0,0.0
1787905444.0714922,2026-08-28T08:24:04+00:00,http_log_5m_x7,3091942.0,22393.0,186757563.0,139767209.0,59.0,171.0,0.0,2150740.0,1389.0,0.0,0.0,0.0,0.0,18.0,21.0,296881032.0,2643147264.0,1898094592.0,34637.0,48204148736.0,112072842.0,1.0,369.0,4975679.0,3488.0,82533.0,22197.0,0.0,0.0,1688.0,0.0
1787905445.07537,2026-08-28T08:24:05+00:00,http_log_5m_x7,3091942.0,22393.0,186757563.0,139767209.0,59.0,171.0,0.0,2150740.0,1389.0,0.0,1.0,0.0,0.0,18.0,20.0,296881032.0,2643147264.0,1898094592.0,34637.0,48204148736.0,112072842.0,1.0,369.0,4975679.0,3488.0,82533.0,22197.0,0.0,0.0,1688.0,0.0
1787905446.080447,2026-08-28T08:24:06+00:00,http_log_5m_x7,3091942.0,22393.0,186757563.0,139767209.0,59.0,171.0,0.0,2150740.0,1389.0,0.0,1.0,0.0,0.0,18.0,20.0,296881032.0,2643147264.0,1898094592.0,34637.0,48204148736.0,112072842.0,1.0,369.0,4975679.0,3488.0,82533.0,22197.0,0.0,0.0,1688.0,0.0
1787905447.0855749,2026-08-28T08:24:07+00:00,http_log_5m_x7,3091942.0,22393.0,186757563.0,147165664.0,59.0,176.0,0.0,2444154.0,2027.0,0.0,0.0,0.0,0.0,18.0,20.0,296881032.0,2643147264.0,1898094592.0,34637.0,48204148736.0,112072842.0,1.0,369.0,4975679.0,3488.0,82533.0,22197.0,0.0,0.0,1688.0,0.0
1787905448.090014,2026-08-28T08:24:08+00:00,http_log_5m_x7,3091942.0,22393.0,186757563.0,147165664.0,59.0,176.0,0.0,2444154.0,2027.0,0.0,0.0,0.0,0.0,18.0,20.0,296881032.0,2643147264.0,1898094592.0,34637.0,48204148736.0,112072842.0,1.0,369.0,4975679.0,3488.0,82533.0,22197.0,0.0,0.0,1688.0,0.0
1787905449.095082,2026-08-28T08:24:09+00:00,http_log_5m_x7,3091942.0,22393.0,186757563.0,147165664.0,59.0,176.0,0.0,2444154.0,2027.0,0.0,0.0,0.0,0.0,18.0,20.0,296881032.0,2643147264.0,1898094592.0,34637.0,48204148736.0,112072842.0,1.0,369.0,4975679.0,3488.0,82533.0,22197.0,0.0,0.0,1688.0,0.0
1787905450.100147,2026-08-28T08:24:10+00:00,http_log_5m_x7,3091942.0,22393.0,186757563.0,147165664.0,59.0,176.0,0.0,2444154.0,2027.0,0.0,1.0,0.0,0.0,18.0,29.0,296881032.0,2643147264.0,1898094592.0,34637.0,48204148736.0,112072842.0,1.0,369.0,4975679.0,3488.0,82533.0,22197.0,0.0,0.0,1688.0,0.0
1787905451.101196,2026-08-28T08:24:11+00:00,http_log_5m_x7,3091942.0,22393.0,186757563.0,147165664.0,59.0,176.0,0.0,2444154.0,2027.0,0.0,1.0,0.0,0.0,18.0,29.0,296881032.0,2643147264.0,1898094592.0,34637.0,48204148736.0,112072842.0,1.0,369.0,4975679.0,3488.0,82533.0,22197.0,0.0,0.0,1688.0,0.0
1787905452.10626,2026-08-28T08:24:12+00:00,http_log_5m_x7,3091942.0,22393.0,186757563.0,150144054.0,59.0,181.0,0.0,1002824.0,1970.0,0.0,0.0,0.0,0.0,18.0,29.0,296881032.0,2643147264.0,1898094592.0,34637.0,48204148736.0,112072842.0,1.0,369.0,4975679.0,3488.0,82533.0,22197.0,0.0,0.0,1688.0,0.0
1787905453.111326,2026-08-28T08:24:13+00:00,http_log_5m_x7,3091942.0,22393.0,186757563.0,150144054.0,59.0,181.0,0.0,1002824.0,1970.0,0.0,0.0,0.0,0.0,18.0,29.0,296881032.0,2643147264.0,1898094592.0,34637.0,48204148736.0,112072842.0,1.0,369.0,4975679.0,3488.0,82533.0,22197.0,0.0,0.0,1688.0,0.0
1787905454.111917,2026-08-28T08:24:14+00:00,http_log_5m_x7,3091942.0,22393.0,186757563.0,150144054.0,59.0,181.0,0.0,1002824.0,1970.0,0.0,1.0,0.0,0.0,18.0,22.0,296881032.0,2643147264.0,1898094592.0,34637.0,48204148736.0,112072842.0,1.0,369.0,4975679.0,3488.0,82533.0,22197.0,0.0,0.0,1688.0,0.0
1787905455.116982,2026-08-28T08:24:15+00:00,http_log_5m_x7,3091942.0,22393.0,186757563.0,155403135.0,59.0,186.0,42602280.0,2061576.0,1551.0,0.0,0.0,0.0,0.0,18.0,22.0,340015528.0,2643147264.0,1939824640.0,34748.0,48204148736.0,112072842.0,0.0,388.0,4986373.0,3498.0,83773.0,22245.0,0.0,0.0,1705.0,0.0
1787905456.122057,2026-08-28T08:24:16+00:00,http_log_5m_x7,3091942.0,22393.0,186757563.0,155403135.0,59.0,186.0,42602280.0,2061576.0,1551.0,0.0,0.0,0.0,0.0,18.0,22.0,340015528.0,2643147264.0,1939824640.0,34748.0,47931244544.0,162665420.0,0.0,388.0,4986373.0,3498.0,83773.0,22245.0,0.0,0.0,1705.0,0.0
1787905457.127132,2026-08-28T08:24:17+00:00,http_log_5m_x7,3091942.0,22393.0,186757563.0,155403135.0,59.0,186.0,42602280.0,2061576.0,1551.0,0.0,0.0,0.0,0.0,18.0,22.0,340015528.0,2643147264.0,1939824640.0,34748.0,47931244544.0,162665420.0,0.0,388.0,4986373.0,3498.0,83773.0,22245.0,0.0,0.0,1705.0,0.0
1787905458.1322,2026-08-28T08:24:18+00:00,http_log_5m_x7,3091942.0,22393.0,186757563.0,155403135.0,59.0,186.0,42602280.0,2061576.0,1551.0,0.0,1.0,0.0,0.0,18.0,21.0,340015528.0,2643147264.0,1939824640.0,34748.0,47931244544.0,162665420.0,0.0,388.0,4986373.0,3498.0,83773.0,22245.0,0.0,0.0,1705.0,0.0
1787905459.1368582,2026-08-28T08:24:19+00:00,http_log_5m_x7,3091942.0,22393.0,186757563.0,155403135.0,59.0,186.0,42602280.0,2061576.0,1551.0,0.0,1.0,0.0,0.0,18.0,21.0,340015528.0,2643147264.0,1939824640.0,34748.0,47931244544.0,162665420.0,0.0,388.0,4986373.0,3498.0,83773.0,22245.0,0.0,0.0,1705.0,0.0
1787905460.141942,2026-08-28T08:24:20+00:00,http_log_5m_x7,3091942.0,22393.0,186757563.0,162895274.0,59.0,191.0,42602280.0,2434093.0,2078.0,0.0,0.0,0.0,0.0,18.0,21.0,340015528.0,2643147264.0,1939824640.0,34748.0,47931244544.0,162665420.0,0.0,388.0,4986373.0,3498.0,83773.0,22245.0,0.0,0.0,1705.0,0.0
1787905461.144501,2026-08-28T08:24:21+00:00,http_log_5m_x7,3091942.0,22393.0,186757563.0,162895274.0,59.0,191.0,42602280.0,2434093.0,2078.0,0.0,0.0,0.0,0.0,18.0,21.0,340015528.0,2643147264.0,1939824640.0,34748.0,47931244544.0,162665420.0,0.0,388.0,4986373.0,3498.0,83773.0,22245.0,0.0,0.0,1705.0,0.0
1787905462.1495721,2026-08-28T08:24:22+00:00,http_log_5m_x7,3091942.0,22393.0,186757563.0,162895274.0,59.0,191.0,42602280.0,2434093.0,2078.0,0.0,0.0,0.0,0.0,18.0,21.0,340015528.0,2643147264.0,1939824640.0,34748.0,47931244544.0,162665420.0,0.0,388.0,4986373.0,3498.0,83773.0,22245.0,0.0,0.0,1705.0,0.0
1787905463.1537762,2026-08-28T08:24:23+00:00,http_log_5m_x7,3091942.0,22393.0,186757563.0,162895274.0,59.0,191.0,42602280.0,2434093.0,2078.0,0.0,1.0,0.0,0.0,18.0,31.0,340015528.0,2643147264.0,1939824640.0,34748.0,47931244544.0,162665420.0,0.0,388.0,4986373.0,3498.0,83773.0,22245.0,0.0,0.0,1705.0,0.0
1787905464.1581812,2026-08-28T08:24:24+00:00,http_log_5m_x7,3091942.0,22393.0,186757563.0,162895274.0,59.0,191.0,42602280.0,2434093.0,2078.0,1.0,1.0,0.0,0.0,18.0,31.0,340015528.0,2643147264.0,1939824640.0,34748.0,47931244544.0,162665420.0,0.0,388.0,4986373.0,3498.0,83773.0,22245.0,0.0,0.0,1705.0,0.0
1787905465.163264,2026-08-28T08:24:25+00:00,http_log_5m_x7,3091942.0,22393.0,186757563.0,165882602.0,59.0,196.0,42602280.0,978168.0,2054.0,1.0,0.0,0.0,0.0,18.0,31.0,340015528.0,2643147264.0,1939824640.0,34748.0,47931244544.0,162665420.0,0.0,388.0,4986373.0,3498.0,83773.0,22245.0,0.0,0.0,1705.0,0.0
1787905466.16652,2026-08-28T08:24:26+00:00,http_log_5m_x7,3091942.0,22393.0,186757563.0,165882602.0,59.0,196.0,42602280.0,978168.0,2054.0,1.0,0.0,0.0,0.0,18.0,31.0,340015528.0,2643147264.0,1939824640.0,34748.0,47931244544.0,162665420.0,0.0,388.0,4986373.0,3498.0,83773.0,22245.0,0.0,0.0,1705.0,0.0
1787905467.1715908,2026-08-28T08:24:27+00:00,http_log_5m_x7,3091942.0,22393.0,186757563.0,165882602.0,59.0,196.0,42602280.0,978168.0,2054.0,1.0,1.0,0.0,0.0,18.0,12.0,340015528.0,2643147264.0,1939824640.0,34748.0,47931244544.0,162665420.0,0.0,388.0,4986373.0,3498.0,83773.0,22245.0,0.0,0.0,1705.0,0.0
1787905468.176665,2026-08-28T08:24:28+00:00,http_log_5m_x7,3091942.0,22393.0,186757563.0,171123055.0,59.0,201.0,42602280.0,1997885.0,1623.0,1.0,0.0,0.0,0.0,18.0,12.0,340015528.0,2643147264.0,1939824640.0,34748.0,47931244544.0,162665420.0,0.0,388.0,4986373.0,3498.0,83773.0,22245.0,0.0,0.0,1705.0,0.0
1787905469.1817431,2026-08-28T08:24:29+00:00,http_log_5m_x7,3091942.0,22393.0,186757563.0,171123055.0,59.0,201.0,42602280.0,1997885.0,1623.0,1.0,0.0,0.0,0.0,18.0,12.0,340015528.0,2643147264.0,1939824640.0,34748.0,47931244544.0,162665420.0,0.0,388.0,4986373.0,3498.0,83773.0,22245.0,0.0,0.0,1705.0,0.0
1787905470.183716,2026-08-28T08:24:30+00:00,http_log_5m_x7,3091942.0,22393.0,186757563.0,171123055.0,59.0,201.0,299594736.0,1997885.0,1623.0,1.0,0.0,0.0,0.0,18.0,12.0,596790592.0,2643147264.0,1990594560.0,34876.0,47931244544.0,162665420.0,0.0,407.0,4996450.0,3510.0,85597.0,22313.0,0.0,0.0,1723.0,0.0
1787905471.186859,2026-08-28T08:24:31+00:00,http_log_5m_x7,3091942.0,22393.0,186757563.0,171123055.0,59.0,201.0,299594736.0,1997885.0,1623.0,1.0,1.0,0.0,0.0,18.0,11.0,596790592.0,2643147264.0,1990594560.0,34876.0,47931244544.0,162665420.0,0.0,407.0,4996450.0,3510.0,85597.0,22313.0,0.0,0.0,1723.0,0.0
1787905472.1919491,2026-08-28T08:24:32+00:00,http_log_5m_x7,3091942.0,22393.0,186757563.0,171123055.0,59.0,201.0,299594736.0,1997885.0,1623.0,1.0,1.0,0.0,0.0,18.0,11.0,596790592.0,2643147264.0,1990594560.0,34876.0,47931244544.0,162665420.0,0.0,407.0,4996450.0,3510.0,85597.0,22313.0,0.0,0.0,1723.0,0.0
1787905473.197012,2026-08-28T08:24:33+00:00,http_log_5m_x7,3091942.0,22393.0,186757563.0,178616409.0,59.0,206.0,299594736.0,2231493.0,2358.0,1.0,0.0,0.0,0.0,18.0,11.0,596790592.0,2643147264.0,1990594560.0,34876.0,47931244544.0,162665420.0,0.0,407.0,4996450.0,3510.0,85597.0,22313.0,0.0,0.0,1723.0,0.0
1787905474.2021089,2026-08-28T08:24:34+00:00,http_log_5m_x7,3091942.0,22393.0,186757563.0,178616409.0,59.0,206.0,299594736.0,2231493.0,2358.0,1.0,0.0,0.0,0.0,18.0,11.0,596790592.0,2643147264.0,1990594560.0,34876.0,47931244544.0,162665420.0,0.0,407.0,4996450.0,3510.0,85597.0,22313.0,0.0,0.0,1723.0,0.0
1787905475.2071831,2026-08-28T08:24:35+00:00,http_log_5m_x7,3091942.0,22393.0,186757563.0,178616409.0,59.0,206.0,299594736.0,2231493.0,2358.0,1.0,0.0,0.0,0.0,18.0,11.0,596790592.0,2643147264.0,1990594560.0,34876.0,47931244544.0,162665420.0,0.0,407.0,4996450.0,3510.0,85597.0,22313.0,0.0,0.0,1723.0,0.0
1787905476.2122638,2026-08-28T08:24:36+00:00,http_log_5m_x7,3091942.0,22393.0,186757563.0,178616409.0,59.0,206.0,299594736.0,2231493.0,2358.0,1.0,1.0,0.0,0.0,18.0,27.0,596790592.0,2643147264.0,1990594560.0,34876.0,47931244544.0,162665420.0,0.0,407.0,4996450.0,3510.0,85597.0,22313.0,0.0,0.0,1723.0,0.0
1787905477.2173371,2026-08-28T08:24:37+00:00,http_log_5m_x7,3091942.0,22393.0,186757563.0,178616409.0,59.0,206.0,299594736.0,2231493.0,2358.0,1.0,1.0,0.0,0.0,18.0,27.0,596790592.0,2643147264.0,1990594560.0,34876.0,47931244544.0,162665420.0,0.0,407.0,4996450.0,3510.0,85597.0,22313.0,0.0,0.0,1723.0,0.0
1787905478.222411,2026-08-28T08:24:38+00:00,http_log_5m_x7,3091942.0,22393.0,186757563.0,181640449.0,59.0,211.0,299594736.0,956369.0,2162.0,1.0,0.0,0.0,0.0,18.0,27.0,596790592.0,2643147264.0,1990594560.0,34876.0,47931244544.0,162665420.0,0.0,407.0,4996450.0,3510.0,85597.0,22313.0,0.0,0.0,1723.0,0.0
1787905479.227511,2026-08-28T08:24:39+00:00,http_log_5m_x7,3091942.0,22393.0,186757563.0,181640449.0,59.0,211.0,299594736.0,956369.0,2162.0,1.0,0.0,0.0,0.0,18.0,27.0,596790592.0,2643147264.0,1990594560.0,34876.0,47931244544.0,162665420.0,0.0,407.0,4996450.0,3510.0,85597.0,22313.0,0.0,0.0,1723.0,0.0
1787905480.229544,2026-08-28T08:24:40+00:00,http_log_5m_x7,3091942.0,22393.0,186757563.0,181640449.0,59.0,211.0,299594736.0,956369.0,2162.0,1.0,1.0,0.0,0.0,18.0,28.0,596790592.0,2643147264.0,1990594560.0,34876.0,47931244544.0,162665420.0,0.0,407.0,4996450.0,3510.0,85597.0,22313.0,0.0,0.0,1723.0,0.0
1787905481.2332082,2026-08-28T08:24:41+00:00,http_log_5m_x7,3091942.0,22393.0,186757563.0,181640449.0,59.0,211.0,299594736.0,956369.0,2162.0,1.0,1.0,0.0,0.0,18.0,28.0,596790592.0,2643147264.0,1990594560.0,34876.0,47931244544.0,162665420.0,0.0,407.0,4996450.0,3510.0,85597.0,22313.0,0.0,0.0,1723.0,0.0
1787905482.23827,2026-08-28T08:24:42+00:00,http_log_5m_x7,3091942.0,22393.0,186757563.0,181640449.0,59.0,211.0,299594736.0,956369.0,2162.0,1.0,1.0,0.0,0.0,18.0,28.0,596790592.0,2643147264.0,1990594560.0,34876.0,47931244544.0,162665420.0,0.0,407.0,4996450.0,3510.0,85597.0,22313.0,0.0,0.0,1723.0,0.0
1787905483.243328,2026-08-28T08:24:43+00:00,http_log_5m_x7,3091942.0,22393.0,186757563.0,184609548.0,59.0,216.0,299594736.0,957465.0,2101.0,1.0,0.0,0.0,0.0,18.0,28.0,596790592.0,2643147264.0,1990594560.0,34876.0,47931244544.0,162665420.0,0.0,407.0,4996450.0,3510.0,85597.0,22313.0,0.0,0.0,1723.0,0.0
1787905484.246133,2026-08-28T08:24:44+00:00,http_log_5m_x7,3091942.0,22393.0,186757563.0,184609548.0,59.0,216.0,853766944.0,957465.0,2101.0,1.0,0.0,0.0,0.0,18.0,28.0,1154847144.0,2643147264.0,2029629440.0,34975.0,47931244544.0,162665420.0,0.0,425.0,5005553.0,3520.0,88390.0,22373.0,0.0,0.0,1745.0,0.0
1787905485.251195,2026-08-28T08:24:45+00:00,http_log_5m_x7,3091942.0,22393.0,186757563.0,184609548.0,59.0,216.0,853766944.0,957465.0,2101.0,1.0,1.0,0.0,0.0,18.0,31.0,1154847144.0,2643147264.0,2029629440.0,34975.0,47931244544.0,162665420.0,0.0,425.0,5005553.0,3520.0,88390.0,22373.0,0.0,0.0,1745.0,0.0
1787905486.2562618,2026-08-28T08:24:46+00:00,http_log_5m_x7,3091942.0,22393.0,186757563.0,184609548.0,59.0,216.0,853766944.0,957465.0,2101.0,1.0,1.0,0.0,0.0,18.0,31.0,1154847144.0,2643147264.0,2029629440.0,34975.0,47931244544.0,162665420.0,0.0,425.0,5005553.0,3520.0,88390.0,22373.0,0.0,0.0,1745.0,0.0
1787905487.259281,2026-08-28T08:24:47+00:00,http_log_5m_x7,3091942.0,22393.0,186757563.0,184609548.0,59.0,216.0,853766944.0,957465.0,2101.0,1.0,1.0,0.0,0.0,18.0,31.0,1154847144.0,2643147264.0,2029629440.0,34975.0,47931244544.0,162665420.0,0.0,425.0,5005553.0,3520.0,88390.0,22373.0,0.0,0.0,1745.0,0.0
1787905488.260121,2026-08-28T08:24:48+00:00,http_log_5m_x7,3091942.0,22393.0,186757563.0,187596216.0,59.0,221.0,853766944.0,950260.0,2143.0,1.0,0.0,0.0,0.0,18.0,31.0,1154847144.0,2643147264.0,2029629440.0,34975.0,47931244544.0,162665420.0,0.0,425.0,5005553.0,3520.0,88390.0,22373.0,0.0,0.0,1745.0,0.0
1787905489.261893,2026-08-28T08:24:49+00:00,http_log_5m_x7,3091942.0,22393.0,186757563.0,187596216.0,59.0,221.0,853766944.0,950260.0,2143.0,1.0,0.0,0.0,0.0,18.0,31.0,1154847144.0,2643147264.0,2029629440.0,34975.0,47931244544.0,162665420.0,0.0,425.0,5005553.0,3520.0,88390.0,22373.0,0.0,0.0,1745.0,0.0
1787905490.266966,2026-08-28T08:24:50+00:00,http_log_5m_x7,3091942.0,22393.0,186757563.0,187596216.0,59.0,221.0,853766944.0,950260.0,2143.0,1.0,1.0,0.0,0.0,18.0,32.0,1154847144.0,2643147264.0,2029629440.0,34975.0,47931244544.0,162665420.0,0.0,425.0,5005553.0,3520.0,88390.0,22373.0,0.0,0.0,1745.0,0.0
1787905491.2720408,2026-08-28T08:24:51+00:00,http_log_5m_x7,3091942.0,22393.0,186757563.0,187596216.0,59.0,221.0,853766944.0,950260.0,2143.0,1.0,1.0,0.0,0.0,18.0,32.0,1154847144.0,2643147264.0,2029629440.0,34975.0,47931244544.0,162665420.0,0.0,425.0,5005553.0,3520.0,88390.0,22373.0,0.0,0.0,1745.0,0.0
1787905492.277109,2026-08-28T08:24:52+00:00,http_log_5m_x7,3091942.0,22393.0,186757563.0,187596216.0,59.0,221.0,853766944.0,950260.0,2143.0,1.0,1.0,0.0,0.0,18.0,32.0,1154847144.0,2643147264.0,2029629440.0,34975.0,47931244544.0,162665420.0,0.0,425.0,5005553.0,3520.0,88390.0,22373.0,0.0,0.0,1745.0,0.0
1787905493.282185,2026-08-28T08:24:53+00:00,http_log_5m_x7,3091942.0,22393.0,186757563.0,190536810.0,59.0,226.0,853766944.0,940990.0,2125.0,1.0,0.0,0.0,0.0,18.0,32.0,1154847144.0,2643147264.0,2029629440.0,34975.0,47931244544.0,162665420.0,0.0,425.0,5005553.0,3520.0,88390.0,22373.0,0.0,0.0,1745.0,0.0
1787905494.284606,2026-08-28T08:24:54+00:00,http_log_5m_x7,3091942.0,22393.0,186757563.0,190536810.0,59.0,226.0,853766944.0,940990.0,2125.0,1.0,0.0,0.0,0.0,18.0,32.0,1154847144.0,2643147264.0,2029629440.0,34975.0,47931244544.0,162665420.0,0.0,425.0,5005553.0,3520.0,88390.0,22373.0,0.0,0.0,1745.0,0.0
1787905495.2896729,2026-08-28T08:24:55+00:00,http_log_5m_x7,3169490.0,31901.0,291036981.0,190536810.0,64.0,226.0,853766944.0,940990.0,2125.0,0.0,1.0,0.0,0.0,18.0,34.0,1154847144.0,2643147264.0,2029629440.0,34975.0,47931244544.0,162665420.0,0.0,425.0,5005553.0,3520.0,88390.0,22373.0,0.0,0.0,1745.0,0.0
1787905496.294755,2026-08-28T08:24:56+00:00,http_log_5m_x7,3169490.0,31901.0,291036981.0,190536810.0,64.0,226.0,853766944.0,940990.0,2125.0,0.0,2.0,0.0,0.0,18.0,28.0,1154847144.0,2643147264.0,2029629440.0,34975.0,47931244544.0,162665420.0,0.0,425.0,5005553.0,3520.0,88390.0,22373.0,0.0,0.0,1745.0,0.0
1787905497.299839,2026-08-28T08:24:57+00:00,http_log_5m_x7,3169490.0,31901.0,291036981.0,193551787.0,64.0,231.0,853766944.0,987869.0,2052.0,0.0,1.0,0.0,0.0,18.0,28.0,1154847144.0,2643147264.0,2029629440.0,34975.0,47931244544.0,162665420.0,0.0,425.0,5005553.0,3520.0,88390.0,22373.0,0.0,0.0,1745.0,0.0
1787905498.304953,2026-08-28T08:24:58+00:00,http_log_5m_x7,3169490.0,31901.0,291036981.0,193551787.0,64.0,231.0,853766944.0,987869.0,2052.0,0.0,1.0,0.0,0.0,18.0,28.0,1154847144.0,2643147264.0,2029629440.0,34975.0,47931244544.0,162665420.0,0.0,425.0,5005553.0,3520.0,88390.0,22373.0,0.0,0.0,1745.0,0.0
1787905499.310056,2026-08-28T08:24:59+00:00,http_log_5m_x7,3169490.0,31901.0,291036981.0,193551787.0,64.0,231.0,122660384.0,987869.0,2052.0,0.0,2.0,0.0,0.0,18.0,18.0,424991432.0,2643147264.0,2222792704.0,35191.0,47931244544.0,162665420.0,1.0,444.0,5014757.0,3540.0,91061.0,22456.0,0.0,0.0,1765.0,0.0
1787905500.3151271,2026-08-28T08:25:00+00:00,http_log_5m_x7,3169490.0,31901.0,291036981.0,193551787.0,64.0,231.0,122660384.0,987869.0,2052.0,0.0,2.0,0.0,0.0,18.0,18.0,424991432.0,2643147264.0,2222792704.0,35191.0,47931244544.0,162665420.0,1.0,444.0,5014757.0,3540.0,91061.0,22456.0,0.0,0.0,1765.0,0.0
1787905501.31875,2026-08-28T08:25:01+00:00,http_log_5m_x7,3169490.0,31901.0,291036981.0,198839134.0,64.0,236.0,122660384.0,1951770.0,1709.0,0.0,1.0,0.0,0.0,18.0,18.0,424991432.0,2643147264.0,2222792704.0,35191.0,47931244544.0,162665420.0,1.0,444.0,5014757.0,3540.0,91061.0,22456.0,0.0,0.0,1765.0,0.0
1787905502.321148,2026-08-28T08:25:02+00:00,http_log_5m_x7,3169490.0,31901.0,291036981.0,217578520.0,64.0,241.0,122660384.0,2784869.0,5729.0,0.0,0.0,0.0,0.0,18.0,18.0,424991432.0,2643147264.0,2222792704.0,35191.0,47931244544.0,162665420.0,1.0,444.0,5014757.0,3540.0,91061.0,22456.0,0.0,0.0,1765.0,0.0
1787905503.321692,2026-08-28T08:25:03+00:00,http_log_5m_x7,3169490.0,31901.0,291036981.0,217578520.0,64.0,241.0,122660384.0,2784869.0,5729.0,0.0,1.0,0.0,0.0,18.0,19.0,424991432.0,2643147264.0,2222792704.0,35191.0,47931244544.0,162665420.0,1.0,444.0,5014757.0,3540.0,91061.0,22456.0,0.0,0.0,1765.0,0.0
1787905504.3267682,2026-08-28T08:25:04+00:00,http_log_5m_x7,3169490.0,31901.0,291036981.0,217578520.0,64.0,241.0,122660384.0,2784869.0,5729.0,0.0,1.0,0.0,0.0,18.0,19.0,424991432.0,2643147264.0,2222792704.0,35191.0,47931244544.0,162665420.0,1.0,444.0,5014757.0,3540.0,91061.0,22456.0,0.0,0.0,1765.0,0.0
1787905505.3318248,2026-08-28T08:25:05+00:00,http_log_5m_x7,3169490.0,31901.0,291036981.0,225182635.0,64.0,246.0,122660384.0,2367408.0,2212.0,0.0,0.0,0.0,0.0,18.0,19.0,424991432.0,2643147264.0,2222792704.0,35191.0,47931244544.0,162665420.0,1.0,444.0,5014757.0,3540.0,91061.0,22456.0,0.0,0.0,1765.0,0.0
1787905506.3360481,2026-08-28T08:25:06+00:00,http_log_5m_x7,3169490.0,31901.0,291036981.0,225182635.0,64.0,246.0,122660384.0,2367408.0,2212.0,0.0,0.0,0.0,0.0,18.0,19.0,424991432.0,2643147264.0,2222792704.0,35191.0,47931244544.0,162665420.0,1.0,444.0,5014757.0,3540.0,91061.0,22456.0,0.0,0.0,1765.0,0.0
1787905507.3411179,2026-08-28T08:25:07+00:00,http_log_5m_x7,3169490.0,31901.0,291036981.0,225182635.0,64.0,246.0,122660384.0,2367408.0,2212.0,0.0,0.0,0.0,0.0,18.0,19.0,424991432.0,2643147264.0,2222792704.0,35191.0,47931244544.0,162665420.0,1.0,444.0,5014757.0,3540.0,91061.0,22456.0,0.0,0.0,1765.0,0.0
1787905508.346178,2026-08-28T08:25:08+00:00,http_log_5m_x7,3169490.0,31901.0,291036981.0,225182635.0,64.0,246.0,122660384.0,2367408.0,2212.0,0.0,1.0,0.0,0.0,18.0,34.0,424991432.0,2643147264.0,2222792704.0,35191.0,47931244544.0,162665420.0,1.0,444.0,5014757.0,3540.0,91061.0,22456.0,0.0,0.0,1765.0,0.0
1787905509.347996,2026-08-28T08:25:09+00:00,http_log_5m_x7,3169490.0,31901.0,291036981.0,225182635.0,64.0,246.0,122660384.0,2367408.0,2212.0,0.0,1.0,0.0,0.0,18.0,34.0,424991432.0,2643147264.0,2222792704.0,35191.0,47931244544.0,162665420.0,1.0,444.0,5014757.0,3540.0,91061.0,22456.0,0.0,0.0,1765.0,0.0
1787905510.35307,2026-08-28T08:25:10+00:00,http_log_5m_x7,3169490.0,31901.0,291036981.0,228169509.0,64.0,251.0,122660384.0,1019758.0,1929.0,0.0,0.0,0.0,0.0,18.0,34.0,424991432.0,2643147264.0,2222792704.0,35191.0,47931244544.0,162665420.0,1.0,444.0,5014757.0,3540.0,91061.0,22456.0,0.0,0.0,1765.0,0.0
1787905511.358133,2026-08-28T08:25:11+00:00,http_log_5m_x7,3169490.0,31901.0,291036981.0,228169509.0,64.0,251.0,122660384.0,1019758.0,1929.0,0.0,0.0,0.0,0.0,18.0,34.0,424991432.0,2643147264.0,2222792704.0,35191.0,47931244544.0,162665420.0,1.0,444.0,5014757.0,3540.0,91061.0,22456.0,0.0,0.0,1765.0,0.0
1787905512.363246,2026-08-28T08:25:12+00:00,http_log_5m_x7,3169490.0,31901.0,291036981.0,228169509.0,64.0,251.0,122660384.0,1019758.0,1929.0,0.0,0.0,0.0,0.0,18.0,34.0,424991432.0,2643147264.0,2222792704.0,35191.0,47931244544.0,162665420.0,1.0,444.0,5014757.0,3540.0,91061.0,22456.0,0.0,0.0,1765.0,0.0
1787905513.36833,2026-08-28T08:25:13+00:00,http_log_5m_x7,3169490.0,31901.0,291036981.0,228169509.0,64.0,251.0,122660384.0,1019758.0,1929.0,0.0,1.0,0.0,0.0,18.0,35.0,424991432.0,2643147264.0,2222792704.0,35191.0,47931244544.0,162665420.0,1.0,444.0,5014757.0,3540.0,91061.0,22456.0,0.0,0.0,1765.0,0.0
1787905514.373416,2026-08-28T08:25:14+00:00,http_log_5m_x7,3169490.0,31901.0,291036981.0,228169509.0,64.0,251.0,45080120.0,1019758.0,1929.0,0.0,1.0,0.0,0.0,18.0,35.0,351663032.0,2643180032.0,2294738944.0,35305.0,47931244544.0,162665420.0,0.0,463.0,5025115.0,3550.0,92621.0,22501.0,0.0,0.0,1780.0,0.0
1787905515.3784919,2026-08-28T08:25:15+00:00,http_log_5m_x7,3169490.0,31901.0,291036981.0,231147074.0,64.0,256.0,45080120.0,1072609.0,1776.0,0.0,0.0,0.0,0.0,18.0,35.0,351663032.0,2643180032.0,2294738944.0,35305.0,47931244544.0,162665420.0,0.0,463.0,5025115.0,3550.0,92621.0,22501.0,0.0,0.0,1780.0,0.0
1787905516.383565,2026-08-28T08:25:16+00:00,http_log_5m_x7,3169490.0,31901.0,291036981.0,231147074.0,64.0,256.0,45080120.0,1072609.0,1776.0,0.0,0.0,0.0,0.0,18.0,35.0,351663032.0,2643180032.0,2294738944.0,35305.0,47591653376.0,215358590.0,0.0,463.0,5025115.0,3550.0,92621.0,22501.0,0.0,0.0,1780.0,0.0
1787905517.387945,2026-08-28T08:25:17+00:00,http_log_5m_x7,3169490.0,31901.0,291036981.0,231147074.0,64.0,256.0,45080120.0,1072609.0,1776.0,0.0,0.0,0.0,0.0,18.0,35.0,351663032.0,2643180032.0,2294738944.0,35305.0,47591653376.0,215358590.0,0.0,463.0,5025115.0,3550.0,92621.0,22501.0,0.0,0.0,1780.0,0.0
1787905518.391202,2026-08-28T08:25:18+00:00,http_log_5m_x7,3169490.0,31901.0,291036981.0,231147074.0,64.0,256.0,45080120.0,1072609.0,1776.0,0.0,1.0,0.0,0.0,18.0,37.0,351663032.0,2643180032.0,2294738944.0,35305.0,47591653376.0,215358590.0,0.0,463.0,5025115.0,3550.0,92621.0,22501.0,0.0,0.0,1780.0,0.0
1787905519.396278,2026-08-28T08:25:19+00:00,http_log_5m_x7,3169490.0,31901.0,291036981.0,231147074.0,64.0,256.0,45080120.0,1072609.0,1776.0,0.0,1.0,0.0,0.0,18.0,37.0,351663032.0,2643180032.0,2294738944.0,35305.0,47591653376.0,215358590.0,0.0,463.0,5025115.0,3550.0,92621.0,22501.0,0.0,0.0,1780.0,0.0
1787905520.40134,2026-08-28T08:25:20+00:00,http_log_5m_x7,3169490.0,31901.0,291036981.0,234106176.0,64.0,261.0,45080120.0,1014085.0,1918.0,0.0,0.0,0.0,0.0,18.0,37.0,351663032.0,2643180032.0,2294738944.0,35305.0,47591653376.0,215358590.0,0.0,463.0,5025115.0,3550.0,92621.0,22501.0,0.0,0.0,1780.0,0.0
1787905521.409201,2026-08-28T08:25:21+00:00,http_log_5m_x7,3169490.0,31901.0,291036981.0,234106176.0,64.0,261.0,45080120.0,1014085.0,1918.0,0.0,0.0,0.0,0.0,18.0,37.0,351663032.0,2643180032.0,2294738944.0,35305.0,47591653376.0,215358590.0,0.0,463.0,5025115.0,3550.0,92621.0,22501.0,0.0,0.0,1780.0,0.0
1787905522.412173,2026-08-28T08:25:22+00:00,http_log_5m_x7,3169490.0,31901.0,291036981.0,234106176.0,64.0,261.0,45080120.0,1014085.0,1918.0,0.0,0.0,0.0,0.0,18.0,37.0,351663032.0,2643180032.0,2294738944.0,35305.0,47591653376.0,215358590.0,0.0,463.0,5025115.0,3550.0,92621.0,22501.0,0.0,0.0,1780.0,0.0
1787905523.412961,2026-08-28T08:25:23+00:00,http_log_5m_x7,3169490.0,31901.0,291036981.0,234106176.0,64.0,261.0,45080120.0,1014085.0,1918.0,0.0,1.0,0.0,0.0,18.0,39.0,351663032.0,2643180032.0,2294738944.0,35305.0,47591653376.0,215358590.0,0.0,463.0,5025115.0,3550.0,92621.0,22501.0,0.0,0.0,1780.0,0.0
1787905524.4165812,2026-08-28T08:25:24+00:00,http_log_5m_x7,3169490.0,31901.0,291036981.0,234106176.0,64.0,261.0,45080120.0,1014085.0,1918.0,0.0,1.0,0.0,0.0,18.0,39.0,351663032.0,2643180032.0,2294738944.0,35305.0,47591653376.0,215358590.0,0.0,463.0,5025115.0,3550.0,92621.0,22501.0,0.0,0.0,1780.0,0.0
1787905525.4194,2026-08-28T08:25:25+00:00,http_log_5m_x7,3169490.0,31901.0,291036981.0,237093405.0,64.0,266.0,45080120.0,1019880.0,1929.0,0.0,1.0,0.0,0.0,18.0,32.0,351663032.0,2643180032.0,2294738944.0,35305.0,47591653376.0,215358590.0,0.0,463.0,5025115.0,3550.0,92621.0,22501.0,0.0,0.0,1780.0,0.0
1787905526.420525,2026-08-28T08:25:26+00:00,http_log_5m_x7,3169490.0,31901.0,291036981.0,237093405.0,64.0,266.0,45080120.0,1019880.0,1929.0,0.0,1.0,0.0,0.0,18.0,32.0,351663032.0,2643180032.0,2294738944.0,35305.0,47591653376.0,215358590.0,0.0,463.0,5025115.0,3550.0,92621.0,22501.0,0.0,0.0,1780.0,0.0
1787905527.422357,2026-08-28T08:25:27+00:00,http_log_5m_x7,3169490.0,31901.0,291036981.0,237093405.0,64.0,266.0,45080120.0,1019880.0,1929.0,0.0,1.0,0.0,0.0,18.0,32.0,351663032.0,2643180032.0,2294738944.0,35305.0,47591653376.0,215358590.0,0.0,463.0,5025115.0,3550.0,92621.0,22501.0,0.0,0.0,1780.0,0.0
1787905528.4254851,2026-08-28T08:25:28+00:00,http_log_5m_x7,3169490.0,31901.0,291036981.0,237093405.0,64.0,266.0,45080120.0,1019880.0,1929.0,0.0,2.0,0.0,0.0,18.0,27.0,351663032.0,2643180032.0,2294738944.0,35305.0,47591653376.0,215358590.0,0.0,463.0,5025115.0,3550.0,92621.0,22501.0,0.0,0.0,1780.0,0.0
1787905529.4260302,2026-08-28T08:25:29+00:00,http_log_5m_x7,3169490.0,31901.0,291036981.0,237093405.0,64.0,266.0,202328248.0,1019880.0,1929.0,0.0,2.0,0.0,0.0,18.0,27.0,506728400.0,2643180032.0,2326822912.0,35396.0,47591653376.0,215358590.0,0.0,482.0,5035476.0,3560.0,94181.0,22550.0,0.0,0.0,1795.0,0.0
1787905530.4269838,2026-08-28T08:25:30+00:00,http_log_5m_x7,3169490.0,31901.0,291036981.0,240071748.0,64.0,271.0,202328248.0,960136.0,2102.0,0.0,1.0,0.0,0.0,18.0,27.0,506728400.0,2643180032.0,2326822912.0,35396.0,47591653376.0,215358590.0,0.0,482.0,5035476.0,3560.0,94181.0,22550.0,0.0,0.0,1795.0,0.0
1787905531.432064,2026-08-28T08:25:31+00:00,http_log_5m_x7,3169490.0,31901.0,291036981.0,258913497.0,64.0,276.0,202328248.0,2803414.0,5721.0,0.0,0.0,0.0,0.0,18.0,27.0,506728400.0,2643180032.0,2326822912.0,35396.0,47591653376.0,215358590.0,0.0,482.0,5035476.0,3560.0,94181.0,22550.0,0.0,0.0,1795.0,0.0
1787905532.435767,2026-08-28T08:25:32+00:00,http_log_5m_x7,3169490.0,31901.0,291036981.0,258913497.0,64.0,276.0,202328248.0,2803414.0,5721.0,0.0,1.0,0.0,0.0,18.0,21.0,506728400.0,2643180032.0,2326822912.0,35396.0,47591653376.0,215358590.0,0.0,482.0,5035476.0,3560.0,94181.0,22550.0,0.0,0.0,1795.0,0.0
1787905533.436949,2026-08-28T08:25:33+00:00,http_log_5m_x7,3169490.0,31901.0,291036981.0,264088800.0,64.0,281.0,202328248.0,2155478.0,1401.0,0.0,0.0,0.0,0.0,18.0,21.0,506728400.0,2643180032.0,2326822912.0,35396.0,47591653376.0,215358590.0,0.0,482.0,5035476.0,3560.0,94181.0,22550.0,0.0,0.0,1795.0,0.0
1787905534.437081,2026-08-28T08:25:34+00:00,http_log_5m_x7,3169490.0,31901.0,291036981.0,264088800.0,64.0,281.0,202328248.0,2155478.0,1401.0,0.0,0.0,0.0,0.0,18.0,21.0,506728400.0,2643180032.0,2326822912.0,35396.0,47591653376.0,215358590.0,0.0,482.0,5035476.0,3560.0,94181.0,22550.0,0.0,0.0,1795.0,0.0
1787905535.4421499,2026-08-28T08:25:35+00:00,http_log_5m_x7,3169490.0,31901.0,291036981.0,264088800.0,64.0,281.0,202328248.0,2155478.0,1401.0,0.0,0.0,0.0,0.0,18.0,21.0,506728400.0,2643180032.0,2326822912.0,35396.0,47591653376.0,215358590.0,0.0,482.0,5035476.0,3560.0,94181.0,22550.0,0.0,0.0,1795.0,0.0
1787905536.4431942,2026-08-28T08:25:36+00:00,http_log_5m_x7,3169490.0,31901.0,291036981.0,264088800.0,64.0,281.0,202328248.0,2155478.0,1401.0,0.0,1.0,0.0,0.0,18.0,20.0,506728400.0,2643180032.0,2326822912.0,35396.0,47591653376.0,215358590.0,0.0,482.0,5035476.0,3560.0,94181.0,22550.0,0.0,0.0,1795.0,0.0
1787905537.4476109,2026-08-28T08:25:37+00:00,http_log_5m_x7,3169490.0,31901.0,291036981.0,264088800.0,64.0,281.0,202328248.0,2155478.0,1401.0,0.0,1.0,0.0,0.0,18.0,20.0,506728400.0,2643180032.0,2326822912.0,35396.0,47591653376.0,215358590.0,0.0,482.0,5035476.0,3560.0,94181.0,22550.0,0.0,0.0,1795.0,0.0
1787905538.44978,2026-08-28T08:25:38+00:00,http_log_5m_x7,3169490.0,31901.0,291036981.0,271514622.0,64.0,286.0,202328248.0,2392339.0,2104.0,0.0,0.0,0.0,0.0,18.0,20.0,506728400.0,2643180032.0,2326822912.0,35396.0,47591653376.0,215358590.0,0.0,482.0,5035476.0,3560.0,94181.0,22550.0,0.0,0.0,1795.0,0.0
1787905539.450328,2026-08-28T08:25:39+00:00,http_log_5m_x7,3169490.0,31901.0,291036981.0,271514622.0,64.0,286.0,202328248.0,2392339.0,2104.0,0.0,0.0,0.0,0.0,18.0,20.0,506728400.0,2643180032.0,2326822912.0,35396.0,47591653376.0,215358590.0,0.0,482.0,5035476.0,3560.0,94181.0,22550.0,0.0,0.0,1795.0,0.0
1787905540.455402,2026-08-28T08:25:40+00:00,http_log_5m_x7,3169490.0,31901.0,291036981.0,271514622.0,64.0,286.0,202328248.0,2392339.0,2104.0,0.0,0.0,0.0,0.0,18.0,20.0,506728400.0,2643180032.0,2326822912.0,35396.0,47591653376.0,215358590.0,0.0,482.0,5035476.0,3560.0,94181.0,22550.0,0.0,0.0,1795.0,0.0
1787905541.4604979,2026-08-28T08:25:41+00:00,http_log_5m_x7,3169490.0,31901.0,291036981.0,271514622.0,64.0,286.0,202328248.0,2392339.0,2104.0,0.0,1.0,0.0,0.0,18.0,35.0,506728400.0,2643180032.0,2326822912.0,35396.0,47591653376.0,215358590.0,0.0,482.0,5035476.0,3560.0,94181.0,22550.0,0.0,0.0,1795.0,0.0
1787905542.465564,2026-08-28T08:25:42+00:00,http_log_5m_x7,3169490.0,31901.0,291036981.0,271514622.0,64.0,286.0,202328248.0,2392339.0,2104.0,0.0,1.0,0.0,0.0,18.0,35.0,506728400.0,2643180032.0,2326822912.0,35396.0,47591653376.0,215358590.0,0.0,482.0,5035476.0,3560.0,94181.0,22550.0,0.0,0.0,1795.0,0.0
1787905543.4706292,2026-08-28T08:25:43+00:00,http_log_5m_x7,3169490.0,31901.0,291036981.0,274464587.0,64.0,291.0,202328248.0,1018634.0,1896.0,0.0,0.0,0.0,0.0,18.0,35.0,506728400.0,2643180032.0,2326822912.0,35396.0,47591653376.0,215358590.0,0.0,482.0,5035476.0,3560.0,94181.0,22550.0,0.0,0.0,1795.0,0.0
1787905544.4757261,2026-08-28T08:25:44+00:00,http_log_5m_x7,3169490.0,31901.0,291036981.0,274464587.0,64.0,291.0,0.0,1018634.0,1896.0,0.0,0.0,0.0,0.0,18.0,35.0,305029024.0,2643180032.0,2401468416.0,35510.0,47591653376.0,215358590.0,0.0,500.0,5046024.0,3571.0,95559.0,22595.0,0.0,0.0,1812.0,0.0
1787905545.4808378,2026-08-28T08:25:45+00:00,http_log_5m_x7,3169490.0,31901.0,291036981.0,274464587.0,64.0,291.0,0.0,1018634.0,1896.0,0.0,0.0,0.0,0.0,18.0,35.0,305029024.0,2643180032.0,2401468416.0,35510.0,47591653376.0,215358590.0,0.0,500.0,5046024.0,3571.0,95559.0,22595.0,0.0,0.0,1812.0,0.0
1787905546.485929,2026-08-28T08:25:46+00:00,http_log_5m_x7,3169490.0,31901.0,291036981.0,274464587.0,64.0,291.0,0.0,1018634.0,1896.0,0.0,1.0,0.0,0.0,18.0,37.0,305029024.0,2643180032.0,2401468416.0,35510.0,47591653376.0,215358590.0,0.0,500.0,5046024.0,3571.0,95559.0,22595.0,0.0,0.0,1812.0,0.0
1787905547.490996,2026-08-28T08:25:47+00:00,http_log_5m_x7,3169490.0,31901.0,291036981.0,274464587.0,64.0,291.0,0.0,1018634.0,1896.0,0.0,1.0,0.0,0.0,18.0,37.0,305029024.0,2643180032.0,2401468416.0,35510.0,47591653376.0,215358590.0,0.0,500.0,5046024.0,3571.0,95559.0,22595.0,0.0,0.0,1812.0,0.0
1787905548.4960582,2026-08-28T08:25:48+00:00,http_log_5m_x7,3169490.0,31901.0,291036981.0,277452185.0,64.0,296.0,0.0,988616.0,2022.0,0.0,0.0,0.0,0.0,18.0,37.0,305029024.0,2643180032.0,2401468416.0,35510.0,47591653376.0,215358590.0,0.0,500.0,5046024.0,3571.0,95559.0,22595.0,0.0,0.0,1812.0,0.0
1787905549.501154,2026-08-28T08:25:49+00:00,http_log_5m_x7,3169490.0,31901.0,291036981.0,277452185.0,64.0,296.0,0.0,988616.0,2022.0,0.0,0.0,0.0,0.0,18.0,37.0,305029024.0,2643180032.0,2401468416.0,35510.0,47591653376.0,215358590.0,0.0,500.0,5046024.0,3571.0,95559.0,22595.0,0.0,0.0,1812.0,0.0
1787905550.5062232,2026-08-28T08:25:50+00:00,http_log_5m_x7,3169490.0,31901.0,291036981.0,277452185.0,64.0,296.0,0.0,988616.0,2022.0,0.0,0.0,0.0,0.0,18.0,37.0,305029024.0,2643180032.0,2401468416.0,35510.0,47591653376.0,215358590.0,0.0,500.0,5046024.0,3571.0,95559.0,22595.0,0.0,0.0,1812.0,0.0
1787905551.5113118,2026-08-28T08:25:51+00:00,http_log_5m_x7,3169490.0,31901.0,291036981.0,277452185.0,64.0,296.0,0.0,988616.0,2022.0,0.0,1.0,0.0,0.0,18.0,39.0,305029024.0,2643180032.0,2401468416.0,35510.0,47591653376.0,215358590.0,0.0,500.0,5046024.0,3571.0,95559.0,22595.0,0.0,0.0,1812.0,0.0
1787905552.5163982,2026-08-28T08:25:52+00:00,http_log_5m_x7,3169490.0,31901.0,291036981.0,277452185.0,64.0,296.0,0.0,988616.0,2022.0,0.0,1.0,0.0,0.0,18.0,39.0,305029024.0,2643180032.0,2401468416.0,35510.0,47591653376.0,215358590.0,0.0,500.0,5046024.0,3571.0,95559.0,22595.0,0.0,0.0,1812.0,0.0
1787905553.521476,2026-08-28T08:25:53+00:00,http_log_5m_x7,3169490.0,31901.0,291036981.0,277452185.0,64.0,296.0,0.0,988616.0,2022.0,0.0,1.0,0.0,0.0,18.0,39.0,305029024.0,2643180032.0,2401468416.0,35510.0,47591653376.0,215358590.0,0.0,500.0,5046024.0,3571.0,95559.0,22595.0,0.0,0.0,1812.0,0.0
1787905554.5249631,2026-08-28T08:25:54+00:00,http_log_5m_x7,3169490.0,31901.0,291036981.0,280448748.0,64.0,301.0,0.0,816279.0,2671.0,0.0,0.0,0.0,0.0,18.0,39.0,305029024.0,2643180032.0,2401468416.0,35510.0,47591653376.0,215358590.0,0.0,500.0,5046024.0,3571.0,95559.0,22595.0,0.0,0.0,1812.0,0.0
1787905555.530029,2026-08-28T08:25:55+00:00,http_log_5m_x7,3169490.0,31901.0,291036981.0,280448748.0,64.0,301.0,0.0,816279.0,2671.0,0.0,0.0,0.0,0.0,18.0,39.0,305029024.0,2643180032.0,2401468416.0,35510.0,47591653376.0,215358590.0,0.0,500.0,5046024.0,3571.0,95559.0,22595.0,0.0,0.0,1812.0,0.0
1787905556.535116,2026-08-28T08:25:56+00:00,http_log_5m_x7,3169490.0,31901.0,291036981.0,280448748.0,64.0,301.0,0.0,816279.0,2671.0,0.0,1.0,0.0,0.0,18.0,41.0,305029024.0,2643180032.0,2401468416.0,35510.0,47591653376.0,215358590.0,0.0,500.0,5046024.0,3571.0,95559.0,22595.0,0.0,0.0,1812.0,0.0
1787905557.539839,2026-08-28T08:25:57+00:00,http_log_5m_x7,3169490.0,31901.0,291036981.0,280448748.0,64.0,301.0,0.0,816279.0,2671.0,0.0,1.0,0.0,0.0,18.0,41.0,305029024.0,2643180032.0,2401468416.0,35510.0,47591653376.0,215358590.0,0.0,500.0,5046024.0,3571.0,95559.0,22595.0,0.0,0.0,1812.0,0.0
1787905558.5449018,2026-08-28T08:25:58+00:00,http_log_5m_x7,3169490.0,31901.0,291036981.0,283408082.0,64.0,306.0,0.0,991069.0,1986.0,0.0,1.0,0.0,0.0,18.0,33.0,305029024.0,2643180032.0,2401468416.0,35510.0,47591653376.0,215358590.0,0.0,500.0,5046024.0,3571.0,95559.0,22595.0,0.0,0.0,1812.0,0.0
1787905559.5461419,2026-08-28T08:25:59+00:00,http_log_5m_x7,3169490.0,31901.0,291036981.0,283408082.0,64.0,306.0,47239992.0,991069.0,1986.0,0.0,1.0,0.0,0.0,18.0,33.0,364450896.0,2643180032.0,2433859584.0,35587.0,47591653376.0,215358590.0,0.0,519.0,5056510.0,3579.0,96954.0,22646.0,0.0,0.0,1832.0,0.0
1787905560.548234,2026-08-28T08:26:00+00:00,http_log_5m_x7,3169490.0,31901.0,291036981.0,283408082.0,64.0,306.0,47239992.0,991069.0,1986.0,0.0,1.0,0.0,0.0,18.0,33.0,364450896.0,2643180032.0,2433859584.0,35587.0,47591653376.0,215358590.0,0.0,519.0,5056510.0,3579.0,96954.0,22646.0,0.0,0.0,1832.0,0.0
1787905561.5512,2026-08-28T08:26:01+00:00,http_log_5m_x7,3169490.0,31901.0,291036981.0,283408082.0,64.0,306.0,47239992.0,991069.0,1986.0,0.0,2.0,0.0,0.0,18.0,28.0,364450896.0,2643180032.0,2433859584.0,35587.0,47591653376.0,215358590.0,0.0,519.0,5056510.0,3579.0,96954.0,22646.0,0.0,0.0,1832.0,0.0
1787905562.556271,2026-08-28T08:26:02+00:00,http_log_5m_x7,3169490.0,31901.0,291036981.0,283408082.0,64.0,306.0,47239992.0,991069.0,1986.0,0.0,2.0,0.0,0.0,18.0,28.0,364450896.0,2643180032.0,2433859584.0,35587.0,47591653376.0,215358590.0,0.0,519.0,5056510.0,3579.0,96954.0,22646.0,0.0,0.0,1832.0,0.0
1787905563.561335,2026-08-28T08:26:03+00:00,http_log_5m_x7,3169490.0,31901.0,291036981.0,305059579.0,64.0,316.0,47239992.0,2791214.0,5680.0,0.0,0.0,0.0,0.0,18.0,28.0,364450896.0,2643180032.0,2433859584.0,35587.0,47591653376.0,215358590.0,0.0,519.0,5056510.0,3579.0,96954.0,22646.0,0.0,0.0,1832.0,0.0
1787905564.5664158,2026-08-28T08:26:04+00:00,http_log_5m_x7,3169490.0,31901.0,291036981.0,305059579.0,64.0,316.0,47239992.0,2791214.0,5680.0,0.0,0.0,0.0,0.0,18.0,28.0,364450896.0,2643180032.0,2433859584.0,35587.0,47591653376.0,215358590.0,0.0,519.0,5056510.0,3579.0,96954.0,22646.0,0.0,0.0,1832.0,0.0
1787905565.571315,2026-08-28T08:26:05+00:00,http_log_5m_x7,3169490.0,31901.0,291036981.0,305059579.0,64.0,316.0,47239992.0,2791214.0,5680.0,0.0,1.0,0.0,0.0,18.0,22.0,364450896.0,2643180032.0,2433859584.0,35587.0,47591653376.0,215358590.0,0.0,519.0,5056510.0,3579.0,96954.0,22646.0,0.0,0.0,1832.0,0.0
1787905566.5763872,2026-08-28T08:26:06+00:00,http_log_5m_x7,3169490.0,31901.0,291036981.0,310337835.0,64.0,321.0,47239992.0,2063430.0,1558.0,0.0,0.0,0.0,0.0,18.0,22.0,364450896.0,2643180032.0,2433859584.0,35587.0,47591653376.0,215358590.0,0.0,519.0,5056510.0,3579.0,96954.0,22646.0,0.0,0.0,1832.0,0.0
1787905567.578783,2026-08-28T08:26:07+00:00,http_log_5m_x7,3169490.0,31901.0,291036981.0,310337835.0,64.0,321.0,47239992.0,2063430.0,1558.0,0.0,0.0,0.0,0.0,18.0,22.0,364450896.0,2643180032.0,2433859584.0,35587.0,47591653376.0,215358590.0,0.0,519.0,5056510.0,3579.0,96954.0,22646.0,0.0,0.0,1832.0,0.0
1787905568.583863,2026-08-28T08:26:08+00:00,http_log_5m_x7,3169490.0,31901.0,291036981.0,310337835.0,64.0,321.0,47239992.0,2063430.0,1558.0,0.0,0.0,0.0,0.0,18.0,22.0,364450896.0,2643180032.0,2433859584.0,35587.0,47591653376.0,215358590.0,0.0,519.0,5056510.0,3579.0,96954.0,22646.0,0.0,0.0,1832.0,0.0
1787905569.584555,2026-08-28T08:26:09+00:00,http_log_5m_x7,3169490.0,31901.0,291036981.0,310337835.0,64.0,321.0,47239992.0,2063430.0,1558.0,0.0,1.0,0.0,0.0,18.0,21.0,364450896.0,2643180032.0,2433859584.0,35587.0,47591653376.0,215358590.0,0.0,519.0,5056510.0,3579.0,96954.0,22646.0,0.0,0.0,1832.0,0.0
1787905570.589622,2026-08-28T08:26:10+00:00,http_log_5m_x7,3169490.0,31901.0,291036981.0,310337835.0,64.0,321.0,47239992.0,2063430.0,1558.0,0.0,1.0,0.0,0.0,18.0,21.0,364450896.0,2643180032.0,2433859584.0,35587.0,47591653376.0,215358590.0,0.0,519.0,5056510.0,3579.0,96954.0,22646.0,0.0,0.0,1832.0,0.0
1787905571.594688,2026-08-28T08:26:11+00:00,http_log_5m_x7,3169490.0,31901.0,291036981.0,317830512.0,64.0,326.0,47239992.0,2362130.0,2172.0,0.0,0.0,0.0,0.0,18.0,21.0,364450896.0,2643180032.0,2433859584.0,35587.0,47591653376.0,215358590.0,0.0,519.0,5056510.0,3579.0,96954.0,22646.0,0.0,0.0,1832.0,0.0
1787905572.599775,2026-08-28T08:26:12+00:00,http_log_5m_x7,3169490.0,31901.0,291036981.0,317830512.0,64.0,326.0,47239992.0,2362130.0,2172.0,0.0,0.0,0.0,0.0,18.0,21.0,364450896.0,2643180032.0,2433859584.0,35587.0,47591653376.0,215358590.0,0.0,519.0,5056510.0,3579.0,96954.0,22646.0,0.0,0.0,1832.0,0.0
1787905573.6048708,2026-08-28T08:26:13+00:00,http_log_5m_x7,3169490.0,31901.0,291036981.0,317830512.0,64.0,326.0,47239992.0,2362130.0,2172.0,0.0,0.0,0.0,0.0,18.0,21.0,364450896.0,2643180032.0,2433859584.0,35587.0,47591653376.0,215358590.0,0.0,519.0,5056510.0,3579.0,96954.0,22646.0,0.0,0.0,1832.0,0.0
1787905574.606133,2026-08-28T08:26:14+00:00,http_log_5m_x7,3169490.0,31901.0,291036981.0,317830512.0,64.0,326.0,0.0,2362130.0,2172.0,0.0,0.0,0.0,0.0,18.0,21.0,341905064.0,2643180032.0,2503913472.0,35693.0,47591653376.0,215358590.0,0.0,543.0,5066738.0,3590.0,98631.0,22703.0,0.0,0.0,1849.0,0.0
1787905575.607218,2026-08-28T08:26:15+00:00,http_log_5m_x7,3169490.0,31901.0,291036981.0,317830512.0,64.0,326.0,0.0,2362130.0,2172.0,1.0,0.0,0.0,0.0,27.0,21.0,341905064.0,2643180032.0,2503913472.0,35693.0,47395864576.0,268153279.0,0.0,543.0,5066738.0,3590.0,98631.0,22703.0,0.0,0.0,1849.0,0.0
1787905576.612318,2026-08-28T08:26:16+00:00,http_log_5m_x7,679723.0,1651.0,292838928.0,317830512.0,68.0,326.0,0.0,2362130.0,2172.0,0.0,0.0,0.0,0.0,27.0,21.0,341905064.0,2643180032.0,2503913472.0,35693.0,47395864576.0,268153279.0,0.0,543.0,5066738.0,3590.0,98631.0,22703.0,0.0,0.0,1849.0,0.0
1787905577.617406,2026-08-28T08:26:17+00:00,http_log_5m_x7,679723.0,1651.0,292838928.0,317830512.0,68.0,326.0,0.0,2362130.0,2172.0,0.0,0.0,0.0,0.0,27.0,21.0,341905064.0,2643180032.0,2503913472.0,35693.0,47395864576.0,268153279.0,0.0,543.0,5066738.0,3590.0,98631.0,22703.0,0.0,0.0,1849.0,0.0
1787905578.622565,2026-08-28T08:26:18+00:00,http_log_5m_x7,679723.0,1651.0,292838928.0,317830512.0,68.0,326.0,0.0,2362130.0,2172.0,0.0,0.0,0.0,0.0,27.0,21.0,341905064.0,2643180032.0,2503913472.0,35693.0,47395864576.0,268153279.0,0.0,543.0,5066738.0,3590.0,98631.0,22703.0,0.0,0.0,1849.0,0.0
1787905579.6276622,2026-08-28T08:26:19+00:00,http_log_5m_x7,679723.0,1651.0,292838928.0,317830512.0,68.0,326.0,0.0,2362130.0,2172.0,1.0,0.0,0.0,0.0,13.0,21.0,341905064.0,2643180032.0,2503913472.0,35693.0,47395864576.0,268153279.0,0.0,543.0,5066738.0,3590.0,98631.0,22703.0,0.0,0.0,1849.0,0.0
1787905580.632726,2026-08-28T08:26:20+00:00,http_log_5m_x7,679723.0,1651.0,292838928.0,317830512.0,68.0,326.0,0.0,2362130.0,2172.0,1.0,0.0,0.0,0.0,13.0,21.0,341905064.0,2643180032.0,2503913472.0,35693.0,47395864576.0,268153279.0,0.0,543.0,5066738.0,3590.0,98631.0,22703.0,0.0,0.0,1849.0,0.0
1787905581.63567,2026-08-28T08:26:21+00:00,http_log_5m_x7,1252881.0,2303.0,296977196.0,317830512.0,73.0,326.0,0.0,2362130.0,2172.0,0.0,0.0,0.0,0.0,13.0,21.0,341905064.0,2643180032.0,2503913472.0,35693.0,47395864576.0,268153279.0,0.0,543.0,5066738.0,3590.0,98631.0,22703.0,0.0,0.0,1849.0,0.0
1787905582.6393511,2026-08-28T08:26:22+00:00,http_log_5m_x7,1252881.0,2303.0,296977196.0,317830512.0,73.0,326.0,0.0,2362130.0,2172.0,0.0,0.0,0.0,0.0,13.0,21.0,341905064.0,2643180032.0,2503913472.0,35693.0,47395864576.0,268153279.0,0.0,543.0,5066738.0,3590.0,98631.0,22703.0,0.0,0.0,1849.0,0.0
1787905583.644444,2026-08-28T08:26:23+00:00,http_log_5m_x7,1252881.0,2303.0,296977196.0,317830512.0,73.0,326.0,0.0,2362130.0,2172.0,1.0,0.0,0.0,0.0,12.0,21.0,341905064.0,2643180032.0,2503913472.0,35693.0,47395864576.0,268153279.0,0.0,543.0,5066738.0,3590.0,98631.0,22703.0,0.0,0.0,1849.0,0.0
1787905584.6450171,2026-08-28T08:26:24+00:00,http_log_5m_x7,2232882.0,1845.0,303329746.0,317830512.0,78.0,326.0,0.0,2362130.0,2172.0,0.0,0.0,0.0,0.0,12.0,21.0,341905064.0,2643180032.0,2503913472.0,35693.0,47395864576.0,268153279.0,0.0,543.0,5066738.0,3590.0,98631.0,22703.0,0.0,0.0,1849.0,0.0
1787905585.646383,2026-08-28T08:26:25+00:00,http_log_5m_x7,2232882.0,1845.0,303329746.0,317830512.0,78.0,326.0,0.0,2362130.0,2172.0,0.0,0.0,0.0,0.0,12.0,21.0,341905064.0,2643180032.0,2503913472.0,35693.0,47395864576.0,268153279.0,0.0,543.0,5066738.0,3590.0,98631.0,22703.0,0.0,0.0,1849.0,0.0
1787905586.651457,2026-08-28T08:26:26+00:00,http_log_5m_x7,2232882.0,1845.0,303329746.0,317830512.0,78.0,326.0,0.0,2362130.0,2172.0,0.0,0.0,0.0,0.0,12.0,21.0,341905064.0,2643180032.0,2503913472.0,35693.0,47395864576.0,268153279.0,0.0,543.0,5066738.0,3590.0,98631.0,22703.0,0.0,0.0,1849.0,0.0
1787905587.6545012,2026-08-28T08:26:27+00:00,http_log_5m_x7,2232882.0,1845.0,303329746.0,317830512.0,78.0,326.0,0.0,2362130.0,2172.0,0.0,0.0,0.0,0.0,12.0,21.0,341905064.0,2643180032.0,2503913472.0,35693.0,47395864576.0,268153279.0,0.0,543.0,5066738.0,3590.0,98631.0,22703.0,0.0,0.0,1849.0,0.0
1787905588.659581,2026-08-28T08:26:28+00:00,http_log_5m_x7,2232882.0,1845.0,303329746.0,317830512.0,78.0,326.0,0.0,2362130.0,2172.0,0.0,0.0,0.0,0.0,12.0,21.0,341905064.0,2643180032.0,2503913472.0,35693.0,47395864576.0,268153279.0,0.0,543.0,5066738.0,3590.0,98631.0,22703.0,0.0,0.0,1849.0,0.0
1787905589.664652,2026-08-28T08:26:29+00:00,http_log_5m_x7,2232882.0,1845.0,303329746.0,317830512.0,78.0,326.0,0.0,2362130.0,2172.0,0.0,1.0,0.0,0.0,12.0,26.0,340049512.0,2643180032.0,2540953600.0,35794.0,47395864576.0,268153279.0,0.0,561.0,5077450.0,3600.0,99832.0,22748.0,0.0,0.0,1864.0,0.0
1787905590.664761,2026-08-28T08:26:30+00:00,http_log_5m_x7,2232882.0,1845.0,303329746.0,317830512.0,78.0,326.0,0.0,2362130.0,2172.0,0.0,1.0,0.0,0.0,12.0,26.0,340049512.0,2643180032.0,2540953600.0,35794.0,47395864576.0,268153279.0,0.0,561.0,5077450.0,3600.0,99832.0,22748.0,0.0,0.0,1864.0,0.0
1787905591.6698182,2026-08-28T08:26:31+00:00,http_log_5m_x7,2232882.0,1845.0,303329746.0,320808884.0,78.0,331.0,0.0,1000460.0,1977.0,0.0,0.0,0.0,0.0,12.0,26.0,340049512.0,2643180032.0,2540953600.0,35794.0,47395864576.0,268153279.0,0.0,561.0,5077450.0,3600.0,99832.0,22748.0,0.0,0.0,1864.0,0.0
1787905592.674905,2026-08-28T08:26:32+00:00,http_log_5m_x7,2232882.0,1845.0,303329746.0,320808884.0,78.0,331.0,0.0,1000460.0,1977.0,0.0,0.0,0.0,0.0,12.0,26.0,340049512.0,2643180032.0,2540953600.0,35794.0,47395864576.0,268153279.0,0.0,561.0,5077450.0,3600.0,99832.0,22748.0,0.0,0.0,1864.0,0.0
1787905593.679992,2026-08-28T08:26:33+00:00,http_log_5m_x7,2232882.0,1845.0,303329746.0,320808884.0,78.0,331.0,0.0,1000460.0,1977.0,0.0,1.0,0.0,0.0,12.0,29.0,340049512.0,2643180032.0,2540953600.0,35794.0,47395864576.0,268153279.0,0.0,561.0,5077450.0,3600.0,99832.0,22748.0,0.0,0.0,1864.0,0.0
1787905594.684586,2026-08-28T08:26:34+00:00,http_log_5m_x7,2232882.0,1845.0,303329746.0,320808884.0,78.0,331.0,0.0,1000460.0,1977.0,0.0,1.0,0.0,0.0,12.0,29.0,340049512.0,2643180032.0,2540953600.0,35794.0,47395864576.0,268153279.0,0.0,561.0,5077450.0,3600.0,99832.0,22748.0,0.0,0.0,1864.0,0.0
1787905595.68557,2026-08-28T08:26:35+00:00,http_log_5m_x7,2232882.0,1845.0,303329746.0,323823739.0,78.0,336.0,0.0,1054882.0,1858.0,0.0,0.0,0.0,0.0,12.0,29.0,340049512.0,2643180032.0,2540953600.0,35794.0,47395864576.0,268153279.0,0.0,561.0,5077450.0,3600.0,99832.0,22748.0,0.0,0.0,1864.0,0.0
1787905596.690638,2026-08-28T08:26:36+00:00,http_log_5m_x7,2232882.0,1845.0,303329746.0,323823739.0,78.0,336.0,0.0,1054882.0,1858.0,0.0,0.0,0.0,0.0,12.0,29.0,340049512.0,2643180032.0,2540953600.0,35794.0,47395864576.0,268153279.0,0.0,561.0,5077450.0,3600.0,99832.0,22748.0,0.0,0.0,1864.0,0.0
1787905597.691315,2026-08-28T08:26:37+00:00,http_log_5m_x7,2232882.0,1845.0,303329746.0,323823739.0,78.0,336.0,0.0,1054882.0,1858.0,0.0,0.0,0.0,0.0,12.0,29.0,340049512.0,2643180032.0,2540953600.0,35794.0,47395864576.0,268153279.0,0.0,561.0,5077450.0,3600.0,99832.0,22748.0,0.0,0.0,1864.0,0.0
1787905598.6963809,2026-08-28T08:26:38+00:00,http_log_5m_x7,2232882.0,1845.0,303329746.0,323823739.0,78.0,336.0,0.0,1054882.0,1858.0,0.0,1.0,0.0,0.0,12.0,30.0,340049512.0,2643180032.0,2540953600.0,35794.0,47395864576.0,268153279.0,0.0,561.0,5077450.0,3600.0,99832.0,22748.0,0.0,0.0,1864.0,0.0
1787905599.701459,2026-08-28T08:26:39+00:00,http_log_5m_x7,2232882.0,1845.0,303329746.0,323823739.0,78.0,336.0,0.0,1054882.0,1858.0,0.0,1.0,0.0,0.0,12.0,30.0,340049512.0,2643180032.0,2540953600.0,35794.0,47395864576.0,268153279.0,0.0,561.0,5077450.0,3600.0,99832.0,22748.0,0.0,0.0,1864.0,0.0
1787905600.706516,2026-08-28T08:26:40+00:00,http_log_5m_x7,2232882.0,1845.0,303329746.0,326801401.0,78.0,341.0,0.0,1016613.0,1929.0,0.0,0.0,0.0,0.0,12.0,30.0,340049512.0,2643180032.0,2540953600.0,35794.0,47395864576.0,268153279.0,0.0,561.0,5077450.0,3600.0,99832.0,22748.0,0.0,0.0,1864.0,0.0
1787905601.710325,2026-08-28T08:26:41+00:00,http_log_5m_x7,2232882.0,1845.0,303329746.0,326801401.0,78.0,341.0,0.0,1016613.0,1929.0,0.0,0.0,0.0,0.0,12.0,30.0,340049512.0,2643180032.0,2540953600.0,35794.0,47395864576.0,268153279.0,0.0,561.0,5077450.0,3600.0,99832.0,22748.0,0.0,0.0,1864.0,0.0
1787905602.7137358,2026-08-28T08:26:42+00:00,http_log_5m_x7,2232882.0,1845.0,303329746.0,326801401.0,78.0,341.0,0.0,1016613.0,1929.0,0.0,0.0,0.0,0.0,12.0,30.0,340049512.0,2643180032.0,2540953600.0,35794.0,47395864576.0,268153279.0,0.0,561.0,5077450.0,3600.0,99832.0,22748.0,0.0,0.0,1864.0,0.0
1787905603.7159522,2026-08-28T08:26:43+00:00,http_log_5m_x7,2232882.0,1845.0,303329746.0,326801401.0,78.0,341.0,0.0,1016613.0,1929.0,0.0,1.0,0.0,0.0,12.0,32.0,334275080.0,2643180032.0,2573873152.0,35877.0,47395864576.0,268153279.0,0.0,579.0,5088205.0,3608.0,101004.0,22792.0,0.0,0.0,1879.0,0.0
1787905604.7165172,2026-08-28T08:26:44+00:00,http_log_5m_x7,2232882.0,1845.0,303329746.0,326801401.0,78.0,341.0,0.0,1016613.0,1929.0,0.0,1.0,0.0,0.0,12.0,32.0,334275080.0,2643180032.0,2573873152.0,35877.0,47395864576.0,268153279.0,0.0,579.0,5088205.0,3608.0,101004.0,22792.0,0.0,0.0,1879.0,0.0
1787905605.718954,2026-08-28T08:26:45+00:00,http_log_5m_x7,2232882.0,1845.0,303329746.0,329787608.0,78.0,346.0,0.0,1004780.0,1972.0,1.0,0.0,0.0,0.0,25.0,32.0,334275080.0,2643180032.0,2573873152.0,35877.0,47395864576.0,268153279.0,0.0,579.0,5088205.0,3608.0,101004.0,22792.0,0.0,0.0,1879.0,0.0
1787905606.72402,2026-08-28T08:26:46+00:00,http_log_5m_x7,2232882.0,1845.0,303329746.0,329787608.0,78.0,346.0,0.0,1004780.0,1972.0,1.0,0.0,0.0,0.0,25.0,32.0,334275080.0,2643180032.0,2573873152.0,35877.0,47395864576.0,268153279.0,0.0,579.0,5088205.0,3608.0,101004.0,22792.0,0.0,0.0,1879.0,0.0
1787905607.7288709,2026-08-28T08:26:47+00:00,http_log_5m_x7,2232882.0,1845.0,303329746.0,329787608.0,78.0,346.0,0.0,1004780.0,1972.0,1.0,0.0,0.0,0.0,25.0,32.0,334275080.0,2643180032.0,2573873152.0,35877.0,47395864576.0,268153279.0,0.0,579.0,5088205.0,3608.0,101004.0,22792.0,0.0,0.0,1879.0,0.0
1787905608.7296572,2026-08-28T08:26:48+00:00,http_log_5m_x7,2232882.0,1845.0,303329746.0,329787608.0,78.0,346.0,0.0,1004780.0,1972.0,1.0,1.0,0.0,0.0,25.0,20.0,334275080.0,2643180032.0,2573873152.0,35877.0,47395864576.0,268153279.0,0.0,579.0,5088205.0,3608.0,101004.0,22792.0,0.0,0.0,1879.0,0.0
1787905609.7334101,2026-08-28T08:26:49+00:00,http_log_5m_x7,2232882.0,1845.0,303329746.0,329787608.0,78.0,346.0,0.0,1004780.0,1972.0,1.0,1.0,0.0,0.0,25.0,20.0,334275080.0,2643180032.0,2573873152.0,35877.0,47395864576.0,268153279.0,0.0,579.0,5088205.0,3608.0,101004.0,22792.0,0.0,0.0,1879.0,0.0
1787905610.738524,2026-08-28T08:26:50+00:00,http_log_5m_x7,2232882.0,1845.0,303329746.0,329787608.0,78.0,346.0,0.0,1004780.0,1972.0,1.0,1.0,0.0,0.0,25.0,20.0,334275080.0,2643180032.0,2573873152.0,35877.0,47395864576.0,268153279.0,0.0,579.0,5088205.0,3608.0,101004.0,22792.0,0.0,0.0,1879.0,0.0
1787905611.743592,2026-08-28T08:26:51+00:00,http_log_5m_x7,2726585.0,5471.0,320973483.0,332802902.0,83.0,351.0,0.0,920981.0,2274.0,0.0,0.0,0.0,0.0,25.0,20.0,334275080.0,2643180032.0,2573873152.0,35877.0,47395864576.0,268153279.0,0.0,579.0,5088205.0,3608.0,101004.0,22792.0,0.0,0.0,1879.0,0.0
1787905612.745791,2026-08-28T08:26:52+00:00,http_log_5m_x7,2726585.0,5471.0,320973483.0,332802902.0,83.0,351.0,0.0,920981.0,2274.0,0.0,0.0,0.0,0.0,25.0,20.0,334275080.0,2643180032.0,2573873152.0,35877.0,47395864576.0,268153279.0,0.0,579.0,5088205.0,3608.0,101004.0,22792.0,0.0,0.0,1879.0,0.0
1787905613.750079,2026-08-28T08:26:53+00:00,http_log_5m_x7,2726585.0,5471.0,320973483.0,332802902.0,83.0,351.0,0.0,920981.0,2274.0,0.0,1.0,0.0,0.0,25.0,27.0,334275080.0,2643180032.0,2573873152.0,35877.0,47395864576.0,268153279.0,0.0,579.0,5088205.0,3608.0,101004.0,22792.0,0.0,0.0,1879.0,0.0
1787905614.755177,2026-08-28T08:26:54+00:00,http_log_5m_x7,2726585.0,5471.0,320973483.0,332802902.0,83.0,351.0,0.0,920981.0,2274.0,0.0,1.0,0.0,0.0,25.0,27.0,334275080.0,2643180032.0,2573873152.0,35877.0,47395864576.0,268153279.0,0.0,579.0,5088205.0,3608.0,101004.0,22792.0,0.0,0.0,1879.0,0.0
1787905615.7602649,2026-08-28T08:26:55+00:00,http_log_5m_x7,2726585.0,5471.0,320973483.0,335808176.0,83.0,356.0,0.0,1009836.0,1976.0,0.0,0.0,0.0,0.0,25.0,27.0,334275080.0,2643180032.0,2573873152.0,35877.0,47395864576.0,268153279.0,0.0,579.0,5088205.0,3608.0,101004.0,22792.0,0.0,0.0,1879.0,0.0
1787905616.765383,2026-08-28T08:26:56+00:00,http_log_5m_x7,2726585.0,5471.0,320973483.0,335808176.0,83.0,356.0,0.0,1009836.0,1976.0,0.0,0.0,0.0,0.0,25.0,27.0,334275080.0,2643180032.0,2573873152.0,35877.0,47395864576.0,268153279.0,0.0,579.0,5088205.0,3608.0,101004.0,22792.0,0.0,0.0,1879.0,0.0
1787905617.770439,2026-08-28T08:26:57+00:00,http_log_5m_x7,2726585.0,5471.0,320973483.0,335808176.0,83.0,356.0,0.0,1009836.0,1976.0,0.0,0.0,0.0,0.0,25.0,27.0,334275080.0,2643180032.0,2573873152.0,35877.0,47395864576.0,268153279.0,0.0,579.0,5088205.0,3608.0,101004.0,22792.0,0.0,0.0,1879.0,0.0
1787905618.775512,2026-08-28T08:26:58+00:00,http_log_5m_x7,2726585.0,5471.0,320973483.0,335808176.0,83.0,356.0,0.0,1009836.0,1976.0,0.0,1.0,0.0,0.0,25.0,28.0,334229368.0,2643180032.0,2633453568.0,35981.0,47395864576.0,268153279.0,0.0,598.0,5098313.0,3617.0,102807.0,22846.0,0.0,0.0,1898.0,0.0
1787905619.7806,2026-08-28T08:26:59+00:00,http_log_5m_x7,2726585.0,5471.0,320973483.0,335808176.0,83.0,356.0,0.0,1009836.0,1976.0,0.0,1.0,0.0,0.0,25.0,28.0,334229368.0,2643180032.0,2633453568.0,35981.0,47395864576.0,268153279.0,0.0,598.0,5098313.0,3617.0,102807.0,22846.0,0.0,0.0,1898.0,0.0
1787905620.7854111,2026-08-28T08:27:00+00:00,http_log_5m_x7,2726585.0,5471.0,320973483.0,338786365.0,83.0,361.0,0.0,988774.0,2012.0,0.0,0.0,0.0,0.0,25.0,28.0,334229368.0,2643180032.0,2633453568.0,35981.0,47395864576.0,268153279.0,0.0,598.0,5098313.0,3617.0,102807.0,22846.0,0.0,0.0,1898.0,0.0
1787905621.7905018,2026-08-28T08:27:01+00:00,http_log_5m_x7,2726585.0,5471.0,320973483.0,338786365.0,83.0,361.0,0.0,988774.0,2012.0,0.0,0.0,0.0,0.0,25.0,28.0,334229368.0,2643180032.0,2633453568.0,35981.0,47395864576.0,268153279.0,0.0,598.0,5098313.0,3617.0,102807.0,22846.0,0.0,0.0,1898.0,0.0
1787905622.795625,2026-08-28T08:27:02+00:00,http_log_5m_x7,2726585.0,5471.0,320973483.0,338786365.0,83.0,361.0,0.0,988774.0,2012.0,0.0,0.0,0.0,0.0,25.0,28.0,334229368.0,2643180032.0,2633453568.0,35981.0,47395864576.0,268153279.0,0.0,598.0,5098313.0,3617.0,102807.0,22846.0,0.0,0.0,1898.0,0.0
1787905623.79582,2026-08-28T08:27:03+00:00,http_log_5m_x7,2726585.0,5471.0,320973483.0,338786365.0,83.0,361.0,0.0,988774.0,2012.0,0.0,1.0,0.0,0.0,25.0,29.0,334229368.0,2643180032.0,2633453568.0,35981.0,47395864576.0,268153279.0,0.0,598.0,5098313.0,3617.0,102807.0,22846.0,0.0,0.0,1898.0,0.0
1787905624.800871,2026-08-28T08:27:04+00:00,http_log_5m_x7,2726585.0,5471.0,320973483.0,338786365.0,83.0,361.0,0.0,988774.0,2012.0,0.0,1.0,0.0,0.0,25.0,29.0,334229368.0,2643180032.0,2633453568.0,35981.0,47395864576.0,268153279.0,0.0,598.0,5098313.0,3617.0,102807.0,22846.0,0.0,0.0,1898.0,0.0
1787905625.803784,2026-08-28T08:27:05+00:00,http_log_5m_x7,2726585.0,5471.0,320973483.0,341792453.0,83.0,366.0,0.0,1009770.0,1977.0,1.0,0.0,0.0,0.0,22.0,29.0,334229368.0,2643180032.0,2633453568.0,35981.0,47395864576.0,268153279.0,0.0,598.0,5098313.0,3617.0,102807.0,22846.0,0.0,0.0,1898.0,0.0
1787905626.808841,2026-08-28T08:27:06+00:00,http_log_5m_x7,2726585.0,5471.0,320973483.0,341792453.0,83.0,366.0,0.0,1009770.0,1977.0,1.0,0.0,0.0,0.0,22.0,29.0,334229368.0,2643180032.0,2633453568.0,35981.0,47395864576.0,268153279.0,0.0,598.0,5098313.0,3617.0,102807.0,22846.0,0.0,0.0,1898.0,0.0
1787905627.810509,2026-08-28T08:27:07+00:00,http_log_5m_x7,2726585.0,5471.0,320973483.0,341792453.0,83.0,366.0,0.0,1009770.0,1977.0,1.0,0.0,0.0,0.0,22.0,29.0,334229368.0,2643180032.0,2633453568.0,35981.0,47395864576.0,268153279.0,0.0,598.0,5098313.0,3617.0,102807.0,22846.0,0.0,0.0,1898.0,0.0
1787905628.815568,2026-08-28T08:27:08+00:00,http_log_5m_x7,120304.0,8.0,321094750.0,341792453.0,86.0,366.0,0.0,1009770.0,1977.0,1.0,1.0,0.0,0.0,11.0,19.0,334229368.0,2643180032.0,2633453568.0,35981.0,47395864576.0,268153279.0,0.0,598.0,5098313.0,3617.0,102807.0,22846.0,0.0,0.0,1898.0,0.0
1787905629.820639,2026-08-28T08:27:09+00:00,http_log_5m_x7,120304.0,8.0,321094750.0,341792453.0,86.0,366.0,0.0,1009770.0,1977.0,1.0,1.0,0.0,0.0,11.0,19.0,334229368.0,2643180032.0,2633453568.0,35981.0,47395864576.0,268153279.0,0.0,598.0,5098313.0,3617.0,102807.0,22846.0,0.0,0.0,1898.0,0.0
1787905630.821687,2026-08-28T08:27:10+00:00,http_log_5m_x7,121981.0,9.0,321217829.0,344779764.0,89.0,371.0,0.0,948955.0,2148.0,1.0,0.0,0.0,0.0,11.0,19.0,334229368.0,2643180032.0,2633453568.0,35981.0,47395864576.0,268153279.0,0.0,598.0,5098313.0,3617.0,102807.0,22846.0,0.0,0.0,1898.0,0.0
1787905631.825072,2026-08-28T08:27:11+00:00,http_log_5m_x7,121981.0,9.0,321217829.0,344779764.0,89.0,371.0,0.0,948955.0,2148.0,1.0,0.0,0.0,0.0,11.0,19.0,334229368.0,2643180032.0,2633453568.0,35981.0,47395864576.0,268153279.0,0.0,598.0,5098313.0,3617.0,102807.0,22846.0,0.0,0.0,1898.0,0.0
1787905632.8294709,2026-08-28T08:27:12+00:00,http_log_5m_x7,111016.0,8.0,321329734.0,344779764.0,92.0,371.0,0.0,948955.0,2148.0,1.0,1.0,0.0,0.0,11.0,12.0,334229368.0,2643180032.0,2633453568.0,35981.0,47395864576.0,268153279.0,0.0,598.0,5098313.0,3617.0,102807.0,22846.0,0.0,0.0,1898.0,0.0
1787905633.834543,2026-08-28T08:27:13+00:00,http_log_5m_x7,111016.0,8.0,321329734.0,344779764.0,92.0,371.0,359438416.0,948955.0,2148.0,1.0,1.0,0.0,0.0,11.0,12.0,696064376.0,2643462656.0,2667413504.0,36081.0,47395864576.0,268153279.0,0.0,621.0,5108077.0,3628.0,104953.0,22900.0,0.0,0.0,1915.0,0.0
1787905634.839647,2026-08-28T08:27:14+00:00,http_log_5m_x7,2972843.0,8756.0,350332792.0,350056978.0,97.0,376.0,359438416.0,1999702.0,1639.0,0.0,0.0,0.0,0.0,11.0,12.0,696064376.0,2643462656.0,2667413504.0,36081.0,47395864576.0,268153279.0,0.0,621.0,5108077.0,3628.0,104953.0,22900.0,0.0,0.0,1915.0,0.0
1787905635.844738,2026-08-28T08:27:15+00:00,http_log_5m_x7,2972843.0,8756.0,350332792.0,350056978.0,97.0,376.0,359438416.0,1999702.0,1639.0,0.0,0.0,0.0,0.0,11.0,12.0,696064376.0,2643462656.0,2667413504.0,36081.0,47191588864.0,320801833.0,0.0,621.0,5108077.0,3628.0,104953.0,22900.0,0.0,0.0,1915.0,0.0
1787905636.849837,2026-08-28T08:27:16+00:00,http_log_5m_x7,2972843.0,8756.0,350332792.0,350056978.0,97.0,376.0,359438416.0,1999702.0,1639.0,0.0,0.0,0.0,0.0,11.0,12.0,696064376.0,2643462656.0,2667413504.0,36081.0,47191588864.0,320801833.0,0.0,621.0,5108077.0,3628.0,104953.0,22900.0,0.0,0.0,1915.0,0.0
1787905637.854922,2026-08-28T08:27:17+00:00,http_log_5m_x7,2972843.0,8756.0,350332792.0,350056978.0,97.0,376.0,359438416.0,1999702.0,1639.0,0.0,1.0,0.0,0.0,11.0,27.0,696064376.0,2643462656.0,2667413504.0,36081.0,47191588864.0,320801833.0,0.0,621.0,5108077.0,3628.0,104953.0,22900.0,0.0,0.0,1915.0,0.0
1787905638.8599958,2026-08-28T08:27:18+00:00,http_log_5m_x7,2972843.0,8756.0,350332792.0,350056978.0,97.0,376.0,359438416.0,1999702.0,1639.0,0.0,1.0,0.0,0.0,11.0,27.0,696064376.0,2643462656.0,2667413504.0,36081.0,47191588864.0,320801833.0,0.0,621.0,5108077.0,3628.0,104953.0,22900.0,0.0,0.0,1915.0,0.0
1787905639.865082,2026-08-28T08:27:19+00:00,http_log_5m_x7,2972843.0,8756.0,350332792.0,353072616.0,97.0,381.0,359438416.0,1041671.0,1895.0,0.0,0.0,0.0,0.0,11.0,27.0,696064376.0,2643462656.0,2667413504.0,36081.0,47191588864.0,320801833.0,0.0,621.0,5108077.0,3628.0,104953.0,22900.0,0.0,0.0,1915.0,0.0
1787905640.870189,2026-08-28T08:27:20+00:00,http_log_5m_x7,2972843.0,8756.0,350332792.0,353072616.0,97.0,381.0,359438416.0,1041671.0,1895.0,0.0,0.0,0.0,0.0,11.0,27.0,696064376.0,2643462656.0,2667413504.0,36081.0,47191588864.0,320801833.0,0.0,621.0,5108077.0,3628.0,104953.0,22900.0,0.0,0.0,1915.0,0.0
1787905641.875283,2026-08-28T08:27:21+00:00,http_log_5m_x7,2972843.0,8756.0,350332792.0,353072616.0,97.0,381.0,359438416.0,1041671.0,1895.0,0.0,1.0,0.0,0.0,11.0,20.0,696064376.0,2643462656.0,2667413504.0,36081.0,47191588864.0,320801833.0,0.0,621.0,5108077.0,3628.0,104953.0,22900.0,0.0,0.0,1915.0,0.0
1787905642.8787992,2026-08-28T08:27:22+00:00,http_log_5m_x7,2972843.0,8756.0,350332792.0,353072616.0,97.0,381.0,359438416.0,1041671.0,1895.0,0.0,1.0,0.0,0.0,11.0,20.0,696064376.0,2643462656.0,2667413504.0,36081.0,47191588864.0,320801833.0,0.0,621.0,5108077.0,3628.0,104953.0,22900.0,0.0,0.0,1915.0,0.0
1787905643.88388,2026-08-28T08:27:23+00:00,http_log_5m_x7,2972843.0,8756.0,350332792.0,358350611.0,97.0,386.0,359438416.0,2125652.0,1483.0,0.0,0.0,0.0,0.0,11.0,20.0,696064376.0,2643462656.0,2667413504.0,36081.0,47191588864.0,320801833.0,0.0,621.0,5108077.0,3628.0,104953.0,22900.0,0.0,0.0,1915.0,0.0
1787905644.888962,2026-08-28T08:27:24+00:00,http_log_5m_x7,2972843.0,8756.0,350332792.0,358350611.0,97.0,386.0,359438416.0,2125652.0,1483.0,0.0,0.0,0.0,0.0,11.0,20.0,696064376.0,2643462656.0,2667413504.0,36081.0,47191588864.0,320801833.0,0.0,621.0,5108077.0,3628.0,104953.0,22900.0,0.0,0.0,1915.0,0.0
1787905645.891659,2026-08-28T08:27:25+00:00,http_log_5m_x7,2972843.0,8756.0,350332792.0,358350611.0,97.0,386.0,359438416.0,2125652.0,1483.0,0.0,0.0,0.0,0.0,11.0,20.0,696064376.0,2643462656.0,2667413504.0,36081.0,47191588864.0,320801833.0,0.0,621.0,5108077.0,3628.0,104953.0,22900.0,0.0,0.0,1915.0,0.0
1787905646.89679,2026-08-28T08:27:26+00:00,http_log_5m_x7,2972843.0,8756.0,350332792.0,358350611.0,97.0,386.0,359438416.0,2125652.0,1483.0,0.0,1.0,0.0,0.0,11.0,28.0,696064376.0,2643462656.0,2667413504.0,36081.0,47191588864.0,320801833.0,0.0,621.0,5108077.0,3628.0,104953.0,22900.0,0.0,0.0,1915.0,0.0
1787905647.901866,2026-08-28T08:27:27+00:00,http_log_5m_x7,2972843.0,8756.0,350332792.0,358350611.0,97.0,386.0,359438416.0,2125652.0,1483.0,0.0,1.0,0.0,0.0,11.0,28.0,696064376.0,2643462656.0,2667413504.0,36081.0,47191588864.0,320801833.0,0.0,621.0,5108077.0,3628.0,104953.0,22900.0,0.0,0.0,1915.0,0.0
1787905648.906956,2026-08-28T08:27:28+00:00,http_log_5m_x7,2972843.0,8756.0,350332792.0,361337611.0,97.0,391.0,0.0,1034638.0,1887.0,0.0,0.0,0.0,0.0,11.0,28.0,334971224.0,2643462656.0,2756001792.0,36214.0,47191588864.0,320801833.0,0.0,639.0,5118702.0,3641.0,106236.0,22957.0,0.0,0.0,1931.0,0.0
1787905649.912054,2026-08-28T08:27:29+00:00,http_log_5m_x7,2972843.0,8756.0,350332792.0,361337611.0,97.0,391.0,0.0,1034638.0,1887.0,0.0,0.0,0.0,0.0,11.0,28.0,334971224.0,2643462656.0,2756001792.0,36214.0,47191588864.0,320801833.0,0.0,639.0,5118702.0,3641.0,106236.0,22957.0,0.0,0.0,1931.0,0.0
1787905650.9171689,2026-08-28T08:27:30+00:00,http_log_5m_x7,2972843.0,8756.0,350332792.0,361337611.0,97.0,391.0,0.0,1034638.0,1887.0,0.0,1.0,0.0,0.0,11.0,21.0,334971224.0,2643462656.0,2756001792.0,36214.0,47191588864.0,320801833.0,0.0,639.0,5118702.0,3641.0,106236.0,22957.0,0.0,0.0,1931.0,0.0
1787905651.920457,2026-08-28T08:27:31+00:00,http_log_5m_x7,2972843.0,8756.0,350332792.0,361337611.0,97.0,391.0,0.0,1034638.0,1887.0,0.0,1.0,0.0,0.0,11.0,21.0,334971224.0,2643462656.0,2756001792.0,36214.0,47191588864.0,320801833.0,0.0,639.0,5118702.0,3641.0,106236.0,22957.0,0.0,0.0,1931.0,0.0
1787905652.925586,2026-08-28T08:27:32+00:00,http_log_5m_x7,2972843.0,8756.0,350332792.0,366570889.0,97.0,396.0,0.0,2100874.0,1491.0,0.0,0.0,0.0,0.0,11.0,21.0,334971224.0,2643462656.0,2756001792.0,36214.0,47191588864.0,320801833.0,0.0,639.0,5118702.0,3641.0,106236.0,22957.0,0.0,0.0,1931.0,0.0
1787905653.9278982,2026-08-28T08:27:33+00:00,http_log_5m_x7,2972843.0,8756.0,350332792.0,366570889.0,97.0,396.0,0.0,2100874.0,1491.0,0.0,0.0,0.0,0.0,11.0,21.0,334971224.0,2643462656.0,2756001792.0,36214.0,47191588864.0,320801833.0,0.0,639.0,5118702.0,3641.0,106236.0,22957.0,0.0,0.0,1931.0,0.0
1787905654.929796,2026-08-28T08:27:34+00:00,http_log_5m_x7,2972843.0,8756.0,350332792.0,366570889.0,97.0,396.0,0.0,2100874.0,1491.0,0.0,0.0,0.0,0.0,11.0,21.0,334971224.0,2643462656.0,2756001792.0,36214.0,47191588864.0,320801833.0,0.0,639.0,5118702.0,3641.0,106236.0,22957.0,0.0,0.0,1931.0,0.0
1787905655.934873,2026-08-28T08:27:35+00:00,http_log_5m_x7,2972843.0,8756.0,350332792.0,366570889.0,97.0,396.0,0.0,2100874.0,1491.0,0.0,1.0,0.0,0.0,11.0,30.0,334971224.0,2643462656.0,2756001792.0,36214.0,47191588864.0,320801833.0,0.0,639.0,5118702.0,3641.0,106236.0,22957.0,0.0,0.0,1931.0,0.0
1787905656.9399521,2026-08-28T08:27:36+00:00,http_log_5m_x7,2972843.0,8756.0,350332792.0,366570889.0,97.0,396.0,0.0,2100874.0,1491.0,0.0,1.0,0.0,0.0,11.0,30.0,334971224.0,2643462656.0,2756001792.0,36214.0,47191588864.0,320801833.0,0.0,639.0,5118702.0,3641.0,106236.0,22957.0,0.0,0.0,1931.0,0.0
1787905657.9436579,2026-08-28T08:27:37+00:00,http_log_5m_x7,2972843.0,8756.0,350332792.0,369558867.0,97.0,401.0,0.0,981595.0,2044.0,0.0,0.0,0.0,0.0,11.0,30.0,334971224.0,2643462656.0,2756001792.0,36214.0,47191588864.0,320801833.0,0.0,639.0,5118702.0,3641.0,106236.0,22957.0,0.0,0.0,1931.0,0.0
1787905658.9454231,2026-08-28T08:27:38+00:00,http_log_5m_x7,2972843.0,8756.0,350332792.0,369558867.0,97.0,401.0,0.0,981595.0,2044.0,0.0,0.0,0.0,0.0,11.0,30.0,334971224.0,2643462656.0,2756001792.0,36214.0,47191588864.0,320801833.0,0.0,639.0,5118702.0,3641.0,106236.0,22957.0,0.0,0.0,1931.0,0.0
1787905659.9505541,2026-08-28T08:27:39+00:00,http_log_5m_x7,2972843.0,8756.0,350332792.0,369558867.0,97.0,401.0,0.0,981595.0,2044.0,0.0,1.0,0.0,0.0,11.0,22.0,334971224.0,2643462656.0,2756001792.0,36214.0,47191588864.0,320801833.0,0.0,639.0,5118702.0,3641.0,106236.0,22957.0,0.0,0.0,1931.0,0.0
1787905660.955643,2026-08-28T08:27:40+00:00,http_log_5m_x7,2972843.0,8756.0,350332792.0,369558867.0,97.0,401.0,0.0,981595.0,2044.0,0.0,1.0,0.0,0.0,11.0,22.0,334971224.0,2643462656.0,2756001792.0,36214.0,47191588864.0,320801833.0,0.0,639.0,5118702.0,3641.0,106236.0,22957.0,0.0,0.0,1931.0,0.0
1787905661.960743,2026-08-28T08:27:41+00:00,http_log_5m_x7,2972843.0,8756.0,350332792.0,374827019.0,97.0,406.0,0.0,2119127.0,1486.0,1.0,0.0,0.0,0.0,22.0,22.0,334971224.0,2643462656.0,2756001792.0,36214.0,47191588864.0,320801833.0,0.0,639.0,5118702.0,3641.0,106236.0,22957.0,0.0,0.0,1931.0,0.0
1787905662.965854,2026-08-28T08:27:42+00:00,http_log_5m_x7,2972843.0,8756.0,350332792.0,374827019.0,97.0,406.0,0.0,2119127.0,1486.0,1.0,0.0,0.0,0.0,22.0,22.0,334971224.0,2643462656.0,2756001792.0,36214.0,47191588864.0,320801833.0,0.0,639.0,5118702.0,3641.0,106236.0,22957.0,0.0,0.0,1931.0,0.0
1787905663.970509,2026-08-28T08:27:43+00:00,http_log_5m_x7,2972843.0,8756.0,350332792.0,374827019.0,97.0,406.0,102796008.0,2119127.0,1486.0,1.0,0.0,0.0,0.0,22.0,22.0,442218216.0,2643462656.0,2794856448.0,36309.0,47191588864.0,320801833.0,0.0,658.0,5129340.0,3648.0,107519.0,22999.0,0.0,0.0,1947.0,0.0
1787905664.9751759,2026-08-28T08:27:44+00:00,http_log_5m_x7,2972843.0,8756.0,350332792.0,374827019.0,97.0,406.0,102796008.0,2119127.0,1486.0,1.0,1.0,0.0,0.0,22.0,19.0,442218216.0,2643462656.0,2794856448.0,36309.0,47191588864.0,320801833.0,0.0,658.0,5129340.0,3648.0,107519.0,22999.0,0.0,0.0,1947.0,0.0
1787905665.978816,2026-08-28T08:27:45+00:00,http_log_5m_x7,2972843.0,8756.0,350332792.0,374827019.0,97.0,406.0,102796008.0,2119127.0,1486.0,1.0,1.0,0.0,0.0,22.0,19.0,442218216.0,2643462656.0,2794856448.0,36309.0,47191588864.0,320801833.0,0.0,658.0,5129340.0,3648.0,107519.0,22999.0,0.0,0.0,1947.0,0.0
1787905666.9795682,2026-08-28T08:27:46+00:00,http_log_5m_x7,2972843.0,8756.0,350332792.0,377730430.0,97.0,411.0,102796008.0,984874.0,1948.0,1.0,0.0,0.0,0.0,22.0,19.0,442218216.0,2643462656.0,2794856448.0,36309.0,47191588864.0,320801833.0,0.0,658.0,5129340.0,3648.0,107519.0,22999.0,0.0,0.0,1947.0,0.0
1787905667.9846559,2026-08-28T08:27:47+00:00,http_log_5m_x7,2972843.0,8756.0,350332792.0,377730430.0,97.0,411.0,102796008.0,984874.0,1948.0,1.0,0.0,0.0,0.0,22.0,19.0,442218216.0,2643462656.0,2794856448.0,36309.0,47191588864.0,320801833.0,0.0,658.0,5129340.0,3648.0,107519.0,22999.0,0.0,0.0,1947.0,0.0
1787905668.989742,2026-08-28T08:27:48+00:00,http_log_5m_x7,2972843.0,8756.0,350332792.0,377730430.0,97.0,411.0,102796008.0,984874.0,1948.0,1.0,1.0,0.0,0.0,22.0,12.0,442218216.0,2643462656.0,2794856448.0,36309.0,47191588864.0,320801833.0,0.0,658.0,5129340.0,3648.0,107519.0,22999.0,0.0,0.0,1947.0,0.0
1787905669.9919481,2026-08-28T08:27:50+00:00,http_log_5m_x7,2972843.0,8756.0,350332792.0,377730430.0,97.0,411.0,102796008.0,984874.0,1948.0,1.0,1.0,0.0,0.0,22.0,12.0,442218216.0,2643462656.0,2794856448.0,36309.0,47191588864.0,320801833.0,0.0,658.0,5129340.0,3648.0,107519.0,22999.0,0.0,0.0,1947.0,0.0
1787905670.997053,2026-08-28T08:27:51+00:00,http_log_5m_x7,2972843.0,8756.0,350332792.0,382896021.0,97.0,416.0,102796008.0,2013090.0,1566.0,1.0,0.0,0.0,0.0,22.0,12.0,442218216.0,2643462656.0,2794856448.0,36309.0,47191588864.0,320801833.0,0.0,658.0,5129340.0,3648.0,107519.0,22999.0,0.0,0.0,1947.0,0.0
1787905672.002163,2026-08-28T08:27:52+00:00,http_log_5m_x7,2972843.0,8756.0,350332792.0,382896021.0,97.0,416.0,102796008.0,2013090.0,1566.0,1.0,0.0,0.0,0.0,22.0,12.0,442218216.0,2643462656.0,2794856448.0,36309.0,47191588864.0,320801833.0,0.0,658.0,5129340.0,3648.0,107519.0,22999.0,0.0,0.0,1947.0,0.0
1787905673.007241,2026-08-28T08:27:53+00:00,http_log_5m_x7,2972843.0,8756.0,350332792.0,382896021.0,97.0,416.0,102796008.0,2013090.0,1566.0,1.0,1.0,0.0,0.0,22.0,11.0,442218216.0,2643462656.0,2794856448.0,36309.0,47191588864.0,320801833.0,0.0,658.0,5129340.0,3648.0,107519.0,22999.0,0.0,0.0,1947.0,0.0
1787905674.012109,2026-08-28T08:27:54+00:00,http_log_5m_x7,2972843.0,8756.0,350332792.0,382896021.0,97.0,416.0,102796008.0,2013090.0,1566.0,1.0,1.0,0.0,0.0,22.0,11.0,442218216.0,2643462656.0,2794856448.0,36309.0,47191588864.0,320801833.0,0.0,658.0,5129340.0,3648.0,107519.0,22999.0,0.0,0.0,1947.0,0.0
1787905675.017216,2026-08-28T08:27:55+00:00,http_log_5m_x7,2972843.0,8756.0,350332792.0,390349844.0,97.0,421.0,102796008.0,2264911.0,2291.0,1.0,0.0,0.0,0.0,22.0,11.0,442218216.0,2643462656.0,2794856448.0,36309.0,47191588864.0,320801833.0,0.0,658.0,5129340.0,3648.0,107519.0,22999.0,0.0,0.0,1947.0,0.0
1787905676.0222888,2026-08-28T08:27:56+00:00,http_log_5m_x7,2972843.0,8756.0,350332792.0,390349844.0,97.0,421.0,102796008.0,2264911.0,2291.0,1.0,0.0,0.0,0.0,22.0,11.0,442218216.0,2643462656.0,2794856448.0,36309.0,47191588864.0,320801833.0,0.0,658.0,5129340.0,3648.0,107519.0,22999.0,0.0,0.0,1947.0,0.0
1787905677.022368,2026-08-28T08:27:57+00:00,http_log_5m_x7,3125009.0,14835.0,399817319.0,390349844.0,102.0,421.0,102796008.0,2264911.0,2291.0,0.0,0.0,0.0,0.0,22.0,11.0,442218216.0,2643462656.0,2794856448.0,36309.0,47191588864.0,320801833.0,0.0,658.0,5129340.0,3648.0,107519.0,22999.0,0.0,0.0,1947.0,0.0
1787905678.027461,2026-08-28T08:27:58+00:00,http_log_5m_x7,3125009.0,14835.0,399817319.0,390349844.0,102.0,421.0,102796008.0,2264911.0,2291.0,0.0,1.0,0.0,0.0,22.0,27.0,442218216.0,2643462656.0,2794856448.0,36309.0,47191588864.0,320801833.0,0.0,658.0,5129340.0,3648.0,107519.0,22999.0,0.0,0.0,1947.0,0.0
1787905679.032566,2026-08-28T08:27:59+00:00,http_log_5m_x7,3125009.0,14835.0,399817319.0,390349844.0,102.0,421.0,47240888.0,2264911.0,2291.0,0.0,1.0,0.0,0.0,22.0,27.0,380965616.0,2643462656.0,2913599488.0,36437.0,47191588864.0,320801833.0,0.0,677.0,5138665.0,3661.0,110102.0,23066.0,0.0,0.0,1965.0,0.0
1787905680.037209,2026-08-28T08:28:00+00:00,http_log_5m_x7,3125009.0,14835.0,399817319.0,393309405.0,102.0,426.0,47240888.0,1004603.0,1946.0,0.0,0.0,0.0,0.0,22.0,27.0,380965616.0,2643462656.0,2913599488.0,36437.0,47191588864.0,320801833.0,0.0,677.0,5138665.0,3661.0,110102.0,23066.0,0.0,0.0,1965.0,0.0
1787905681.042273,2026-08-28T08:28:01+00:00,http_log_5m_x7,3125009.0,14835.0,399817319.0,393309405.0,102.0,426.0,47240888.0,1004603.0,1946.0,0.0,0.0,0.0,0.0,22.0,27.0,380965616.0,2643462656.0,2913599488.0,36437.0,47191588864.0,320801833.0,0.0,677.0,5138665.0,3661.0,110102.0,23066.0,0.0,0.0,1965.0,0.0
1787905682.04735,2026-08-28T08:28:02+00:00,http_log_5m_x7,3125009.0,14835.0,399817319.0,393309405.0,102.0,426.0,47240888.0,1004603.0,1946.0,0.0,1.0,0.0,0.0,22.0,19.0,380965616.0,2643462656.0,2913599488.0,36437.0,47191588864.0,320801833.0,0.0,677.0,5138665.0,3661.0,110102.0,23066.0,0.0,0.0,1965.0,0.0
1787905683.051866,2026-08-28T08:28:03+00:00,http_log_5m_x7,3125009.0,14835.0,399817319.0,398531277.0,102.0,431.0,47240888.0,2091258.0,1497.0,0.0,0.0,0.0,0.0,22.0,19.0,380965616.0,2643462656.0,2913599488.0,36437.0,47191588864.0,320801833.0,0.0,677.0,5138665.0,3661.0,110102.0,23066.0,0.0,0.0,1965.0,0.0
1787905684.056936,2026-08-28T08:28:04+00:00,http_log_5m_x7,3125009.0,14835.0,399817319.0,398531277.0,102.0,431.0,47240888.0,2091258.0,1497.0,0.0,0.0,0.0,0.0,22.0,19.0,380965616.0,2643462656.0,2913599488.0,36437.0,47191588864.0,320801833.0,0.0,677.0,5138665.0,3661.0,110102.0,23066.0,0.0,0.0,1965.0,0.0
1787905685.062042,2026-08-28T08:28:05+00:00,http_log_5m_x7,3125009.0,14835.0,399817319.0,398531277.0,102.0,431.0,47240888.0,2091258.0,1497.0,0.0,0.0,0.0,0.0,22.0,19.0,380965616.0,2643462656.0,2913599488.0,36437.0,47191588864.0,320801833.0,0.0,677.0,5138665.0,3661.0,110102.0,23066.0,0.0,0.0,1965.0,0.0
1787905686.067136,2026-08-28T08:28:06+00:00,http_log_5m_x7,3125009.0,14835.0,399817319.0,398531277.0,102.0,431.0,47240888.0,2091258.0,1497.0,0.0,0.0,0.0,0.0,22.0,19.0,380965616.0,2643462656.0,2913599488.0,36437.0,47191588864.0,320801833.0,0.0,677.0,5138665.0,3661.0,110102.0,23066.0,0.0,0.0,1965.0,0.0
1787905687.072219,2026-08-28T08:28:07+00:00,http_log_5m_x7,3125009.0,14835.0,399817319.0,398531277.0,102.0,431.0,47240888.0,2091258.0,1497.0,0.0,1.0,0.0,0.0,22.0,28.0,380965616.0,2643462656.0,2913599488.0,36437.0,47191588864.0,320801833.0,0.0,677.0,5138665.0,3661.0,110102.0,23066.0,0.0,0.0,1965.0,0.0
1787905688.077337,2026-08-28T08:28:08+00:00,http_log_5m_x7,3125009.0,14835.0,399817319.0,398531277.0,102.0,431.0,47240888.0,2091258.0,1497.0,0.0,1.0,0.0,0.0,22.0,28.0,380965616.0,2643462656.0,2913599488.0,36437.0,47191588864.0,320801833.0,0.0,677.0,5138665.0,3661.0,110102.0,23066.0,0.0,0.0,1965.0,0.0
1787905689.082402,2026-08-28T08:28:09+00:00,http_log_5m_x7,3125009.0,14835.0,399817319.0,401434437.0,102.0,436.0,47240888.0,979473.0,1964.0,0.0,0.0,0.0,0.0,22.0,28.0,380965616.0,2643462656.0,2913599488.0,36437.0,47191588864.0,320801833.0,0.0,677.0,5138665.0,3661.0,110102.0,23066.0,0.0,0.0,1965.0,0.0
1787905690.087492,2026-08-28T08:28:10+00:00,http_log_5m_x7,3125009.0,14835.0,399817319.0,401434437.0,102.0,436.0,47240888.0,979473.0,1964.0,0.0,0.0,0.0,0.0,22.0,28.0,380965616.0,2643462656.0,2913599488.0,36437.0,47191588864.0,320801833.0,0.0,677.0,5138665.0,3661.0,110102.0,23066.0,0.0,0.0,1965.0,0.0
1787905691.0925949,2026-08-28T08:28:11+00:00,http_log_5m_x7,3125009.0,14835.0,399817319.0,401434437.0,102.0,436.0,47240888.0,979473.0,1964.0,0.0,1.0,0.0,0.0,22.0,21.0,380965616.0,2643462656.0,2913599488.0,36437.0,47191588864.0,320801833.0,0.0,677.0,5138665.0,3661.0,110102.0,23066.0,0.0,0.0,1965.0,0.0
1787905692.0976598,2026-08-28T08:28:12+00:00,http_log_5m_x7,3125009.0,14835.0,399817319.0,406543476.0,102.0,441.0,47240888.0,2118175.0,1412.0,0.0,0.0,0.0,0.0,22.0,21.0,380965616.0,2643462656.0,2913599488.0,36437.0,47191588864.0,320801833.0,0.0,677.0,5138665.0,3661.0,110102.0,23066.0,0.0,0.0,1965.0,0.0
1787905693.1027358,2026-08-28T08:28:13+00:00,http_log_5m_x7,3125009.0,14835.0,399817319.0,406543476.0,102.0,441.0,47240888.0,2118175.0,1412.0,0.0,0.0,0.0,0.0,22.0,21.0,380965616.0,2643462656.0,2913599488.0,36437.0,47191588864.0,320801833.0,0.0,677.0,5138665.0,3661.0,110102.0,23066.0,0.0,0.0,1965.0,0.0
1787905694.1078248,2026-08-28T08:28:14+00:00,http_log_5m_x7,3125009.0,14835.0,399817319.0,406543476.0,102.0,441.0,0.0,2118175.0,1412.0,0.0,0.0,0.0,0.0,22.0,21.0,334979336.0,2643462656.0,2955472896.0,36537.0,47191588864.0,320801833.0,0.0,695.0,5149464.0,3671.0,111236.0,23112.0,0.0,0.0,1980.0,0.0
1787905695.108704,2026-08-28T08:28:15+00:00,http_log_5m_x7,3125009.0,14835.0,399817319.0,406543476.0,102.0,441.0,0.0,2118175.0,1412.0,0.0,0.0,0.0,0.0,22.0,21.0,334979336.0,2643462656.0,2955472896.0,36537.0,46967664640.0,372139085.0,0.0,695.0,5149464.0,3671.0,111236.0,23112.0,0.0,0.0,1980.0,0.0
1787905696.1137831,2026-08-28T08:28:16+00:00,http_log_5m_x7,3125009.0,14835.0,399817319.0,406543476.0,102.0,441.0,0.0,2118175.0,1412.0,0.0,1.0,0.0,0.0,22.0,29.0,334979336.0,2643462656.0,2955472896.0,36537.0,46967664640.0,372139085.0,0.0,695.0,5149464.0,3671.0,111236.0,23112.0,0.0,0.0,1980.0,0.0
1787905697.118848,2026-08-28T08:28:17+00:00,http_log_5m_x7,3125009.0,14835.0,399817319.0,406543476.0,102.0,441.0,0.0,2118175.0,1412.0,0.0,1.0,0.0,0.0,22.0,29.0,334979336.0,2643462656.0,2955472896.0,36537.0,46967664640.0,372139085.0,0.0,695.0,5149464.0,3671.0,111236.0,23112.0,0.0,0.0,1980.0,0.0
1787905698.119374,2026-08-28T08:28:18+00:00,http_log_5m_x7,3125009.0,14835.0,399817319.0,409530690.0,102.0,446.0,0.0,905490.0,2299.0,0.0,0.0,0.0,0.0,22.0,29.0,334979336.0,2643462656.0,2955472896.0,36537.0,46967664640.0,372139085.0,0.0,695.0,5149464.0,3671.0,111236.0,23112.0,0.0,0.0,1980.0,0.0
1787905699.124435,2026-08-28T08:28:19+00:00,http_log_5m_x7,3125009.0,14835.0,399817319.0,409530690.0,102.0,446.0,0.0,905490.0,2299.0,0.0,0.0,0.0,0.0,22.0,29.0,334979336.0,2643462656.0,2955472896.0,36537.0,46967664640.0,372139085.0,0.0,695.0,5149464.0,3671.0,111236.0,23112.0,0.0,0.0,1980.0,0.0
1787905700.1268759,2026-08-28T08:28:20+00:00,http_log_5m_x7,3125009.0,14835.0,399817319.0,409530690.0,102.0,446.0,0.0,905490.0,2299.0,0.0,1.0,0.0,0.0,22.0,22.0,334979336.0,2643462656.0,2955472896.0,36537.0,46967664640.0,372139085.0,0.0,695.0,5149464.0,3671.0,111236.0,23112.0,0.0,0.0,1980.0,0.0
1787905701.131957,2026-08-28T08:28:21+00:00,http_log_5m_x7,3125009.0,14835.0,399817319.0,414780008.0,102.0,451.0,0.0,2071554.0,1534.0,0.0,0.0,0.0,0.0,22.0,22.0,334979336.0,2643462656.0,2955472896.0,36537.0,46967664640.0,372139085.0,0.0,695.0,5149464.0,3671.0,111236.0,23112.0,0.0,0.0,1980.0,0.0
1787905702.137025,2026-08-28T08:28:22+00:00,http_log_5m_x7,3125009.0,14835.0,399817319.0,414780008.0,102.0,451.0,0.0,2071554.0,1534.0,0.0,0.0,0.0,0.0,22.0,22.0,334979336.0,2643462656.0,2955472896.0,36537.0,46967664640.0,372139085.0,0.0,695.0,5149464.0,3671.0,111236.0,23112.0,0.0,0.0,1980.0,0.0
1787905703.1401541,2026-08-28T08:28:23+00:00,http_log_5m_x7,3125009.0,14835.0,399817319.0,414780008.0,102.0,451.0,0.0,2071554.0,1534.0,0.0,0.0,0.0,0.0,22.0,22.0,334979336.0,2643462656.0,2955472896.0,36537.0,46967664640.0,372139085.0,0.0,695.0,5149464.0,3671.0,111236.0,23112.0,0.0,0.0,1980.0,0.0
1787905704.145231,2026-08-28T08:28:24+00:00,http_log_5m_x7,3125009.0,14835.0,399817319.0,414780008.0,102.0,451.0,0.0,2071554.0,1534.0,0.0,0.0,0.0,0.0,22.0,22.0,334979336.0,2643462656.0,2955472896.0,36537.0,46967664640.0,372139085.0,0.0,695.0,5149464.0,3671.0,111236.0,23112.0,0.0,0.0,1980.0,0.0
1787905705.1502001,2026-08-28T08:28:25+00:00,http_log_5m_x7,3125009.0,14835.0,399817319.0,414780008.0,102.0,451.0,0.0,2071554.0,1534.0,0.0,1.0,0.0,0.0,22.0,30.0,334979336.0,2643462656.0,2955472896.0,36537.0,46967664640.0,372139085.0,0.0,695.0,5149464.0,3671.0,111236.0,23112.0,0.0,0.0,1980.0,0.0
1787905706.1552691,2026-08-28T08:28:26+00:00,http_log_5m_x7,3125009.0,14835.0,399817319.0,414780008.0,102.0,451.0,0.0,2071554.0,1534.0,1.0,1.0,0.0,0.0,18.0,30.0,334979336.0,2643462656.0,2955472896.0,36537.0,46967664640.0,372139085.0,0.0,695.0,5149464.0,3671.0,111236.0,23112.0,0.0,0.0,1980.0,0.0
1787905707.1557,2026-08-28T08:28:27+00:00,http_log_5m_x7,3125009.0,14835.0,399817319.0,417803985.0,102.0,456.0,0.0,989845.0,2055.0,1.0,0.0,0.0,0.0,18.0,30.0,334979336.0,2643462656.0,2955472896.0,36537.0,46967664640.0,372139085.0,0.0,695.0,5149464.0,3671.0,111236.0,23112.0,0.0,0.0,1980.0,0.0
1787905708.1608331,2026-08-28T08:28:28+00:00,http_log_5m_x7,3125009.0,14835.0,399817319.0,417803985.0,102.0,456.0,0.0,989845.0,2055.0,1.0,0.0,0.0,0.0,18.0,30.0,334979336.0,2643462656.0,2955472896.0,36537.0,46967664640.0,372139085.0,0.0,695.0,5149464.0,3671.0,111236.0,23112.0,0.0,0.0,1980.0,0.0
1787905709.162584,2026-08-28T08:28:29+00:00,http_log_5m_x7,3125009.0,14835.0,399817319.0,417803985.0,102.0,456.0,152576896.0,989845.0,2055.0,1.0,1.0,0.0,0.0,18.0,12.0,486652376.0,2643462656.0,2996183040.0,36673.0,46967664640.0,372139085.0,0.0,751.0,5159116.0,3685.0,113446.0,23206.0,0.0,0.0,1999.0,0.0
1787905710.167671,2026-08-28T08:28:30+00:00,http_log_5m_x7,3125009.0,14835.0,399817319.0,423101014.0,102.0,461.0,152576896.0,2015612.0,1628.0,1.0,0.0,0.0,0.0,18.0,12.0,486652376.0,2643462656.0,2996183040.0,36673.0,46967664640.0,372139085.0,0.0,751.0,5159116.0,3685.0,113446.0,23206.0,0.0,0.0,1999.0,0.0
1787905711.167874,2026-08-28T08:28:31+00:00,http_log_5m_x7,3125009.0,14835.0,399817319.0,423101014.0,102.0,461.0,152576896.0,2015612.0,1628.0,1.0,0.0,0.0,0.0,18.0,12.0,486652376.0,2643462656.0,2996183040.0,36673.0,46967664640.0,372139085.0,0.0,751.0,5159116.0,3685.0,113446.0,23206.0,0.0,0.0,1999.0,0.0
1787905712.172967,2026-08-28T08:28:32+00:00,http_log_5m_x7,3125009.0,14835.0,399817319.0,423101014.0,102.0,461.0,152576896.0,2015612.0,1628.0,1.0,0.0,0.0,0.0,18.0,12.0,486652376.0,2643462656.0,2996183040.0,36673.0,46967664640.0,372139085.0,0.0,751.0,5159116.0,3685.0,113446.0,23206.0,0.0,0.0,1999.0,0.0
1787905713.178046,2026-08-28T08:28:33+00:00,http_log_5m_x7,3125009.0,14835.0,399817319.0,423101014.0,102.0,461.0,152576896.0,2015612.0,1628.0,1.0,1.0,0.0,0.0,18.0,11.0,486652376.0,2643462656.0,2996183040.0,36673.0,46967664640.0,372139085.0,0.0,751.0,5159116.0,3685.0,113446.0,23206.0,0.0,0.0,1999.0,0.0
1787905714.18311,2026-08-28T08:28:34+00:00,http_log_5m_x7,3125009.0,14835.0,399817319.0,423101014.0,102.0,461.0,152576896.0,2015612.0,1628.0,1.0,1.0,0.0,0.0,18.0,11.0,486652376.0,2643462656.0,2996183040.0,36673.0,46967664640.0,372139085.0,0.0,751.0,5159116.0,3685.0,113446.0,23206.0,0.0,0.0,1999.0,0.0
1787905715.188205,2026-08-28T08:28:35+00:00,http_log_5m_x7,3125009.0,14835.0,399817319.0,430602597.0,102.0,466.0,152576896.0,2301805.0,2259.0,1.0,0.0,0.0,0.0,18.0,11.0,486652376.0,2643462656.0,2996183040.0,36673.0,46967664640.0,372139085.0,0.0,751.0,5159116.0,3685.0,113446.0,23206.0,0.0,0.0,1999.0,0.0
1787905716.191419,2026-08-28T08:28:36+00:00,http_log_5m_x7,3125009.0,14835.0,399817319.0,430602597.0,102.0,466.0,152576896.0,2301805.0,2259.0,1.0,0.0,0.0,0.0,18.0,11.0,486652376.0,2643462656.0,2996183040.0,36673.0,46967664640.0,372139085.0,0.0,751.0,5159116.0,3685.0,113446.0,23206.0,0.0,0.0,1999.0,0.0
1787905717.196486,2026-08-28T08:28:37+00:00,http_log_5m_x7,3125009.0,14835.0,399817319.0,430602597.0,102.0,466.0,152576896.0,2301805.0,2259.0,1.0,0.0,0.0,0.0,18.0,11.0,486652376.0,2643462656.0,2996183040.0,36673.0,46967664640.0,372139085.0,0.0,751.0,5159116.0,3685.0,113446.0,23206.0,0.0,0.0,1999.0,0.0
1787905718.201195,2026-08-28T08:28:38+00:00,http_log_5m_x7,3125009.0,14835.0,399817319.0,430602597.0,102.0,466.0,152576896.0,2301805.0,2259.0,1.0,1.0,0.0,0.0,18.0,26.0,486652376.0,2643462656.0,2996183040.0,36673.0,46967664640.0,372139085.0,0.0,751.0,5159116.0,3685.0,113446.0,23206.0,0.0,0.0,1999.0,0.0
1787905719.206262,2026-08-28T08:28:39+00:00,http_log_5m_x7,3125009.0,14835.0,399817319.0,430602597.0,102.0,466.0,152576896.0,2301805.0,2259.0,1.0,1.0,0.0,0.0,18.0,26.0,486652376.0,2643462656.0,2996183040.0,36673.0,46967664640.0,372139085.0,0.0,751.0,5159116.0,3685.0,113446.0,23206.0,0.0,0.0,1999.0,0.0
1787905720.208213,2026-08-28T08:28:40+00:00,http_log_5m_x7,3125009.0,14835.0,399817319.0,433617545.0,102.0,471.0,152576896.0,923414.0,2265.0,1.0,0.0,0.0,0.0,18.0,26.0,486652376.0,2643462656.0,2996183040.0,36673.0,46967664640.0,372139085.0,0.0,751.0,5159116.0,3685.0,113446.0,23206.0,0.0,0.0,1999.0,0.0
1787905721.213297,2026-08-28T08:28:41+00:00,http_log_5m_x7,3125009.0,14835.0,399817319.0,433617545.0,102.0,471.0,152576896.0,923414.0,2265.0,1.0,0.0,0.0,0.0,18.0,26.0,486652376.0,2643462656.0,2996183040.0,36673.0,46967664640.0,372139085.0,0.0,751.0,5159116.0,3685.0,113446.0,23206.0,0.0,0.0,1999.0,0.0
1787905722.21838,2026-08-28T08:28:42+00:00,http_log_5m_x7,3125009.0,14835.0,399817319.0,433617545.0,102.0,471.0,152576896.0,923414.0,2265.0,1.0,0.0,0.0,0.0,18.0,26.0,486652376.0,2643462656.0,2996183040.0,36673.0,46967664640.0,372139085.0,0.0,751.0,5159116.0,3685.0,113446.0,23206.0,0.0,0.0,1999.0,0.0
1787905723.22149,2026-08-28T08:28:43+00:00,http_log_5m_x7,490849.0,596.0,400600715.0,433617545.0,104.0,471.0,152576896.0,923414.0,2265.0,1.0,1.0,0.0,0.0,9.0,28.0,486652376.0,2643462656.0,2996183040.0,36673.0,46967664640.0,372139085.0,0.0,751.0,5159116.0,3685.0,113446.0,23206.0,0.0,0.0,1999.0,0.0
1787905724.2265759,2026-08-28T08:28:44+00:00,http_log_5m_x7,490849.0,596.0,400600715.0,433617545.0,104.0,471.0,753973072.0,923414.0,2265.0,1.0,1.0,0.0,0.0,9.0,28.0,1094953040.0,2643462656.0,3040337920.0,36770.0,46967664640.0,372139085.0,0.0,770.0,5168127.0,3694.0,116333.0,23283.0,0.0,0.0,2017.0,0.0
1787905725.23168,2026-08-28T08:28:45+00:00,http_log_5m_x7,490849.0,596.0,400600715.0,436604869.0,104.0,476.0,753973072.0,929761.0,2213.0,1.0,0.0,0.0,0.0,9.0,28.0,1094953040.0,2643462656.0,3040337920.0,36770.0,46967664640.0,372139085.0,0.0,770.0,5168127.0,3694.0,116333.0,23283.0,0.0,0.0,2017.0,0.0
1787905726.236753,2026-08-28T08:28:46+00:00,http_log_5m_x7,490849.0,596.0,400600715.0,436604869.0,104.0,476.0,753973072.0,929761.0,2213.0,1.0,0.0,0.0,0.0,9.0,28.0,1094953040.0,2643462656.0,3040337920.0,36770.0,46967664640.0,372139085.0,0.0,770.0,5168127.0,3694.0,116333.0,23283.0,0.0,0.0,2017.0,0.0
1787905727.241855,2026-08-28T08:28:47+00:00,http_log_5m_x7,3170809.0,21677.0,472505169.0,436604869.0,109.0,476.0,753973072.0,929761.0,2213.0,0.0,0.0,0.0,0.0,9.0,28.0,1094953040.0,2643462656.0,3040337920.0,36770.0,46967664640.0,372139085.0,0.0,770.0,5168127.0,3694.0,116333.0,23283.0,0.0,0.0,2017.0,0.0
1787905728.246921,2026-08-28T08:28:48+00:00,http_log_5m_x7,3170809.0,21677.0,472505169.0,436604869.0,109.0,476.0,753973072.0,929761.0,2213.0,0.0,1.0,0.0,0.0,9.0,24.0,1094953040.0,2643462656.0,3040337920.0,36770.0,46967664640.0,372139085.0,0.0,770.0,5168127.0,3694.0,116333.0,23283.0,0.0,0.0,2017.0,0.0
1787905729.25186,2026-08-28T08:28:49+00:00,http_log_5m_x7,3170809.0,21677.0,472505169.0,436604869.0,109.0,476.0,753973072.0,929761.0,2213.0,0.0,1.0,0.0,0.0,9.0,24.0,1094953040.0,2643462656.0,3040337920.0,36770.0,46967664640.0,372139085.0,0.0,770.0,5168127.0,3694.0,116333.0,23283.0,0.0,0.0,2017.0,0.0
1787905730.253911,2026-08-28T08:28:50+00:00,http_log_5m_x7,3170809.0,21677.0,472505169.0,445265791.0,109.0,483.0,753973072.0,2472429.0,2503.0,0.0,0.0,0.0,0.0,9.0,24.0,1094953040.0,2643462656.0,3040337920.0,36770.0,46967664640.0,372139085.0,0.0,770.0,5168127.0,3694.0,116333.0,23283.0,0.0,0.0,2017.0,0.0
1787905731.259016,2026-08-28T08:28:51+00:00,http_log_5m_x7,3170809.0,21677.0,472505169.0,445265791.0,109.0,483.0,753973072.0,2472429.0,2503.0,0.0,0.0,0.0,0.0,9.0,24.0,1094953040.0,2643462656.0,3040337920.0,36770.0,46967664640.0,372139085.0,0.0,770.0,5168127.0,3694.0,116333.0,23283.0,0.0,0.0,2017.0,0.0
1787905732.264087,2026-08-28T08:28:52+00:00,http_log_5m_x7,3170809.0,21677.0,472505169.0,445265791.0,109.0,483.0,753973072.0,2472429.0,2503.0,0.0,0.0,0.0,0.0,9.0,24.0,1094953040.0,2643462656.0,3040337920.0,36770.0,46967664640.0,372139085.0,0.0,770.0,5168127.0,3694.0,116333.0,23283.0,0.0,0.0,2017.0,0.0
1787905733.2691572,2026-08-28T08:28:53+00:00,http_log_5m_x7,3170809.0,21677.0,472505169.0,445265791.0,109.0,483.0,753973072.0,2472429.0,2503.0,0.0,1.0,0.0,0.0,9.0,28.0,1094953040.0,2643462656.0,3040337920.0,36770.0,46967664640.0,372139085.0,0.0,770.0,5168127.0,3694.0,116333.0,23283.0,0.0,0.0,2017.0,0.0
1787905734.274224,2026-08-28T08:28:54+00:00,http_log_5m_x7,3170809.0,21677.0,472505169.0,445265791.0,109.0,483.0,753973072.0,2472429.0,2503.0,0.0,1.0,0.0,0.0,9.0,28.0,1094953040.0,2643462656.0,3040337920.0,36770.0,46967664640.0,372139085.0,0.0,770.0,5168127.0,3694.0,116333.0,23283.0,0.0,0.0,2017.0,0.0
1787905735.279329,2026-08-28T08:28:55+00:00,http_log_5m_x7,3170809.0,21677.0,472505169.0,448271504.0,109.0,488.0,753973072.0,977149.0,2076.0,0.0,0.0,0.0,0.0,9.0,28.0,1094953040.0,2643462656.0,3040337920.0,36770.0,46967664640.0,372139085.0,0.0,770.0,5168127.0,3694.0,116333.0,23283.0,0.0,0.0,2017.0,0.0
1787905736.284375,2026-08-28T08:28:56+00:00,http_log_5m_x7,3170809.0,21677.0,472505169.0,448271504.0,109.0,488.0,753973072.0,977149.0,2076.0,0.0,0.0,0.0,0.0,9.0,28.0,1094953040.0,2643462656.0,3040337920.0,36770.0,46967664640.0,372139085.0,0.0,770.0,5168127.0,3694.0,116333.0,23283.0,0.0,0.0,2017.0,0.0
1787905737.2894561,2026-08-28T08:28:57+00:00,http_log_5m_x7,3170809.0,21677.0,472505169.0,448271504.0,109.0,488.0,753973072.0,977149.0,2076.0,0.0,1.0,0.0,0.0,9.0,21.0,1094953040.0,2643462656.0,3040337920.0,36770.0,46967664640.0,372139085.0,0.0,770.0,5168127.0,3694.0,116333.0,23283.0,0.0,0.0,2017.0,0.0
1787905738.2943082,2026-08-28T08:28:58+00:00,http_log_5m_x7,3170809.0,21677.0,472505169.0,453493319.0,109.0,493.0,753973072.0,2110677.0,1474.0,0.0,0.0,0.0,0.0,9.0,21.0,1094953040.0,2643462656.0,3040337920.0,36770.0,46967664640.0,372139085.0,0.0,770.0,5168127.0,3694.0,116333.0,23283.0,0.0,0.0,2017.0,0.0
1787905739.299372,2026-08-28T08:28:59+00:00,http_log_5m_x7,3170809.0,21677.0,472505169.0,453493319.0,109.0,493.0,0.0,2110677.0,1474.0,0.0,0.0,0.0,0.0,9.0,21.0,333653664.0,2643462656.0,3199856640.0,36927.0,46967664640.0,372139085.0,1.0,788.0,5178378.0,3709.0,117999.0,23343.0,0.0,0.0,2034.0,0.0
1787905740.3038101,2026-08-28T08:29:00+00:00,http_log_5m_x7,3170809.0,21677.0,472505169.0,453493319.0,109.0,493.0,0.0,2110677.0,1474.0,0.0,0.0,0.0,0.0,9.0,21.0,333653664.0,2643462656.0,3199856640.0,36927.0,46967664640.0,372139085.0,1.0,788.0,5178378.0,3709.0,117999.0,23343.0,0.0,0.0,2034.0,0.0
1787905741.307073,2026-08-28T08:29:01+00:00,http_log_5m_x7,3170809.0,21677.0,472505169.0,453493319.0,109.0,493.0,0.0,2110677.0,1474.0,0.0,1.0,0.0,0.0,9.0,20.0,333653664.0,2643462656.0,3199856640.0,36927.0,46967664640.0,372139085.0,1.0,788.0,5178378.0,3709.0,117999.0,23343.0,0.0,0.0,2034.0,0.0
1787905742.312133,2026-08-28T08:29:02+00:00,http_log_5m_x7,3170809.0,21677.0,472505169.0,453493319.0,109.0,493.0,0.0,2110677.0,1474.0,0.0,1.0,0.0,0.0,9.0,20.0,333653664.0,2643462656.0,3199856640.0,36927.0,46967664640.0,372139085.0,1.0,788.0,5178378.0,3709.0,117999.0,23343.0,0.0,0.0,2034.0,0.0
1787905743.317251,2026-08-28T08:29:03+00:00,http_log_5m_x7,3170809.0,21677.0,472505169.0,461004258.0,109.0,498.0,0.0,2367887.0,2172.0,0.0,0.0,0.0,0.0,9.0,20.0,333653664.0,2643462656.0,3199856640.0,36927.0,46967664640.0,372139085.0,1.0,788.0,5178378.0,3709.0,117999.0,23343.0,0.0,0.0,2034.0,0.0
1787905744.322315,2026-08-28T08:29:04+00:00,http_log_5m_x7,3170809.0,21677.0,472505169.0,461004258.0,109.0,498.0,0.0,2367887.0,2172.0,0.0,0.0,0.0,0.0,9.0,20.0,333653664.0,2643462656.0,3199856640.0,36927.0,46967664640.0,372139085.0,1.0,788.0,5178378.0,3709.0,117999.0,23343.0,0.0,0.0,2034.0,0.0
1787905745.3266292,2026-08-28T08:29:05+00:00,http_log_5m_x7,3170809.0,21677.0,472505169.0,461004258.0,109.0,498.0,0.0,2367887.0,2172.0,0.0,0.0,0.0,0.0,9.0,20.0,333653664.0,2643462656.0,3199856640.0,36927.0,46967664640.0,372139085.0,1.0,788.0,5178378.0,3709.0,117999.0,23343.0,0.0,0.0,2034.0,0.0
1787905746.327886,2026-08-28T08:29:06+00:00,http_log_5m_x7,3170809.0,21677.0,472505169.0,461004258.0,109.0,498.0,0.0,2367887.0,2172.0,0.0,1.0,0.0,0.0,9.0,29.0,333653664.0,2643462656.0,3199856640.0,36927.0,46967664640.0,372139085.0,1.0,788.0,5178378.0,3709.0,117999.0,23343.0,0.0,0.0,2034.0,0.0
1787905747.332959,2026-08-28T08:29:07+00:00,http_log_5m_x7,3170809.0,21677.0,472505169.0,461004258.0,109.0,498.0,0.0,2367887.0,2172.0,0.0,1.0,0.0,0.0,9.0,29.0,333653664.0,2643462656.0,3199856640.0,36927.0,46967664640.0,372139085.0,1.0,788.0,5178378.0,3709.0,117999.0,23343.0,0.0,0.0,2034.0,0.0
1787905748.3380191,2026-08-28T08:29:08+00:00,http_log_5m_x7,3170809.0,21677.0,472505169.0,464009675.0,109.0,503.0,0.0,1006839.0,1985.0,0.0,0.0,0.0,0.0,9.0,29.0,333653664.0,2643462656.0,3199856640.0,36927.0,46967664640.0,372139085.0,1.0,788.0,5178378.0,3709.0,117999.0,23343.0,0.0,0.0,2034.0,0.0
1787905749.343074,2026-08-28T08:29:09+00:00,http_log_5m_x7,3170809.0,21677.0,472505169.0,464009675.0,109.0,503.0,0.0,1006839.0,1985.0,0.0,0.0,0.0,0.0,9.0,29.0,333653664.0,2643462656.0,3199856640.0,36927.0,46967664640.0,372139085.0,1.0,788.0,5178378.0,3709.0,117999.0,23343.0,0.0,0.0,2034.0,0.0
1787905750.346584,2026-08-28T08:29:10+00:00,http_log_5m_x7,3170809.0,21677.0,472505169.0,464009675.0,109.0,503.0,0.0,1006839.0,1985.0,0.0,1.0,0.0,0.0,9.0,22.0,333653664.0,2643462656.0,3199856640.0,36927.0,46967664640.0,372139085.0,1.0,788.0,5178378.0,3709.0,117999.0,23343.0,0.0,0.0,2034.0,0.0
1787905751.3516521,2026-08-28T08:29:11+00:00,http_log_5m_x7,3170809.0,21677.0,472505169.0,469278506.0,109.0,508.0,0.0,2045353.0,1576.0,0.0,0.0,0.0,0.0,9.0,22.0,333653664.0,2643462656.0,3199856640.0,36927.0,46967664640.0,372139085.0,1.0,788.0,5178378.0,3709.0,117999.0,23343.0,0.0,0.0,2034.0,0.0
1787905752.356717,2026-08-28T08:29:12+00:00,http_log_5m_x7,3170809.0,21677.0,472505169.0,469278506.0,109.0,508.0,0.0,2045353.0,1576.0,0.0,0.0,0.0,0.0,9.0,22.0,333653664.0,2643462656.0,3199856640.0,36927.0,46967664640.0,372139085.0,1.0,788.0,5178378.0,3709.0,117999.0,23343.0,0.0,0.0,2034.0,0.0
1787905753.361802,2026-08-28T08:29:13+00:00,http_log_5m_x7,3170809.0,21677.0,472505169.0,469278506.0,109.0,508.0,0.0,2045353.0,1576.0,0.0,1.0,0.0,0.0,9.0,21.0,333653664.0,2643462656.0,3199856640.0,36927.0,46967664640.0,372139085.0,1.0,788.0,5178378.0,3709.0,117999.0,23343.0,0.0,0.0,2034.0,0.0
1787905754.366859,2026-08-28T08:29:14+00:00,http_log_5m_x7,3170809.0,21677.0,472505169.0,469278506.0,109.0,508.0,5353440.0,2045353.0,1576.0,0.0,1.0,0.0,0.0,9.0,21.0,322965800.0,2643462656.0,3243212800.0,37031.0,46967664640.0,372139085.0,0.0,800.0,5189133.0,3718.0,119169.0,23382.0,0.0,0.0,2050.0,0.0
1787905755.3719392,2026-08-28T08:29:15+00:00,http_log_5m_x7,3170809.0,21677.0,472505169.0,469278506.0,109.0,508.0,5353440.0,2045353.0,1576.0,0.0,1.0,0.0,0.0,9.0,21.0,322965800.0,2643462656.0,3243212800.0,37031.0,46689828864.0,425836686.0,0.0,800.0,5189133.0,3718.0,119169.0,23382.0,0.0,0.0,2050.0,0.0
1787905756.377017,2026-08-28T08:29:16+00:00,http_log_5m_x7,3170809.0,21677.0,472505169.0,476816545.0,109.0,513.0,5353440.0,2317257.0,2253.0,0.0,0.0,0.0,0.0,9.0,21.0,322965800.0,2643462656.0,3243212800.0,37031.0,46689828864.0,425836686.0,0.0,800.0,5189133.0,3718.0,119169.0,23382.0,0.0,0.0,2050.0,0.0
1787905757.379447,2026-08-28T08:29:17+00:00,http_log_5m_x7,3170809.0,21677.0,472505169.0,476816545.0,109.0,513.0,5353440.0,2317257.0,2253.0,0.0,0.0,0.0,0.0,9.0,21.0,322965800.0,2643462656.0,3243212800.0,37031.0,46689828864.0,425836686.0,0.0,800.0,5189133.0,3718.0,119169.0,23382.0,0.0,0.0,2050.0,0.0
1787905758.384508,2026-08-28T08:29:18+00:00,http_log_5m_x7,3170809.0,21677.0,472505169.0,476816545.0,109.0,513.0,5353440.0,2317257.0,2253.0,0.0,1.0,0.0,0.0,9.0,30.0,322965800.0,2643462656.0,3243212800.0,37031.0,46689828864.0,425836686.0,0.0,800.0,5189133.0,3718.0,119169.0,23382.0,0.0,0.0,2050.0,0.0
1787905759.3895822,2026-08-28T08:29:19+00:00,http_log_5m_x7,3170809.0,21677.0,472505169.0,476816545.0,109.0,513.0,5353440.0,2317257.0,2253.0,1.0,1.0,0.0,0.0,18.0,30.0,322965800.0,2643462656.0,3243212800.0,37031.0,46689828864.0,425836686.0,0.0,800.0,5189133.0,3718.0,119169.0,23382.0,0.0,0.0,2050.0,0.0
1787905760.3919308,2026-08-28T08:29:20+00:00,http_log_5m_x7,3170809.0,21677.0,472505169.0,479804084.0,109.0,518.0,5353440.0,985986.0,2030.0,1.0,0.0,0.0,0.0,18.0,30.0,322965800.0,2643462656.0,3243212800.0,37031.0,46689828864.0,425836686.0,0.0,800.0,5189133.0,3718.0,119169.0,23382.0,0.0,0.0,2050.0,0.0
1787905761.396568,2026-08-28T08:29:21+00:00,http_log_5m_x7,3170809.0,21677.0,472505169.0,479804084.0,109.0,518.0,5353440.0,985986.0,2030.0,1.0,0.0,0.0,0.0,18.0,30.0,322965800.0,2643462656.0,3243212800.0,37031.0,46689828864.0,425836686.0,0.0,800.0,5189133.0,3718.0,119169.0,23382.0,0.0,0.0,2050.0,0.0
1787905762.4002728,2026-08-28T08:29:22+00:00,http_log_5m_x7,3170809.0,21677.0,472505169.0,479804084.0,109.0,518.0,5353440.0,985986.0,2030.0,1.0,1.0,0.0,0.0,18.0,12.0,322965800.0,2643462656.0,3243212800.0,37031.0,46689828864.0,425836686.0,0.0,800.0,5189133.0,3718.0,119169.0,23382.0,0.0,0.0,2050.0,0.0
1787905763.4048681,2026-08-28T08:29:23+00:00,http_log_5m_x7,3170809.0,21677.0,472505169.0,479804084.0,109.0,518.0,5353440.0,985986.0,2030.0,1.0,1.0,0.0,0.0,18.0,12.0,322965800.0,2643462656.0,3243212800.0,37031.0,46689828864.0,425836686.0,0.0,800.0,5189133.0,3718.0,119169.0,23382.0,0.0,0.0,2050.0,0.0
1787905764.413315,2026-08-28T08:29:24+00:00,http_log_5m_x7,3170809.0,21677.0,472505169.0,484987785.0,109.0,523.0,5353440.0,1980779.0,1617.0,1.0,0.0,0.0,0.0,18.0,12.0,322965800.0,2643462656.0,3243212800.0,37031.0,46689828864.0,425836686.0,0.0,800.0,5189133.0,3718.0,119169.0,23382.0,0.0,0.0,2050.0,0.0
1787905765.417544,2026-08-28T08:29:25+00:00,http_log_5m_x7,3170809.0,21677.0,472505169.0,484987785.0,109.0,523.0,5353440.0,1980779.0,1617.0,1.0,0.0,0.0,0.0,18.0,12.0,322965800.0,2643462656.0,3243212800.0,37031.0,46689828864.0,425836686.0,0.0,800.0,5189133.0,3718.0,119169.0,23382.0,0.0,0.0,2050.0,0.0
1787905766.422611,2026-08-28T08:29:26+00:00,http_log_5m_x7,3170809.0,21677.0,472505169.0,484987785.0,109.0,523.0,5353440.0,1980779.0,1617.0,1.0,1.0,0.0,0.0,18.0,11.0,322965800.0,2643462656.0,3243212800.0,37031.0,46689828864.0,425836686.0,0.0,800.0,5189133.0,3718.0,119169.0,23382.0,0.0,0.0,2050.0,0.0
1787905767.427736,2026-08-28T08:29:27+00:00,http_log_5m_x7,3170809.0,21677.0,472505169.0,484987785.0,109.0,523.0,5353440.0,1980779.0,1617.0,1.0,1.0,0.0,0.0,18.0,11.0,322965800.0,2643462656.0,3243212800.0,37031.0,46689828864.0,425836686.0,0.0,800.0,5189133.0,3718.0,119169.0,23382.0,0.0,0.0,2050.0,0.0
1787905768.432821,2026-08-28T08:29:28+00:00,http_log_5m_x7,3170809.0,21677.0,472505169.0,484987785.0,109.0,523.0,503153080.0,1980779.0,1617.0,1.0,1.0,0.0,0.0,18.0,11.0,819827064.0,2643462656.0,3285561344.0,37119.0,46689828864.0,425836686.0,0.0,827.0,5198697.0,3728.0,121508.0,23445.0,0.0,0.0,2068.0,0.0
1787905769.436706,2026-08-28T08:29:29+00:00,http_log_5m_x7,3170809.0,21677.0,472505169.0,492439972.0,109.0,528.0,503153080.0,2277563.0,2272.0,1.0,0.0,0.0,0.0,18.0,11.0,819827064.0,2643462656.0,3285561344.0,37119.0,46689828864.0,425836686.0,0.0,827.0,5198697.0,3728.0,121508.0,23445.0,0.0,0.0,2068.0,0.0
1787905770.441773,2026-08-28T08:29:30+00:00,http_log_5m_x7,3170809.0,21677.0,472505169.0,492439972.0,109.0,528.0,503153080.0,2277563.0,2272.0,1.0,0.0,0.0,0.0,18.0,11.0,819827064.0,2643462656.0,3285561344.0,37119.0,46689828864.0,425836686.0,0.0,827.0,5198697.0,3728.0,121508.0,23445.0,0.0,0.0,2068.0,0.0
1787905771.4418619,2026-08-28T08:29:31+00:00,http_log_5m_x7,3170809.0,21677.0,472505169.0,492439972.0,109.0,528.0,503153080.0,2277563.0,2272.0,1.0,1.0,0.0,0.0,18.0,26.0,819827064.0,2643462656.0,3285561344.0,37119.0,46689828864.0,425836686.0,0.0,827.0,5198697.0,3728.0,121508.0,23445.0,0.0,0.0,2068.0,0.0
1787905772.446949,2026-08-28T08:29:32+00:00,http_log_5m_x7,3170809.0,21677.0,472505169.0,492439972.0,109.0,528.0,503153080.0,2277563.0,2272.0,1.0,1.0,0.0,0.0,18.0,26.0,819827064.0,2643462656.0,3285561344.0,37119.0,46689828864.0,425836686.0,0.0,827.0,5198697.0,3728.0,121508.0,23445.0,0.0,0.0,2068.0,0.0
1787905773.452019,2026-08-28T08:29:33+00:00,http_log_5m_x7,3170809.0,21677.0,472505169.0,495380357.0,109.0,533.0,503153080.0,952505.0,2087.0,1.0,0.0,0.0,0.0,18.0,26.0,819827064.0,2643462656.0,3285561344.0,37119.0,46689828864.0,425836686.0,0.0,827.0,5198697.0,3728.0,121508.0,23445.0,0.0,0.0,2068.0,0.0
1787905774.454248,2026-08-28T08:29:34+00:00,http_log_5m_x7,3170809.0,21677.0,472505169.0,495380357.0,109.0,533.0,503153080.0,952505.0,2087.0,1.0,0.0,0.0,0.0,18.0,26.0,819827064.0,2643462656.0,3285561344.0,37119.0,46689828864.0,425836686.0,0.0,827.0,5198697.0,3728.0,121508.0,23445.0,0.0,0.0,2068.0,0.0
1787905775.457716,2026-08-28T08:29:35+00:00,http_log_5m_x7,3170809.0,21677.0,472505169.0,495380357.0,109.0,533.0,503153080.0,952505.0,2087.0,1.0,0.0,0.0,0.0,18.0,26.0,819827064.0,2643462656.0,3285561344.0,37119.0,46689828864.0,425836686.0,0.0,827.0,5198697.0,3728.0,121508.0,23445.0,0.0,0.0,2068.0,0.0
1787905776.458737,2026-08-28T08:29:36+00:00,http_log_5m_x7,3170809.0,21677.0,472505169.0,495380357.0,109.0,533.0,503153080.0,952505.0,2087.0,1.0,1.0,0.0,0.0,18.0,28.0,819827064.0,2643462656.0,3285561344.0,37119.0,46689828864.0,425836686.0,0.0,827.0,5198697.0,3728.0,121508.0,23445.0,0.0,0.0,2068.0,0.0
1787905777.4638069,2026-08-28T08:29:37+00:00,http_log_5m_x7,3170809.0,21677.0,472505169.0,495380357.0,109.0,533.0,503153080.0,952505.0,2087.0,1.0,1.0,0.0,0.0,18.0,28.0,819827064.0,2643462656.0,3285561344.0,37119.0,46689828864.0,425836686.0,0.0,827.0,5198697.0,3728.0,121508.0,23445.0,0.0,0.0,2068.0,0.0
1787905778.468888,2026-08-28T08:29:38+00:00,http_log_5m_x7,3170809.0,21677.0,472505169.0,498339485.0,109.0,538.0,503153080.0,936432.0,2160.0,1.0,0.0,0.0,0.0,18.0,28.0,819827064.0,2643462656.0,3285561344.0,37119.0,46689828864.0,425836686.0,0.0,827.0,5198697.0,3728.0,121508.0,23445.0,0.0,0.0,2068.0,0.0
1787905779.4739552,2026-08-28T08:29:39+00:00,http_log_5m_x7,3170809.0,21677.0,472505169.0,498339485.0,109.0,538.0,503153080.0,936432.0,2160.0,1.0,0.0,0.0,0.0,18.0,28.0,819827064.0,2643462656.0,3285561344.0,37119.0,46689828864.0,425836686.0,0.0,827.0,5198697.0,3728.0,121508.0,23445.0,0.0,0.0,2068.0,0.0
1787905780.476258,2026-08-28T08:29:40+00:00,http_log_5m_x7,3170809.0,21677.0,472505169.0,498339485.0,109.0,538.0,503153080.0,936432.0,2160.0,1.0,0.0,0.0,0.0,18.0,28.0,819827064.0,2643462656.0,3285561344.0,37119.0,46689828864.0,425836686.0,0.0,827.0,5198697.0,3728.0,121508.0,23445.0,0.0,0.0,2068.0,0.0
1787905781.481343,2026-08-28T08:29:41+00:00,http_log_5m_x7,3170809.0,21677.0,472505169.0,498339485.0,109.0,538.0,503153080.0,936432.0,2160.0,1.0,1.0,0.0,0.0,18.0,30.0,819827064.0,2643462656.0,3285561344.0,37119.0,46689828864.0,425836686.0,0.0,827.0,5198697.0,3728.0,121508.0,23445.0,0.0,0.0,2068.0,0.0
1787905782.486423,2026-08-28T08:29:42+00:00,http_log_5m_x7,3170809.0,21677.0,472505169.0,498339485.0,109.0,538.0,503153080.0,936432.0,2160.0,1.0,1.0,0.0,0.0,18.0,30.0,819827064.0,2643462656.0,3285561344.0,37119.0,46689828864.0,425836686.0,0.0,827.0,5198697.0,3728.0,121508.0,23445.0,0.0,0.0,2068.0,0.0
1787905783.491498,2026-08-28T08:29:43+00:00,http_log_5m_x7,3170809.0,21677.0,472505169.0,501270623.0,109.0,543.0,1006866728.0,945528.0,2100.0,1.0,0.0,0.0,0.0,18.0,30.0,1326230640.0,2643462656.0,3323768832.0,37204.0,46689828864.0,425836686.0,0.0,845.0,5207837.0,3737.0,124283.0,23514.0,0.0,0.0,2089.0,0.0
1787905784.4965749,2026-08-28T08:29:44+00:00,http_log_5m_x7,3170809.0,21677.0,472505169.0,501270623.0,109.0,543.0,1006866728.0,945528.0,2100.0,1.0,0.0,0.0,0.0,18.0,30.0,1326230640.0,2643462656.0,3323768832.0,37204.0,46689828864.0,425836686.0,0.0,845.0,5207837.0,3737.0,124283.0,23514.0,0.0,0.0,2089.0,0.0
1787905785.501659,2026-08-28T08:29:45+00:00,http_log_5m_x7,3170809.0,21677.0,472505169.0,501270623.0,109.0,543.0,1006866728.0,945528.0,2100.0,1.0,0.0,0.0,0.0,18.0,30.0,1326230640.0,2643462656.0,3323768832.0,37204.0,46689828864.0,425836686.0,0.0,845.0,5207837.0,3737.0,124283.0,23514.0,0.0,0.0,2089.0,0.0
1787905786.506728,2026-08-28T08:29:46+00:00,http_log_5m_x7,3170809.0,21677.0,472505169.0,501270623.0,109.0,543.0,1006866728.0,945528.0,2100.0,1.0,1.0,0.0,0.0,18.0,32.0,1326230640.0,2643462656.0,3323768832.0,37204.0,46689828864.0,425836686.0,0.0,845.0,5207837.0,3737.0,124283.0,23514.0,0.0,0.0,2089.0,0.0
1787905787.511789,2026-08-28T08:29:47+00:00,http_log_5m_x7,3170809.0,21677.0,472505169.0,501270623.0,109.0,543.0,1006866728.0,945528.0,2100.0,1.0,1.0,0.0,0.0,18.0,32.0,1326230640.0,2643462656.0,3323768832.0,37204.0,46689828864.0,425836686.0,0.0,845.0,5207837.0,3737.0,124283.0,23514.0,0.0,0.0,2089.0,0.0
1787905788.5168571,2026-08-28T08:29:48+00:00,http_log_5m_x7,3170809.0,21677.0,472505169.0,501270623.0,109.0,543.0,1006866728.0,945528.0,2100.0,1.0,1.0,0.0,0.0,18.0,32.0,1326230640.0,2643462656.0,3323768832.0,37204.0,46689828864.0,425836686.0,0.0,845.0,5207837.0,3737.0,124283.0,23514.0,0.0,0.0,2089.0,0.0
1787905789.5219462,2026-08-28T08:29:49+00:00,http_log_5m_x7,3170809.0,21677.0,472505169.0,504294796.0,109.0,548.0,1006866728.0,850203.0,2557.0,1.0,0.0,0.0,0.0,18.0,32.0,1326230640.0,2643462656.0,3323768832.0,37204.0,46689828864.0,425836686.0,0.0,845.0,5207837.0,3737.0,124283.0,23514.0,0.0,0.0,2089.0,0.0
1787905790.525434,2026-08-28T08:29:50+00:00,http_log_5m_x7,3170809.0,21677.0,472505169.0,504294796.0,109.0,548.0,1006866728.0,850203.0,2557.0,1.0,0.0,0.0,0.0,18.0,32.0,1326230640.0,2643462656.0,3323768832.0,37204.0,46689828864.0,425836686.0,0.0,845.0,5207837.0,3737.0,124283.0,23514.0,0.0,0.0,2089.0,0.0
1787905791.530528,2026-08-28T08:29:51+00:00,http_log_5m_x7,3125453.0,31774.0,574938793.0,504294796.0,114.0,548.0,1006866728.0,850203.0,2557.0,0.0,1.0,0.0,0.0,18.0,40.0,1326230640.0,2643462656.0,3323768832.0,37204.0,46689828864.0,425836686.0,0.0,845.0,5207837.0,3737.0,124283.0,23514.0,0.0,0.0,2089.0,0.0
1787905792.535601,2026-08-28T08:29:52+00:00,http_log_5m_x7,3125453.0,31774.0,574938793.0,504294796.0,114.0,548.0,1006866728.0,850203.0,2557.0,0.0,2.0,0.0,0.0,18.0,28.0,1326230640.0,2643462656.0,3323768832.0,37204.0,46689828864.0,425836686.0,0.0,845.0,5207837.0,3737.0,124283.0,23514.0,0.0,0.0,2089.0,0.0
1787905793.5382311,2026-08-28T08:29:53+00:00,http_log_5m_x7,3125453.0,31774.0,574938793.0,507319373.0,114.0,553.0,1006866728.0,967245.0,2127.0,0.0,1.0,0.0,0.0,18.0,28.0,1326230640.0,2643462656.0,3323768832.0,37204.0,46689828864.0,425836686.0,0.0,845.0,5207837.0,3737.0,124283.0,23514.0,0.0,0.0,2089.0,0.0
1787905794.5432892,2026-08-28T08:29:54+00:00,http_log_5m_x7,3125453.0,31774.0,574938793.0,507319373.0,114.0,553.0,1006866728.0,967245.0,2127.0,0.0,1.0,0.0,0.0,18.0,28.0,1326230640.0,2643462656.0,3323768832.0,37204.0,46689828864.0,425836686.0,0.0,845.0,5207837.0,3737.0,124283.0,23514.0,0.0,0.0,2089.0,0.0
1787905795.548104,2026-08-28T08:29:55+00:00,http_log_5m_x7,3125453.0,31774.0,574938793.0,507319373.0,114.0,553.0,1006866728.0,967245.0,2127.0,0.0,2.0,0.0,0.0,18.0,18.0,1326230640.0,2643462656.0,3323768832.0,37204.0,46689828864.0,425836686.0,0.0,845.0,5207837.0,3737.0,124283.0,23514.0,0.0,0.0,2089.0,0.0
1787905796.553233,2026-08-28T08:29:56+00:00,http_log_5m_x7,3125453.0,31774.0,574938793.0,507319373.0,114.0,553.0,1006866728.0,967245.0,2127.0,0.0,2.0,0.0,0.0,18.0,18.0,1326230640.0,2643462656.0,3323768832.0,37204.0,46689828864.0,425836686.0,0.0,845.0,5207837.0,3737.0,124283.0,23514.0,0.0,0.0,2089.0,0.0
1787905797.5583072,2026-08-28T08:29:57+00:00,http_log_5m_x7,3125453.0,31774.0,574938793.0,512634671.0,114.0,558.0,1006866728.0,1973746.0,1693.0,0.0,1.0,0.0,0.0,18.0,18.0,1326230640.0,2643462656.0,3323768832.0,37204.0,46689828864.0,425836686.0,0.0,845.0,5207837.0,3737.0,124283.0,23514.0,0.0,0.0,2089.0,0.0
1787905798.5634172,2026-08-28T08:29:58+00:00,http_log_5m_x7,3125453.0,31774.0,574938793.0,531268049.0,114.0,563.0,0.0,2817689.0,5613.0,0.0,0.0,0.0,0.0,18.0,18.0,321904856.0,2643462656.0,3551543296.0,37430.0,46689828864.0,425836686.0,1.0,864.0,5217077.0,3765.0,126913.0,23610.0,0.0,0.0,2104.0,0.0
1787905799.568471,2026-08-28T08:29:59+00:00,http_log_5m_x7,3125453.0,31774.0,574938793.0,531268049.0,114.0,563.0,0.0,2817689.0,5613.0,0.0,1.0,0.0,0.0,18.0,19.0,321904856.0,2643462656.0,3551543296.0,37430.0,46689828864.0,425836686.0,1.0,864.0,5217077.0,3765.0,126913.0,23610.0,0.0,0.0,2104.0,0.0
1787905800.571588,2026-08-28T08:30:00+00:00,http_log_5m_x7,3125453.0,31774.0,574938793.0,531268049.0,114.0,563.0,0.0,2817689.0,5613.0,0.0,1.0,0.0,0.0,18.0,19.0,321904856.0,2643462656.0,3551543296.0,37430.0,46689828864.0,425836686.0,1.0,864.0,5217077.0,3765.0,126913.0,23610.0,0.0,0.0,2104.0,0.0
1787905801.573758,2026-08-28T08:30:01+00:00,http_log_5m_x7,3125453.0,31774.0,574938793.0,538790467.0,114.0,568.0,0.0,2401027.0,2133.0,0.0,0.0,0.0,0.0,18.0,19.0,321904856.0,2643462656.0,3551543296.0,37430.0,46689828864.0,425836686.0,1.0,864.0,5217077.0,3765.0,126913.0,23610.0,0.0,0.0,2104.0,0.0
1787905802.578859,2026-08-28T08:30:02+00:00,http_log_5m_x7,3125453.0,31774.0,574938793.0,538790467.0,114.0,568.0,0.0,2401027.0,2133.0,0.0,0.0,0.0,0.0,18.0,19.0,321904856.0,2643462656.0,3551543296.0,37430.0,46689828864.0,425836686.0,1.0,864.0,5217077.0,3765.0,126913.0,23610.0,0.0,0.0,2104.0,0.0
1787905803.579925,2026-08-28T08:30:03+00:00,http_log_5m_x7,3125453.0,31774.0,574938793.0,538790467.0,114.0,568.0,0.0,2401027.0,2133.0,0.0,0.0,0.0,0.0,18.0,19.0,321904856.0,2643462656.0,3551543296.0,37430.0,46689828864.0,425836686.0,1.0,864.0,5217077.0,3765.0,126913.0,23610.0,0.0,0.0,2104.0,0.0
1787905804.584983,2026-08-28T08:30:04+00:00,http_log_5m_x7,3125453.0,31774.0,574938793.0,538790467.0,114.0,568.0,0.0,2401027.0,2133.0,0.0,1.0,0.0,0.0,18.0,34.0,321904856.0,2643462656.0,3551543296.0,37430.0,46689828864.0,425836686.0,1.0,864.0,5217077.0,3765.0,126913.0,23610.0,0.0,0.0,2104.0,0.0
1787905805.590058,2026-08-28T08:30:05+00:00,http_log_5m_x7,3125453.0,31774.0,574938793.0,538790467.0,114.0,568.0,0.0,2401027.0,2133.0,0.0,1.0,0.0,0.0,18.0,34.0,321904856.0,2643462656.0,3551543296.0,37430.0,46689828864.0,425836686.0,1.0,864.0,5217077.0,3765.0,126913.0,23610.0,0.0,0.0,2104.0,0.0
1787905806.595131,2026-08-28T08:30:06+00:00,http_log_5m_x7,3125453.0,31774.0,574938793.0,541749686.0,114.0,573.0,0.0,1037594.0,1852.0,0.0,0.0,0.0,0.0,18.0,34.0,321904856.0,2643462656.0,3551543296.0,37430.0,46689828864.0,425836686.0,1.0,864.0,5217077.0,3765.0,126913.0,23610.0,0.0,0.0,2104.0,0.0
1787905807.600211,2026-08-28T08:30:07+00:00,http_log_5m_x7,3125453.0,31774.0,574938793.0,541749686.0,114.0,573.0,0.0,1037594.0,1852.0,0.0,0.0,0.0,0.0,18.0,34.0,321904856.0,2643462656.0,3551543296.0,37430.0,46689828864.0,425836686.0,1.0,864.0,5217077.0,3765.0,126913.0,23610.0,0.0,0.0,2104.0,0.0
1787905808.605289,2026-08-28T08:30:08+00:00,http_log_5m_x7,3125453.0,31774.0,574938793.0,541749686.0,114.0,573.0,0.0,1037594.0,1852.0,0.0,0.0,0.0,0.0,18.0,34.0,321904856.0,2643462656.0,3551543296.0,37430.0,46689828864.0,425836686.0,1.0,864.0,5217077.0,3765.0,126913.0,23610.0,0.0,0.0,2104.0,0.0
1787905809.6086888,2026-08-28T08:30:09+00:00,http_log_5m_x7,3125453.0,31774.0,574938793.0,541749686.0,114.0,573.0,0.0,1037594.0,1852.0,0.0,1.0,0.0,0.0,18.0,36.0,321904856.0,2643462656.0,3551543296.0,37430.0,46689828864.0,425836686.0,1.0,864.0,5217077.0,3765.0,126913.0,23610.0,0.0,0.0,2104.0,0.0
1787905810.613297,2026-08-28T08:30:10+00:00,http_log_5m_x7,3125453.0,31774.0,574938793.0,541749686.0,114.0,573.0,0.0,1037594.0,1852.0,0.0,1.0,0.0,0.0,18.0,36.0,321904856.0,2643462656.0,3551543296.0,37430.0,46689828864.0,425836686.0,1.0,864.0,5217077.0,3765.0,126913.0,23610.0,0.0,0.0,2104.0,0.0
1787905811.616996,2026-08-28T08:30:11+00:00,http_log_5m_x7,3125453.0,31774.0,574938793.0,544763978.0,114.0,578.0,0.0,985384.0,2059.0,0.0,0.0,0.0,0.0,18.0,36.0,321904856.0,2643462656.0,3551543296.0,37430.0,46689828864.0,425836686.0,1.0,864.0,5217077.0,3765.0,126913.0,23610.0,0.0,0.0,2104.0,0.0
1787905812.622066,2026-08-28T08:30:12+00:00,http_log_5m_x7,3125453.0,31774.0,574938793.0,544763978.0,114.0,578.0,0.0,985384.0,2059.0,0.0,0.0,0.0,0.0,18.0,36.0,321904856.0,2643462656.0,3551543296.0,37430.0,46689828864.0,425836686.0,1.0,864.0,5217077.0,3765.0,126913.0,23610.0,0.0,0.0,2104.0,0.0
1787905813.627149,2026-08-28T08:30:13+00:00,http_log_5m_x7,3125453.0,31774.0,574938793.0,544763978.0,114.0,578.0,0.0,985384.0,2059.0,0.0,0.0,0.0,0.0,18.0,36.0,319829056.0,2643462656.0,3590262784.0,37520.0,46689828864.0,425836686.0,0.0,882.0,5227832.0,3774.0,128100.0,23648.0,0.0,0.0,2119.0,0.0
1787905814.632245,2026-08-28T08:30:14+00:00,http_log_5m_x7,3125453.0,31774.0,574938793.0,544763978.0,114.0,578.0,0.0,985384.0,2059.0,0.0,1.0,0.0,0.0,18.0,37.0,319829056.0,2643462656.0,3590262784.0,37520.0,46357856256.0,478039240.0,0.0,882.0,5227832.0,3774.0,128100.0,23648.0,0.0,0.0,2119.0,0.0
1787905815.6373289,2026-08-28T08:30:15+00:00,http_log_5m_x7,3125453.0,31774.0,574938793.0,544763978.0,114.0,578.0,0.0,985384.0,2059.0,0.0,1.0,0.0,0.0,18.0,37.0,319829056.0,2643462656.0,3590262784.0,37520.0,46357856256.0,478039240.0,0.0,882.0,5227832.0,3774.0,128100.0,23648.0,0.0,0.0,2119.0,0.0
1787905816.642396,2026-08-28T08:30:16+00:00,http_log_5m_x7,3125453.0,31774.0,574938793.0,547732672.0,114.0,583.0,0.0,1006336.0,1950.0,0.0,0.0,0.0,0.0,18.0,37.0,319829056.0,2643462656.0,3590262784.0,37520.0,46357856256.0,478039240.0,0.0,882.0,5227832.0,3774.0,128100.0,23648.0,0.0,0.0,2119.0,0.0
1787905817.64746,2026-08-28T08:30:17+00:00,http_log_5m_x7,3125453.0,31774.0,574938793.0,547732672.0,114.0,583.0,0.0,1006336.0,1950.0,0.0,0.0,0.0,0.0,18.0,37.0,319829056.0,2643462656.0,3590262784.0,37520.0,46357856256.0,478039240.0,0.0,882.0,5227832.0,3774.0,128100.0,23648.0,0.0,0.0,2119.0,0.0
1787905818.652122,2026-08-28T08:30:18+00:00,http_log_5m_x7,3125453.0,31774.0,574938793.0,547732672.0,114.0,583.0,0.0,1006336.0,1950.0,0.0,0.0,0.0,0.0,18.0,37.0,319829056.0,2643462656.0,3590262784.0,37520.0,46357856256.0,478039240.0,0.0,882.0,5227832.0,3774.0,128100.0,23648.0,0.0,0.0,2119.0,0.0
1787905819.6572149,2026-08-28T08:30:19+00:00,http_log_5m_x7,3125453.0,31774.0,574938793.0,547732672.0,114.0,583.0,0.0,1006336.0,1950.0,0.0,1.0,0.0,0.0,18.0,39.0,319829056.0,2643462656.0,3590262784.0,37520.0,46357856256.0,478039240.0,0.0,882.0,5227832.0,3774.0,128100.0,23648.0,0.0,0.0,2119.0,0.0
1787905820.662295,2026-08-28T08:30:20+00:00,http_log_5m_x7,3125453.0,31774.0,574938793.0,547732672.0,114.0,583.0,0.0,1006336.0,1950.0,0.0,1.0,0.0,0.0,18.0,39.0,319829056.0,2643462656.0,3590262784.0,37520.0,46357856256.0,478039240.0,0.0,882.0,5227832.0,3774.0,128100.0,23648.0,0.0,0.0,2119.0,0.0
1787905821.667361,2026-08-28T08:30:21+00:00,http_log_5m_x7,3125453.0,31774.0,574938793.0,550672974.0,114.0,588.0,0.0,982721.0,1992.0,0.0,1.0,0.0,0.0,18.0,32.0,319829056.0,2643462656.0,3590262784.0,37520.0,46357856256.0,478039240.0,0.0,882.0,5227832.0,3774.0,128100.0,23648.0,0.0,0.0,2119.0,0.0
1787905822.672427,2026-08-28T08:30:22+00:00,http_log_5m_x7,3125453.0,31774.0,574938793.0,550672974.0,114.0,588.0,0.0,982721.0,1992.0,0.0,1.0,0.0,0.0,18.0,32.0,319829056.0,2643462656.0,3590262784.0,37520.0,46357856256.0,478039240.0,0.0,882.0,5227832.0,3774.0,128100.0,23648.0,0.0,0.0,2119.0,0.0
1787905823.677484,2026-08-28T08:30:23+00:00,http_log_5m_x7,3125453.0,31774.0,574938793.0,550672974.0,114.0,588.0,0.0,982721.0,1992.0,0.0,1.0,0.0,0.0,18.0,32.0,319829056.0,2643462656.0,3590262784.0,37520.0,46357856256.0,478039240.0,0.0,882.0,5227832.0,3774.0,128100.0,23648.0,0.0,0.0,2119.0,0.0
1787905824.6808908,2026-08-28T08:30:24+00:00,http_log_5m_x7,3125453.0,31774.0,574938793.0,550672974.0,114.0,588.0,0.0,982721.0,1992.0,0.0,2.0,0.0,0.0,18.0,27.0,319829056.0,2643462656.0,3590262784.0,37520.0,46357856256.0,478039240.0,0.0,882.0,5227832.0,3774.0,128100.0,23648.0,0.0,0.0,2119.0,0.0
1787905825.682438,2026-08-28T08:30:25+00:00,http_log_5m_x7,3125453.0,31774.0,574938793.0,550672974.0,114.0,588.0,0.0,982721.0,1992.0,0.0,2.0,0.0,0.0,18.0,27.0,319829056.0,2643462656.0,3590262784.0,37520.0,46357856256.0,478039240.0,0.0,882.0,5227832.0,3774.0,128100.0,23648.0,0.0,0.0,2119.0,0.0
1787905826.687262,2026-08-28T08:30:26+00:00,http_log_5m_x7,3125453.0,31774.0,574938793.0,572408201.0,114.0,598.0,0.0,2850240.0,5571.0,0.0,0.0,0.0,0.0,18.0,27.0,319829056.0,2643462656.0,3590262784.0,37520.0,46357856256.0,478039240.0,0.0,882.0,5227832.0,3774.0,128100.0,23648.0,0.0,0.0,2119.0,0.0
1787905827.692322,2026-08-28T08:30:27+00:00,http_log_5m_x7,3125453.0,31774.0,574938793.0,572408201.0,114.0,598.0,0.0,2850240.0,5571.0,0.0,0.0,0.0,0.0,18.0,27.0,319829056.0,2643462656.0,3590262784.0,37520.0,46357856256.0,478039240.0,0.0,882.0,5227832.0,3774.0,128100.0,23648.0,0.0,0.0,2119.0,0.0
1787905828.692607,2026-08-28T08:30:28+00:00,http_log_5m_x7,3125453.0,31774.0,574938793.0,572408201.0,114.0,598.0,7972232.0,2850240.0,5571.0,0.0,1.0,0.0,0.0,18.0,21.0,330776136.0,2643462656.0,3651375104.0,37629.0,46357856256.0,478039240.0,0.0,902.0,5237900.0,3784.0,129952.0,23698.0,0.0,0.0,2135.0,0.0
1787905829.6976829,2026-08-28T08:30:29+00:00,http_log_5m_x7,3125453.0,31774.0,574938793.0,577668587.0,114.0,603.0,7972232.0,2080026.0,1529.0,0.0,0.0,0.0,0.0,18.0,21.0,330776136.0,2643462656.0,3651375104.0,37629.0,46357856256.0,478039240.0,0.0,902.0,5237900.0,3784.0,129952.0,23698.0,0.0,0.0,2135.0,0.0
1787905830.701119,2026-08-28T08:30:30+00:00,http_log_5m_x7,3125453.0,31774.0,574938793.0,577668587.0,114.0,603.0,7972232.0,2080026.0,1529.0,0.0,0.0,0.0,0.0,18.0,21.0,330776136.0,2643462656.0,3651375104.0,37629.0,46357856256.0,478039240.0,0.0,902.0,5237900.0,3784.0,129952.0,23698.0,0.0,0.0,2135.0,0.0
1787905831.706182,2026-08-28T08:30:31+00:00,http_log_5m_x7,3125453.0,31774.0,574938793.0,577668587.0,114.0,603.0,7972232.0,2080026.0,1529.0,0.0,0.0,0.0,0.0,18.0,21.0,330776136.0,2643462656.0,3651375104.0,37629.0,46357856256.0,478039240.0,0.0,902.0,5237900.0,3784.0,129952.0,23698.0,0.0,0.0,2135.0,0.0
1787905832.70963,2026-08-28T08:30:32+00:00,http_log_5m_x7,3125453.0,31774.0,574938793.0,577668587.0,114.0,603.0,7972232.0,2080026.0,1529.0,0.0,1.0,0.0,0.0,18.0,20.0,330776136.0,2643462656.0,3651375104.0,37629.0,46357856256.0,478039240.0,0.0,902.0,5237900.0,3784.0,129952.0,23698.0,0.0,0.0,2135.0,0.0
1787905833.714714,2026-08-28T08:30:33+00:00,http_log_5m_x7,3125453.0,31774.0,574938793.0,577668587.0,114.0,603.0,7972232.0,2080026.0,1529.0,0.0,1.0,0.0,0.0,18.0,20.0,330776136.0,2643462656.0,3651375104.0,37629.0,46357856256.0,478039240.0,0.0,902.0,5237900.0,3784.0,129952.0,23698.0,0.0,0.0,2135.0,0.0
1787905834.719769,2026-08-28T08:30:34+00:00,http_log_5m_x7,3125453.0,31774.0,574938793.0,585170283.0,114.0,608.0,7972232.0,2434035.0,2082.0,0.0,0.0,0.0,0.0,18.0,20.0,330776136.0,2643462656.0,3651375104.0,37629.0,46357856256.0,478039240.0,0.0,902.0,5237900.0,3784.0,129952.0,23698.0,0.0,0.0,2135.0,0.0
1787905835.7252438,2026-08-28T08:30:35+00:00,http_log_5m_x7,3125453.0,31774.0,574938793.0,585170283.0,114.0,608.0,7972232.0,2434035.0,2082.0,0.0,0.0,0.0,0.0,18.0,20.0,330776136.0,2643462656.0,3651375104.0,37629.0,46357856256.0,478039240.0,0.0,902.0,5237900.0,3784.0,129952.0,23698.0,0.0,0.0,2135.0,0.0
1787905836.730294,2026-08-28T08:30:36+00:00,http_log_5m_x7,3125453.0,31774.0,574938793.0,585170283.0,114.0,608.0,7972232.0,2434035.0,2082.0,0.0,0.0,0.0,0.0,18.0,20.0,330776136.0,2643462656.0,3651375104.0,37629.0,46357856256.0,478039240.0,0.0,902.0,5237900.0,3784.0,129952.0,23698.0,0.0,0.0,2135.0,0.0
1787905837.7332191,2026-08-28T08:30:37+00:00,http_log_5m_x7,3125453.0,31774.0,574938793.0,585170283.0,114.0,608.0,7972232.0,2434035.0,2082.0,0.0,1.0,0.0,0.0,18.0,35.0,330776136.0,2643462656.0,3651375104.0,37629.0,46357856256.0,478039240.0,0.0,902.0,5237900.0,3784.0,129952.0,23698.0,0.0,0.0,2135.0,0.0
1787905838.738333,2026-08-28T08:30:38+00:00,http_log_5m_x7,3125453.0,31774.0,574938793.0,585170283.0,114.0,608.0,7972232.0,2434035.0,2082.0,0.0,1.0,0.0,0.0,18.0,35.0,330776136.0,2643462656.0,3651375104.0,37629.0,46357856256.0,478039240.0,0.0,902.0,5237900.0,3784.0,129952.0,23698.0,0.0,0.0,2135.0,0.0
1787905839.74343,2026-08-28T08:30:39+00:00,http_log_5m_x7,3125453.0,31774.0,574938793.0,588120687.0,114.0,613.0,7972232.0,983468.0,2000.0,0.0,0.0,0.0,0.0,18.0,35.0,330776136.0,2643462656.0,3651375104.0,37629.0,46357856256.0,478039240.0,0.0,902.0,5237900.0,3784.0,129952.0,23698.0,0.0,0.0,2135.0,0.0
1787905840.748497,2026-08-28T08:30:40+00:00,http_log_5m_x7,3125453.0,31774.0,574938793.0,588120687.0,114.0,613.0,7972232.0,983468.0,2000.0,0.0,0.0,0.0,0.0,18.0,35.0,330776136.0,2643462656.0,3651375104.0,37629.0,46357856256.0,478039240.0,0.0,902.0,5237900.0,3784.0,129952.0,23698.0,0.0,0.0,2135.0,0.0
1787905841.75288,2026-08-28T08:30:41+00:00,http_log_5m_x7,3125453.0,31774.0,574938793.0,588120687.0,114.0,613.0,7972232.0,983468.0,2000.0,0.0,0.0,0.0,0.0,18.0,35.0,330776136.0,2643462656.0,3651375104.0,37629.0,46357856256.0,478039240.0,0.0,902.0,5237900.0,3784.0,129952.0,23698.0,0.0,0.0,2135.0,0.0
1787905842.757931,2026-08-28T08:30:42+00:00,http_log_5m_x7,3125453.0,31774.0,574938793.0,588120687.0,114.0,613.0,7972232.0,983468.0,2000.0,0.0,1.0,0.0,0.0,18.0,37.0,330776136.0,2643462656.0,3651375104.0,37629.0,46357856256.0,478039240.0,0.0,902.0,5237900.0,3784.0,129952.0,23698.0,0.0,0.0,2135.0,0.0
1787905843.7630038,2026-08-28T08:30:43+00:00,http_log_5m_x7,3125453.0,31774.0,574938793.0,591117716.0,114.0,618.0,49810520.0,1039191.0,1884.0,0.0,0.0,0.0,0.0,18.0,37.0,371939984.0,2643462656.0,3693518848.0,37744.0,46357856256.0,478039240.0,0.0,928.0,5248593.0,3795.0,131183.0,23744.0,0.0,0.0,2151.0,0.0
1787905844.7670689,2026-08-28T08:30:44+00:00,http_log_5m_x7,3125453.0,31774.0,574938793.0,591117716.0,114.0,618.0,49810520.0,1039191.0,1884.0,0.0,0.0,0.0,0.0,18.0,37.0,371939984.0,2643462656.0,3693518848.0,37744.0,46357856256.0,478039240.0,0.0,928.0,5248593.0,3795.0,131183.0,23744.0,0.0,0.0,2151.0,0.0
1787905845.772144,2026-08-28T08:30:45+00:00,http_log_5m_x7,3125453.0,31774.0,574938793.0,591117716.0,114.0,618.0,49810520.0,1039191.0,1884.0,0.0,0.0,0.0,0.0,18.0,37.0,371939984.0,2643462656.0,3693518848.0,37744.0,46357856256.0,478039240.0,0.0,928.0,5248593.0,3795.0,131183.0,23744.0,0.0,0.0,2151.0,0.0
1787905846.77536,2026-08-28T08:30:46+00:00,http_log_5m_x7,3125453.0,31774.0,574938793.0,591117716.0,114.0,618.0,49810520.0,1039191.0,1884.0,0.0,0.0,0.0,0.0,18.0,37.0,371939984.0,2643462656.0,3693518848.0,37744.0,46357856256.0,478039240.0,0.0,928.0,5248593.0,3795.0,131183.0,23744.0,0.0,0.0,2151.0,0.0
1787905847.7804658,2026-08-28T08:30:47+00:00,http_log_5m_x7,3125453.0,31774.0,574938793.0,591117716.0,114.0,618.0,49810520.0,1039191.0,1884.0,0.0,1.0,0.0,0.0,18.0,39.0,371939984.0,2643462656.0,3693518848.0,37744.0,46357856256.0,478039240.0,0.0,928.0,5248593.0,3795.0,131183.0,23744.0,0.0,0.0,2151.0,0.0
1787905848.785523,2026-08-28T08:30:48+00:00,http_log_5m_x7,3125453.0,31774.0,574938793.0,591117716.0,114.0,618.0,49810520.0,1039191.0,1884.0,0.0,1.0,0.0,0.0,18.0,39.0,371939984.0,2643462656.0,3693518848.0,37744.0,46357856256.0,478039240.0,0.0,928.0,5248593.0,3795.0,131183.0,23744.0,0.0,0.0,2151.0,0.0
1787905849.785971,2026-08-28T08:30:49+00:00,http_log_5m_x7,3125453.0,31774.0,574938793.0,594141131.0,114.0,623.0,49810520.0,1019357.0,1966.0,0.0,0.0,0.0,0.0,18.0,39.0,371939984.0,2643462656.0,3693518848.0,37744.0,46357856256.0,478039240.0,0.0,928.0,5248593.0,3795.0,131183.0,23744.0,0.0,0.0,2151.0,0.0
1787905850.791063,2026-08-28T08:30:50+00:00,http_log_5m_x7,3125453.0,31774.0,574938793.0,594141131.0,114.0,623.0,49810520.0,1019357.0,1966.0,0.0,0.0,0.0,0.0,18.0,39.0,371939984.0,2643462656.0,3693518848.0,37744.0,46357856256.0,478039240.0,0.0,928.0,5248593.0,3795.0,131183.0,23744.0,0.0,0.0,2151.0,0.0
1787905851.796145,2026-08-28T08:30:51+00:00,http_log_5m_x7,3125453.0,31774.0,574938793.0,594141131.0,114.0,623.0,49810520.0,1019357.0,1966.0,0.0,0.0,0.0,0.0,18.0,39.0,371939984.0,2643462656.0,3693518848.0,37744.0,46357856256.0,478039240.0,0.0,928.0,5248593.0,3795.0,131183.0,23744.0,0.0,0.0,2151.0,0.0
1787905852.796694,2026-08-28T08:30:52+00:00,http_log_5m_x7,3125453.0,31774.0,574938793.0,594141131.0,114.0,623.0,49810520.0,1019357.0,1966.0,0.0,1.0,0.0,0.0,18.0,41.0,371939984.0,2643462656.0,3693518848.0,37744.0,46357856256.0,478039240.0,0.0,928.0,5248593.0,3795.0,131183.0,23744.0,0.0,0.0,2151.0,0.0
1787905853.8018072,2026-08-28T08:30:53+00:00,http_log_5m_x7,3125453.0,31774.0,574938793.0,597082076.0,114.0,628.0,49810520.0,1018332.0,1888.0,0.0,1.0,0.0,0.0,18.0,33.0,371939984.0,2643462656.0,3693518848.0,37744.0,46357856256.0,478039240.0,0.0,928.0,5248593.0,3795.0,131183.0,23744.0,0.0,0.0,2151.0,0.0
1787905854.806852,2026-08-28T08:30:54+00:00,http_log_5m_x7,3125453.0,31774.0,574938793.0,597082076.0,114.0,628.0,49810520.0,1018332.0,1888.0,0.0,1.0,0.0,0.0,18.0,33.0,371939984.0,2643462656.0,3693518848.0,37744.0,46357856256.0,478039240.0,0.0,928.0,5248593.0,3795.0,131183.0,23744.0,0.0,0.0,2151.0,0.0
1787905855.80831,2026-08-28T08:30:55+00:00,http_log_5m_x7,3125453.0,31774.0,574938793.0,597082076.0,114.0,628.0,49810520.0,1018332.0,1888.0,0.0,1.0,0.0,0.0,18.0,33.0,371939984.0,2643462656.0,3693518848.0,37744.0,46357856256.0,478039240.0,0.0,928.0,5248593.0,3795.0,131183.0,23744.0,0.0,0.0,2151.0,0.0
1787905856.813431,2026-08-28T08:30:56+00:00,http_log_5m_x7,3125453.0,31774.0,574938793.0,597082076.0,114.0,628.0,49810520.0,1018332.0,1888.0,0.0,2.0,0.0,0.0,18.0,28.0,371939984.0,2643462656.0,3693518848.0,37744.0,46357856256.0,478039240.0,0.0,928.0,5248593.0,3795.0,131183.0,23744.0,0.0,0.0,2151.0,0.0
1787905857.817439,2026-08-28T08:30:57+00:00,http_log_5m_x7,3125453.0,31774.0,574938793.0,597082076.0,114.0,628.0,49810520.0,1018332.0,1888.0,0.0,2.0,0.0,0.0,18.0,28.0,371939984.0,2643462656.0,3693518848.0,37744.0,46357856256.0,478039240.0,0.0,928.0,5248593.0,3795.0,131183.0,23744.0,0.0,0.0,2151.0,0.0
1787905858.821451,2026-08-28T08:30:58+00:00,http_log_5m_x7,3125453.0,31774.0,574938793.0,597082076.0,114.0,628.0,212976936.0,1018332.0,1888.0,0.0,2.0,0.0,0.0,18.0,28.0,537176992.0,2643462656.0,3725987840.0,37840.0,46357856256.0,478039240.0,0.0,947.0,5258956.0,3804.0,132746.0,23793.0,0.0,0.0,2167.0,0.0
1787905859.825824,2026-08-28T08:30:59+00:00,http_log_5m_x7,3125453.0,31774.0,574938793.0,618817083.0,114.0,638.0,212976936.0,2787225.0,5723.0,0.0,0.0,0.0,0.0,18.0,28.0,537176992.0,2643462656.0,3725987840.0,37840.0,46357856256.0,478039240.0,0.0,947.0,5258956.0,3804.0,132746.0,23793.0,0.0,0.0,2167.0,0.0
1787905860.830527,2026-08-28T08:31:00+00:00,http_log_5m_x7,3125453.0,31774.0,574938793.0,618817083.0,114.0,638.0,212976936.0,2787225.0,5723.0,0.0,1.0,0.0,0.0,18.0,22.0,537176992.0,2643462656.0,3725987840.0,37840.0,46357856256.0,478039240.0,0.0,947.0,5258956.0,3804.0,132746.0,23793.0,0.0,0.0,2167.0,0.0
1787905861.83566,2026-08-28T08:31:01+00:00,http_log_5m_x7,3125453.0,31774.0,574938793.0,618817083.0,114.0,638.0,212976936.0,2787225.0,5723.0,0.0,1.0,0.0,0.0,18.0,22.0,537176992.0,2643462656.0,3725987840.0,37840.0,46357856256.0,478039240.0,0.0,947.0,5258956.0,3804.0,132746.0,23793.0,0.0,0.0,2167.0,0.0
1787905862.838343,2026-08-28T08:31:02+00:00,http_log_5m_x7,3125453.0,31774.0,574938793.0,624067029.0,114.0,643.0,212976936.0,2121190.0,1475.0,0.0,0.0,0.0,0.0,18.0,22.0,537176992.0,2643462656.0,3725987840.0,37840.0,46357856256.0,478039240.0,0.0,947.0,5258956.0,3804.0,132746.0,23793.0,0.0,0.0,2167.0,0.0
1787905863.843411,2026-08-28T08:31:03+00:00,http_log_5m_x7,3125453.0,31774.0,574938793.0,624067029.0,114.0,643.0,212976936.0,2121190.0,1475.0,0.0,0.0,0.0,0.0,18.0,22.0,537176992.0,2643462656.0,3725987840.0,37840.0,46357856256.0,478039240.0,0.0,947.0,5258956.0,3804.0,132746.0,23793.0,0.0,0.0,2167.0,0.0
1787905864.848507,2026-08-28T08:31:04+00:00,http_log_5m_x7,3125453.0,31774.0,574938793.0,624067029.0,114.0,643.0,212976936.0,2121190.0,1475.0,0.0,1.0,0.0,0.0,18.0,22.0,537176992.0,2643462656.0,3725987840.0,37840.0,46357856256.0,478039240.0,0.0,947.0,5258956.0,3804.0,132746.0,23793.0,0.0,0.0,2167.0,0.0
1787905865.852894,2026-08-28T08:31:05+00:00,http_log_5m_x7,3125453.0,31774.0,574938793.0,624067029.0,114.0,643.0,212976936.0,2121190.0,1475.0,0.0,1.0,0.0,0.0,18.0,22.0,537176992.0,2643462656.0,3725987840.0,37840.0,46357856256.0,478039240.0,0.0,947.0,5258956.0,3804.0,132746.0,23793.0,0.0,0.0,2167.0,0.0
1787905866.857985,2026-08-28T08:31:06+00:00,http_log_5m_x7,3125453.0,31774.0,574938793.0,624067029.0,114.0,643.0,212976936.0,2121190.0,1475.0,0.0,1.0,0.0,0.0,18.0,22.0,537176992.0,2643462656.0,3725987840.0,37840.0,46357856256.0,478039240.0,0.0,947.0,5258956.0,3804.0,132746.0,23793.0,0.0,0.0,2167.0,0.0
1787905867.8582091,2026-08-28T08:31:07+00:00,http_log_5m_x7,3125453.0,31774.0,574938793.0,631595972.0,114.0,648.0,212976936.0,2403877.0,2132.0,0.0,0.0,0.0,0.0,18.0,22.0,537176992.0,2643462656.0,3725987840.0,37840.0,46357856256.0,478039240.0,0.0,947.0,5258956.0,3804.0,132746.0,23793.0,0.0,0.0,2167.0,0.0
1787905868.863298,2026-08-28T08:31:08+00:00,http_log_5m_x7,3125453.0,31774.0,574938793.0,631595972.0,114.0,648.0,212976936.0,2403877.0,2132.0,0.0,0.0,0.0,0.0,18.0,22.0,537176992.0,2643462656.0,3725987840.0,37840.0,46357856256.0,478039240.0,0.0,947.0,5258956.0,3804.0,132746.0,23793.0,0.0,0.0,2167.0,0.0
1787905869.867105,2026-08-28T08:31:09+00:00,http_log_5m_x7,3125453.0,31774.0,574938793.0,631595972.0,114.0,648.0,212976936.0,2403877.0,2132.0,0.0,1.0,0.0,0.0,18.0,37.0,537176992.0,2643462656.0,3725987840.0,37840.0,46357856256.0,478039240.0,0.0,947.0,5258956.0,3804.0,132746.0,23793.0,0.0,0.0,2167.0,0.0
1787905870.8721988,2026-08-28T08:31:10+00:00,http_log_5m_x7,3125453.0,31774.0,574938793.0,631595972.0,114.0,648.0,212976936.0,2403877.0,2132.0,0.0,1.0,0.0,0.0,18.0,37.0,537176992.0,2643462656.0,3725987840.0,37840.0,46357856256.0,478039240.0,0.0,947.0,5258956.0,3804.0,132746.0,23793.0,0.0,0.0,2167.0,0.0
1787905871.877314,2026-08-28T08:31:11+00:00,http_log_5m_x7,3125453.0,31774.0,574938793.0,634620020.0,114.0,653.0,212976936.0,1007008.0,2003.0,0.0,0.0,0.0,0.0,18.0,37.0,537176992.0,2643462656.0,3725987840.0,37840.0,46357856256.0,478039240.0,0.0,947.0,5258956.0,3804.0,132746.0,23793.0,0.0,0.0,2167.0,0.0
1787905872.882397,2026-08-28T08:31:12+00:00,http_log_5m_x7,3125453.0,31774.0,574938793.0,634620020.0,114.0,653.0,212976936.0,1007008.0,2003.0,0.0,0.0,0.0,0.0,18.0,37.0,537176992.0,2643462656.0,3725987840.0,37840.0,46357856256.0,478039240.0,0.0,947.0,5258956.0,3804.0,132746.0,23793.0,0.0,0.0,2167.0,0.0
1787905873.887485,2026-08-28T08:31:13+00:00,http_log_5m_x7,3125453.0,31774.0,574938793.0,634620020.0,114.0,653.0,0.0,1007008.0,2003.0,1.0,0.0,0.0,0.0,26.0,37.0,327328608.0,2643462656.0,3802955776.0,37965.0,46357856256.0,478039240.0,0.0,965.0,5269463.0,3815.0,134153.0,23843.0,0.0,0.0,2182.0,0.0
1787905874.892575,2026-08-28T08:31:14+00:00,http_log_5m_x7,622326.0,890.0,576114990.0,634620020.0,117.0,653.0,0.0,1007008.0,2003.0,0.0,0.0,0.0,0.0,26.0,37.0,327328608.0,2643462656.0,3802955776.0,37965.0,46158532608.0,529967580.0,0.0,965.0,5269463.0,3815.0,134153.0,23843.0,0.0,0.0,2182.0,0.0
1787905875.897708,2026-08-28T08:31:15+00:00,http_log_5m_x7,622326.0,890.0,576114990.0,634620020.0,117.0,653.0,0.0,1007008.0,2003.0,0.0,0.0,0.0,0.0,26.0,37.0,327328608.0,2643462656.0,3802955776.0,37965.0,46158532608.0,529967580.0,0.0,965.0,5269463.0,3815.0,134153.0,23843.0,0.0,0.0,2182.0,0.0
1787905876.902839,2026-08-28T08:31:16+00:00,http_log_5m_x7,622326.0,890.0,576114990.0,634620020.0,117.0,653.0,0.0,1007008.0,2003.0,0.0,0.0,0.0,0.0,26.0,37.0,327328608.0,2643462656.0,3802955776.0,37965.0,46158532608.0,529967580.0,0.0,965.0,5269463.0,3815.0,134153.0,23843.0,0.0,0.0,2182.0,0.0
1787905877.9079318,2026-08-28T08:31:17+00:00,http_log_5m_x7,622326.0,890.0,576114990.0,634620020.0,117.0,653.0,0.0,1007008.0,2003.0,0.0,0.0,0.0,0.0,26.0,37.0,327328608.0,2643462656.0,3802955776.0,37965.0,46158532608.0,529967580.0,0.0,965.0,5269463.0,3815.0,134153.0,23843.0,0.0,0.0,2182.0,0.0
1787905878.913023,2026-08-28T08:31:18+00:00,http_log_5m_x7,622326.0,890.0,576114990.0,634620020.0,117.0,653.0,0.0,1007008.0,2003.0,1.0,0.0,0.0,0.0,16.0,37.0,327328608.0,2643462656.0,3802955776.0,37965.0,46158532608.0,529967580.0,0.0,965.0,5269463.0,3815.0,134153.0,23843.0,0.0,0.0,2182.0,0.0
1787905879.918109,2026-08-28T08:31:19+00:00,http_log_5m_x7,622326.0,890.0,576114990.0,634620020.0,117.0,653.0,0.0,1007008.0,2003.0,1.0,0.0,0.0,0.0,16.0,37.0,327328608.0,2643462656.0,3802955776.0,37965.0,46158532608.0,529967580.0,0.0,965.0,5269463.0,3815.0,134153.0,23843.0,0.0,0.0,2182.0,0.0
1787905880.9232209,2026-08-28T08:31:20+00:00,http_log_5m_x7,622326.0,890.0,576114990.0,634620020.0,117.0,653.0,0.0,1007008.0,2003.0,1.0,0.0,0.0,0.0,16.0,37.0,327328608.0,2643462656.0,3802955776.0,37965.0,46158532608.0,529967580.0,0.0,965.0,5269463.0,3815.0,134153.0,23843.0,0.0,0.0,2182.0,0.0
1787905881.9273138,2026-08-28T08:31:21+00:00,http_log_5m_x7,1080797.0,2223.0,579598400.0,634620020.0,122.0,653.0,0.0,1007008.0,2003.0,0.0,0.0,0.0,0.0,16.0,37.0,327328608.0,2643462656.0,3802955776.0,37965.0,46158532608.0,529967580.0,0.0,965.0,5269463.0,3815.0,134153.0,23843.0,0.0,0.0,2182.0,0.0
1787905882.932468,2026-08-28T08:31:22+00:00,http_log_5m_x7,1080797.0,2223.0,579598400.0,634620020.0,122.0,653.0,0.0,1007008.0,2003.0,1.0,0.0,0.0,0.0,12.0,37.0,327328608.0,2643462656.0,3802955776.0,37965.0,46158532608.0,529967580.0,0.0,965.0,5269463.0,3815.0,134153.0,23843.0,0.0,0.0,2182.0,0.0
1787905883.93757,2026-08-28T08:31:23+00:00,http_log_5m_x7,1080797.0,2223.0,579598400.0,634620020.0,122.0,653.0,0.0,1007008.0,2003.0,1.0,0.0,0.0,0.0,12.0,37.0,327328608.0,2643462656.0,3802955776.0,37965.0,46158532608.0,529967580.0,0.0,965.0,5269463.0,3815.0,134153.0,23843.0,0.0,0.0,2182.0,0.0
1787905884.9426718,2026-08-28T08:31:24+00:00,http_log_5m_x7,2198898.0,1610.0,585337525.0,634620020.0,127.0,653.0,0.0,1007008.0,2003.0,0.0,0.0,0.0,0.0,12.0,37.0,327328608.0,2643462656.0,3802955776.0,37965.0,46158532608.0,529967580.0,0.0,965.0,5269463.0,3815.0,134153.0,23843.0,0.0,0.0,2182.0,0.0
1787905885.94661,2026-08-28T08:31:25+00:00,http_log_5m_x7,2198898.0,1610.0,585337525.0,634620020.0,127.0,653.0,0.0,1007008.0,2003.0,0.0,0.0,0.0,0.0,12.0,37.0,327328608.0,2643462656.0,3802955776.0,37965.0,46158532608.0,529967580.0,0.0,965.0,5269463.0,3815.0,134153.0,23843.0,0.0,0.0,2182.0,0.0
1787905886.95167,2026-08-28T08:31:26+00:00,http_log_5m_x7,2198898.0,1610.0,585337525.0,634620020.0,127.0,653.0,0.0,1007008.0,2003.0,1.0,0.0,0.0,0.0,11.0,37.0,327328608.0,2643462656.0,3802955776.0,37965.0,46158532608.0,529967580.0,0.0,965.0,5269463.0,3815.0,134153.0,23843.0,0.0,0.0,2182.0,0.0
1787905887.9567418,2026-08-28T08:31:27+00:00,http_log_5m_x7,2198898.0,1610.0,585337525.0,634620020.0,127.0,653.0,50480936.0,1007008.0,2003.0,1.0,0.0,0.0,0.0,11.0,37.0,376720456.0,2643462656.0,3836551168.0,38056.0,46158532608.0,529967580.0,0.0,984.0,5280245.0,3825.0,135286.0,23887.0,0.0,0.0,2199.0,0.0
1787905888.961854,2026-08-28T08:31:28+00:00,http_log_5m_x7,2421749.0,2288.0,593300238.0,634620020.0,132.0,653.0,50480936.0,1007008.0,2003.0,0.0,0.0,0.0,0.0,11.0,37.0,376720456.0,2643462656.0,3836551168.0,38056.0,46158532608.0,529967580.0,0.0,984.0,5280245.0,3825.0,135286.0,23887.0,0.0,0.0,2199.0,0.0
1787905889.966613,2026-08-28T08:31:29+00:00,http_log_5m_x7,2421749.0,2288.0,593300238.0,634620020.0,132.0,653.0,50480936.0,1007008.0,2003.0,0.0,0.0,0.0,0.0,11.0,37.0,376720456.0,2643462656.0,3836551168.0,38056.0,46158532608.0,529967580.0,0.0,984.0,5280245.0,3825.0,135286.0,23887.0,0.0,0.0,2199.0,0.0
1787905890.971679,2026-08-28T08:31:30+00:00,http_log_5m_x7,2421749.0,2288.0,593300238.0,634620020.0,132.0,653.0,50480936.0,1007008.0,2003.0,0.0,0.0,0.0,0.0,11.0,37.0,376720456.0,2643462656.0,3836551168.0,38056.0,46158532608.0,529967580.0,0.0,984.0,5280245.0,3825.0,135286.0,23887.0,0.0,0.0,2199.0,0.0
1787905891.9767811,2026-08-28T08:31:31+00:00,http_log_5m_x7,2421749.0,2288.0,593300238.0,634620020.0,132.0,653.0,50480936.0,1007008.0,2003.0,0.0,1.0,0.0,0.0,11.0,26.0,376720456.0,2643462656.0,3836551168.0,38056.0,46158532608.0,529967580.0,0.0,984.0,5280245.0,3825.0,135286.0,23887.0,0.0,0.0,2199.0,0.0
1787905892.981872,2026-08-28T08:31:32+00:00,http_log_5m_x7,2421749.0,2288.0,593300238.0,634620020.0,132.0,653.0,50480936.0,1007008.0,2003.0,0.0,1.0,0.0,0.0,11.0,26.0,376720456.0,2643462656.0,3836551168.0,38056.0,46158532608.0,529967580.0,0.0,984.0,5280245.0,3825.0,135286.0,23887.0,0.0,0.0,2199.0,0.0
1787905893.986975,2026-08-28T08:31:33+00:00,http_log_5m_x7,2421749.0,2288.0,593300238.0,637551183.0,132.0,658.0,50480936.0,986259.0,1972.0,0.0,0.0,0.0,0.0,11.0,26.0,376720456.0,2643462656.0,3836551168.0,38056.0,46158532608.0,529967580.0,0.0,984.0,5280245.0,3825.0,135286.0,23887.0,0.0,0.0,2199.0,0.0
1787905894.9920142,2026-08-28T08:31:35+00:00,http_log_5m_x7,2421749.0,2288.0,593300238.0,637551183.0,132.0,658.0,50480936.0,986259.0,1972.0,0.0,0.0,0.0,0.0,11.0,26.0,376720456.0,2643462656.0,3836551168.0,38056.0,46158532608.0,529967580.0,0.0,984.0,5280245.0,3825.0,135286.0,23887.0,0.0,0.0,2199.0,0.0
1787905895.997118,2026-08-28T08:31:36+00:00,http_log_5m_x7,2421749.0,2288.0,593300238.0,637551183.0,132.0,658.0,50480936.0,986259.0,1972.0,0.0,0.0,0.0,0.0,11.0,26.0,376720456.0,2643462656.0,3836551168.0,38056.0,46158532608.0,529967580.0,0.0,984.0,5280245.0,3825.0,135286.0,23887.0,0.0,0.0,2199.0,0.0
1787905897.002235,2026-08-28T08:31:37+00:00,http_log_5m_x7,2421749.0,2288.0,593300238.0,637551183.0,132.0,658.0,50480936.0,986259.0,1972.0,0.0,1.0,0.0,0.0,11.0,28.0,376720456.0,2643462656.0,3836551168.0,38056.0,46158532608.0,529967580.0,0.0,984.0,5280245.0,3825.0,135286.0,23887.0,0.0,0.0,2199.0,0.0
1787905898.004989,2026-08-28T08:31:38+00:00,http_log_5m_x7,2421749.0,2288.0,593300238.0,637551183.0,132.0,658.0,50480936.0,986259.0,1972.0,0.0,1.0,0.0,0.0,11.0,28.0,376720456.0,2643462656.0,3836551168.0,38056.0,46158532608.0,529967580.0,0.0,984.0,5280245.0,3825.0,135286.0,23887.0,0.0,0.0,2199.0,0.0
1787905899.0100522,2026-08-28T08:31:39+00:00,http_log_5m_x7,2421749.0,2288.0,593300238.0,640529466.0,132.0,663.0,50480936.0,1031618.0,1887.0,0.0,0.0,0.0,0.0,11.0,28.0,376720456.0,2643462656.0,3836551168.0,38056.0,46158532608.0,529967580.0,0.0,984.0,5280245.0,3825.0,135286.0,23887.0,0.0,0.0,2199.0,0.0
1787905900.0151029,2026-08-28T08:31:40+00:00,http_log_5m_x7,2421749.0,2288.0,593300238.0,640529466.0,132.0,663.0,50480936.0,1031618.0,1887.0,0.0,0.0,0.0,0.0,11.0,28.0,376720456.0,2643462656.0,3836551168.0,38056.0,46158532608.0,529967580.0,0.0,984.0,5280245.0,3825.0,135286.0,23887.0,0.0,0.0,2199.0,0.0
1787905901.018825,2026-08-28T08:31:41+00:00,http_log_5m_x7,2421749.0,2288.0,593300238.0,640529466.0,132.0,663.0,50480936.0,1031618.0,1887.0,0.0,0.0,0.0,0.0,11.0,28.0,376720456.0,2643462656.0,3836551168.0,38056.0,46158532608.0,529967580.0,0.0,984.0,5280245.0,3825.0,135286.0,23887.0,0.0,0.0,2199.0,0.0
1787905902.021745,2026-08-28T08:31:42+00:00,http_log_5m_x7,2421749.0,2288.0,593300238.0,640529466.0,132.0,663.0,50480936.0,1031618.0,1887.0,0.0,1.0,0.0,0.0,11.0,30.0,376720456.0,2643462656.0,3836551168.0,38056.0,46158532608.0,529967580.0,0.0,984.0,5280245.0,3825.0,135286.0,23887.0,0.0,0.0,2199.0,0.0
1787905903.025318,2026-08-28T08:31:43+00:00,http_log_5m_x7,2421749.0,2288.0,593300238.0,640529466.0,132.0,663.0,49708168.0,1031618.0,1887.0,0.0,1.0,0.0,0.0,11.0,30.0,377808632.0,2643462656.0,3874615296.0,38151.0,46158532608.0,529967580.0,0.0,1002.0,5291008.0,3833.0,136457.0,23927.0,0.0,0.0,2214.0,0.0
1787905904.0300622,2026-08-28T08:31:44+00:00,http_log_5m_x7,2421749.0,2288.0,593300238.0,643460488.0,132.0,668.0,49708168.0,1024474.0,1861.0,0.0,0.0,0.0,0.0,11.0,30.0,377808632.0,2643462656.0,3874615296.0,38151.0,46158532608.0,529967580.0,0.0,1002.0,5291008.0,3833.0,136457.0,23927.0,0.0,0.0,2214.0,0.0
1787905905.03516,2026-08-28T08:31:45+00:00,http_log_5m_x7,2421749.0,2288.0,593300238.0,643460488.0,132.0,668.0,49708168.0,1024474.0,1861.0,0.0,0.0,0.0,0.0,11.0,30.0,377808632.0,2643462656.0,3874615296.0,38151.0,46158532608.0,529967580.0,0.0,1002.0,5291008.0,3833.0,136457.0,23927.0,0.0,0.0,2214.0,0.0
1787905906.037479,2026-08-28T08:31:46+00:00,http_log_5m_x7,2421749.0,2288.0,593300238.0,643460488.0,132.0,668.0,49708168.0,1024474.0,1861.0,0.0,0.0,0.0,0.0,11.0,30.0,377808632.0,2643462656.0,3874615296.0,38151.0,46158532608.0,529967580.0,0.0,1002.0,5291008.0,3833.0,136457.0,23927.0,0.0,0.0,2214.0,0.0
1787905907.037607,2026-08-28T08:31:47+00:00,http_log_5m_x7,2421749.0,2288.0,593300238.0,643460488.0,132.0,668.0,49708168.0,1024474.0,1861.0,0.0,1.0,0.0,0.0,11.0,31.0,377808632.0,2643462656.0,3874615296.0,38151.0,46158532608.0,529967580.0,0.0,1002.0,5291008.0,3833.0,136457.0,23927.0,0.0,0.0,2214.0,0.0
1787905908.042725,2026-08-28T08:31:48+00:00,http_log_5m_x7,2421749.0,2288.0,593300238.0,643460488.0,132.0,668.0,49708168.0,1024474.0,1861.0,0.0,1.0,0.0,0.0,11.0,31.0,377808632.0,2643462656.0,3874615296.0,38151.0,46158532608.0,529967580.0,0.0,1002.0,5291008.0,3833.0,136457.0,23927.0,0.0,0.0,2214.0,0.0
1787905909.0478148,2026-08-28T08:31:49+00:00,http_log_5m_x7,2421749.0,2288.0,593300238.0,646419777.0,132.0,673.0,49708168.0,987417.0,1997.0,1.0,0.0,0.0,0.0,24.0,31.0,377808632.0,2643462656.0,3874615296.0,38151.0,46158532608.0,529967580.0,0.0,1002.0,5291008.0,3833.0,136457.0,23927.0,0.0,0.0,2214.0,0.0
1787905910.052886,2026-08-28T08:31:50+00:00,http_log_5m_x7,2421749.0,2288.0,593300238.0,646419777.0,132.0,673.0,49708168.0,987417.0,1997.0,1.0,0.0,0.0,0.0,24.0,31.0,377808632.0,2643462656.0,3874615296.0,38151.0,46158532608.0,529967580.0,0.0,1002.0,5291008.0,3833.0,136457.0,23927.0,0.0,0.0,2214.0,0.0
1787905911.058004,2026-08-28T08:31:51+00:00,http_log_5m_x7,2421749.0,2288.0,593300238.0,646419777.0,132.0,673.0,49708168.0,987417.0,1997.0,1.0,0.0,0.0,0.0,24.0,31.0,377808632.0,2643462656.0,3874615296.0,38151.0,46158532608.0,529967580.0,0.0,1002.0,5291008.0,3833.0,136457.0,23927.0,0.0,0.0,2214.0,0.0
1787905912.063087,2026-08-28T08:31:52+00:00,http_log_5m_x7,2421749.0,2288.0,593300238.0,646419777.0,132.0,673.0,49708168.0,987417.0,1997.0,1.0,1.0,0.0,0.0,24.0,19.0,377808632.0,2643462656.0,3874615296.0,38151.0,46158532608.0,529967580.0,0.0,1002.0,5291008.0,3833.0,136457.0,23927.0,0.0,0.0,2214.0,0.0
1787905913.06818,2026-08-28T08:31:53+00:00,http_log_5m_x7,2421749.0,2288.0,593300238.0,646419777.0,132.0,673.0,49708168.0,987417.0,1997.0,1.0,1.0,0.0,0.0,24.0,19.0,377808632.0,2643462656.0,3874615296.0,38151.0,46158532608.0,529967580.0,0.0,1002.0,5291008.0,3833.0,136457.0,23927.0,0.0,0.0,2214.0,0.0
1787905914.07308,2026-08-28T08:31:54+00:00,http_log_5m_x7,2421749.0,2288.0,593300238.0,649461757.0,132.0,678.0,49708168.0,935993.0,2250.0,1.0,0.0,0.0,0.0,24.0,19.0,377808632.0,2643462656.0,3874615296.0,38151.0,46158532608.0,529967580.0,0.0,1002.0,5291008.0,3833.0,136457.0,23927.0,0.0,0.0,2214.0,0.0
1787905915.0781498,2026-08-28T08:31:55+00:00,http_log_5m_x7,2818653.0,5771.0,612385343.0,649461757.0,137.0,678.0,49708168.0,935993.0,2250.0,0.0,0.0,0.0,0.0,24.0,19.0,377808632.0,2643462656.0,3874615296.0,38151.0,46158532608.0,529967580.0,0.0,1002.0,5291008.0,3833.0,136457.0,23927.0,0.0,0.0,2214.0,0.0
1787905916.080159,2026-08-28T08:31:56+00:00,http_log_5m_x7,2818653.0,5771.0,612385343.0,649461757.0,137.0,678.0,49708168.0,935993.0,2250.0,0.0,0.0,0.0,0.0,24.0,19.0,377808632.0,2643462656.0,3874615296.0,38151.0,46158532608.0,529967580.0,0.0,1002.0,5291008.0,3833.0,136457.0,23927.0,0.0,0.0,2214.0,0.0
1787905917.085221,2026-08-28T08:31:57+00:00,http_log_5m_x7,2818653.0,5771.0,612385343.0,649461757.0,137.0,678.0,49708168.0,935993.0,2250.0,0.0,1.0,0.0,0.0,24.0,27.0,377808632.0,2643462656.0,3874615296.0,38151.0,46158532608.0,529967580.0,0.0,1002.0,5291008.0,3833.0,136457.0,23927.0,0.0,0.0,2214.0,0.0
1787905918.0903208,2026-08-28T08:31:58+00:00,http_log_5m_x7,2818653.0,5771.0,612385343.0,649461757.0,137.0,678.0,49717560.0,935993.0,2250.0,0.0,1.0,0.0,0.0,24.0,27.0,404895976.0,2643462656.0,3935858688.0,38249.0,46158532608.0,529967580.0,0.0,1027.0,5301139.0,3843.0,138237.0,23979.0,0.0,0.0,2229.0,0.0
1787905919.095401,2026-08-28T08:31:59+00:00,http_log_5m_x7,2818653.0,5771.0,612385343.0,652476921.0,137.0,683.0,49717560.0,1016575.0,1966.0,0.0,0.0,0.0,0.0,24.0,27.0,404895976.0,2643462656.0,3935858688.0,38249.0,46158532608.0,529967580.0,0.0,1027.0,5301139.0,3843.0,138237.0,23979.0,0.0,0.0,2229.0,0.0
1787905920.100471,2026-08-28T08:32:00+00:00,http_log_5m_x7,2818653.0,5771.0,612385343.0,652476921.0,137.0,683.0,49717560.0,1016575.0,1966.0,0.0,0.0,0.0,0.0,24.0,27.0,404895976.0,2643462656.0,3935858688.0,38249.0,46158532608.0,529967580.0,0.0,1027.0,5301139.0,3843.0,138237.0,23979.0,0.0,0.0,2229.0,0.0
1787905921.105576,2026-08-28T08:32:01+00:00,http_log_5m_x7,2818653.0,5771.0,612385343.0,652476921.0,137.0,683.0,49717560.0,1016575.0,1966.0,0.0,0.0,0.0,0.0,24.0,27.0,404895976.0,2643462656.0,3935858688.0,38249.0,46158532608.0,529967580.0,0.0,1027.0,5301139.0,3843.0,138237.0,23979.0,0.0,0.0,2229.0,0.0
1787905922.110635,2026-08-28T08:32:02+00:00,http_log_5m_x7,2818653.0,5771.0,612385343.0,652476921.0,137.0,683.0,49717560.0,1016575.0,1966.0,0.0,1.0,0.0,0.0,24.0,28.0,404895976.0,2643462656.0,3935858688.0,38249.0,46158532608.0,529967580.0,0.0,1027.0,5301139.0,3843.0,138237.0,23979.0,0.0,0.0,2229.0,0.0
1787905923.1150348,2026-08-28T08:32:03+00:00,http_log_5m_x7,2818653.0,5771.0,612385343.0,652476921.0,137.0,683.0,49717560.0,1016575.0,1966.0,0.0,1.0,0.0,0.0,24.0,28.0,404895976.0,2643462656.0,3935858688.0,38249.0,46158532608.0,529967580.0,0.0,1027.0,5301139.0,3843.0,138237.0,23979.0,0.0,0.0,2229.0,0.0
1787905924.120136,2026-08-28T08:32:04+00:00,http_log_5m_x7,2818653.0,5771.0,612385343.0,655454763.0,137.0,688.0,49717560.0,1006707.0,1958.0,0.0,0.0,0.0,0.0,24.0,28.0,404895976.0,2643462656.0,3935858688.0,38249.0,46158532608.0,529967580.0,0.0,1027.0,5301139.0,3843.0,138237.0,23979.0,0.0,0.0,2229.0,0.0
1787905925.125233,2026-08-28T08:32:05+00:00,http_log_5m_x7,2818653.0,5771.0,612385343.0,655454763.0,137.0,688.0,49717560.0,1006707.0,1958.0,0.0,0.0,0.0,0.0,24.0,28.0,404895976.0,2643462656.0,3935858688.0,38249.0,46158532608.0,529967580.0,0.0,1027.0,5301139.0,3843.0,138237.0,23979.0,0.0,0.0,2229.0,0.0
1787905926.130302,2026-08-28T08:32:06+00:00,http_log_5m_x7,2818653.0,5771.0,612385343.0,655454763.0,137.0,688.0,49717560.0,1006707.0,1958.0,0.0,0.0,0.0,0.0,24.0,28.0,404895976.0,2643462656.0,3935858688.0,38249.0,46158532608.0,529967580.0,0.0,1027.0,5301139.0,3843.0,138237.0,23979.0,0.0,0.0,2229.0,0.0
1787905927.135374,2026-08-28T08:32:07+00:00,http_log_5m_x7,2818653.0,5771.0,612385343.0,655454763.0,137.0,688.0,49717560.0,1006707.0,1958.0,0.0,1.0,0.0,0.0,24.0,30.0,404895976.0,2643462656.0,3935858688.0,38249.0,46158532608.0,529967580.0,0.0,1027.0,5301139.0,3843.0,138237.0,23979.0,0.0,0.0,2229.0,0.0
1787905928.1404438,2026-08-28T08:32:08+00:00,http_log_5m_x7,2818653.0,5771.0,612385343.0,655454763.0,137.0,688.0,49717560.0,1006707.0,1958.0,0.0,1.0,0.0,0.0,24.0,30.0,404895976.0,2643462656.0,3935858688.0,38249.0,46158532608.0,529967580.0,0.0,1027.0,5301139.0,3843.0,138237.0,23979.0,0.0,0.0,2229.0,0.0
1787905929.145542,2026-08-28T08:32:09+00:00,http_log_5m_x7,2818653.0,5771.0,612385343.0,658470401.0,137.0,693.0,49717560.0,996575.0,2026.0,0.0,0.0,0.0,0.0,24.0,30.0,404895976.0,2643462656.0,3935858688.0,38249.0,46158532608.0,529967580.0,0.0,1027.0,5301139.0,3843.0,138237.0,23979.0,0.0,0.0,2229.0,0.0
1787905930.150607,2026-08-28T08:32:10+00:00,http_log_5m_x7,2818653.0,5771.0,612385343.0,658470401.0,137.0,693.0,49717560.0,996575.0,2026.0,0.0,0.0,0.0,0.0,24.0,30.0,404895976.0,2643462656.0,3935858688.0,38249.0,46158532608.0,529967580.0,0.0,1027.0,5301139.0,3843.0,138237.0,23979.0,0.0,0.0,2229.0,0.0
1787905931.15421,2026-08-28T08:32:11+00:00,http_log_5m_x7,2818653.0,5771.0,612385343.0,658470401.0,137.0,693.0,49717560.0,996575.0,2026.0,0.0,0.0,0.0,0.0,24.0,30.0,404895976.0,2643462656.0,3935858688.0,38249.0,46158532608.0,529967580.0,0.0,1027.0,5301139.0,3843.0,138237.0,23979.0,0.0,0.0,2229.0,0.0
1787905932.15928,2026-08-28T08:32:12+00:00,http_log_5m_x7,2818653.0,5771.0,612385343.0,658470401.0,137.0,693.0,49717560.0,996575.0,2026.0,0.0,1.0,0.0,0.0,24.0,30.0,404895976.0,2643462656.0,3935858688.0,38249.0,46158532608.0,529967580.0,0.0,1027.0,5301139.0,3843.0,138237.0,23979.0,0.0,0.0,2229.0,0.0
1787905933.164348,2026-08-28T08:32:13+00:00,http_log_5m_x7,2818653.0,5771.0,612385343.0,658470401.0,137.0,693.0,59234376.0,996575.0,2026.0,1.0,1.0,0.0,0.0,19.0,30.0,411012832.0,2643462656.0,3968204800.0,38345.0,46158532608.0,529967580.0,0.0,1046.0,5311845.0,3852.0,139464.0,24023.0,0.0,0.0,2245.0,0.0
1787905934.1694322,2026-08-28T08:32:14+00:00,http_log_5m_x7,2818653.0,5771.0,612385343.0,661485124.0,137.0,698.0,59234376.0,970925.0,2105.0,1.0,0.0,0.0,0.0,19.0,30.0,411012832.0,2643462656.0,3968204800.0,38345.0,45982101504.0,583611890.0,0.0,1046.0,5311845.0,3852.0,139464.0,24023.0,0.0,0.0,2245.0,0.0
1787905935.174492,2026-08-28T08:32:15+00:00,http_log_5m_x7,2818653.0,5771.0,612385343.0,661485124.0,137.0,698.0,59234376.0,970925.0,2105.0,1.0,0.0,0.0,0.0,19.0,30.0,411012832.0,2643462656.0,3968204800.0,38345.0,45982101504.0,583611890.0,0.0,1046.0,5311845.0,3852.0,139464.0,24023.0,0.0,0.0,2245.0,0.0
1787905936.179591,2026-08-28T08:32:16+00:00,http_log_5m_x7,2818653.0,5771.0,612385343.0,661485124.0,137.0,698.0,59234376.0,970925.0,2105.0,1.0,1.0,0.0,0.0,19.0,12.0,411012832.0,2643462656.0,3968204800.0,38345.0,45982101504.0,583611890.0,0.0,1046.0,5311845.0,3852.0,139464.0,24023.0,0.0,0.0,2245.0,0.0
1787905937.1827781,2026-08-28T08:32:17+00:00,http_log_5m_x7,2818653.0,5771.0,612385343.0,661485124.0,137.0,698.0,59234376.0,970925.0,2105.0,1.0,1.0,0.0,0.0,19.0,12.0,411012832.0,2643462656.0,3968204800.0,38345.0,45982101504.0,583611890.0,0.0,1046.0,5311845.0,3852.0,139464.0,24023.0,0.0,0.0,2245.0,0.0
1787905938.18784,2026-08-28T08:32:18+00:00,http_log_5m_x7,2818653.0,5771.0,612385343.0,666771746.0,137.0,703.0,59234376.0,1878685.0,1814.0,1.0,0.0,0.0,0.0,19.0,12.0,411012832.0,2643462656.0,3968204800.0,38345.0,45982101504.0,583611890.0,0.0,1046.0,5311845.0,3852.0,139464.0,24023.0,0.0,0.0,2245.0,0.0
1787905939.1929212,2026-08-28T08:32:19+00:00,http_log_5m_x7,2818653.0,5771.0,612385343.0,666771746.0,137.0,703.0,59234376.0,1878685.0,1814.0,1.0,0.0,0.0,0.0,19.0,12.0,411012832.0,2643462656.0,3968204800.0,38345.0,45982101504.0,583611890.0,0.0,1046.0,5311845.0,3852.0,139464.0,24023.0,0.0,0.0,2245.0,0.0
1787905940.197988,2026-08-28T08:32:20+00:00,http_log_5m_x7,2818653.0,5771.0,612385343.0,666771746.0,137.0,703.0,59234376.0,1878685.0,1814.0,1.0,1.0,0.0,0.0,19.0,11.0,411012832.0,2643462656.0,3968204800.0,38345.0,45982101504.0,583611890.0,0.0,1046.0,5311845.0,3852.0,139464.0,24023.0,0.0,0.0,2245.0,0.0
1787905941.203019,2026-08-28T08:32:21+00:00,http_log_5m_x7,2818653.0,5771.0,612385343.0,666771746.0,137.0,703.0,59234376.0,1878685.0,1814.0,1.0,1.0,0.0,0.0,19.0,11.0,411012832.0,2643462656.0,3968204800.0,38345.0,45982101504.0,583611890.0,0.0,1046.0,5311845.0,3852.0,139464.0,24023.0,0.0,0.0,2245.0,0.0
1787905942.2080882,2026-08-28T08:32:22+00:00,http_log_5m_x7,2879417.0,9590.0,642878376.0,674292296.0,142.0,708.0,59234376.0,2190664.0,2433.0,0.0,0.0,0.0,0.0,19.0,11.0,411012832.0,2643462656.0,3968204800.0,38345.0,45982101504.0,583611890.0,0.0,1046.0,5311845.0,3852.0,139464.0,24023.0,0.0,0.0,2245.0,0.0
1787905943.2124522,2026-08-28T08:32:23+00:00,http_log_5m_x7,2879417.0,9590.0,642878376.0,674292296.0,142.0,708.0,59234376.0,2190664.0,2433.0,0.0,0.0,0.0,0.0,19.0,11.0,411012832.0,2643462656.0,3968204800.0,38345.0,45982101504.0,583611890.0,0.0,1046.0,5311845.0,3852.0,139464.0,24023.0,0.0,0.0,2245.0,0.0
1787905944.213917,2026-08-28T08:32:24+00:00,http_log_5m_x7,2879417.0,9590.0,642878376.0,674292296.0,142.0,708.0,59234376.0,2190664.0,2433.0,0.0,0.0,0.0,0.0,19.0,11.0,411012832.0,2643462656.0,3968204800.0,38345.0,45982101504.0,583611890.0,0.0,1046.0,5311845.0,3852.0,139464.0,24023.0,0.0,0.0,2245.0,0.0
1787905945.2190552,2026-08-28T08:32:25+00:00,http_log_5m_x7,2879417.0,9590.0,642878376.0,674292296.0,142.0,708.0,59234376.0,2190664.0,2433.0,0.0,1.0,0.0,0.0,19.0,27.0,411012832.0,2643462656.0,3968204800.0,38345.0,45982101504.0,583611890.0,0.0,1046.0,5311845.0,3852.0,139464.0,24023.0,0.0,0.0,2245.0,0.0
1787905946.221088,2026-08-28T08:32:26+00:00,http_log_5m_x7,2879417.0,9590.0,642878376.0,674292296.0,142.0,708.0,59234376.0,2190664.0,2433.0,0.0,1.0,0.0,0.0,19.0,27.0,411012832.0,2643462656.0,3968204800.0,38345.0,45982101504.0,583611890.0,0.0,1046.0,5311845.0,3852.0,139464.0,24023.0,0.0,0.0,2245.0,0.0
1787905947.226163,2026-08-28T08:32:27+00:00,http_log_5m_x7,2879417.0,9590.0,642878376.0,677298056.0,142.0,713.0,59234376.0,957248.0,2140.0,0.0,0.0,0.0,0.0,19.0,27.0,411012832.0,2643462656.0,3968204800.0,38345.0,45982101504.0,583611890.0,0.0,1046.0,5311845.0,3852.0,139464.0,24023.0,0.0,0.0,2245.0,0.0
1787905948.231251,2026-08-28T08:32:28+00:00,http_log_5m_x7,2879417.0,9590.0,642878376.0,677298056.0,142.0,713.0,0.0,957248.0,2140.0,0.0,0.0,0.0,0.0,19.0,27.0,349942264.0,2643462656.0,4062019584.0,38467.0,45982101504.0,583611890.0,0.0,1064.0,5321406.0,3862.0,141794.0,24087.0,0.0,0.0,2261.0,0.0
1787905949.236321,2026-08-28T08:32:29+00:00,http_log_5m_x7,2879417.0,9590.0,642878376.0,677298056.0,142.0,713.0,0.0,957248.0,2140.0,0.0,1.0,0.0,0.0,19.0,20.0,349942264.0,2643462656.0,4062019584.0,38467.0,45982101504.0,583611890.0,0.0,1064.0,5321406.0,3862.0,141794.0,24087.0,0.0,0.0,2261.0,0.0
1787905950.237599,2026-08-28T08:32:30+00:00,http_log_5m_x7,2879417.0,9590.0,642878376.0,682472675.0,142.0,718.0,0.0,2061601.0,1510.0,0.0,0.0,0.0,0.0,19.0,20.0,349942264.0,2643462656.0,4062019584.0,38467.0,45982101504.0,583611890.0,0.0,1064.0,5321406.0,3862.0,141794.0,24087.0,0.0,0.0,2261.0,0.0
1787905951.238477,2026-08-28T08:32:31+00:00,http_log_5m_x7,2879417.0,9590.0,642878376.0,682472675.0,142.0,718.0,0.0,2061601.0,1510.0,0.0,0.0,0.0,0.0,19.0,20.0,349942264.0,2643462656.0,4062019584.0,38467.0,45982101504.0,583611890.0,0.0,1064.0,5321406.0,3862.0,141794.0,24087.0,0.0,0.0,2261.0,0.0
1787905952.243534,2026-08-28T08:32:32+00:00,http_log_5m_x7,2879417.0,9590.0,642878376.0,682472675.0,142.0,718.0,0.0,2061601.0,1510.0,0.0,0.0,0.0,0.0,19.0,20.0,349942264.0,2643462656.0,4062019584.0,38467.0,45982101504.0,583611890.0,0.0,1064.0,5321406.0,3862.0,141794.0,24087.0,0.0,0.0,2261.0,0.0
1787905953.248647,2026-08-28T08:32:33+00:00,http_log_5m_x7,2879417.0,9590.0,642878376.0,682472675.0,142.0,718.0,0.0,2061601.0,1510.0,0.0,0.0,0.0,0.0,19.0,20.0,349942264.0,2643462656.0,4062019584.0,38467.0,45982101504.0,583611890.0,0.0,1064.0,5321406.0,3862.0,141794.0,24087.0,0.0,0.0,2261.0,0.0
1787905954.2537348,2026-08-28T08:32:34+00:00,http_log_5m_x7,2879417.0,9590.0,642878376.0,682472675.0,142.0,718.0,0.0,2061601.0,1510.0,0.0,1.0,0.0,0.0,19.0,28.0,349942264.0,2643462656.0,4062019584.0,38467.0,45982101504.0,583611890.0,0.0,1064.0,5321406.0,3862.0,141794.0,24087.0,0.0,0.0,2261.0,0.0
1787905955.255161,2026-08-28T08:32:35+00:00,http_log_5m_x7,2879417.0,9590.0,642878376.0,682472675.0,142.0,718.0,0.0,2061601.0,1510.0,0.0,1.0,0.0,0.0,19.0,28.0,349942264.0,2643462656.0,4062019584.0,38467.0,45982101504.0,583611890.0,0.0,1064.0,5321406.0,3862.0,141794.0,24087.0,0.0,0.0,2261.0,0.0
1787905956.260271,2026-08-28T08:32:36+00:00,http_log_5m_x7,2879417.0,9590.0,642878376.0,685525297.0,142.0,723.0,0.0,1021627.0,1988.0,0.0,0.0,0.0,0.0,19.0,28.0,349942264.0,2643462656.0,4062019584.0,38467.0,45982101504.0,583611890.0,0.0,1064.0,5321406.0,3862.0,141794.0,24087.0,0.0,0.0,2261.0,0.0
1787905957.265366,2026-08-28T08:32:37+00:00,http_log_5m_x7,2879417.0,9590.0,642878376.0,685525297.0,142.0,723.0,0.0,1021627.0,1988.0,0.0,0.0,0.0,0.0,19.0,28.0,349942264.0,2643462656.0,4062019584.0,38467.0,45982101504.0,583611890.0,0.0,1064.0,5321406.0,3862.0,141794.0,24087.0,0.0,0.0,2261.0,0.0
1787905958.270453,2026-08-28T08:32:38+00:00,http_log_5m_x7,2879417.0,9590.0,642878376.0,685525297.0,142.0,723.0,0.0,1021627.0,1988.0,0.0,1.0,0.0,0.0,19.0,21.0,349942264.0,2643462656.0,4062019584.0,38467.0,45982101504.0,583611890.0,0.0,1064.0,5321406.0,3862.0,141794.0,24087.0,0.0,0.0,2261.0,0.0
1787905959.2755148,2026-08-28T08:32:39+00:00,http_log_5m_x7,2879417.0,9590.0,642878376.0,690831197.0,142.0,728.0,0.0,2049401.0,1589.0,0.0,0.0,0.0,0.0,19.0,21.0,349942264.0,2643462656.0,4062019584.0,38467.0,45982101504.0,583611890.0,0.0,1064.0,5321406.0,3862.0,141794.0,24087.0,0.0,0.0,2261.0,0.0
1787905960.2805948,2026-08-28T08:32:40+00:00,http_log_5m_x7,2879417.0,9590.0,642878376.0,690831197.0,142.0,728.0,0.0,2049401.0,1589.0,0.0,0.0,0.0,0.0,19.0,21.0,349942264.0,2643462656.0,4062019584.0,38467.0,45982101504.0,583611890.0,0.0,1064.0,5321406.0,3862.0,141794.0,24087.0,0.0,0.0,2261.0,0.0
1787905961.285665,2026-08-28T08:32:41+00:00,http_log_5m_x7,2879417.0,9590.0,642878376.0,690831197.0,142.0,728.0,0.0,2049401.0,1589.0,0.0,0.0,0.0,0.0,19.0,21.0,349942264.0,2643462656.0,4062019584.0,38467.0,45982101504.0,583611890.0,0.0,1064.0,5321406.0,3862.0,141794.0,24087.0,0.0,0.0,2261.0,0.0
1787905962.2906618,2026-08-28T08:32:42+00:00,http_log_5m_x7,2879417.0,9590.0,642878376.0,690831197.0,142.0,728.0,0.0,2049401.0,1589.0,0.0,1.0,0.0,0.0,19.0,30.0,349942264.0,2643462656.0,4062019584.0,38467.0,45982101504.0,583611890.0,0.0,1064.0,5321406.0,3862.0,141794.0,24087.0,0.0,0.0,2261.0,0.0
1787905963.295729,2026-08-28T08:32:43+00:00,http_log_5m_x7,2879417.0,9590.0,642878376.0,690831197.0,142.0,728.0,18804536.0,2049401.0,1589.0,0.0,1.0,0.0,0.0,19.0,30.0,366664472.0,2643462656.0,4101378048.0,38564.0,45982101504.0,583611890.0,0.0,1083.0,5332246.0,3870.0,142889.0,24129.0,0.0,0.0,2274.0,0.0
1787905964.300832,2026-08-28T08:32:44+00:00,http_log_5m_x7,2879417.0,9590.0,642878376.0,693827964.0,142.0,733.0,18804536.0,1029463.0,1911.0,0.0,0.0,0.0,0.0,19.0,30.0,366664472.0,2643462656.0,4101378048.0,38564.0,45982101504.0,583611890.0,0.0,1083.0,5332246.0,3870.0,142889.0,24129.0,0.0,0.0,2274.0,0.0
1787905965.304472,2026-08-28T08:32:45+00:00,http_log_5m_x7,2879417.0,9590.0,642878376.0,693827964.0,142.0,733.0,18804536.0,1029463.0,1911.0,0.0,0.0,0.0,0.0,19.0,30.0,366664472.0,2643462656.0,4101378048.0,38564.0,45982101504.0,583611890.0,0.0,1083.0,5332246.0,3870.0,142889.0,24129.0,0.0,0.0,2274.0,0.0
1787905966.309539,2026-08-28T08:32:46+00:00,http_log_5m_x7,2879417.0,9590.0,642878376.0,693827964.0,142.0,733.0,18804536.0,1029463.0,1911.0,0.0,1.0,0.0,0.0,19.0,22.0,366664472.0,2643462656.0,4101378048.0,38564.0,45982101504.0,583611890.0,0.0,1083.0,5332246.0,3870.0,142889.0,24129.0,0.0,0.0,2274.0,0.0
1787905967.311956,2026-08-28T08:32:47+00:00,http_log_5m_x7,2879417.0,9590.0,642878376.0,693827964.0,142.0,733.0,18804536.0,1029463.0,1911.0,0.0,1.0,0.0,0.0,19.0,22.0,366664472.0,2643462656.0,4101378048.0,38564.0,45982101504.0,583611890.0,0.0,1083.0,5332246.0,3870.0,142889.0,24129.0,0.0,0.0,2274.0,0.0
1787905968.3170261,2026-08-28T08:32:48+00:00,http_log_5m_x7,2879417.0,9590.0,642878376.0,699031091.0,142.0,738.0,18804536.0,2056571.0,1530.0,1.0,0.0,0.0,0.0,22.0,22.0,366664472.0,2643462656.0,4101378048.0,38564.0,45982101504.0,583611890.0,0.0,1083.0,5332246.0,3870.0,142889.0,24129.0,0.0,0.0,2274.0,0.0
1787905969.32209,2026-08-28T08:32:49+00:00,http_log_5m_x7,2879417.0,9590.0,642878376.0,699031091.0,142.0,738.0,18804536.0,2056571.0,1530.0,1.0,0.0,0.0,0.0,22.0,22.0,366664472.0,2643462656.0,4101378048.0,38564.0,45982101504.0,583611890.0,0.0,1083.0,5332246.0,3870.0,142889.0,24129.0,0.0,0.0,2274.0,0.0
1787905970.327152,2026-08-28T08:32:50+00:00,http_log_5m_x7,2879417.0,9590.0,642878376.0,699031091.0,142.0,738.0,18804536.0,2056571.0,1530.0,1.0,0.0,0.0,0.0,22.0,22.0,366664472.0,2643462656.0,4101378048.0,38564.0,45982101504.0,583611890.0,0.0,1083.0,5332246.0,3870.0,142889.0,24129.0,0.0,0.0,2274.0,0.0
1787905971.329969,2026-08-28T08:32:51+00:00,http_log_5m_x7,2879417.0,9590.0,642878376.0,699031091.0,142.0,738.0,18804536.0,2056571.0,1530.0,1.0,1.0,0.0,0.0,22.0,19.0,366664472.0,2643462656.0,4101378048.0,38564.0,45982101504.0,583611890.0,0.0,1083.0,5332246.0,3870.0,142889.0,24129.0,0.0,0.0,2274.0,0.0
1787905972.332837,2026-08-28T08:32:52+00:00,http_log_5m_x7,2879417.0,9590.0,642878376.0,699031091.0,142.0,738.0,18804536.0,2056571.0,1530.0,1.0,1.0,0.0,0.0,22.0,19.0,366664472.0,2643462656.0,4101378048.0,38564.0,45982101504.0,583611890.0,0.0,1083.0,5332246.0,3870.0,142889.0,24129.0,0.0,0.0,2274.0,0.0
1787905973.337903,2026-08-28T08:32:53+00:00,http_log_5m_x7,2879417.0,9590.0,642878376.0,702065071.0,142.0,743.0,18804536.0,977127.0,2105.0,1.0,0.0,0.0,0.0,22.0,19.0,366664472.0,2643462656.0,4101378048.0,38564.0,45982101504.0,583611890.0,0.0,1083.0,5332246.0,3870.0,142889.0,24129.0,0.0,0.0,2274.0,0.0
1787905974.3429928,2026-08-28T08:32:54+00:00,http_log_5m_x7,2879417.0,9590.0,642878376.0,702065071.0,142.0,743.0,18804536.0,977127.0,2105.0,1.0,0.0,0.0,0.0,22.0,19.0,366664472.0,2643462656.0,4101378048.0,38564.0,45982101504.0,583611890.0,0.0,1083.0,5332246.0,3870.0,142889.0,24129.0,0.0,0.0,2274.0,0.0
1787905975.348067,2026-08-28T08:32:55+00:00,http_log_5m_x7,2879417.0,9590.0,642878376.0,702065071.0,142.0,743.0,18804536.0,977127.0,2105.0,1.0,1.0,0.0,0.0,22.0,12.0,366664472.0,2643462656.0,4101378048.0,38564.0,45982101504.0,583611890.0,0.0,1083.0,5332246.0,3870.0,142889.0,24129.0,0.0,0.0,2274.0,0.0
1787905976.353148,2026-08-28T08:32:56+00:00,http_log_5m_x7,2879417.0,9590.0,642878376.0,702065071.0,142.0,743.0,18804536.0,977127.0,2105.0,1.0,1.0,0.0,0.0,22.0,12.0,366664472.0,2643462656.0,4101378048.0,38564.0,45982101504.0,583611890.0,0.0,1083.0,5332246.0,3870.0,142889.0,24129.0,0.0,0.0,2274.0,0.0
1787905977.356147,2026-08-28T08:32:57+00:00,http_log_5m_x7,2879417.0,9590.0,642878376.0,707315190.0,142.0,748.0,18804536.0,1966336.0,1670.0,1.0,0.0,0.0,0.0,22.0,12.0,366664472.0,2643462656.0,4101378048.0,38564.0,45982101504.0,583611890.0,0.0,1083.0,5332246.0,3870.0,142889.0,24129.0,0.0,0.0,2274.0,0.0
1787905978.361242,2026-08-28T08:32:58+00:00,http_log_5m_x7,2879417.0,9590.0,642878376.0,707315190.0,142.0,748.0,363615272.0,1966336.0,1670.0,1.0,0.0,0.0,0.0,22.0,12.0,691980768.0,2643462656.0,4145496064.0,38660.0,45982101504.0,583611890.0,0.0,1095.0,5341946.0,3879.0,145093.0,24186.0,0.0,0.0,2290.0,0.0
1787905979.3663208,2026-08-28T08:32:59+00:00,http_log_5m_x7,2879417.0,9590.0,642878376.0,707315190.0,142.0,748.0,363615272.0,1966336.0,1670.0,1.0,1.0,0.0,0.0,22.0,11.0,691980768.0,2643462656.0,4145496064.0,38660.0,45982101504.0,583611890.0,0.0,1095.0,5341946.0,3879.0,145093.0,24186.0,0.0,0.0,2290.0,0.0
1787905980.371412,2026-08-28T08:33:00+00:00,http_log_5m_x7,2879417.0,9590.0,642878376.0,707315190.0,142.0,748.0,363615272.0,1966336.0,1670.0,1.0,1.0,0.0,0.0,22.0,11.0,691980768.0,2643462656.0,4145496064.0,38660.0,45982101504.0,583611890.0,0.0,1095.0,5341946.0,3879.0,145093.0,24186.0,0.0,0.0,2290.0,0.0
1787905981.37653,2026-08-28T08:33:01+00:00,http_log_5m_x7,2879417.0,9590.0,642878376.0,707315190.0,142.0,748.0,363615272.0,1966336.0,1670.0,1.0,1.0,0.0,0.0,22.0,11.0,691980768.0,2643462656.0,4145496064.0,38660.0,45982101504.0,583611890.0,0.0,1095.0,5341946.0,3879.0,145093.0,24186.0,0.0,0.0,2290.0,0.0
1787905982.38019,2026-08-28T08:33:02+00:00,http_log_5m_x7,2879417.0,9590.0,642878376.0,714844403.0,142.0,753.0,363615272.0,2275374.0,2309.0,1.0,0.0,0.0,0.0,22.0,11.0,691980768.0,2643462656.0,4145496064.0,38660.0,45982101504.0,583611890.0,0.0,1095.0,5341946.0,3879.0,145093.0,24186.0,0.0,0.0,2290.0,0.0
1787905983.3852758,2026-08-28T08:33:03+00:00,http_log_5m_x7,2879417.0,9590.0,642878376.0,714844403.0,142.0,753.0,363615272.0,2275374.0,2309.0,1.0,0.0,0.0,0.0,22.0,11.0,691980768.0,2643462656.0,4145496064.0,38660.0,45982101504.0,583611890.0,0.0,1095.0,5341946.0,3879.0,145093.0,24186.0,0.0,0.0,2290.0,0.0
1787905984.3863611,2026-08-28T08:33:04+00:00,http_log_5m_x7,2879417.0,9590.0,642878376.0,714844403.0,142.0,753.0,363615272.0,2275374.0,2309.0,1.0,1.0,0.0,0.0,22.0,26.0,691980768.0,2643462656.0,4145496064.0,38660.0,45982101504.0,583611890.0,0.0,1095.0,5341946.0,3879.0,145093.0,24186.0,0.0,0.0,2290.0,0.0
1787905985.391455,2026-08-28T08:33:05+00:00,http_log_5m_x7,3079770.0,16246.0,695992104.0,714844403.0,147.0,753.0,363615272.0,2275374.0,2309.0,0.0,1.0,0.0,0.0,22.0,26.0,691980768.0,2643462656.0,4145496064.0,38660.0,45982101504.0,583611890.0,0.0,1095.0,5341946.0,3879.0,145093.0,24186.0,0.0,0.0,2290.0,0.0
1787905986.396596,2026-08-28T08:33:06+00:00,http_log_5m_x7,3079770.0,16246.0,695992104.0,717813669.0,147.0,758.0,363615272.0,1026717.0,1892.0,0.0,0.0,0.0,0.0,22.0,26.0,691980768.0,2643462656.0,4145496064.0,38660.0,45982101504.0,583611890.0,0.0,1095.0,5341946.0,3879.0,145093.0,24186.0,0.0,0.0,2290.0,0.0
1787905987.4005902,2026-08-28T08:33:07+00:00,http_log_5m_x7,3079770.0,16246.0,695992104.0,717813669.0,147.0,758.0,363615272.0,1026717.0,1892.0,0.0,0.0,0.0,0.0,22.0,26.0,691980768.0,2643462656.0,4145496064.0,38660.0,45982101504.0,583611890.0,0.0,1095.0,5341946.0,3879.0,145093.0,24186.0,0.0,0.0,2290.0,0.0
1787905988.4057071,2026-08-28T08:33:08+00:00,http_log_5m_x7,3079770.0,16246.0,695992104.0,717813669.0,147.0,758.0,363615272.0,1026717.0,1892.0,0.0,1.0,0.0,0.0,22.0,19.0,691980768.0,2643462656.0,4145496064.0,38660.0,45982101504.0,583611890.0,0.0,1095.0,5341946.0,3879.0,145093.0,24186.0,0.0,0.0,2290.0,0.0
1787905989.4112399,2026-08-28T08:33:09+00:00,http_log_5m_x7,3079770.0,16246.0,695992104.0,717813669.0,147.0,758.0,363615272.0,1026717.0,1892.0,0.0,1.0,0.0,0.0,22.0,19.0,691980768.0,2643462656.0,4145496064.0,38660.0,45982101504.0,583611890.0,0.0,1095.0,5341946.0,3879.0,145093.0,24186.0,0.0,0.0,2290.0,0.0
1787905990.414829,2026-08-28T08:33:10+00:00,http_log_5m_x7,3079770.0,16246.0,695992104.0,722989389.0,147.0,763.0,363615272.0,2118591.0,1443.0,0.0,0.0,0.0,0.0,22.0,19.0,691980768.0,2643462656.0,4145496064.0,38660.0,45982101504.0,583611890.0,0.0,1095.0,5341946.0,3879.0,145093.0,24186.0,0.0,0.0,2290.0,0.0
1787905991.4193048,2026-08-28T08:33:11+00:00,http_log_5m_x7,3079770.0,16246.0,695992104.0,722989389.0,147.0,763.0,363615272.0,2118591.0,1443.0,0.0,0.0,0.0,0.0,22.0,19.0,691980768.0,2643462656.0,4145496064.0,38660.0,45982101504.0,583611890.0,0.0,1095.0,5341946.0,3879.0,145093.0,24186.0,0.0,0.0,2290.0,0.0
1787905992.422047,2026-08-28T08:33:12+00:00,http_log_5m_x7,3079770.0,16246.0,695992104.0,722989389.0,147.0,763.0,9712120.0,2118591.0,1443.0,0.0,1.0,0.0,0.0,22.0,19.0,344191560.0,2643462656.0,4269481984.0,38815.0,45982101504.0,583611890.0,1.0,1114.0,5351982.0,3893.0,146960.0,24258.0,0.0,0.0,2305.0,0.0
1787905993.425314,2026-08-28T08:33:13+00:00,http_log_5m_x7,3079770.0,16246.0,695992104.0,722989389.0,147.0,763.0,9712120.0,2118591.0,1443.0,0.0,1.0,0.0,0.0,22.0,19.0,344191560.0,2643462656.0,4269481984.0,38815.0,45982101504.0,583611890.0,1.0,1114.0,5351982.0,3893.0,146960.0,24258.0,0.0,0.0,2305.0,0.0
1787905994.4255161,2026-08-28T08:33:14+00:00,http_log_5m_x7,3079770.0,16246.0,695992104.0,730471721.0,147.0,768.0,9712120.0,2397414.0,2121.0,0.0,0.0,0.0,0.0,22.0,19.0,344191560.0,2643462656.0,4269481984.0,38815.0,45709111296.0,634933907.0,1.0,1114.0,5351982.0,3893.0,146960.0,24258.0,0.0,0.0,2305.0,0.0
1787905995.428041,2026-08-28T08:33:15+00:00,http_log_5m_x7,3079770.0,16246.0,695992104.0,730471721.0,147.0,768.0,9712120.0,2397414.0,2121.0,0.0,0.0,0.0,0.0,22.0,19.0,344191560.0,2643462656.0,4269481984.0,38815.0,45709111296.0,634933907.0,1.0,1114.0,5351982.0,3893.0,146960.0,24258.0,0.0,0.0,2305.0,0.0
1787905996.428329,2026-08-28T08:33:16+00:00,http_log_5m_x7,3079770.0,16246.0,695992104.0,730471721.0,147.0,768.0,9712120.0,2397414.0,2121.0,0.0,0.0,0.0,0.0,22.0,19.0,344191560.0,2643462656.0,4269481984.0,38815.0,45709111296.0,634933907.0,1.0,1114.0,5351982.0,3893.0,146960.0,24258.0,0.0,0.0,2305.0,0.0
1787905997.433402,2026-08-28T08:33:17+00:00,http_log_5m_x7,3079770.0,16246.0,695992104.0,730471721.0,147.0,768.0,9712120.0,2397414.0,2121.0,0.0,1.0,0.0,0.0,22.0,28.0,344191560.0,2643462656.0,4269481984.0,38815.0,45709111296.0,634933907.0,1.0,1114.0,5351982.0,3893.0,146960.0,24258.0,0.0,0.0,2305.0,0.0
1787905998.436073,2026-08-28T08:33:18+00:00,http_log_5m_x7,3079770.0,16246.0,695992104.0,730471721.0,147.0,768.0,9712120.0,2397414.0,2121.0,0.0,1.0,0.0,0.0,22.0,28.0,344191560.0,2643462656.0,4269481984.0,38815.0,45709111296.0,634933907.0,1.0,1114.0,5351982.0,3893.0,146960.0,24258.0,0.0,0.0,2305.0,0.0
1787905999.439883,2026-08-28T08:33:19+00:00,http_log_5m_x7,3079770.0,16246.0,695992104.0,733440631.0,147.0,773.0,9712120.0,1040627.0,1853.0,0.0,0.0,0.0,0.0,22.0,28.0,344191560.0,2643462656.0,4269481984.0,38815.0,45709111296.0,634933907.0,1.0,1114.0,5351982.0,3893.0,146960.0,24258.0,0.0,0.0,2305.0,0.0
1787906000.442053,2026-08-28T08:33:20+00:00,http_log_5m_x7,3079770.0,16246.0,695992104.0,733440631.0,147.0,773.0,9712120.0,1040627.0,1853.0,0.0,0.0,0.0,0.0,22.0,28.0,344191560.0,2643462656.0,4269481984.0,38815.0,45709111296.0,634933907.0,1.0,1114.0,5351982.0,3893.0,146960.0,24258.0,0.0,0.0,2305.0,0.0
1787906001.446883,2026-08-28T08:33:21+00:00,http_log_5m_x7,3079770.0,16246.0,695992104.0,733440631.0,147.0,773.0,9712120.0,1040627.0,1853.0,0.0,1.0,0.0,0.0,22.0,21.0,344191560.0,2643462656.0,4269481984.0,38815.0,45709111296.0,634933907.0,1.0,1114.0,5351982.0,3893.0,146960.0,24258.0,0.0,0.0,2305.0,0.0
1787906002.451961,2026-08-28T08:33:22+00:00,http_log_5m_x7,3079770.0,16246.0,695992104.0,733440631.0,147.0,773.0,9712120.0,1040627.0,1853.0,0.0,1.0,0.0,0.0,22.0,21.0,344191560.0,2643462656.0,4269481984.0,38815.0,45709111296.0,634933907.0,1.0,1114.0,5351982.0,3893.0,146960.0,24258.0,0.0,0.0,2305.0,0.0
1787906003.457025,2026-08-28T08:33:23+00:00,http_log_5m_x7,3079770.0,16246.0,695992104.0,738690922.0,147.0,778.0,9712120.0,2113643.0,1484.0,0.0,0.0,0.0,0.0,22.0,21.0,344191560.0,2643462656.0,4269481984.0,38815.0,45709111296.0,634933907.0,1.0,1114.0,5351982.0,3893.0,146960.0,24258.0,0.0,0.0,2305.0,0.0
1787906004.461,2026-08-28T08:33:24+00:00,http_log_5m_x7,3079770.0,16246.0,695992104.0,738690922.0,147.0,778.0,9712120.0,2113643.0,1484.0,0.0,0.0,0.0,0.0,22.0,21.0,344191560.0,2643462656.0,4269481984.0,38815.0,45709111296.0,634933907.0,1.0,1114.0,5351982.0,3893.0,146960.0,24258.0,0.0,0.0,2305.0,0.0
1787906005.466079,2026-08-28T08:33:25+00:00,http_log_5m_x7,3079770.0,16246.0,695992104.0,738690922.0,147.0,778.0,9712120.0,2113643.0,1484.0,0.0,1.0,0.0,0.0,22.0,20.0,344191560.0,2643462656.0,4269481984.0,38815.0,45709111296.0,634933907.0,1.0,1114.0,5351982.0,3893.0,146960.0,24258.0,0.0,0.0,2305.0,0.0
1787906006.471165,2026-08-28T08:33:26+00:00,http_log_5m_x7,3079770.0,16246.0,695992104.0,738690922.0,147.0,778.0,9712120.0,2113643.0,1484.0,0.0,1.0,0.0,0.0,22.0,20.0,344191560.0,2643462656.0,4269481984.0,38815.0,45709111296.0,634933907.0,1.0,1114.0,5351982.0,3893.0,146960.0,24258.0,0.0,0.0,2305.0,0.0
1787906007.476219,2026-08-28T08:33:27+00:00,http_log_5m_x7,3079770.0,16246.0,695992104.0,746220071.0,147.0,783.0,814616.0,2352859.0,2200.0,0.0,0.0,0.0,0.0,22.0,20.0,332123504.0,2643462656.0,4312354816.0,38929.0,45709111296.0,634933907.0,0.0,1132.0,5362579.0,3903.0,148305.0,24304.0,0.0,0.0,2322.0,0.0
1787906008.481278,2026-08-28T08:33:28+00:00,http_log_5m_x7,3079770.0,16246.0,695992104.0,746220071.0,147.0,783.0,814616.0,2352859.0,2200.0,0.0,0.0,0.0,0.0,22.0,20.0,332123504.0,2643462656.0,4312354816.0,38929.0,45709111296.0,634933907.0,0.0,1132.0,5362579.0,3903.0,148305.0,24304.0,0.0,0.0,2322.0,0.0
1787906009.4863439,2026-08-28T08:33:29+00:00,http_log_5m_x7,3079770.0,16246.0,695992104.0,746220071.0,147.0,783.0,814616.0,2352859.0,2200.0,0.0,0.0,0.0,0.0,22.0,20.0,332123504.0,2643462656.0,4312354816.0,38929.0,45709111296.0,634933907.0,0.0,1132.0,5362579.0,3903.0,148305.0,24304.0,0.0,0.0,2322.0,0.0
1787906010.491404,2026-08-28T08:33:30+00:00,http_log_5m_x7,3079770.0,16246.0,695992104.0,746220071.0,147.0,783.0,814616.0,2352859.0,2200.0,0.0,1.0,0.0,0.0,22.0,29.0,332123504.0,2643462656.0,4312354816.0,38929.0,45709111296.0,634933907.0,0.0,1132.0,5362579.0,3903.0,148305.0,24304.0,0.0,0.0,2322.0,0.0
1787906011.496186,2026-08-28T08:33:31+00:00,http_log_5m_x7,3079770.0,16246.0,695992104.0,746220071.0,147.0,783.0,814616.0,2352859.0,2200.0,0.0,1.0,0.0,0.0,22.0,29.0,332123504.0,2643462656.0,4312354816.0,38929.0,45709111296.0,634933907.0,0.0,1132.0,5362579.0,3903.0,148305.0,24304.0,0.0,0.0,2322.0,0.0
1787906012.501256,2026-08-28T08:33:32+00:00,http_log_5m_x7,3079770.0,16246.0,695992104.0,749132902.0,147.0,788.0,814616.0,1002005.0,1907.0,0.0,0.0,0.0,0.0,22.0,29.0,332123504.0,2643462656.0,4312354816.0,38929.0,45709111296.0,634933907.0,0.0,1132.0,5362579.0,3903.0,148305.0,24304.0,0.0,0.0,2322.0,0.0
1787906013.5022259,2026-08-28T08:33:33+00:00,http_log_5m_x7,3079770.0,16246.0,695992104.0,749132902.0,147.0,788.0,814616.0,1002005.0,1907.0,0.0,0.0,0.0,0.0,22.0,29.0,332123504.0,2643462656.0,4312354816.0,38929.0,45709111296.0,634933907.0,0.0,1132.0,5362579.0,3903.0,148305.0,24304.0,0.0,0.0,2322.0,0.0
1787906014.504616,2026-08-28T08:33:34+00:00,http_log_5m_x7,3079770.0,16246.0,695992104.0,749132902.0,147.0,788.0,814616.0,1002005.0,1907.0,0.0,1.0,0.0,0.0,22.0,22.0,332123504.0,2643462656.0,4312354816.0,38929.0,45709111296.0,634933907.0,0.0,1132.0,5362579.0,3903.0,148305.0,24304.0,0.0,0.0,2322.0,0.0
1787906015.509687,2026-08-28T08:33:35+00:00,http_log_5m_x7,3079770.0,16246.0,695992104.0,749132902.0,147.0,788.0,814616.0,1002005.0,1907.0,0.0,1.0,0.0,0.0,22.0,22.0,332123504.0,2643462656.0,4312354816.0,38929.0,45709111296.0,634933907.0,0.0,1132.0,5362579.0,3903.0,148305.0,24304.0,0.0,0.0,2322.0,0.0
1787906016.514783,2026-08-28T08:33:36+00:00,http_log_5m_x7,3079770.0,16246.0,695992104.0,754269793.0,147.0,793.0,814616.0,2111340.0,1433.0,0.0,0.0,0.0,0.0,22.0,22.0,332123504.0,2643462656.0,4312354816.0,38929.0,45709111296.0,634933907.0,0.0,1132.0,5362579.0,3903.0,148305.0,24304.0,0.0,0.0,2322.0,0.0
1787906017.519867,2026-08-28T08:33:37+00:00,http_log_5m_x7,3079770.0,16246.0,695992104.0,754269793.0,147.0,793.0,814616.0,2111340.0,1433.0,0.0,0.0,0.0,0.0,22.0,22.0,332123504.0,2643462656.0,4312354816.0,38929.0,45709111296.0,634933907.0,0.0,1132.0,5362579.0,3903.0,148305.0,24304.0,0.0,0.0,2322.0,0.0
1787906018.524961,2026-08-28T08:33:38+00:00,http_log_5m_x7,3079770.0,16246.0,695992104.0,754269793.0,147.0,793.0,814616.0,2111340.0,1433.0,0.0,1.0,0.0,0.0,22.0,21.0,332123504.0,2643462656.0,4312354816.0,38929.0,45709111296.0,634933907.0,0.0,1132.0,5362579.0,3903.0,148305.0,24304.0,0.0,0.0,2322.0,0.0
1787906019.53002,2026-08-28T08:33:39+00:00,http_log_5m_x7,3079770.0,16246.0,695992104.0,754269793.0,147.0,793.0,814616.0,2111340.0,1433.0,0.0,1.0,0.0,0.0,22.0,21.0,332123504.0,2643462656.0,4312354816.0,38929.0,45709111296.0,634933907.0,0.0,1132.0,5362579.0,3903.0,148305.0,24304.0,0.0,0.0,2322.0,0.0
1787906020.533668,2026-08-28T08:33:40+00:00,http_log_5m_x7,3079770.0,16246.0,695992104.0,761675983.0,147.0,798.0,814616.0,2327526.0,2182.0,0.0,0.0,0.0,0.0,22.0,21.0,332123504.0,2643462656.0,4312354816.0,38929.0,45709111296.0,634933907.0,0.0,1132.0,5362579.0,3903.0,148305.0,24304.0,0.0,0.0,2322.0,0.0
1787906021.538576,2026-08-28T08:33:41+00:00,http_log_5m_x7,3079770.0,16246.0,695992104.0,761675983.0,147.0,798.0,814616.0,2327526.0,2182.0,0.0,0.0,0.0,0.0,22.0,21.0,332123504.0,2643462656.0,4312354816.0,38929.0,45709111296.0,634933907.0,0.0,1132.0,5362579.0,3903.0,148305.0,24304.0,0.0,0.0,2322.0,0.0
1787906022.543633,2026-08-28T08:33:42+00:00,http_log_5m_x7,3079770.0,16246.0,695992104.0,761675983.0,147.0,798.0,0.0,2327526.0,2182.0,0.0,0.0,0.0,0.0,22.0,21.0,329260208.0,2643462656.0,4364296192.0,39019.0,45709111296.0,634933907.0,0.0,1150.0,5373352.0,3911.0,149461.0,24349.0,0.0,0.0,2338.0,0.0
1787906023.548725,2026-08-28T08:33:43+00:00,http_log_5m_x7,3079770.0,16246.0,695992104.0,761675983.0,147.0,798.0,0.0,2327526.0,2182.0,0.0,1.0,0.0,0.0,22.0,30.0,329260208.0,2643462656.0,4364296192.0,39019.0,45709111296.0,634933907.0,0.0,1150.0,5373352.0,3911.0,149461.0,24349.0,0.0,0.0,2338.0,0.0
1787906024.549448,2026-08-28T08:33:44+00:00,http_log_5m_x7,3079770.0,16246.0,695992104.0,761675983.0,147.0,798.0,0.0,2327526.0,2182.0,1.0,1.0,0.0,0.0,19.0,30.0,329260208.0,2643462656.0,4364296192.0,39019.0,45709111296.0,634933907.0,0.0,1150.0,5373352.0,3911.0,149461.0,24349.0,0.0,0.0,2338.0,0.0
1787906025.554519,2026-08-28T08:33:45+00:00,http_log_5m_x7,3079770.0,16246.0,695992104.0,764644344.0,147.0,803.0,0.0,1023219.0,1901.0,1.0,0.0,0.0,0.0,19.0,30.0,329260208.0,2643462656.0,4364296192.0,39019.0,45709111296.0,634933907.0,0.0,1150.0,5373352.0,3911.0,149461.0,24349.0,0.0,0.0,2338.0,0.0
1787906026.5596,2026-08-28T08:33:46+00:00,http_log_5m_x7,3079770.0,16246.0,695992104.0,764644344.0,147.0,803.0,0.0,1023219.0,1901.0,1.0,0.0,0.0,0.0,19.0,30.0,329260208.0,2643462656.0,4364296192.0,39019.0,45709111296.0,634933907.0,0.0,1150.0,5373352.0,3911.0,149461.0,24349.0,0.0,0.0,2338.0,0.0
1787906027.564656,2026-08-28T08:33:47+00:00,http_log_5m_x7,3079770.0,16246.0,695992104.0,764644344.0,147.0,803.0,0.0,1023219.0,1901.0,1.0,1.0,0.0,0.0,19.0,12.0,329260208.0,2643462656.0,4364296192.0,39019.0,45709111296.0,634933907.0,0.0,1150.0,5373352.0,3911.0,149461.0,24349.0,0.0,0.0,2338.0,0.0
1787906028.566258,2026-08-28T08:33:48+00:00,http_log_5m_x7,3079770.0,16246.0,695992104.0,769838550.0,147.0,808.0,0.0,2071055.0,1508.0,1.0,0.0,0.0,0.0,19.0,12.0,329260208.0,2643462656.0,4364296192.0,39019.0,45709111296.0,634933907.0,0.0,1150.0,5373352.0,3911.0,149461.0,24349.0,0.0,0.0,2338.0,0.0
1787906029.5710049,2026-08-28T08:33:49+00:00,http_log_5m_x7,3079770.0,16246.0,695992104.0,769838550.0,147.0,808.0,0.0,2071055.0,1508.0,1.0,0.0,0.0,0.0,19.0,12.0,329260208.0,2643462656.0,4364296192.0,39019.0,45709111296.0,634933907.0,0.0,1150.0,5373352.0,3911.0,149461.0,24349.0,0.0,0.0,2338.0,0.0
1787906030.5748448,2026-08-28T08:33:50+00:00,http_log_5m_x7,3079770.0,16246.0,695992104.0,769838550.0,147.0,808.0,0.0,2071055.0,1508.0,1.0,0.0,0.0,0.0,19.0,12.0,329260208.0,2643462656.0,4364296192.0,39019.0,45709111296.0,634933907.0,0.0,1150.0,5373352.0,3911.0,149461.0,24349.0,0.0,0.0,2338.0,0.0
1787906031.579944,2026-08-28T08:33:51+00:00,http_log_5m_x7,3079770.0,16246.0,695992104.0,769838550.0,147.0,808.0,0.0,2071055.0,1508.0,1.0,1.0,0.0,0.0,19.0,11.0,329260208.0,2643462656.0,4364296192.0,39019.0,45709111296.0,634933907.0,0.0,1150.0,5373352.0,3911.0,149461.0,24349.0,0.0,0.0,2338.0,0.0
1787906032.585025,2026-08-28T08:33:52+00:00,http_log_5m_x7,3079770.0,16246.0,695992104.0,769838550.0,147.0,808.0,0.0,2071055.0,1508.0,1.0,1.0,0.0,0.0,19.0,11.0,329260208.0,2643462656.0,4364296192.0,39019.0,45709111296.0,634933907.0,0.0,1150.0,5373352.0,3911.0,149461.0,24349.0,0.0,0.0,2338.0,0.0
1787906033.5901,2026-08-28T08:33:53+00:00,http_log_5m_x7,3079770.0,16246.0,695992104.0,777329339.0,147.0,813.0,0.0,2311971.0,2240.0,1.0,0.0,0.0,0.0,19.0,11.0,329260208.0,2643462656.0,4364296192.0,39019.0,45709111296.0,634933907.0,0.0,1150.0,5373352.0,3911.0,149461.0,24349.0,0.0,0.0,2338.0,0.0
1787906034.594477,2026-08-28T08:33:54+00:00,http_log_5m_x7,3079770.0,16246.0,695992104.0,777329339.0,147.0,813.0,0.0,2311971.0,2240.0,1.0,0.0,0.0,0.0,19.0,11.0,329260208.0,2643462656.0,4364296192.0,39019.0,45709111296.0,634933907.0,0.0,1150.0,5373352.0,3911.0,149461.0,24349.0,0.0,0.0,2338.0,0.0
1787906035.599566,2026-08-28T08:33:55+00:00,http_log_5m_x7,3079770.0,16246.0,695992104.0,777329339.0,147.0,813.0,0.0,2311971.0,2240.0,1.0,0.0,0.0,0.0,19.0,11.0,329260208.0,2643462656.0,4364296192.0,39019.0,45709111296.0,634933907.0,0.0,1150.0,5373352.0,3911.0,149461.0,24349.0,0.0,0.0,2338.0,0.0
1787906036.604654,2026-08-28T08:33:56+00:00,http_log_5m_x7,3079770.0,16246.0,695992104.0,777329339.0,147.0,813.0,0.0,2311971.0,2240.0,1.0,1.0,0.0,0.0,19.0,26.0,329260208.0,2643462656.0,4364296192.0,39019.0,45709111296.0,634933907.0,0.0,1150.0,5373352.0,3911.0,149461.0,24349.0,0.0,0.0,2338.0,0.0
1787906037.609727,2026-08-28T08:33:57+00:00,http_log_5m_x7,3079770.0,16246.0,695992104.0,777329339.0,147.0,813.0,607099432.0,2311971.0,2240.0,1.0,1.0,0.0,0.0,19.0,26.0,942058080.0,2643462656.0,4406661120.0,39111.0,45709111296.0,634933907.0,0.0,1170.0,5382620.0,3920.0,152086.0,24415.0,0.0,0.0,2358.0,0.0
1787906038.612399,2026-08-28T08:33:58+00:00,http_log_5m_x7,3079770.0,16246.0,695992104.0,780307108.0,147.0,818.0,607099432.0,930843.0,2199.0,1.0,0.0,0.0,0.0,19.0,26.0,942058080.0,2643462656.0,4406661120.0,39111.0,45709111296.0,634933907.0,0.0,1170.0,5382620.0,3920.0,152086.0,24415.0,0.0,0.0,2358.0,0.0
1787906039.61746,2026-08-28T08:33:59+00:00,http_log_5m_x7,3079770.0,16246.0,695992104.0,780307108.0,147.0,818.0,607099432.0,930843.0,2199.0,1.0,0.0,0.0,0.0,19.0,26.0,942058080.0,2643462656.0,4406661120.0,39111.0,45709111296.0,634933907.0,0.0,1170.0,5382620.0,3920.0,152086.0,24415.0,0.0,0.0,2358.0,0.0
1787906040.622516,2026-08-28T08:34:00+00:00,http_log_5m_x7,3079770.0,16246.0,695992104.0,780307108.0,147.0,818.0,607099432.0,930843.0,2199.0,1.0,0.0,0.0,0.0,19.0,26.0,942058080.0,2643462656.0,4406661120.0,39111.0,45709111296.0,634933907.0,0.0,1170.0,5382620.0,3920.0,152086.0,24415.0,0.0,0.0,2358.0,0.0
1787906041.627588,2026-08-28T08:34:01+00:00,http_log_5m_x7,3079770.0,16246.0,695992104.0,780307108.0,147.0,818.0,607099432.0,930843.0,2199.0,1.0,1.0,0.0,0.0,19.0,28.0,942058080.0,2643462656.0,4406661120.0,39111.0,45709111296.0,634933907.0,0.0,1170.0,5382620.0,3920.0,152086.0,24415.0,0.0,0.0,2358.0,0.0
1787906042.632661,2026-08-28T08:34:02+00:00,http_log_5m_x7,3079770.0,16246.0,695992104.0,780307108.0,147.0,818.0,607099432.0,930843.0,2199.0,1.0,1.0,0.0,0.0,19.0,28.0,942058080.0,2643462656.0,4406661120.0,39111.0,45709111296.0,634933907.0,0.0,1170.0,5382620.0,3920.0,152086.0,24415.0,0.0,0.0,2358.0,0.0
1787906043.637741,2026-08-28T08:34:03+00:00,http_log_5m_x7,3079770.0,16246.0,695992104.0,783340553.0,147.0,823.0,607099432.0,947359.0,2202.0,1.0,0.0,0.0,0.0,19.0,28.0,942058080.0,2643462656.0,4406661120.0,39111.0,45709111296.0,634933907.0,0.0,1170.0,5382620.0,3920.0,152086.0,24415.0,0.0,0.0,2358.0,0.0
1787906044.6428359,2026-08-28T08:34:04+00:00,http_log_5m_x7,3079770.0,16246.0,695992104.0,783340553.0,147.0,823.0,607099432.0,947359.0,2202.0,1.0,0.0,0.0,0.0,19.0,28.0,942058080.0,2643462656.0,4406661120.0,39111.0,45709111296.0,634933907.0,0.0,1170.0,5382620.0,3920.0,152086.0,24415.0,0.0,0.0,2358.0,0.0
1787906045.6478999,2026-08-28T08:34:05+00:00,http_log_5m_x7,3079770.0,16246.0,695992104.0,783340553.0,147.0,823.0,607099432.0,947359.0,2202.0,1.0,0.0,0.0,0.0,19.0,28.0,942058080.0,2643462656.0,4406661120.0,39111.0,45709111296.0,634933907.0,0.0,1170.0,5382620.0,3920.0,152086.0,24415.0,0.0,0.0,2358.0,0.0
1787906046.652979,2026-08-28T08:34:06+00:00,http_log_5m_x7,3079770.0,16246.0,695992104.0,783340553.0,147.0,823.0,607099432.0,947359.0,2202.0,1.0,1.0,0.0,0.0,19.0,30.0,942058080.0,2643462656.0,4406661120.0,39111.0,45709111296.0,634933907.0,0.0,1170.0,5382620.0,3920.0,152086.0,24415.0,0.0,0.0,2358.0,0.0
1787906047.6533859,2026-08-28T08:34:07+00:00,http_log_5m_x7,3079770.0,16246.0,695992104.0,783340553.0,147.0,823.0,607099432.0,947359.0,2202.0,1.0,1.0,0.0,0.0,19.0,30.0,942058080.0,2643462656.0,4406661120.0,39111.0,45709111296.0,634933907.0,0.0,1170.0,5382620.0,3920.0,152086.0,24415.0,0.0,0.0,2358.0,0.0
1787906048.658484,2026-08-28T08:34:08+00:00,http_log_5m_x7,3079770.0,16246.0,695992104.0,786327844.0,147.0,828.0,607099432.0,936454.0,2190.0,1.0,0.0,0.0,0.0,19.0,30.0,942058080.0,2643462656.0,4406661120.0,39111.0,45709111296.0,634933907.0,0.0,1170.0,5382620.0,3920.0,152086.0,24415.0,0.0,0.0,2358.0,0.0
1787906049.660017,2026-08-28T08:34:09+00:00,http_log_5m_x7,3079770.0,16246.0,695992104.0,786327844.0,147.0,828.0,607099432.0,936454.0,2190.0,1.0,0.0,0.0,0.0,19.0,30.0,942058080.0,2643462656.0,4406661120.0,39111.0,45709111296.0,634933907.0,0.0,1170.0,5382620.0,3920.0,152086.0,24415.0,0.0,0.0,2358.0,0.0
1787906050.66508,2026-08-28T08:34:10+00:00,http_log_5m_x7,3047626.0,26046.0,778418217.0,786327844.0,152.0,828.0,607099432.0,936454.0,2190.0,0.0,0.0,0.0,0.0,19.0,30.0,942058080.0,2643462656.0,4406661120.0,39111.0,45709111296.0,634933907.0,0.0,1170.0,5382620.0,3920.0,152086.0,24415.0,0.0,0.0,2358.0,0.0
1787906051.668036,2026-08-28T08:34:11+00:00,http_log_5m_x7,3047626.0,26046.0,778418217.0,786327844.0,152.0,828.0,607099432.0,936454.0,2190.0,0.0,0.0,0.0,0.0,19.0,30.0,942058080.0,2643462656.0,4406661120.0,39111.0,45709111296.0,634933907.0,0.0,1170.0,5382620.0,3920.0,152086.0,24415.0,0.0,0.0,2358.0,0.0
1787906052.668725,2026-08-28T08:34:12+00:00,http_log_5m_x7,3047626.0,26046.0,778418217.0,786327844.0,152.0,828.0,15781176.0,936454.0,2190.0,0.0,1.0,0.0,0.0,19.0,41.0,347975336.0,2643462656.0,4565901312.0,39263.0,45709111296.0,634933907.0,1.0,1188.0,5391983.0,3934.0,154560.0,24501.0,0.0,0.0,2376.0,0.0
1787906053.6738071,2026-08-28T08:34:13+00:00,http_log_5m_x7,3047626.0,26046.0,778418217.0,786327844.0,152.0,828.0,15781176.0,936454.0,2190.0,0.0,1.0,0.0,0.0,19.0,41.0,347975336.0,2643462656.0,4565901312.0,39263.0,45425917952.0,687530846.0,1.0,1188.0,5391983.0,3934.0,154560.0,24501.0,0.0,0.0,2376.0,0.0
1787906054.6788611,2026-08-28T08:34:14+00:00,http_log_5m_x7,3047626.0,26046.0,778418217.0,789922535.0,152.0,834.0,15781176.0,1086009.0,2310.0,0.0,0.0,0.0,0.0,19.0,41.0,347975336.0,2643462656.0,4565901312.0,39263.0,45425917952.0,687530846.0,1.0,1188.0,5391983.0,3934.0,154560.0,24501.0,0.0,0.0,2376.0,0.0
1787906055.683918,2026-08-28T08:34:15+00:00,http_log_5m_x7,3047626.0,26046.0,778418217.0,789922535.0,152.0,834.0,15781176.0,1086009.0,2310.0,0.0,1.0,0.0,0.0,19.0,34.0,347975336.0,2643462656.0,4565901312.0,39263.0,45425917952.0,687530846.0,1.0,1188.0,5391983.0,3934.0,154560.0,24501.0,0.0,0.0,2376.0,0.0
1787906056.688991,2026-08-28T08:34:16+00:00,http_log_5m_x7,3047626.0,26046.0,778418217.0,789922535.0,152.0,834.0,15781176.0,1086009.0,2310.0,0.0,1.0,0.0,0.0,19.0,34.0,347975336.0,2643462656.0,4565901312.0,39263.0,45425917952.0,687530846.0,1.0,1188.0,5391983.0,3934.0,154560.0,24501.0,0.0,0.0,2376.0,0.0
1787906057.6940641,2026-08-28T08:34:17+00:00,http_log_5m_x7,3047626.0,26046.0,778418217.0,789922535.0,152.0,834.0,15781176.0,1086009.0,2310.0,0.0,2.0,0.0,0.0,19.0,25.0,347975336.0,2643462656.0,4565901312.0,39263.0,45425917952.0,687530846.0,1.0,1188.0,5391983.0,3934.0,154560.0,24501.0,0.0,0.0,2376.0,0.0
1787906058.69914,2026-08-28T08:34:18+00:00,http_log_5m_x7,3047626.0,26046.0,778418217.0,789922535.0,152.0,834.0,15781176.0,1086009.0,2310.0,0.0,2.0,0.0,0.0,19.0,25.0,347975336.0,2643462656.0,4565901312.0,39263.0,45425917952.0,687530846.0,1.0,1188.0,5391983.0,3934.0,154560.0,24501.0,0.0,0.0,2376.0,0.0
1787906059.7042282,2026-08-28T08:34:19+00:00,http_log_5m_x7,3047626.0,26046.0,778418217.0,792910221.0,152.0,839.0,15781176.0,918157.0,2254.0,0.0,1.0,0.0,0.0,19.0,25.0,347975336.0,2643462656.0,4565901312.0,39263.0,45425917952.0,687530846.0,1.0,1188.0,5391983.0,3934.0,154560.0,24501.0,0.0,0.0,2376.0,0.0
1787906060.704864,2026-08-28T08:34:20+00:00,http_log_5m_x7,3047626.0,26046.0,778418217.0,792910221.0,152.0,839.0,15781176.0,918157.0,2254.0,0.0,1.0,0.0,0.0,19.0,25.0,347975336.0,2643462656.0,4565901312.0,39263.0,45425917952.0,687530846.0,1.0,1188.0,5391983.0,3934.0,154560.0,24501.0,0.0,0.0,2376.0,0.0
1787906061.709951,2026-08-28T08:34:21+00:00,http_log_5m_x7,3047626.0,26046.0,778418217.0,812288262.0,152.0,844.0,15781176.0,2713251.0,6142.0,0.0,1.0,0.0,0.0,19.0,18.0,347975336.0,2643462656.0,4565901312.0,39263.0,45425917952.0,687530846.0,1.0,1188.0,5391983.0,3934.0,154560.0,24501.0,0.0,0.0,2376.0,0.0
1787906062.715005,2026-08-28T08:34:22+00:00,http_log_5m_x7,3047626.0,26046.0,778418217.0,817444478.0,152.0,849.0,15781176.0,2114936.0,1438.0,0.0,0.0,0.0,0.0,19.0,18.0,347975336.0,2643462656.0,4565901312.0,39263.0,45425917952.0,687530846.0,1.0,1188.0,5391983.0,3934.0,154560.0,24501.0,0.0,0.0,2376.0,0.0
1787906063.7200902,2026-08-28T08:34:23+00:00,http_log_5m_x7,3047626.0,26046.0,778418217.0,817444478.0,152.0,849.0,15781176.0,2114936.0,1438.0,0.0,0.0,0.0,0.0,19.0,18.0,347975336.0,2643462656.0,4565901312.0,39263.0,45425917952.0,687530846.0,1.0,1188.0,5391983.0,3934.0,154560.0,24501.0,0.0,0.0,2376.0,0.0
1787906064.7228,2026-08-28T08:34:24+00:00,http_log_5m_x7,3047626.0,26046.0,778418217.0,817444478.0,152.0,849.0,15781176.0,2114936.0,1438.0,0.0,0.0,0.0,0.0,19.0,18.0,347975336.0,2643462656.0,4565901312.0,39263.0,45425917952.0,687530846.0,1.0,1188.0,5391983.0,3934.0,154560.0,24501.0,0.0,0.0,2376.0,0.0
1787906065.7239501,2026-08-28T08:34:25+00:00,http_log_5m_x7,3047626.0,26046.0,778418217.0,817444478.0,152.0,849.0,15781176.0,2114936.0,1438.0,0.0,1.0,0.0,0.0,19.0,19.0,347975336.0,2643462656.0,4565901312.0,39263.0,45425917952.0,687530846.0,1.0,1188.0,5391983.0,3934.0,154560.0,24501.0,0.0,0.0,2376.0,0.0
1787906066.728388,2026-08-28T08:34:26+00:00,http_log_5m_x7,3047626.0,26046.0,778418217.0,817444478.0,152.0,849.0,15781176.0,2114936.0,1438.0,0.0,1.0,0.0,0.0,19.0,19.0,347975336.0,2643462656.0,4565901312.0,39263.0,45425917952.0,687530846.0,1.0,1188.0,5391983.0,3934.0,154560.0,24501.0,0.0,0.0,2376.0,0.0
1787906067.729407,2026-08-28T08:34:27+00:00,http_log_5m_x7,3047626.0,26046.0,778418217.0,824888005.0,152.0,854.0,84945688.0,2400363.0,2101.0,0.0,0.0,0.0,0.0,19.0,19.0,421297680.0,2643462656.0,4632064000.0,39353.0,45425917952.0,687530846.0,0.0,1207.0,5401843.0,3945.0,156597.0,24562.0,0.0,0.0,2394.0,0.0
1787906068.731863,2026-08-28T08:34:28+00:00,http_log_5m_x7,3047626.0,26046.0,778418217.0,824888005.0,152.0,854.0,84945688.0,2400363.0,2101.0,0.0,0.0,0.0,0.0,19.0,19.0,421297680.0,2643462656.0,4632064000.0,39353.0,45425917952.0,687530846.0,0.0,1207.0,5401843.0,3945.0,156597.0,24562.0,0.0,0.0,2394.0,0.0
1787906069.736931,2026-08-28T08:34:29+00:00,http_log_5m_x7,3047626.0,26046.0,778418217.0,824888005.0,152.0,854.0,84945688.0,2400363.0,2101.0,0.0,0.0,0.0,0.0,19.0,19.0,421297680.0,2643462656.0,4632064000.0,39353.0,45425917952.0,687530846.0,0.0,1207.0,5401843.0,3945.0,156597.0,24562.0,0.0,0.0,2394.0,0.0
1787906070.7415628,2026-08-28T08:34:30+00:00,http_log_5m_x7,3047626.0,26046.0,778418217.0,824888005.0,152.0,854.0,84945688.0,2400363.0,2101.0,0.0,1.0,0.0,0.0,19.0,34.0,421297680.0,2643462656.0,4632064000.0,39353.0,45425917952.0,687530846.0,0.0,1207.0,5401843.0,3945.0,156597.0,24562.0,0.0,0.0,2394.0,0.0
1787906071.746618,2026-08-28T08:34:31+00:00,http_log_5m_x7,3047626.0,26046.0,778418217.0,824888005.0,152.0,854.0,84945688.0,2400363.0,2101.0,0.0,1.0,0.0,0.0,19.0,34.0,421297680.0,2643462656.0,4632064000.0,39353.0,45425917952.0,687530846.0,0.0,1207.0,5401843.0,3945.0,156597.0,24562.0,0.0,0.0,2394.0,0.0
1787906072.751702,2026-08-28T08:34:32+00:00,http_log_5m_x7,3047626.0,26046.0,778418217.0,824888005.0,152.0,854.0,84945688.0,2400363.0,2101.0,0.0,1.0,0.0,0.0,19.0,34.0,421297680.0,2643462656.0,4632064000.0,39353.0,45425917952.0,687530846.0,0.0,1207.0,5401843.0,3945.0,156597.0,24562.0,0.0,0.0,2394.0,0.0
1787906073.755998,2026-08-28T08:34:33+00:00,http_log_5m_x7,3047626.0,26046.0,778418217.0,827903295.0,152.0,859.0,84945688.0,981859.0,2071.0,0.0,0.0,0.0,0.0,19.0,34.0,421297680.0,2643462656.0,4632064000.0,39353.0,45425917952.0,687530846.0,0.0,1207.0,5401843.0,3945.0,156597.0,24562.0,0.0,0.0,2394.0,0.0
1787906074.756816,2026-08-28T08:34:34+00:00,http_log_5m_x7,3047626.0,26046.0,778418217.0,827903295.0,152.0,859.0,84945688.0,981859.0,2071.0,0.0,0.0,0.0,0.0,19.0,34.0,421297680.0,2643462656.0,4632064000.0,39353.0,45425917952.0,687530846.0,0.0,1207.0,5401843.0,3945.0,156597.0,24562.0,0.0,0.0,2394.0,0.0
1787906075.761936,2026-08-28T08:34:35+00:00,http_log_5m_x7,3047626.0,26046.0,778418217.0,827903295.0,152.0,859.0,84945688.0,981859.0,2071.0,0.0,1.0,0.0,0.0,19.0,39.0,421297680.0,2643462656.0,4632064000.0,39353.0,45425917952.0,687530846.0,0.0,1207.0,5401843.0,3945.0,156597.0,24562.0,0.0,0.0,2394.0,0.0
1787906076.7669911,2026-08-28T08:34:36+00:00,http_log_5m_x7,3047626.0,26046.0,778418217.0,827903295.0,152.0,859.0,84945688.0,981859.0,2071.0,0.0,1.0,0.0,0.0,19.0,39.0,421297680.0,2643462656.0,4632064000.0,39353.0,45425917952.0,687530846.0,0.0,1207.0,5401843.0,3945.0,156597.0,24562.0,0.0,0.0,2394.0,0.0
1787906077.77204,2026-08-28T08:34:37+00:00,http_log_5m_x7,3047626.0,26046.0,778418217.0,827903295.0,152.0,859.0,84945688.0,981859.0,2071.0,0.0,1.0,0.0,0.0,19.0,39.0,421297680.0,2643462656.0,4632064000.0,39353.0,45425917952.0,687530846.0,0.0,1207.0,5401843.0,3945.0,156597.0,24562.0,0.0,0.0,2394.0,0.0
1787906078.776381,2026-08-28T08:34:38+00:00,http_log_5m_x7,3047626.0,26046.0,778418217.0,831441246.0,152.0,865.0,84945688.0,1134322.0,2119.0,0.0,0.0,0.0,0.0,19.0,39.0,421297680.0,2643462656.0,4632064000.0,39353.0,45425917952.0,687530846.0,0.0,1207.0,5401843.0,3945.0,156597.0,24562.0,0.0,0.0,2394.0,0.0
1787906079.776521,2026-08-28T08:34:39+00:00,http_log_5m_x7,3047626.0,26046.0,778418217.0,831441246.0,152.0,865.0,84945688.0,1134322.0,2119.0,0.0,0.0,0.0,0.0,19.0,39.0,421297680.0,2643462656.0,4632064000.0,39353.0,45425917952.0,687530846.0,0.0,1207.0,5401843.0,3945.0,156597.0,24562.0,0.0,0.0,2394.0,0.0
1787906080.7769809,2026-08-28T08:34:40+00:00,http_log_5m_x7,3047626.0,26046.0,778418217.0,831441246.0,152.0,865.0,84945688.0,1134322.0,2119.0,0.0,0.0,0.0,0.0,19.0,39.0,421297680.0,2643462656.0,4632064000.0,39353.0,45425917952.0,687530846.0,0.0,1207.0,5401843.0,3945.0,156597.0,24562.0,0.0,0.0,2394.0,0.0
1787906081.782069,2026-08-28T08:34:41+00:00,http_log_5m_x7,3047626.0,26046.0,778418217.0,831441246.0,152.0,865.0,84945688.0,1134322.0,2119.0,0.0,1.0,0.0,0.0,19.0,38.0,421297680.0,2643462656.0,4632064000.0,39353.0,45425917952.0,687530846.0,0.0,1207.0,5401843.0,3945.0,156597.0,24562.0,0.0,0.0,2394.0,0.0
1787906082.7871308,2026-08-28T08:34:42+00:00,http_log_5m_x7,3047626.0,26046.0,778418217.0,831441246.0,152.0,865.0,18740472.0,1134322.0,2119.0,0.0,1.0,0.0,0.0,19.0,38.0,353711360.0,2643462656.0,4672614400.0,39448.0,45425917952.0,687530846.0,0.0,1225.0,5412764.0,3953.0,157607.0,24605.0,0.0,0.0,2406.0,0.0
1787906083.792187,2026-08-28T08:34:43+00:00,http_log_5m_x7,3047626.0,26046.0,778418217.0,834484717.0,152.0,870.0,18740472.0,1014152.0,2001.0,0.0,0.0,0.0,0.0,19.0,38.0,353711360.0,2643462656.0,4672614400.0,39448.0,45425917952.0,687530846.0,0.0,1225.0,5412764.0,3953.0,157607.0,24605.0,0.0,0.0,2406.0,0.0
1787906084.797031,2026-08-28T08:34:44+00:00,http_log_5m_x7,3047626.0,26046.0,778418217.0,834484717.0,152.0,870.0,18740472.0,1014152.0,2001.0,0.0,0.0,0.0,0.0,19.0,38.0,353711360.0,2643462656.0,4672614400.0,39448.0,45425917952.0,687530846.0,0.0,1225.0,5412764.0,3953.0,157607.0,24605.0,0.0,0.0,2406.0,0.0
1787906085.802111,2026-08-28T08:34:45+00:00,http_log_5m_x7,3047626.0,26046.0,778418217.0,834484717.0,152.0,870.0,18740472.0,1014152.0,2001.0,0.0,0.0,0.0,0.0,19.0,38.0,353711360.0,2643462656.0,4672614400.0,39448.0,45425917952.0,687530846.0,0.0,1225.0,5412764.0,3953.0,157607.0,24605.0,0.0,0.0,2406.0,0.0
1787906086.805604,2026-08-28T08:34:46+00:00,http_log_5m_x7,3047626.0,26046.0,778418217.0,834484717.0,152.0,870.0,18740472.0,1014152.0,2001.0,0.0,1.0,0.0,0.0,19.0,39.0,353711360.0,2643462656.0,4672614400.0,39448.0,45425917952.0,687530846.0,0.0,1225.0,5412764.0,3953.0,157607.0,24605.0,0.0,0.0,2406.0,0.0
1787906087.810771,2026-08-28T08:34:47+00:00,http_log_5m_x7,3047626.0,26046.0,778418217.0,834484717.0,152.0,870.0,18740472.0,1014152.0,2001.0,0.0,1.0,0.0,0.0,19.0,39.0,353711360.0,2643462656.0,4672614400.0,39448.0,45425917952.0,687530846.0,0.0,1225.0,5412764.0,3953.0,157607.0,24605.0,0.0,0.0,2406.0,0.0
1787906088.812178,2026-08-28T08:34:48+00:00,http_log_5m_x7,3047626.0,26046.0,778418217.0,837481575.0,152.0,875.0,18740472.0,1008703.0,1971.0,0.0,1.0,0.0,0.0,19.0,32.0,353711360.0,2643462656.0,4672614400.0,39448.0,45425917952.0,687530846.0,0.0,1225.0,5412764.0,3953.0,157607.0,24605.0,0.0,0.0,2406.0,0.0
1787906089.812382,2026-08-28T08:34:49+00:00,http_log_5m_x7,3047626.0,26046.0,778418217.0,837481575.0,152.0,875.0,18740472.0,1008703.0,1971.0,0.0,1.0,0.0,0.0,19.0,32.0,353711360.0,2643462656.0,4672614400.0,39448.0,45425917952.0,687530846.0,0.0,1225.0,5412764.0,3953.0,157607.0,24605.0,0.0,0.0,2406.0,0.0
1787906090.817572,2026-08-28T08:34:50+00:00,http_log_5m_x7,3047626.0,26046.0,778418217.0,837481575.0,152.0,875.0,18740472.0,1008703.0,1971.0,0.0,1.0,0.0,0.0,19.0,32.0,353711360.0,2643462656.0,4672614400.0,39448.0,45425917952.0,687530846.0,0.0,1225.0,5412764.0,3953.0,157607.0,24605.0,0.0,0.0,2406.0,0.0
1787906091.8193972,2026-08-28T08:34:51+00:00,http_log_5m_x7,3047626.0,26046.0,778418217.0,837481575.0,152.0,875.0,18740472.0,1008703.0,1971.0,0.0,2.0,0.0,0.0,19.0,27.0,353711360.0,2643462656.0,4672614400.0,39448.0,45425917952.0,687530846.0,0.0,1225.0,5412764.0,3953.0,157607.0,24605.0,0.0,0.0,2406.0,0.0
1787906092.8220491,2026-08-28T08:34:52+00:00,http_log_5m_x7,3047626.0,26046.0,778418217.0,837481575.0,152.0,875.0,18740472.0,1008703.0,1971.0,0.0,2.0,0.0,0.0,19.0,27.0,353711360.0,2643462656.0,4672614400.0,39448.0,45425917952.0,687530846.0,0.0,1225.0,5412764.0,3953.0,157607.0,24605.0,0.0,0.0,2406.0,0.0
1787906093.8242419,2026-08-28T08:34:53+00:00,http_log_5m_x7,3047626.0,26046.0,778418217.0,840450307.0,152.0,880.0,18740472.0,957038.0,2102.0,0.0,1.0,0.0,0.0,19.0,27.0,353711360.0,2643462656.0,4672614400.0,39448.0,45425917952.0,687530846.0,0.0,1225.0,5412764.0,3953.0,157607.0,24605.0,0.0,0.0,2406.0,0.0
1787906094.829395,2026-08-28T08:34:54+00:00,http_log_5m_x7,3047626.0,26046.0,778418217.0,859780746.0,152.0,885.0,18740472.0,2813746.0,5870.0,0.0,0.0,0.0,0.0,19.0,27.0,353711360.0,2643462656.0,4672614400.0,39448.0,45425917952.0,687530846.0,0.0,1225.0,5412764.0,3953.0,157607.0,24605.0,0.0,0.0,2406.0,0.0
1787906095.834551,2026-08-28T08:34:55+00:00,http_log_5m_x7,3047626.0,26046.0,778418217.0,859780746.0,152.0,885.0,18740472.0,2813746.0,5870.0,0.0,1.0,0.0,0.0,19.0,21.0,353711360.0,2643462656.0,4672614400.0,39448.0,45425917952.0,687530846.0,0.0,1225.0,5412764.0,3953.0,157607.0,24605.0,0.0,0.0,2406.0,0.0
1787906096.8351748,2026-08-28T08:34:56+00:00,http_log_5m_x7,3047626.0,26046.0,778418217.0,859780746.0,152.0,885.0,51134520.0,2813746.0,5870.0,0.0,1.0,0.0,0.0,19.0,21.0,419969200.0,2643462656.0,4733251584.0,39558.0,45425917952.0,687530846.0,0.0,1250.0,5422808.0,3964.0,159473.0,24658.0,0.0,0.0,2425.0,0.0
1787906097.8390348,2026-08-28T08:34:57+00:00,http_log_5m_x7,3047626.0,26046.0,778418217.0,864984176.0,152.0,890.0,51134520.0,2113497.0,1462.0,0.0,0.0,0.0,0.0,19.0,21.0,419969200.0,2643462656.0,4733251584.0,39558.0,45425917952.0,687530846.0,0.0,1250.0,5422808.0,3964.0,159473.0,24658.0,0.0,0.0,2425.0,0.0
1787906098.84417,2026-08-28T08:34:58+00:00,http_log_5m_x7,3047626.0,26046.0,778418217.0,864984176.0,152.0,890.0,51134520.0,2113497.0,1462.0,0.0,0.0,0.0,0.0,19.0,21.0,419969200.0,2643462656.0,4733251584.0,39558.0,45425917952.0,687530846.0,0.0,1250.0,5422808.0,3964.0,159473.0,24658.0,0.0,0.0,2425.0,0.0
1787906099.849304,2026-08-28T08:34:59+00:00,http_log_5m_x7,3047626.0,26046.0,778418217.0,864984176.0,152.0,890.0,51134520.0,2113497.0,1462.0,0.0,1.0,0.0,0.0,19.0,20.0,419969200.0,2643462656.0,4733251584.0,39558.0,45425917952.0,687530846.0,0.0,1250.0,5422808.0,3964.0,159473.0,24658.0,0.0,0.0,2425.0,0.0
1787906100.854431,2026-08-28T08:35:00+00:00,http_log_5m_x7,3047626.0,26046.0,778418217.0,864984176.0,152.0,890.0,51134520.0,2113497.0,1462.0,0.0,1.0,0.0,0.0,19.0,20.0,419969200.0,2643462656.0,4733251584.0,39558.0,45425917952.0,687530846.0,0.0,1250.0,5422808.0,3964.0,159473.0,24658.0,0.0,0.0,2425.0,0.0
1787906101.859565,2026-08-28T08:35:01+00:00,http_log_5m_x7,3047626.0,26046.0,778418217.0,864984176.0,152.0,890.0,51134520.0,2113497.0,1462.0,0.0,1.0,0.0,0.0,19.0,20.0,419969200.0,2643462656.0,4733251584.0,39558.0,45425917952.0,687530846.0,0.0,1250.0,5422808.0,3964.0,159473.0,24658.0,0.0,0.0,2425.0,0.0
1787906102.8646889,2026-08-28T08:35:02+00:00,http_log_5m_x7,3047626.0,26046.0,778418217.0,872465621.0,152.0,895.0,51134520.0,2192686.0,2412.0,0.0,0.0,0.0,0.0,19.0,20.0,419969200.0,2643462656.0,4733251584.0,39558.0,45425917952.0,687530846.0,0.0,1250.0,5422808.0,3964.0,159473.0,24658.0,0.0,0.0,2425.0,0.0
1787906103.8698518,2026-08-28T08:35:03+00:00,http_log_5m_x7,3047626.0,26046.0,778418217.0,872465621.0,152.0,895.0,51134520.0,2192686.0,2412.0,0.0,0.0,0.0,0.0,19.0,20.0,419969200.0,2643462656.0,4733251584.0,39558.0,45425917952.0,687530846.0,0.0,1250.0,5422808.0,3964.0,159473.0,24658.0,0.0,0.0,2425.0,0.0
1787906104.873612,2026-08-28T08:35:04+00:00,http_log_5m_x7,3047626.0,26046.0,778418217.0,872465621.0,152.0,895.0,51134520.0,2192686.0,2412.0,0.0,1.0,0.0,0.0,19.0,35.0,419969200.0,2643462656.0,4733251584.0,39558.0,45425917952.0,687530846.0,0.0,1250.0,5422808.0,3964.0,159473.0,24658.0,0.0,0.0,2425.0,0.0
1787906105.878743,2026-08-28T08:35:05+00:00,http_log_5m_x7,3047626.0,26046.0,778418217.0,872465621.0,152.0,895.0,51134520.0,2192686.0,2412.0,0.0,1.0,0.0,0.0,19.0,35.0,419969200.0,2643462656.0,4733251584.0,39558.0,45425917952.0,687530846.0,0.0,1250.0,5422808.0,3964.0,159473.0,24658.0,0.0,0.0,2425.0,0.0
1787906106.883894,2026-08-28T08:35:06+00:00,http_log_5m_x7,3047626.0,26046.0,778418217.0,875452254.0,152.0,900.0,51134520.0,942750.0,2168.0,0.0,0.0,0.0,0.0,19.0,35.0,419969200.0,2643462656.0,4733251584.0,39558.0,45425917952.0,687530846.0,0.0,1250.0,5422808.0,3964.0,159473.0,24658.0,0.0,0.0,2425.0,0.0
1787906107.889023,2026-08-28T08:35:07+00:00,http_log_5m_x7,3047626.0,26046.0,778418217.0,875452254.0,152.0,900.0,51134520.0,942750.0,2168.0,0.0,0.0,0.0,0.0,19.0,35.0,419969200.0,2643462656.0,4733251584.0,39558.0,45425917952.0,687530846.0,0.0,1250.0,5422808.0,3964.0,159473.0,24658.0,0.0,0.0,2425.0,0.0
1787906108.893486,2026-08-28T08:35:08+00:00,http_log_5m_x7,3047626.0,26046.0,778418217.0,875452254.0,152.0,900.0,51134520.0,942750.0,2168.0,0.0,0.0,0.0,0.0,19.0,35.0,419969200.0,2643462656.0,4733251584.0,39558.0,45425917952.0,687530846.0,0.0,1250.0,5422808.0,3964.0,159473.0,24658.0,0.0,0.0,2425.0,0.0
1787906109.896499,2026-08-28T08:35:09+00:00,http_log_5m_x7,3047626.0,26046.0,778418217.0,875452254.0,152.0,900.0,51134520.0,942750.0,2168.0,0.0,1.0,0.0,0.0,19.0,37.0,419969200.0,2643462656.0,4733251584.0,39558.0,45425917952.0,687530846.0,0.0,1250.0,5422808.0,3964.0,159473.0,24658.0,0.0,0.0,2425.0,0.0
1787906110.9016252,2026-08-28T08:35:10+00:00,http_log_5m_x7,3047626.0,26046.0,778418217.0,875452254.0,152.0,900.0,51134520.0,942750.0,2168.0,0.0,1.0,0.0,0.0,19.0,37.0,419969200.0,2643462656.0,4733251584.0,39558.0,45425917952.0,687530846.0,0.0,1250.0,5422808.0,3964.0,159473.0,24658.0,0.0,0.0,2425.0,0.0
1787906111.906326,2026-08-28T08:35:11+00:00,http_log_5m_x7,3047626.0,26046.0,778418217.0,878430505.0,152.0,905.0,0.0,975835.0,2052.0,0.0,0.0,0.0,0.0,19.0,37.0,371305528.0,2643462656.0,4780044288.0,39662.0,45425917952.0,687530846.0,0.0,1268.0,5433400.0,3973.0,160791.0,24711.0,0.0,0.0,2443.0,0.0
1787906112.911333,2026-08-28T08:35:12+00:00,http_log_5m_x7,3047626.0,26046.0,778418217.0,878430505.0,152.0,905.0,0.0,975835.0,2052.0,0.0,0.0,0.0,0.0,19.0,37.0,371305528.0,2643462656.0,4780044288.0,39662.0,45425917952.0,687530846.0,0.0,1268.0,5433400.0,3973.0,160791.0,24711.0,0.0,0.0,2443.0,0.0
1787906113.912407,2026-08-28T08:35:13+00:00,http_log_5m_x7,3047626.0,26046.0,778418217.0,878430505.0,152.0,905.0,0.0,975835.0,2052.0,0.0,0.0,0.0,0.0,19.0,37.0,371305528.0,2643462656.0,4780044288.0,39662.0,45223452672.0,739457798.0,0.0,1268.0,5433400.0,3973.0,160791.0,24711.0,0.0,0.0,2443.0,0.0
1787906114.917519,2026-08-28T08:35:14+00:00,http_log_5m_x7,3047626.0,26046.0,778418217.0,878430505.0,152.0,905.0,0.0,975835.0,2052.0,0.0,1.0,0.0,0.0,19.0,39.0,371305528.0,2643462656.0,4780044288.0,39662.0,45223452672.0,739457798.0,0.0,1268.0,5433400.0,3973.0,160791.0,24711.0,0.0,0.0,2443.0,0.0
1787906115.92183,2026-08-28T08:35:15+00:00,http_log_5m_x7,3047626.0,26046.0,778418217.0,878430505.0,152.0,905.0,0.0,975835.0,2052.0,0.0,1.0,0.0,0.0,19.0,39.0,371305528.0,2643462656.0,4780044288.0,39662.0,45223452672.0,739457798.0,0.0,1268.0,5433400.0,3973.0,160791.0,24711.0,0.0,0.0,2443.0,0.0
1787906116.922784,2026-08-28T08:35:16+00:00,http_log_5m_x7,3047626.0,26046.0,778418217.0,881389905.0,152.0,910.0,0.0,983189.0,2010.0,0.0,0.0,0.0,0.0,19.0,39.0,371305528.0,2643462656.0,4780044288.0,39662.0,45223452672.0,739457798.0,0.0,1268.0,5433400.0,3973.0,160791.0,24711.0,0.0,0.0,2443.0,0.0
1787906117.927896,2026-08-28T08:35:17+00:00,http_log_5m_x7,3047626.0,26046.0,778418217.0,881389905.0,152.0,910.0,0.0,983189.0,2010.0,0.0,0.0,0.0,0.0,19.0,39.0,371305528.0,2643462656.0,4780044288.0,39662.0,45223452672.0,739457798.0,0.0,1268.0,5433400.0,3973.0,160791.0,24711.0,0.0,0.0,2443.0,0.0
1787906118.930511,2026-08-28T08:35:18+00:00,http_log_5m_x7,3047626.0,26046.0,778418217.0,881389905.0,152.0,910.0,0.0,983189.0,2010.0,0.0,0.0,0.0,0.0,19.0,39.0,371305528.0,2643462656.0,4780044288.0,39662.0,45223452672.0,739457798.0,0.0,1268.0,5433400.0,3973.0,160791.0,24711.0,0.0,0.0,2443.0,0.0
1787906119.934002,2026-08-28T08:35:19+00:00,http_log_5m_x7,3047626.0,26046.0,778418217.0,881389905.0,152.0,910.0,0.0,983189.0,2010.0,0.0,1.0,0.0,0.0,19.0,40.0,371305528.0,2643462656.0,4780044288.0,39662.0,45223452672.0,739457798.0,0.0,1268.0,5433400.0,3973.0,160791.0,24711.0,0.0,0.0,2443.0,0.0
1787906120.939114,2026-08-28T08:35:20+00:00,http_log_5m_x7,3047626.0,26046.0,778418217.0,881389905.0,152.0,910.0,0.0,983189.0,2010.0,0.0,1.0,0.0,0.0,19.0,40.0,371305528.0,2643462656.0,4780044288.0,39662.0,45223452672.0,739457798.0,0.0,1268.0,5433400.0,3973.0,160791.0,24711.0,0.0,0.0,2443.0,0.0
1787906121.944223,2026-08-28T08:35:21+00:00,http_log_5m_x7,3047626.0,26046.0,778418217.0,884386612.0,152.0,915.0,0.0,1006619.0,1977.0,0.0,1.0,0.0,0.0,19.0,33.0,371305528.0,2643462656.0,4780044288.0,39662.0,45223452672.0,739457798.0,0.0,1268.0,5433400.0,3973.0,160791.0,24711.0,0.0,0.0,2443.0,0.0
1787906122.9474292,2026-08-28T08:35:22+00:00,http_log_5m_x7,3047626.0,26046.0,778418217.0,884386612.0,152.0,915.0,0.0,1006619.0,1977.0,0.0,1.0,0.0,0.0,19.0,33.0,371305528.0,2643462656.0,4780044288.0,39662.0,45223452672.0,739457798.0,0.0,1268.0,5433400.0,3973.0,160791.0,24711.0,0.0,0.0,2443.0,0.0
1787906123.952553,2026-08-28T08:35:23+00:00,http_log_5m_x7,3047626.0,26046.0,778418217.0,884386612.0,152.0,915.0,0.0,1006619.0,1977.0,0.0,1.0,0.0,0.0,19.0,33.0,371305528.0,2643462656.0,4780044288.0,39662.0,45223452672.0,739457798.0,0.0,1268.0,5433400.0,3973.0,160791.0,24711.0,0.0,0.0,2443.0,0.0
1787906124.9577,2026-08-28T08:35:24+00:00,http_log_5m_x7,3047626.0,26046.0,778418217.0,884386612.0,152.0,915.0,0.0,1006619.0,1977.0,0.0,2.0,0.0,0.0,19.0,28.0,371305528.0,2643462656.0,4780044288.0,39662.0,45223452672.0,739457798.0,0.0,1268.0,5433400.0,3973.0,160791.0,24711.0,0.0,0.0,2443.0,0.0
1787906125.958737,2026-08-28T08:35:25+00:00,http_log_5m_x7,3047626.0,26046.0,778418217.0,884386612.0,152.0,915.0,0.0,1006619.0,1977.0,0.0,2.0,0.0,0.0,19.0,28.0,371305528.0,2643462656.0,4780044288.0,39662.0,45223452672.0,739457798.0,0.0,1268.0,5433400.0,3973.0,160791.0,24711.0,0.0,0.0,2443.0,0.0
1787906126.959379,2026-08-28T08:35:26+00:00,http_log_5m_x7,3047626.0,26046.0,778418217.0,887355734.0,152.0,920.0,236519624.0,931343.0,2188.0,0.0,1.0,0.0,0.0,19.0,28.0,600764304.0,2643462656.0,4807917568.0,39748.0,45223452672.0,739457798.0,0.0,1287.0,5443534.0,3982.0,162571.0,24763.0,0.0,0.0,2462.0,0.0
1787906127.9644449,2026-08-28T08:35:27+00:00,http_log_5m_x7,3047626.0,26046.0,778418217.0,906082621.0,152.0,925.0,236519624.0,2810578.0,5663.0,0.0,0.0,0.0,0.0,19.0,28.0,600764304.0,2643462656.0,4807917568.0,39748.0,45223452672.0,739457798.0,0.0,1287.0,5443534.0,3982.0,162571.0,24763.0,0.0,0.0,2462.0,0.0
1787906128.969551,2026-08-28T08:35:28+00:00,http_log_5m_x7,3047626.0,26046.0,778418217.0,906082621.0,152.0,925.0,236519624.0,2810578.0,5663.0,0.0,1.0,0.0,0.0,19.0,23.0,600764304.0,2643462656.0,4807917568.0,39748.0,45223452672.0,739457798.0,0.0,1287.0,5443534.0,3982.0,162571.0,24763.0,0.0,0.0,2462.0,0.0
1787906129.9746718,2026-08-28T08:35:29+00:00,http_log_5m_x7,3047626.0,26046.0,778418217.0,906082621.0,152.0,925.0,236519624.0,2810578.0,5663.0,0.0,1.0,0.0,0.0,19.0,23.0,600764304.0,2643462656.0,4807917568.0,39748.0,45223452672.0,739457798.0,0.0,1287.0,5443534.0,3982.0,162571.0,24763.0,0.0,0.0,2462.0,0.0
1787906130.979775,2026-08-28T08:35:30+00:00,http_log_5m_x7,3047626.0,26046.0,778418217.0,911323001.0,152.0,930.0,236519624.0,2114761.0,1478.0,0.0,0.0,0.0,0.0,19.0,23.0,600764304.0,2643462656.0,4807917568.0,39748.0,45223452672.0,739457798.0,0.0,1287.0,5443534.0,3982.0,162571.0,24763.0,0.0,0.0,2462.0,0.0
1787906131.9824388,2026-08-28T08:35:31+00:00,http_log_5m_x7,3047626.0,26046.0,778418217.0,911323001.0,152.0,930.0,236519624.0,2114761.0,1478.0,0.0,0.0,0.0,0.0,19.0,23.0,600764304.0,2643462656.0,4807917568.0,39748.0,45223452672.0,739457798.0,0.0,1287.0,5443534.0,3982.0,162571.0,24763.0,0.0,0.0,2462.0,0.0
1787906132.986163,2026-08-28T08:35:32+00:00,http_log_5m_x7,3047626.0,26046.0,778418217.0,911323001.0,152.0,930.0,236519624.0,2114761.0,1478.0,0.0,1.0,0.0,0.0,19.0,22.0,600764304.0,2643462656.0,4807917568.0,39748.0,45223452672.0,739457798.0,0.0,1287.0,5443534.0,3982.0,162571.0,24763.0,0.0,0.0,2462.0,0.0
1787906133.9912372,2026-08-28T08:35:34+00:00,http_log_5m_x7,3047626.0,26046.0,778418217.0,911323001.0,152.0,930.0,236519624.0,2114761.0,1478.0,0.0,1.0,0.0,0.0,19.0,22.0,600764304.0,2643462656.0,4807917568.0,39748.0,45223452672.0,739457798.0,0.0,1287.0,5443534.0,3982.0,162571.0,24763.0,0.0,0.0,2462.0,0.0
1787906134.993824,2026-08-28T08:35:35+00:00,http_log_5m_x7,3047626.0,26046.0,778418217.0,918813906.0,152.0,935.0,236519624.0,2399393.0,2122.0,0.0,0.0,0.0,0.0,19.0,22.0,600764304.0,2643462656.0,4807917568.0,39748.0,45223452672.0,739457798.0,0.0,1287.0,5443534.0,3982.0,162571.0,24763.0,0.0,0.0,2462.0,0.0
1787906135.998899,2026-08-28T08:35:36+00:00,http_log_5m_x7,3047626.0,26046.0,778418217.0,918813906.0,152.0,935.0,236519624.0,2399393.0,2122.0,0.0,0.0,0.0,0.0,19.0,22.0,600764304.0,2643462656.0,4807917568.0,39748.0,45223452672.0,739457798.0,0.0,1287.0,5443534.0,3982.0,162571.0,24763.0,0.0,0.0,2462.0,0.0
1787906137.002859,2026-08-28T08:35:37+00:00,http_log_5m_x7,3047626.0,26046.0,778418217.0,918813906.0,152.0,935.0,236519624.0,2399393.0,2122.0,0.0,0.0,0.0,0.0,19.0,22.0,600764304.0,2643462656.0,4807917568.0,39748.0,45223452672.0,739457798.0,0.0,1287.0,5443534.0,3982.0,162571.0,24763.0,0.0,0.0,2462.0,0.0
1787906138.007947,2026-08-28T08:35:38+00:00,http_log_5m_x7,3047626.0,26046.0,778418217.0,918813906.0,152.0,935.0,236519624.0,2399393.0,2122.0,0.0,1.0,0.0,0.0,19.0,37.0,600764304.0,2643462656.0,4807917568.0,39748.0,45223452672.0,739457798.0,0.0,1287.0,5443534.0,3982.0,162571.0,24763.0,0.0,0.0,2462.0,0.0
1787906139.0130181,2026-08-28T08:35:39+00:00,http_log_5m_x7,3047626.0,26046.0,778418217.0,918813906.0,152.0,935.0,236519624.0,2399393.0,2122.0,0.0,1.0,0.0,0.0,19.0,37.0,600764304.0,2643462656.0,4807917568.0,39748.0,45223452672.0,739457798.0,0.0,1287.0,5443534.0,3982.0,162571.0,24763.0,0.0,0.0,2462.0,0.0
1787906140.018141,2026-08-28T08:35:40+00:00,http_log_5m_x7,3047626.0,26046.0,778418217.0,921792291.0,152.0,940.0,236519624.0,1005531.0,1962.0,0.0,0.0,0.0,0.0,19.0,37.0,600764304.0,2643462656.0,4807917568.0,39748.0,45223452672.0,739457798.0,0.0,1287.0,5443534.0,3982.0,162571.0,24763.0,0.0,0.0,2462.0,0.0
1787906141.018487,2026-08-28T08:35:41+00:00,http_log_5m_x7,3047626.0,26046.0,778418217.0,921792291.0,152.0,940.0,236519624.0,1005531.0,1962.0,0.0,0.0,0.0,0.0,19.0,37.0,600764304.0,2643462656.0,4807917568.0,39748.0,45223452672.0,739457798.0,0.0,1287.0,5443534.0,3982.0,162571.0,24763.0,0.0,0.0,2462.0,0.0
1787906142.0236108,2026-08-28T08:35:42+00:00,http_log_5m_x7,3047626.0,26046.0,778418217.0,921792291.0,152.0,940.0,0.0,1005531.0,1962.0,0.0,0.0,0.0,0.0,19.0,37.0,367899504.0,2643462656.0,4883345408.0,39845.0,45223452672.0,739457798.0,0.0,1305.0,5454255.0,3991.0,163774.0,24809.0,0.0,0.0,2474.0,0.0
1787906143.0286632,2026-08-28T08:35:43+00:00,http_log_5m_x7,3047626.0,26046.0,778418217.0,921792291.0,152.0,940.0,0.0,1005531.0,1962.0,0.0,1.0,0.0,0.0,19.0,39.0,367899504.0,2643462656.0,4883345408.0,39845.0,45223452672.0,739457798.0,0.0,1305.0,5454255.0,3991.0,163774.0,24809.0,0.0,0.0,2474.0,0.0
1787906144.033785,2026-08-28T08:35:44+00:00,http_log_5m_x7,3047626.0,26046.0,778418217.0,921792291.0,152.0,940.0,0.0,1005531.0,1962.0,0.0,1.0,0.0,0.0,19.0,39.0,367899504.0,2643462656.0,4883345408.0,39845.0,45223452672.0,739457798.0,0.0,1305.0,5454255.0,3991.0,163774.0,24809.0,0.0,0.0,2474.0,0.0
1787906145.038892,2026-08-28T08:35:45+00:00,http_log_5m_x7,3047626.0,26046.0,778418217.0,924825264.0,152.0,945.0,0.0,996704.0,2043.0,0.0,0.0,0.0,0.0,19.0,39.0,367899504.0,2643462656.0,4883345408.0,39845.0,45223452672.0,739457798.0,0.0,1305.0,5454255.0,3991.0,163774.0,24809.0,0.0,0.0,2474.0,0.0
1787906146.043958,2026-08-28T08:35:46+00:00,http_log_5m_x7,3047626.0,26046.0,778418217.0,924825264.0,152.0,945.0,0.0,996704.0,2043.0,0.0,0.0,0.0,0.0,19.0,39.0,367899504.0,2643462656.0,4883345408.0,39845.0,45223452672.0,739457798.0,0.0,1305.0,5454255.0,3991.0,163774.0,24809.0,0.0,0.0,2474.0,0.0
1787906147.048466,2026-08-28T08:35:47+00:00,http_log_5m_x7,3047626.0,26046.0,778418217.0,924825264.0,152.0,945.0,0.0,996704.0,2043.0,0.0,0.0,0.0,0.0,19.0,39.0,367899504.0,2643462656.0,4883345408.0,39845.0,45223452672.0,739457798.0,0.0,1305.0,5454255.0,3991.0,163774.0,24809.0,0.0,0.0,2474.0,0.0
1787906148.052897,2026-08-28T08:35:48+00:00,http_log_5m_x7,3047626.0,26046.0,778418217.0,924825264.0,152.0,945.0,0.0,996704.0,2043.0,0.0,1.0,0.0,0.0,19.0,40.0,367899504.0,2643462656.0,4883345408.0,39845.0,45223452672.0,739457798.0,0.0,1305.0,5454255.0,3991.0,163774.0,24809.0,0.0,0.0,2474.0,0.0
1787906149.057985,2026-08-28T08:35:49+00:00,http_log_5m_x7,3047626.0,26046.0,778418217.0,924825264.0,152.0,945.0,0.0,996704.0,2043.0,0.0,1.0,0.0,0.0,19.0,40.0,367899504.0,2643462656.0,4883345408.0,39845.0,45223452672.0,739457798.0,0.0,1305.0,5454255.0,3991.0,163774.0,24809.0,0.0,0.0,2474.0,0.0
1787906150.063057,2026-08-28T08:35:50+00:00,http_log_5m_x7,3047626.0,26046.0,778418217.0,927803218.0,152.0,950.0,0.0,1014289.0,1936.0,0.0,0.0,0.0,0.0,19.0,40.0,367899504.0,2643462656.0,4883345408.0,39845.0,45223452672.0,739457798.0,0.0,1305.0,5454255.0,3991.0,163774.0,24809.0,0.0,0.0,2474.0,0.0
1787906151.068117,2026-08-28T08:35:51+00:00,http_log_5m_x7,3047626.0,26046.0,778418217.0,927803218.0,152.0,950.0,0.0,1014289.0,1936.0,0.0,0.0,0.0,0.0,19.0,40.0,367899504.0,2643462656.0,4883345408.0,39845.0,45223452672.0,739457798.0,0.0,1305.0,5454255.0,3991.0,163774.0,24809.0,0.0,0.0,2474.0,0.0
1787906152.0716531,2026-08-28T08:35:52+00:00,http_log_5m_x7,3047626.0,26046.0,778418217.0,927803218.0,152.0,950.0,0.0,1014289.0,1936.0,0.0,0.0,0.0,0.0,19.0,40.0,367899504.0,2643462656.0,4883345408.0,39845.0,45223452672.0,739457798.0,0.0,1305.0,5454255.0,3991.0,163774.0,24809.0,0.0,0.0,2474.0,0.0
1787906153.076757,2026-08-28T08:35:53+00:00,http_log_5m_x7,3047626.0,26046.0,778418217.0,927803218.0,152.0,950.0,0.0,1014289.0,1936.0,0.0,1.0,0.0,0.0,19.0,42.0,367899504.0,2643462656.0,4883345408.0,39845.0,45223452672.0,739457798.0,0.0,1305.0,5454255.0,3991.0,163774.0,24809.0,0.0,0.0,2474.0,0.0
1787906154.081841,2026-08-28T08:35:54+00:00,http_log_5m_x7,3047626.0,26046.0,778418217.0,927803218.0,152.0,950.0,0.0,1014289.0,1936.0,0.0,1.0,0.0,0.0,19.0,42.0,367899504.0,2643462656.0,4883345408.0,39845.0,45223452672.0,739457798.0,0.0,1305.0,5454255.0,3991.0,163774.0,24809.0,0.0,0.0,2474.0,0.0
1787906155.086972,2026-08-28T08:35:55+00:00,http_log_5m_x7,3047626.0,26046.0,778418217.0,930715988.0,152.0,955.0,0.0,1007181.0,1892.0,0.0,1.0,0.0,0.0,19.0,35.0,367899504.0,2643462656.0,4883345408.0,39845.0,45223452672.0,739457798.0,0.0,1305.0,5454255.0,3991.0,163774.0,24809.0,0.0,0.0,2474.0,0.0
1787906156.092036,2026-08-28T08:35:56+00:00,http_log_5m_x7,3047626.0,26046.0,778418217.0,930715988.0,152.0,955.0,0.0,1007181.0,1892.0,0.0,1.0,0.0,0.0,19.0,35.0,367899504.0,2643462656.0,4883345408.0,39845.0,45223452672.0,739457798.0,0.0,1305.0,5454255.0,3991.0,163774.0,24809.0,0.0,0.0,2474.0,0.0
1787906157.096241,2026-08-28T08:35:57+00:00,http_log_5m_x7,3047626.0,26046.0,778418217.0,930715988.0,152.0,955.0,94697112.0,1007181.0,1892.0,0.0,1.0,0.0,0.0,19.0,35.0,457024144.0,2643462656.0,4915224576.0,39950.0,45223452672.0,739457798.0,0.0,1324.0,5464835.0,4000.0,165123.0,24860.0,0.0,0.0,2489.0,0.0
1787906158.101312,2026-08-28T08:35:58+00:00,http_log_5m_x7,3047626.0,26046.0,778418217.0,930715988.0,152.0,955.0,94697112.0,1007181.0,1892.0,0.0,2.0,0.0,0.0,19.0,30.0,457024144.0,2643462656.0,4915224576.0,39950.0,45223452672.0,739457798.0,0.0,1324.0,5464835.0,4000.0,165123.0,24860.0,0.0,0.0,2489.0,0.0
1787906159.106389,2026-08-28T08:35:59+00:00,http_log_5m_x7,3047626.0,26046.0,778418217.0,930715988.0,152.0,955.0,94697112.0,1007181.0,1892.0,0.0,2.0,0.0,0.0,19.0,30.0,457024144.0,2643462656.0,4915224576.0,39950.0,45223452672.0,739457798.0,0.0,1324.0,5464835.0,4000.0,165123.0,24860.0,0.0,0.0,2489.0,0.0
1787906160.111477,2026-08-28T08:36:00+00:00,http_log_5m_x7,3047626.0,26046.0,778418217.0,952449566.0,152.0,965.0,94697112.0,2876653.0,5507.0,0.0,0.0,0.0,0.0,19.0,30.0,457024144.0,2643462656.0,4915224576.0,39950.0,45223452672.0,739457798.0,0.0,1324.0,5464835.0,4000.0,165123.0,24860.0,0.0,0.0,2489.0,0.0
1787906161.115005,2026-08-28T08:36:01+00:00,http_log_5m_x7,3047626.0,26046.0,778418217.0,952449566.0,152.0,965.0,94697112.0,2876653.0,5507.0,1.0,0.0,0.0,0.0,23.0,30.0,457024144.0,2643462656.0,4915224576.0,39950.0,45223452672.0,739457798.0,0.0,1324.0,5464835.0,4000.0,165123.0,24860.0,0.0,0.0,2489.0,0.0
1787906162.118847,2026-08-28T08:36:02+00:00,http_log_5m_x7,3047626.0,26046.0,778418217.0,952449566.0,152.0,965.0,94697112.0,2876653.0,5507.0,1.0,1.0,0.0,0.0,23.0,12.0,457024144.0,2643462656.0,4915224576.0,39950.0,45223452672.0,739457798.0,0.0,1324.0,5464835.0,4000.0,165123.0,24860.0,0.0,0.0,2489.0,0.0
1787906163.123914,2026-08-28T08:36:03+00:00,http_log_5m_x7,3047626.0,26046.0,778418217.0,957699152.0,152.0,970.0,94697112.0,1971305.0,1663.0,1.0,0.0,0.0,0.0,23.0,12.0,457024144.0,2643462656.0,4915224576.0,39950.0,45223452672.0,739457798.0,0.0,1324.0,5464835.0,4000.0,165123.0,24860.0,0.0,0.0,2489.0,0.0
1787906164.128991,2026-08-28T08:36:04+00:00,http_log_5m_x7,3047626.0,26046.0,778418217.0,957699152.0,152.0,970.0,94697112.0,1971305.0,1663.0,1.0,0.0,0.0,0.0,23.0,12.0,457024144.0,2643462656.0,4915224576.0,39950.0,45223452672.0,739457798.0,0.0,1324.0,5464835.0,4000.0,165123.0,24860.0,0.0,0.0,2489.0,0.0
1787906165.1340559,2026-08-28T08:36:05+00:00,http_log_5m_x7,3047626.0,26046.0,778418217.0,957699152.0,152.0,970.0,94697112.0,1971305.0,1663.0,1.0,0.0,0.0,0.0,23.0,12.0,457024144.0,2643462656.0,4915224576.0,39950.0,45223452672.0,739457798.0,0.0,1324.0,5464835.0,4000.0,165123.0,24860.0,0.0,0.0,2489.0,0.0
1787906166.139155,2026-08-28T08:36:06+00:00,http_log_5m_x7,3047626.0,26046.0,778418217.0,957699152.0,152.0,970.0,94697112.0,1971305.0,1663.0,1.0,1.0,0.0,0.0,23.0,11.0,457024144.0,2643462656.0,4915224576.0,39950.0,45223452672.0,739457798.0,0.0,1324.0,5464835.0,4000.0,165123.0,24860.0,0.0,0.0,2489.0,0.0
1787906167.144307,2026-08-28T08:36:07+00:00,http_log_5m_x7,3047626.0,26046.0,778418217.0,957699152.0,152.0,970.0,94697112.0,1971305.0,1663.0,1.0,1.0,0.0,0.0,23.0,11.0,457024144.0,2643462656.0,4915224576.0,39950.0,45223452672.0,739457798.0,0.0,1324.0,5464835.0,4000.0,165123.0,24860.0,0.0,0.0,2489.0,0.0
1787906168.1493871,2026-08-28T08:36:08+00:00,http_log_5m_x7,3047626.0,26046.0,778418217.0,965273251.0,152.0,975.0,94697112.0,2277924.0,2325.0,1.0,0.0,0.0,0.0,23.0,11.0,457024144.0,2643462656.0,4915224576.0,39950.0,45223452672.0,739457798.0,0.0,1324.0,5464835.0,4000.0,165123.0,24860.0,0.0,0.0,2489.0,0.0
1787906169.154479,2026-08-28T08:36:09+00:00,http_log_5m_x7,3047626.0,26046.0,778418217.0,965273251.0,152.0,975.0,94697112.0,2277924.0,2325.0,1.0,0.0,0.0,0.0,23.0,11.0,457024144.0,2643462656.0,4915224576.0,39950.0,45223452672.0,739457798.0,0.0,1324.0,5464835.0,4000.0,165123.0,24860.0,0.0,0.0,2489.0,0.0
1787906170.159539,2026-08-28T08:36:10+00:00,http_log_5m_x7,3047626.0,26046.0,778418217.0,965273251.0,152.0,975.0,94697112.0,2277924.0,2325.0,1.0,0.0,0.0,0.0,23.0,11.0,457024144.0,2643462656.0,4915224576.0,39950.0,45223452672.0,739457798.0,0.0,1324.0,5464835.0,4000.0,165123.0,24860.0,0.0,0.0,2489.0,0.0
1787906171.164681,2026-08-28T08:36:11+00:00,http_log_5m_x7,3047626.0,26046.0,778418217.0,965273251.0,152.0,975.0,94697112.0,2277924.0,2325.0,1.0,1.0,0.0,0.0,23.0,27.0,457024144.0,2643462656.0,4915224576.0,39950.0,45223452672.0,739457798.0,0.0,1324.0,5464835.0,4000.0,165123.0,24860.0,0.0,0.0,2489.0,0.0
1787906172.169621,2026-08-28T08:36:12+00:00,http_log_5m_x7,3047626.0,26046.0,778418217.0,965273251.0,152.0,975.0,628508104.0,2277924.0,2325.0,1.0,1.0,0.0,0.0,23.0,27.0,980936336.0,2643462656.0,4986060800.0,40056.0,45223452672.0,739457798.0,0.0,1344.0,5473950.0,4011.0,167872.0,24954.0,0.0,0.0,2509.0,0.0
1787906173.174688,2026-08-28T08:36:13+00:00,http_log_5m_x7,3047626.0,26046.0,778418217.0,968157785.0,152.0,980.0,628508104.0,953880.0,2024.0,1.0,0.0,0.0,0.0,23.0,27.0,980936336.0,2643462656.0,4986060800.0,40056.0,44940029952.0,790983537.0,0.0,1344.0,5473950.0,4011.0,167872.0,24954.0,0.0,0.0,2509.0,0.0
1787906174.175356,2026-08-28T08:36:14+00:00,http_log_5m_x7,3047626.0,26046.0,778418217.0,968157785.0,152.0,980.0,628508104.0,953880.0,2024.0,1.0,0.0,0.0,0.0,23.0,27.0,980936336.0,2643462656.0,4986060800.0,40056.0,44940029952.0,790983537.0,0.0,1344.0,5473950.0,4011.0,167872.0,24954.0,0.0,0.0,2509.0,0.0
1787906175.180438,2026-08-28T08:36:15+00:00,http_log_5m_x7,3047626.0,26046.0,778418217.0,968157785.0,152.0,980.0,628508104.0,953880.0,2024.0,2.0,0.0,0.0,0.0,26.0,27.0,980936336.0,2643462656.0,4986060800.0,40056.0,44940029952.0,790983537.0,0.0,1344.0,5473950.0,4011.0,167872.0,24954.0,0.0,0.0,2509.0,0.0
1787906176.182837,2026-08-28T08:36:16+00:00,http_log_5m_x7,618113.0,933.0,779613030.0,968157785.0,155.0,980.0,628508104.0,953880.0,2024.0,1.0,0.0,0.0,0.0,26.0,27.0,980936336.0,2643462656.0,4986060800.0,40056.0,44940029952.0,790983537.0,0.0,1344.0,5473950.0,4011.0,167872.0,24954.0,0.0,0.0,2509.0,0.0
1787906177.1866949,2026-08-28T08:36:17+00:00,http_log_5m_x7,618113.0,933.0,779613030.0,968157785.0,155.0,980.0,628508104.0,953880.0,2024.0,1.0,0.0,0.0,0.0,26.0,27.0,980936336.0,2643462656.0,4986060800.0,40056.0,44940029952.0,790983537.0,0.0,1344.0,5473950.0,4011.0,167872.0,24954.0,0.0,0.0,2509.0,0.0
1787906178.190696,2026-08-28T08:36:18+00:00,http_log_5m_x7,618113.0,933.0,779613030.0,968157785.0,155.0,980.0,628508104.0,953880.0,2024.0,1.0,0.0,0.0,0.0,26.0,27.0,980936336.0,2643462656.0,4986060800.0,40056.0,44940029952.0,790983537.0,0.0,1344.0,5473950.0,4011.0,167872.0,24954.0,0.0,0.0,2509.0,0.0
1787906179.195807,2026-08-28T08:36:19+00:00,http_log_5m_x7,618113.0,933.0,779613030.0,968157785.0,155.0,980.0,628508104.0,953880.0,2024.0,2.0,0.0,0.0,0.0,16.0,27.0,980936336.0,2643462656.0,4986060800.0,40056.0,44940029952.0,790983537.0,0.0,1344.0,5473950.0,4011.0,167872.0,24954.0,0.0,0.0,2509.0,0.0
1787906180.196172,2026-08-28T08:36:20+00:00,http_log_5m_x7,618113.0,933.0,779613030.0,968157785.0,155.0,980.0,628508104.0,953880.0,2024.0,2.0,0.0,0.0,0.0,16.0,27.0,980936336.0,2643462656.0,4986060800.0,40056.0,44940029952.0,790983537.0,0.0,1344.0,5473950.0,4011.0,167872.0,24954.0,0.0,0.0,2509.0,0.0
1787906181.19875,2026-08-28T08:36:21+00:00,http_log_5m_x7,982086.0,2613.0,783161310.0,968157785.0,160.0,980.0,628508104.0,953880.0,2024.0,1.0,0.0,0.0,0.0,16.0,27.0,980936336.0,2643462656.0,4986060800.0,40056.0,44940029952.0,790983537.0,0.0,1344.0,5473950.0,4011.0,167872.0,24954.0,0.0,0.0,2509.0,0.0
1787906182.200162,2026-08-28T08:36:22+00:00,http_log_5m_x7,982086.0,2613.0,783161310.0,968157785.0,160.0,980.0,628508104.0,953880.0,2024.0,2.0,0.0,0.0,0.0,12.0,27.0,980936336.0,2643462656.0,4986060800.0,40056.0,44940029952.0,790983537.0,0.0,1344.0,5473950.0,4011.0,167872.0,24954.0,0.0,0.0,2509.0,0.0
1787906183.205251,2026-08-28T08:36:23+00:00,http_log_5m_x7,982086.0,2613.0,783161310.0,968157785.0,160.0,980.0,628508104.0,953880.0,2024.0,2.0,0.0,0.0,0.0,12.0,27.0,980936336.0,2643462656.0,4986060800.0,40056.0,44940029952.0,790983537.0,0.0,1344.0,5473950.0,4011.0,167872.0,24954.0,0.0,0.0,2509.0,0.0
1787906184.210314,2026-08-28T08:36:24+00:00,http_log_5m_x7,2028238.0,1881.0,789004665.0,968157785.0,165.0,980.0,628508104.0,953880.0,2024.0,1.0,0.0,0.0,0.0,12.0,27.0,980936336.0,2643462656.0,4986060800.0,40056.0,44940029952.0,790983537.0,0.0,1344.0,5473950.0,4011.0,167872.0,24954.0,0.0,0.0,2509.0,0.0
1787906185.2153971,2026-08-28T08:36:25+00:00,http_log_5m_x7,2028238.0,1881.0,789004665.0,968157785.0,165.0,980.0,628508104.0,953880.0,2024.0,1.0,0.0,0.0,0.0,12.0,27.0,980936336.0,2643462656.0,4986060800.0,40056.0,44940029952.0,790983537.0,0.0,1344.0,5473950.0,4011.0,167872.0,24954.0,0.0,0.0,2509.0,0.0
1787906186.220468,2026-08-28T08:36:26+00:00,http_log_5m_x7,2028238.0,1881.0,789004665.0,968157785.0,165.0,980.0,628508104.0,953880.0,2024.0,2.0,0.0,0.0,0.0,11.0,27.0,980936336.0,2643462656.0,4986060800.0,40056.0,44940029952.0,790983537.0,0.0,1344.0,5473950.0,4011.0,167872.0,24954.0,0.0,0.0,2509.0,0.0
1787906187.225559,2026-08-28T08:36:27+00:00,http_log_5m_x7,2028238.0,1881.0,789004665.0,968157785.0,165.0,980.0,1130145800.0,953880.0,2024.0,2.0,0.0,0.0,0.0,11.0,27.0,1464721368.0,2643462656.0,5025308672.0,40147.0,44940029952.0,790983537.0,0.0,1356.0,5483017.0,4020.0,170661.0,25043.0,0.0,0.0,2525.0,0.0
1787906188.230623,2026-08-28T08:36:28+00:00,http_log_5m_x7,2028238.0,1881.0,789004665.0,968157785.0,165.0,980.0,1130145800.0,953880.0,2024.0,2.0,0.0,0.0,0.0,11.0,27.0,1464721368.0,2643462656.0,5025308672.0,40147.0,44940029952.0,790983537.0,0.0,1356.0,5483017.0,4020.0,170661.0,25043.0,0.0,0.0,2525.0,0.0
1787906189.238219,2026-08-28T08:36:29+00:00,http_log_5m_x7,2236873.0,2619.0,797099912.0,968157785.0,170.0,980.0,1130145800.0,953880.0,2024.0,1.0,0.0,0.0,0.0,11.0,27.0,1464721368.0,2643462656.0,5025308672.0,40147.0,44940029952.0,790983537.0,0.0,1356.0,5483017.0,4020.0,170661.0,25043.0,0.0,0.0,2525.0,0.0
1787906190.243306,2026-08-28T08:36:30+00:00,http_log_5m_x7,2236873.0,2619.0,797099912.0,968157785.0,170.0,980.0,1130145800.0,953880.0,2024.0,1.0,0.0,0.0,0.0,11.0,27.0,1464721368.0,2643462656.0,5025308672.0,40147.0,44940029952.0,790983537.0,0.0,1356.0,5483017.0,4020.0,170661.0,25043.0,0.0,0.0,2525.0,0.0
1787906191.248412,2026-08-28T08:36:31+00:00,http_log_5m_x7,2236873.0,2619.0,797099912.0,968157785.0,170.0,980.0,1130145800.0,953880.0,2024.0,1.0,1.0,0.0,0.0,11.0,26.0,1464721368.0,2643462656.0,5025308672.0,40147.0,44940029952.0,790983537.0,0.0,1356.0,5483017.0,4020.0,170661.0,25043.0,0.0,0.0,2525.0,0.0
1787906192.253494,2026-08-28T08:36:32+00:00,http_log_5m_x7,2236873.0,2619.0,797099912.0,968157785.0,170.0,980.0,1130145800.0,953880.0,2024.0,1.0,1.0,0.0,0.0,11.0,26.0,1464721368.0,2643462656.0,5025308672.0,40147.0,44940029952.0,790983537.0,0.0,1356.0,5483017.0,4020.0,170661.0,25043.0,0.0,0.0,2525.0,0.0
1787906193.258613,2026-08-28T08:36:33+00:00,http_log_5m_x7,2236873.0,2619.0,797099912.0,968157785.0,170.0,980.0,1130145800.0,953880.0,2024.0,1.0,1.0,0.0,0.0,11.0,26.0,1464721368.0,2643462656.0,5025308672.0,40147.0,44940029952.0,790983537.0,0.0,1356.0,5483017.0,4020.0,170661.0,25043.0,0.0,0.0,2525.0,0.0
1787906194.259678,2026-08-28T08:36:34+00:00,http_log_5m_x7,2236873.0,2619.0,797099912.0,971173100.0,170.0,985.0,1130145800.0,922114.0,2270.0,1.0,0.0,0.0,0.0,11.0,26.0,1464721368.0,2643462656.0,5025308672.0,40147.0,44940029952.0,790983537.0,0.0,1356.0,5483017.0,4020.0,170661.0,25043.0,0.0,0.0,2525.0,0.0
1787906195.261856,2026-08-28T08:36:35+00:00,http_log_5m_x7,2236873.0,2619.0,797099912.0,971173100.0,170.0,985.0,1130145800.0,922114.0,2270.0,1.0,0.0,0.0,0.0,11.0,26.0,1464721368.0,2643462656.0,5025308672.0,40147.0,44940029952.0,790983537.0,0.0,1356.0,5483017.0,4020.0,170661.0,25043.0,0.0,0.0,2525.0,0.0
1787906196.266932,2026-08-28T08:36:36+00:00,http_log_5m_x7,2236873.0,2619.0,797099912.0,971173100.0,170.0,985.0,1130145800.0,922114.0,2270.0,1.0,1.0,0.0,0.0,11.0,28.0,1464721368.0,2643462656.0,5025308672.0,40147.0,44940029952.0,790983537.0,0.0,1356.0,5483017.0,4020.0,170661.0,25043.0,0.0,0.0,2525.0,0.0
1787906197.272039,2026-08-28T08:36:37+00:00,http_log_5m_x7,2236873.0,2619.0,797099912.0,971173100.0,170.0,985.0,1130145800.0,922114.0,2270.0,1.0,1.0,0.0,0.0,11.0,28.0,1464721368.0,2643462656.0,5025308672.0,40147.0,44940029952.0,790983537.0,0.0,1356.0,5483017.0,4020.0,170661.0,25043.0,0.0,0.0,2525.0,0.0
1787906198.274376,2026-08-28T08:36:38+00:00,http_log_5m_x7,2236873.0,2619.0,797099912.0,971173100.0,170.0,985.0,1130145800.0,922114.0,2270.0,1.0,1.0,0.0,0.0,11.0,28.0,1464721368.0,2643462656.0,5025308672.0,40147.0,44940029952.0,790983537.0,0.0,1356.0,5483017.0,4020.0,170661.0,25043.0,0.0,0.0,2525.0,0.0
1787906199.279488,2026-08-28T08:36:39+00:00,http_log_5m_x7,2236873.0,2619.0,797099912.0,974160640.0,170.0,990.0,1130145800.0,871002.0,2430.0,1.0,0.0,0.0,0.0,11.0,28.0,1464721368.0,2643462656.0,5025308672.0,40147.0,44940029952.0,790983537.0,0.0,1356.0,5483017.0,4020.0,170661.0,25043.0,0.0,0.0,2525.0,0.0
1787906200.2827678,2026-08-28T08:36:40+00:00,http_log_5m_x7,2236873.0,2619.0,797099912.0,974160640.0,170.0,990.0,1130145800.0,871002.0,2430.0,1.0,0.0,0.0,0.0,11.0,28.0,1464721368.0,2643462656.0,5025308672.0,40147.0,44940029952.0,790983537.0,0.0,1356.0,5483017.0,4020.0,170661.0,25043.0,0.0,0.0,2525.0,0.0
1787906201.287831,2026-08-28T08:36:41+00:00,http_log_5m_x7,2236873.0,2619.0,797099912.0,974160640.0,170.0,990.0,1616587256.0,871002.0,2430.0,1.0,1.0,0.0,0.0,11.0,30.0,1955804568.0,2643462656.0,5150244864.0,40272.0,44940029952.0,790983537.0,0.0,1374.0,5491915.0,4029.0,173608.0,25151.0,0.0,0.0,2542.0,0.0
1787906202.292901,2026-08-28T08:36:42+00:00,http_log_5m_x7,2236873.0,2619.0,797099912.0,974160640.0,170.0,990.0,1616587256.0,871002.0,2430.0,1.0,1.0,0.0,0.0,11.0,30.0,1955804568.0,2643462656.0,5150244864.0,40272.0,44940029952.0,790983537.0,0.0,1374.0,5491915.0,4029.0,173608.0,25151.0,0.0,0.0,2542.0,0.0
1787906203.297973,2026-08-28T08:36:43+00:00,http_log_5m_x7,2236873.0,2619.0,797099912.0,977129227.0,170.0,995.0,1616587256.0,980378.0,2028.0,1.0,0.0,0.0,0.0,11.0,30.0,1955804568.0,2643462656.0,5150244864.0,40272.0,44940029952.0,790983537.0,0.0,1374.0,5491915.0,4029.0,173608.0,25151.0,0.0,0.0,2542.0,0.0
1787906204.303045,2026-08-28T08:36:44+00:00,http_log_5m_x7,2236873.0,2619.0,797099912.0,977129227.0,170.0,995.0,1616587256.0,980378.0,2028.0,1.0,0.0,0.0,0.0,11.0,30.0,1955804568.0,2643462656.0,5150244864.0,40272.0,44940029952.0,790983537.0,0.0,1374.0,5491915.0,4029.0,173608.0,25151.0,0.0,0.0,2542.0,0.0
1787906205.308099,2026-08-28T08:36:45+00:00,http_log_5m_x7,2236873.0,2619.0,797099912.0,977129227.0,170.0,995.0,1616587256.0,980378.0,2028.0,1.0,0.0,0.0,0.0,11.0,30.0,1955804568.0,2643462656.0,5150244864.0,40272.0,44940029952.0,790983537.0,0.0,1374.0,5491915.0,4029.0,173608.0,25151.0,0.0,0.0,2542.0,0.0
1787906206.3131678,2026-08-28T08:36:46+00:00,http_log_5m_x7,2236873.0,2619.0,797099912.0,977129227.0,170.0,995.0,1616587256.0,980378.0,2028.0,1.0,1.0,0.0,0.0,11.0,32.0,1955804568.0,2643462656.0,5150244864.0,40272.0,44940029952.0,790983537.0,0.0,1374.0,5491915.0,4029.0,173608.0,25151.0,0.0,0.0,2542.0,0.0
1787906207.313465,2026-08-28T08:36:47+00:00,http_log_5m_x7,2236873.0,2619.0,797099912.0,977129227.0,170.0,995.0,1616587256.0,980378.0,2028.0,1.0,1.0,0.0,0.0,11.0,32.0,1955804568.0,2643462656.0,5150244864.0,40272.0,44940029952.0,790983537.0,0.0,1374.0,5491915.0,4029.0,173608.0,25151.0,0.0,0.0,2542.0,0.0
1787906208.318527,2026-08-28T08:36:48+00:00,http_log_5m_x7,2236873.0,2619.0,797099912.0,980117071.0,170.0,1000.0,1616587256.0,954277.0,2131.0,1.0,0.0,0.0,0.0,11.0,32.0,1955804568.0,2643462656.0,5150244864.0,40272.0,44940029952.0,790983537.0,0.0,1374.0,5491915.0,4029.0,173608.0,25151.0,0.0,0.0,2542.0,0.0
1787906209.323601,2026-08-28T08:36:49+00:00,http_log_5m_x7,2236873.0,2619.0,797099912.0,980117071.0,170.0,1000.0,1616587256.0,954277.0,2131.0,1.0,0.0,0.0,0.0,11.0,32.0,1955804568.0,2643462656.0,5150244864.0,40272.0,44940029952.0,790983537.0,0.0,1374.0,5491915.0,4029.0,173608.0,25151.0,0.0,0.0,2542.0,0.0
1787906210.328691,2026-08-28T08:36:50+00:00,http_log_5m_x7,2236873.0,2619.0,797099912.0,980117071.0,170.0,1000.0,1616587256.0,954277.0,2131.0,1.0,0.0,0.0,0.0,11.0,32.0,1955804568.0,2643462656.0,5150244864.0,40272.0,44940029952.0,790983537.0,0.0,1374.0,5491915.0,4029.0,173608.0,25151.0,0.0,0.0,2542.0,0.0
1787906211.3337548,2026-08-28T08:36:51+00:00,http_log_5m_x7,3057245.0,50704.0,955171716.0,980117071.0,175.0,1000.0,1616587256.0,954277.0,2131.0,0.0,1.0,0.0,0.0,11.0,33.0,1955804568.0,2643462656.0,5150244864.0,40272.0,44940029952.0,790983537.0,0.0,1374.0,5491915.0,4029.0,173608.0,25151.0,0.0,0.0,2542.0,0.0
1787906212.3388312,2026-08-28T08:36:52+00:00,http_log_5m_x7,3057245.0,50704.0,955171716.0,980117071.0,175.0,1000.0,1616587256.0,954277.0,2131.0,1.0,1.0,0.0,0.0,21.0,33.0,1955804568.0,2643462656.0,5150244864.0,40272.0,44940029952.0,790983537.0,0.0,1374.0,5491915.0,4029.0,173608.0,25151.0,0.0,0.0,2542.0,0.0
1787906213.343928,2026-08-28T08:36:53+00:00,http_log_5m_x7,3057245.0,50704.0,955171716.0,983076775.0,175.0,1005.0,1616587256.0,954743.0,2100.0,1.0,0.0,0.0,0.0,21.0,33.0,1955804568.0,2643462656.0,5150244864.0,40272.0,44940029952.0,790983537.0,0.0,1374.0,5491915.0,4029.0,173608.0,25151.0,0.0,0.0,2542.0,0.0
1787906214.3489978,2026-08-28T08:36:54+00:00,http_log_5m_x7,3057245.0,50704.0,955171716.0,983076775.0,175.0,1005.0,1616587256.0,954743.0,2100.0,1.0,0.0,0.0,0.0,21.0,33.0,1955804568.0,2643462656.0,5150244864.0,40272.0,44940029952.0,790983537.0,0.0,1374.0,5491915.0,4029.0,173608.0,25151.0,0.0,0.0,2542.0,0.0
1787906215.35213,2026-08-28T08:36:55+00:00,http_log_5m_x7,3057245.0,50704.0,955171716.0,983076775.0,175.0,1005.0,1616587256.0,954743.0,2100.0,1.0,1.0,0.0,0.0,21.0,12.0,1955804568.0,2643462656.0,5150244864.0,40272.0,44940029952.0,790983537.0,0.0,1374.0,5491915.0,4029.0,173608.0,25151.0,0.0,0.0,2542.0,0.0
1787906216.354008,2026-08-28T08:36:56+00:00,http_log_5m_x7,3057245.0,50704.0,955171716.0,983076775.0,175.0,1005.0,206277016.0,954743.0,2100.0,1.0,1.0,0.0,0.0,21.0,12.0,547103568.0,2643462656.0,5340581888.0,40482.0,44940029952.0,790983537.0,1.0,1393.0,5501020.0,4046.0,176363.0,25247.0,0.0,0.0,2562.0,0.0
1787906217.357641,2026-08-28T08:36:57+00:00,http_log_5m_x7,3057245.0,50704.0,955171716.0,988260125.0,175.0,1010.0,206277016.0,1969357.0,1632.0,1.0,0.0,0.0,0.0,21.0,12.0,547103568.0,2643462656.0,5340581888.0,40482.0,44940029952.0,790983537.0,1.0,1393.0,5501020.0,4046.0,176363.0,25247.0,0.0,0.0,2562.0,0.0
1787906218.3627021,2026-08-28T08:36:58+00:00,http_log_5m_x7,2757884.0,6026.0,974548611.0,988260125.0,180.0,1010.0,206277016.0,1969357.0,1632.0,0.0,0.0,0.0,0.0,21.0,12.0,547103568.0,2643462656.0,5340581888.0,40482.0,44940029952.0,790983537.0,1.0,1393.0,5501020.0,4046.0,176363.0,25247.0,0.0,0.0,2562.0,0.0
1787906219.3678038,2026-08-28T08:36:59+00:00,http_log_5m_x7,2757884.0,6026.0,974548611.0,988260125.0,180.0,1010.0,206277016.0,1969357.0,1632.0,0.0,0.0,0.0,0.0,21.0,12.0,547103568.0,2643462656.0,5340581888.0,40482.0,44940029952.0,790983537.0,1.0,1393.0,5501020.0,4046.0,176363.0,25247.0,0.0,0.0,2562.0,0.0
1787906220.372868,2026-08-28T08:37:00+00:00,http_log_5m_x7,2757884.0,6026.0,974548611.0,988260125.0,180.0,1010.0,206277016.0,1969357.0,1632.0,0.0,1.0,0.0,0.0,21.0,27.0,547103568.0,2643462656.0,5340581888.0,40482.0,44940029952.0,790983537.0,1.0,1393.0,5501020.0,4046.0,176363.0,25247.0,0.0,0.0,2562.0,0.0
1787906221.377933,2026-08-28T08:37:01+00:00,http_log_5m_x7,2757884.0,6026.0,974548611.0,988260125.0,180.0,1010.0,206277016.0,1969357.0,1632.0,0.0,1.0,0.0,0.0,21.0,27.0,547103568.0,2643462656.0,5340581888.0,40482.0,44940029952.0,790983537.0,1.0,1393.0,5501020.0,4046.0,176363.0,25247.0,0.0,0.0,2562.0,0.0
1787906222.383002,2026-08-28T08:37:02+00:00,http_log_5m_x7,2757884.0,6026.0,974548611.0,991284315.0,180.0,1015.0,206277016.0,1029686.0,1937.0,0.0,0.0,0.0,0.0,21.0,27.0,547103568.0,2643462656.0,5340581888.0,40482.0,44940029952.0,790983537.0,1.0,1393.0,5501020.0,4046.0,176363.0,25247.0,0.0,0.0,2562.0,0.0
1787906223.388064,2026-08-28T08:37:03+00:00,http_log_5m_x7,2757884.0,6026.0,974548611.0,991284315.0,180.0,1015.0,206277016.0,1029686.0,1937.0,0.0,0.0,0.0,0.0,21.0,27.0,547103568.0,2643462656.0,5340581888.0,40482.0,44940029952.0,790983537.0,1.0,1393.0,5501020.0,4046.0,176363.0,25247.0,0.0,0.0,2562.0,0.0
1787906224.393138,2026-08-28T08:37:04+00:00,http_log_5m_x7,2757884.0,6026.0,974548611.0,991284315.0,180.0,1015.0,206277016.0,1029686.0,1937.0,0.0,0.0,0.0,0.0,21.0,27.0,547103568.0,2643462656.0,5340581888.0,40482.0,44940029952.0,790983537.0,1.0,1393.0,5501020.0,4046.0,176363.0,25247.0,0.0,0.0,2562.0,0.0
1787906225.39824,2026-08-28T08:37:05+00:00,http_log_5m_x7,2757884.0,6026.0,974548611.0,991284315.0,180.0,1015.0,206277016.0,1029686.0,1937.0,0.0,1.0,0.0,0.0,21.0,29.0,547103568.0,2643462656.0,5340581888.0,40482.0,44940029952.0,790983537.0,1.0,1393.0,5501020.0,4046.0,176363.0,25247.0,0.0,0.0,2562.0,0.0
1787906226.39857,2026-08-28T08:37:06+00:00,http_log_5m_x7,2757884.0,6026.0,974548611.0,991284315.0,180.0,1015.0,206277016.0,1029686.0,1937.0,0.0,1.0,0.0,0.0,21.0,29.0,547103568.0,2643462656.0,5340581888.0,40482.0,44940029952.0,790983537.0,1.0,1393.0,5501020.0,4046.0,176363.0,25247.0,0.0,0.0,2562.0,0.0
1787906227.399033,2026-08-28T08:37:07+00:00,http_log_5m_x7,2757884.0,6026.0,974548611.0,994290447.0,180.0,1020.0,206277016.0,1029144.0,1921.0,0.0,0.0,0.0,0.0,21.0,29.0,547103568.0,2643462656.0,5340581888.0,40482.0,44940029952.0,790983537.0,1.0,1393.0,5501020.0,4046.0,176363.0,25247.0,0.0,0.0,2562.0,0.0
1787906228.402483,2026-08-28T08:37:08+00:00,http_log_5m_x7,2757884.0,6026.0,974548611.0,994290447.0,180.0,1020.0,206277016.0,1029144.0,1921.0,0.0,0.0,0.0,0.0,21.0,29.0,547103568.0,2643462656.0,5340581888.0,40482.0,44940029952.0,790983537.0,1.0,1393.0,5501020.0,4046.0,176363.0,25247.0,0.0,0.0,2562.0,0.0
1787906229.406951,2026-08-28T08:37:09+00:00,http_log_5m_x7,2757884.0,6026.0,974548611.0,994290447.0,180.0,1020.0,206277016.0,1029144.0,1921.0,0.0,0.0,0.0,0.0,21.0,29.0,547103568.0,2643462656.0,5340581888.0,40482.0,44940029952.0,790983537.0,1.0,1393.0,5501020.0,4046.0,176363.0,25247.0,0.0,0.0,2562.0,0.0
1787906230.41378,2026-08-28T08:37:10+00:00,http_log_5m_x7,2757884.0,6026.0,974548611.0,994290447.0,180.0,1020.0,206277016.0,1029144.0,1921.0,0.0,1.0,0.0,0.0,21.0,29.0,547103568.0,2643462656.0,5340581888.0,40482.0,44940029952.0,790983537.0,1.0,1393.0,5501020.0,4046.0,176363.0,25247.0,0.0,0.0,2562.0,0.0
1787906231.417258,2026-08-28T08:37:11+00:00,http_log_5m_x7,2757884.0,6026.0,974548611.0,994290447.0,180.0,1020.0,50292968.0,1029144.0,1921.0,0.0,1.0,0.0,0.0,21.0,29.0,396393488.0,2643462656.0,5406498816.0,40595.0,44940029952.0,790983537.0,0.0,1411.0,5511626.0,4057.0,177673.0,25299.0,0.0,0.0,2577.0,0.0
1787906232.418329,2026-08-28T08:37:12+00:00,http_log_5m_x7,2757884.0,6026.0,974548611.0,997212587.0,180.0,1025.0,50292968.0,991227.0,1948.0,1.0,0.0,0.0,0.0,22.0,29.0,396393488.0,2643462656.0,5406498816.0,40595.0,44940029952.0,790983537.0,0.0,1411.0,5511626.0,4057.0,177673.0,25299.0,0.0,0.0,2577.0,0.0
1787906233.4187899,2026-08-28T08:37:13+00:00,http_log_5m_x7,2757884.0,6026.0,974548611.0,997212587.0,180.0,1025.0,50292968.0,991227.0,1948.0,1.0,0.0,0.0,0.0,22.0,29.0,396393488.0,2643462656.0,5406498816.0,40595.0,44597547008.0,843437408.0,0.0,1411.0,5511626.0,4057.0,177673.0,25299.0,0.0,0.0,2577.0,0.0
1787906234.419861,2026-08-28T08:37:14+00:00,http_log_5m_x7,2757884.0,6026.0,974548611.0,997212587.0,180.0,1025.0,50292968.0,991227.0,1948.0,1.0,0.0,0.0,0.0,22.0,29.0,396393488.0,2643462656.0,5406498816.0,40595.0,44597547008.0,843437408.0,0.0,1411.0,5511626.0,4057.0,177673.0,25299.0,0.0,0.0,2577.0,0.0
1787906235.424972,2026-08-28T08:37:15+00:00,http_log_5m_x7,2757884.0,6026.0,974548611.0,997212587.0,180.0,1025.0,50292968.0,991227.0,1948.0,1.0,1.0,0.0,0.0,22.0,19.0,396393488.0,2643462656.0,5406498816.0,40595.0,44597547008.0,843437408.0,0.0,1411.0,5511626.0,4057.0,177673.0,25299.0,0.0,0.0,2577.0,0.0
1787906236.4300458,2026-08-28T08:37:16+00:00,http_log_5m_x7,2757884.0,6026.0,974548611.0,997212587.0,180.0,1025.0,50292968.0,991227.0,1948.0,1.0,1.0,0.0,0.0,22.0,19.0,396393488.0,2643462656.0,5406498816.0,40595.0,44597547008.0,843437408.0,0.0,1411.0,5511626.0,4057.0,177673.0,25299.0,0.0,0.0,2577.0,0.0
1787906237.430795,2026-08-28T08:37:17+00:00,http_log_5m_x7,2757884.0,6026.0,974548611.0,1000237085.0,180.0,1030.0,50292968.0,924922.0,2270.0,1.0,0.0,0.0,0.0,22.0,19.0,396393488.0,2643462656.0,5406498816.0,40595.0,44597547008.0,843437408.0,0.0,1411.0,5511626.0,4057.0,177673.0,25299.0,0.0,0.0,2577.0,0.0
1787906238.435894,2026-08-28T08:37:18+00:00,http_log_5m_x7,2757884.0,6026.0,974548611.0,1000237085.0,180.0,1030.0,50292968.0,924922.0,2270.0,1.0,0.0,0.0,0.0,22.0,19.0,396393488.0,2643462656.0,5406498816.0,40595.0,44597547008.0,843437408.0,0.0,1411.0,5511626.0,4057.0,177673.0,25299.0,0.0,0.0,2577.0,0.0
1787906239.436332,2026-08-28T08:37:19+00:00,http_log_5m_x7,2757884.0,6026.0,974548611.0,1000237085.0,180.0,1030.0,50292968.0,924922.0,2270.0,1.0,1.0,0.0,0.0,22.0,12.0,396393488.0,2643462656.0,5406498816.0,40595.0,44597547008.0,843437408.0,0.0,1411.0,5511626.0,4057.0,177673.0,25299.0,0.0,0.0,2577.0,0.0
1787906240.4414248,2026-08-28T08:37:20+00:00,http_log_5m_x7,2757884.0,6026.0,974548611.0,1000237085.0,180.0,1030.0,50292968.0,924922.0,2270.0,1.0,1.0,0.0,0.0,22.0,12.0,396393488.0,2643462656.0,5406498816.0,40595.0,44597547008.0,843437408.0,0.0,1411.0,5511626.0,4057.0,177673.0,25299.0,0.0,0.0,2577.0,0.0
1787906241.446479,2026-08-28T08:37:21+00:00,http_log_5m_x7,2757884.0,6026.0,974548611.0,1005496561.0,180.0,1035.0,50292968.0,1992980.0,1639.0,1.0,0.0,0.0,0.0,22.0,12.0,396393488.0,2643462656.0,5406498816.0,40595.0,44597547008.0,843437408.0,0.0,1411.0,5511626.0,4057.0,177673.0,25299.0,0.0,0.0,2577.0,0.0
1787906242.450149,2026-08-28T08:37:22+00:00,http_log_5m_x7,2934524.0,10207.0,1007435830.0,1005496561.0,185.0,1035.0,50292968.0,1992980.0,1639.0,0.0,0.0,0.0,0.0,22.0,12.0,396393488.0,2643462656.0,5406498816.0,40595.0,44597547008.0,843437408.0,0.0,1411.0,5511626.0,4057.0,177673.0,25299.0,0.0,0.0,2577.0,0.0
1787906243.451231,2026-08-28T08:37:23+00:00,http_log_5m_x7,2934524.0,10207.0,1007435830.0,1005496561.0,185.0,1035.0,50292968.0,1992980.0,1639.0,0.0,0.0,0.0,0.0,22.0,12.0,396393488.0,2643462656.0,5406498816.0,40595.0,44597547008.0,843437408.0,0.0,1411.0,5511626.0,4057.0,177673.0,25299.0,0.0,0.0,2577.0,0.0
1787906244.456293,2026-08-28T08:37:24+00:00,http_log_5m_x7,2934524.0,10207.0,1007435830.0,1005496561.0,185.0,1035.0,50292968.0,1992980.0,1639.0,0.0,1.0,0.0,0.0,22.0,27.0,396393488.0,2643462656.0,5406498816.0,40595.0,44597547008.0,843437408.0,0.0,1411.0,5511626.0,4057.0,177673.0,25299.0,0.0,0.0,2577.0,0.0
1787906245.461397,2026-08-28T08:37:25+00:00,http_log_5m_x7,2934524.0,10207.0,1007435830.0,1005496561.0,185.0,1035.0,50292968.0,1992980.0,1639.0,0.0,1.0,0.0,0.0,22.0,27.0,396393488.0,2643462656.0,5406498816.0,40595.0,44597547008.0,843437408.0,0.0,1411.0,5511626.0,4057.0,177673.0,25299.0,0.0,0.0,2577.0,0.0
1787906246.466489,2026-08-28T08:37:26+00:00,http_log_5m_x7,2934524.0,10207.0,1007435830.0,1008473820.0,185.0,1040.0,31890792.0,924040.0,2222.0,0.0,0.0,0.0,0.0,22.0,27.0,374045216.0,2643462656.0,5492875264.0,40709.0,44597547008.0,843437408.0,0.0,1430.0,5521120.0,4068.0,180038.0,25384.0,0.0,0.0,2596.0,0.0
1787906247.4715798,2026-08-28T08:37:27+00:00,http_log_5m_x7,2934524.0,10207.0,1007435830.0,1008473820.0,185.0,1040.0,31890792.0,924040.0,2222.0,0.0,0.0,0.0,0.0,22.0,27.0,374045216.0,2643462656.0,5492875264.0,40709.0,44597547008.0,843437408.0,0.0,1430.0,5521120.0,4068.0,180038.0,25384.0,0.0,0.0,2596.0,0.0
1787906248.476667,2026-08-28T08:37:28+00:00,http_log_5m_x7,2934524.0,10207.0,1007435830.0,1008473820.0,185.0,1040.0,31890792.0,924040.0,2222.0,0.0,1.0,0.0,0.0,22.0,20.0,374045216.0,2643462656.0,5492875264.0,40709.0,44597547008.0,843437408.0,0.0,1430.0,5521120.0,4068.0,180038.0,25384.0,0.0,0.0,2596.0,0.0
1787906249.48173,2026-08-28T08:37:29+00:00,http_log_5m_x7,2934524.0,10207.0,1007435830.0,1008473820.0,185.0,1040.0,31890792.0,924040.0,2222.0,0.0,1.0,0.0,0.0,22.0,20.0,374045216.0,2643462656.0,5492875264.0,40709.0,44597547008.0,843437408.0,0.0,1430.0,5521120.0,4068.0,180038.0,25384.0,0.0,0.0,2596.0,0.0
1787906250.482631,2026-08-28T08:37:30+00:00,http_log_5m_x7,2934524.0,10207.0,1007435830.0,1013714091.0,185.0,1045.0,31890792.0,2051789.0,1554.0,0.0,0.0,0.0,0.0,22.0,20.0,374045216.0,2643462656.0,5492875264.0,40709.0,44597547008.0,843437408.0,0.0,1430.0,5521120.0,4068.0,180038.0,25384.0,0.0,0.0,2596.0,0.0
1787906251.487692,2026-08-28T08:37:31+00:00,http_log_5m_x7,2934524.0,10207.0,1007435830.0,1013714091.0,185.0,1045.0,31890792.0,2051789.0,1554.0,0.0,0.0,0.0,0.0,22.0,20.0,374045216.0,2643462656.0,5492875264.0,40709.0,44597547008.0,843437408.0,0.0,1430.0,5521120.0,4068.0,180038.0,25384.0,0.0,0.0,2596.0,0.0
1787906252.4927628,2026-08-28T08:37:32+00:00,http_log_5m_x7,2934524.0,10207.0,1007435830.0,1013714091.0,185.0,1045.0,31890792.0,2051789.0,1554.0,0.0,0.0,0.0,0.0,22.0,20.0,374045216.0,2643462656.0,5492875264.0,40709.0,44597547008.0,843437408.0,0.0,1430.0,5521120.0,4068.0,180038.0,25384.0,0.0,0.0,2596.0,0.0
1787906253.497826,2026-08-28T08:37:33+00:00,http_log_5m_x7,2934524.0,10207.0,1007435830.0,1013714091.0,185.0,1045.0,31890792.0,2051789.0,1554.0,0.0,1.0,0.0,0.0,22.0,28.0,374045216.0,2643462656.0,5492875264.0,40709.0,44597547008.0,843437408.0,0.0,1430.0,5521120.0,4068.0,180038.0,25384.0,0.0,0.0,2596.0,0.0
1787906254.501626,2026-08-28T08:37:34+00:00,http_log_5m_x7,2934524.0,10207.0,1007435830.0,1013714091.0,185.0,1045.0,31890792.0,2051789.0,1554.0,0.0,1.0,0.0,0.0,22.0,28.0,374045216.0,2643462656.0,5492875264.0,40709.0,44597547008.0,843437408.0,0.0,1430.0,5521120.0,4068.0,180038.0,25384.0,0.0,0.0,2596.0,0.0
1787906255.502581,2026-08-28T08:37:35+00:00,http_log_5m_x7,2934524.0,10207.0,1007435830.0,1016673778.0,185.0,1050.0,31890792.0,1035579.0,1858.0,0.0,0.0,0.0,0.0,22.0,28.0,374045216.0,2643462656.0,5492875264.0,40709.0,44597547008.0,843437408.0,0.0,1430.0,5521120.0,4068.0,180038.0,25384.0,0.0,0.0,2596.0,0.0
1787906256.507636,2026-08-28T08:37:36+00:00,http_log_5m_x7,2934524.0,10207.0,1007435830.0,1016673778.0,185.0,1050.0,31890792.0,1035579.0,1858.0,0.0,0.0,0.0,0.0,22.0,28.0,374045216.0,2643462656.0,5492875264.0,40709.0,44597547008.0,843437408.0,0.0,1430.0,5521120.0,4068.0,180038.0,25384.0,0.0,0.0,2596.0,0.0
1787906257.512741,2026-08-28T08:37:37+00:00,http_log_5m_x7,2934524.0,10207.0,1007435830.0,1016673778.0,185.0,1050.0,31890792.0,1035579.0,1858.0,0.0,1.0,0.0,0.0,22.0,21.0,374045216.0,2643462656.0,5492875264.0,40709.0,44597547008.0,843437408.0,0.0,1430.0,5521120.0,4068.0,180038.0,25384.0,0.0,0.0,2596.0,0.0
1787906258.5160232,2026-08-28T08:37:38+00:00,http_log_5m_x7,2934524.0,10207.0,1007435830.0,1021886021.0,185.0,1055.0,31890792.0,2053681.0,1538.0,0.0,0.0,0.0,0.0,22.0,21.0,374045216.0,2643462656.0,5492875264.0,40709.0,44597547008.0,843437408.0,0.0,1430.0,5521120.0,4068.0,180038.0,25384.0,0.0,0.0,2596.0,0.0
1787906259.521091,2026-08-28T08:37:39+00:00,http_log_5m_x7,2934524.0,10207.0,1007435830.0,1021886021.0,185.0,1055.0,31890792.0,2053681.0,1538.0,0.0,0.0,0.0,0.0,22.0,21.0,374045216.0,2643462656.0,5492875264.0,40709.0,44597547008.0,843437408.0,0.0,1430.0,5521120.0,4068.0,180038.0,25384.0,0.0,0.0,2596.0,0.0
1787906260.526176,2026-08-28T08:37:40+00:00,http_log_5m_x7,2934524.0,10207.0,1007435830.0,1021886021.0,185.0,1055.0,31890792.0,2053681.0,1538.0,0.0,0.0,0.0,0.0,22.0,21.0,374045216.0,2643462656.0,5492875264.0,40709.0,44597547008.0,843437408.0,0.0,1430.0,5521120.0,4068.0,180038.0,25384.0,0.0,0.0,2596.0,0.0
1787906261.5312471,2026-08-28T08:37:41+00:00,http_log_5m_x7,2934524.0,10207.0,1007435830.0,1021886021.0,185.0,1055.0,0.0,2053681.0,1538.0,0.0,0.0,0.0,0.0,22.0,21.0,342109352.0,2643462656.0,5536567296.0,40809.0,44597547008.0,843437408.0,0.0,1448.0,5531936.0,4077.0,181158.0,25429.0,0.0,0.0,2610.0,0.0
1787906262.53634,2026-08-28T08:37:42+00:00,http_log_5m_x7,2934524.0,10207.0,1007435830.0,1021886021.0,185.0,1055.0,0.0,2053681.0,1538.0,0.0,1.0,0.0,0.0,22.0,29.0,342109352.0,2643462656.0,5536567296.0,40809.0,44597547008.0,843437408.0,0.0,1448.0,5531936.0,4077.0,181158.0,25429.0,0.0,0.0,2610.0,0.0
1787906263.541425,2026-08-28T08:37:43+00:00,http_log_5m_x7,2934524.0,10207.0,1007435830.0,1021886021.0,185.0,1055.0,0.0,2053681.0,1538.0,0.0,1.0,0.0,0.0,22.0,29.0,342109352.0,2643462656.0,5536567296.0,40809.0,44597547008.0,843437408.0,0.0,1448.0,5531936.0,4077.0,181158.0,25429.0,0.0,0.0,2610.0,0.0
1787906264.5465221,2026-08-28T08:37:44+00:00,http_log_5m_x7,2934524.0,10207.0,1007435830.0,1024900784.0,185.0,1060.0,0.0,1021953.0,1950.0,0.0,0.0,0.0,0.0,22.0,29.0,342109352.0,2643462656.0,5536567296.0,40809.0,44597547008.0,843437408.0,0.0,1448.0,5531936.0,4077.0,181158.0,25429.0,0.0,0.0,2610.0,0.0
1787906265.5515919,2026-08-28T08:37:45+00:00,http_log_5m_x7,2934524.0,10207.0,1007435830.0,1024900784.0,185.0,1060.0,0.0,1021953.0,1950.0,0.0,0.0,0.0,0.0,22.0,29.0,342109352.0,2643462656.0,5536567296.0,40809.0,44597547008.0,843437408.0,0.0,1448.0,5531936.0,4077.0,181158.0,25429.0,0.0,0.0,2610.0,0.0
1787906266.555687,2026-08-28T08:37:46+00:00,http_log_5m_x7,2934524.0,10207.0,1007435830.0,1024900784.0,185.0,1060.0,0.0,1021953.0,1950.0,0.0,1.0,0.0,0.0,22.0,22.0,342109352.0,2643462656.0,5536567296.0,40809.0,44597547008.0,843437408.0,0.0,1448.0,5531936.0,4077.0,181158.0,25429.0,0.0,0.0,2610.0,0.0
1787906267.560787,2026-08-28T08:37:47+00:00,http_log_5m_x7,2934524.0,10207.0,1007435830.0,1030159743.0,185.0,1065.0,0.0,2082756.0,1525.0,0.0,0.0,0.0,0.0,22.0,22.0,342109352.0,2643462656.0,5536567296.0,40809.0,44597547008.0,843437408.0,0.0,1448.0,5531936.0,4077.0,181158.0,25429.0,0.0,0.0,2610.0,0.0
1787906268.5658638,2026-08-28T08:37:48+00:00,http_log_5m_x7,2934524.0,10207.0,1007435830.0,1030159743.0,185.0,1065.0,0.0,2082756.0,1525.0,1.0,0.0,0.0,0.0,19.0,22.0,342109352.0,2643462656.0,5536567296.0,40809.0,44597547008.0,843437408.0,0.0,1448.0,5531936.0,4077.0,181158.0,25429.0,0.0,0.0,2610.0,0.0
1787906269.5709372,2026-08-28T08:37:49+00:00,http_log_5m_x7,2934524.0,10207.0,1007435830.0,1030159743.0,185.0,1065.0,0.0,2082756.0,1525.0,1.0,0.0,0.0,0.0,19.0,22.0,342109352.0,2643462656.0,5536567296.0,40809.0,44597547008.0,843437408.0,0.0,1448.0,5531936.0,4077.0,181158.0,25429.0,0.0,0.0,2610.0,0.0
1787906270.57106,2026-08-28T08:37:50+00:00,http_log_5m_x7,2934524.0,10207.0,1007435830.0,1030159743.0,185.0,1065.0,0.0,2082756.0,1525.0,1.0,0.0,0.0,0.0,19.0,22.0,342109352.0,2643462656.0,5536567296.0,40809.0,44597547008.0,843437408.0,0.0,1448.0,5531936.0,4077.0,181158.0,25429.0,0.0,0.0,2610.0,0.0
1787906271.576133,2026-08-28T08:37:51+00:00,http_log_5m_x7,2934524.0,10207.0,1007435830.0,1030159743.0,185.0,1065.0,0.0,2082756.0,1525.0,1.0,0.0,0.0,0.0,19.0,22.0,342109352.0,2643462656.0,5536567296.0,40809.0,44597547008.0,843437408.0,0.0,1448.0,5531936.0,4077.0,181158.0,25429.0,0.0,0.0,2610.0,0.0
1787906272.5795698,2026-08-28T08:37:52+00:00,http_log_5m_x7,2934524.0,10207.0,1007435830.0,1030159743.0,185.0,1065.0,0.0,2082756.0,1525.0,1.0,1.0,0.0,0.0,19.0,20.0,342109352.0,2643462656.0,5536567296.0,40809.0,44597547008.0,843437408.0,0.0,1448.0,5531936.0,4077.0,181158.0,25429.0,0.0,0.0,2610.0,0.0
1787906273.584639,2026-08-28T08:37:53+00:00,http_log_5m_x7,2934524.0,10207.0,1007435830.0,1030159743.0,185.0,1065.0,0.0,2082756.0,1525.0,1.0,1.0,0.0,0.0,19.0,20.0,342109352.0,2643462656.0,5536567296.0,40809.0,44597547008.0,843437408.0,0.0,1448.0,5531936.0,4077.0,181158.0,25429.0,0.0,0.0,2610.0,0.0
1787906274.5897012,2026-08-28T08:37:54+00:00,http_log_5m_x7,2934524.0,10207.0,1007435830.0,1033165847.0,185.0,1070.0,0.0,939701.0,2199.0,1.0,0.0,0.0,0.0,19.0,20.0,342109352.0,2643462656.0,5536567296.0,40809.0,44597547008.0,843437408.0,0.0,1448.0,5531936.0,4077.0,181158.0,25429.0,0.0,0.0,2610.0,0.0
1787906275.594783,2026-08-28T08:37:55+00:00,http_log_5m_x7,2934524.0,10207.0,1007435830.0,1033165847.0,185.0,1070.0,0.0,939701.0,2199.0,1.0,0.0,0.0,0.0,19.0,20.0,342109352.0,2643462656.0,5536567296.0,40809.0,44597547008.0,843437408.0,0.0,1448.0,5531936.0,4077.0,181158.0,25429.0,0.0,0.0,2610.0,0.0
1787906276.597357,2026-08-28T08:37:56+00:00,http_log_5m_x7,2934524.0,10207.0,1007435830.0,1033165847.0,185.0,1070.0,339140024.0,939701.0,2199.0,1.0,1.0,0.0,0.0,19.0,12.0,679947672.0,2643462656.0,5571973120.0,40891.0,44597547008.0,843437408.0,0.0,1468.0,5541806.0,4085.0,183190.0,25493.0,0.0,0.0,2630.0,0.0
1787906277.601495,2026-08-28T08:37:57+00:00,http_log_5m_x7,2934524.0,10207.0,1007435830.0,1038369003.0,185.0,1075.0,339140024.0,1984422.0,1622.0,1.0,0.0,0.0,0.0,19.0,12.0,679947672.0,2643462656.0,5571973120.0,40891.0,44597547008.0,843437408.0,0.0,1468.0,5541806.0,4085.0,183190.0,25493.0,0.0,0.0,2630.0,0.0
1787906278.606554,2026-08-28T08:37:58+00:00,http_log_5m_x7,2934524.0,10207.0,1007435830.0,1038369003.0,185.0,1075.0,339140024.0,1984422.0,1622.0,1.0,0.0,0.0,0.0,19.0,12.0,679947672.0,2643462656.0,5571973120.0,40891.0,44597547008.0,843437408.0,0.0,1468.0,5541806.0,4085.0,183190.0,25493.0,0.0,0.0,2630.0,0.0
1787906279.6116421,2026-08-28T08:37:59+00:00,http_log_5m_x7,2934524.0,10207.0,1007435830.0,1038369003.0,185.0,1075.0,339140024.0,1984422.0,1622.0,1.0,0.0,0.0,0.0,19.0,12.0,679947672.0,2643462656.0,5571973120.0,40891.0,44597547008.0,843437408.0,0.0,1468.0,5541806.0,4085.0,183190.0,25493.0,0.0,0.0,2630.0,0.0
1787906280.616717,2026-08-28T08:38:00+00:00,http_log_5m_x7,2934524.0,10207.0,1007435830.0,1038369003.0,185.0,1075.0,339140024.0,1984422.0,1622.0,1.0,1.0,0.0,0.0,19.0,11.0,679947672.0,2643462656.0,5571973120.0,40891.0,44597547008.0,843437408.0,0.0,1468.0,5541806.0,4085.0,183190.0,25493.0,0.0,0.0,2630.0,0.0
1787906281.621783,2026-08-28T08:38:01+00:00,http_log_5m_x7,2934524.0,10207.0,1007435830.0,1038369003.0,185.0,1075.0,339140024.0,1984422.0,1622.0,1.0,1.0,0.0,0.0,19.0,11.0,679947672.0,2643462656.0,5571973120.0,40891.0,44597547008.0,843437408.0,0.0,1468.0,5541806.0,4085.0,183190.0,25493.0,0.0,0.0,2630.0,0.0
1787906282.6268559,2026-08-28T08:38:02+00:00,http_log_5m_x7,2934524.0,10207.0,1007435830.0,1045833381.0,185.0,1080.0,339140024.0,2210357.0,2377.0,1.0,0.0,0.0,0.0,19.0,11.0,679947672.0,2643462656.0,5571973120.0,40891.0,44597547008.0,843437408.0,0.0,1468.0,5541806.0,4085.0,183190.0,25493.0,0.0,0.0,2630.0,0.0
1787906283.630574,2026-08-28T08:38:03+00:00,http_log_5m_x7,2934524.0,10207.0,1007435830.0,1045833381.0,185.0,1080.0,339140024.0,2210357.0,2377.0,1.0,0.0,0.0,0.0,19.0,11.0,679947672.0,2643462656.0,5571973120.0,40891.0,44597547008.0,843437408.0,0.0,1468.0,5541806.0,4085.0,183190.0,25493.0,0.0,0.0,2630.0,0.0
1787906284.63536,2026-08-28T08:38:04+00:00,http_log_5m_x7,3046382.0,16488.0,1060710973.0,1045833381.0,190.0,1080.0,339140024.0,2210357.0,2377.0,0.0,1.0,0.0,0.0,19.0,27.0,679947672.0,2643462656.0,5571973120.0,40891.0,44597547008.0,843437408.0,0.0,1468.0,5541806.0,4085.0,183190.0,25493.0,0.0,0.0,2630.0,0.0
1787906285.640428,2026-08-28T08:38:05+00:00,http_log_5m_x7,3046382.0,16488.0,1060710973.0,1045833381.0,190.0,1080.0,339140024.0,2210357.0,2377.0,0.0,1.0,0.0,0.0,19.0,27.0,679947672.0,2643462656.0,5571973120.0,40891.0,44597547008.0,843437408.0,0.0,1468.0,5541806.0,4085.0,183190.0,25493.0,0.0,0.0,2630.0,0.0
1787906286.645545,2026-08-28T08:38:06+00:00,http_log_5m_x7,3046382.0,16488.0,1060710973.0,1048802729.0,190.0,1085.0,339140024.0,1015856.0,1923.0,0.0,0.0,0.0,0.0,19.0,27.0,679947672.0,2643462656.0,5571973120.0,40891.0,44597547008.0,843437408.0,0.0,1468.0,5541806.0,4085.0,183190.0,25493.0,0.0,0.0,2630.0,0.0
1787906287.650623,2026-08-28T08:38:07+00:00,http_log_5m_x7,3046382.0,16488.0,1060710973.0,1048802729.0,190.0,1085.0,339140024.0,1015856.0,1923.0,0.0,0.0,0.0,0.0,19.0,27.0,679947672.0,2643462656.0,5571973120.0,40891.0,44597547008.0,843437408.0,0.0,1468.0,5541806.0,4085.0,183190.0,25493.0,0.0,0.0,2630.0,0.0
1787906288.6557188,2026-08-28T08:38:08+00:00,http_log_5m_x7,3046382.0,16488.0,1060710973.0,1048802729.0,190.0,1085.0,339140024.0,1015856.0,1923.0,0.0,1.0,0.0,0.0,19.0,20.0,679947672.0,2643462656.0,5571973120.0,40891.0,44597547008.0,843437408.0,0.0,1468.0,5541806.0,4085.0,183190.0,25493.0,0.0,0.0,2630.0,0.0
1787906289.657957,2026-08-28T08:38:09+00:00,http_log_5m_x7,3046382.0,16488.0,1060710973.0,1048802729.0,190.0,1085.0,339140024.0,1015856.0,1923.0,0.0,1.0,0.0,0.0,19.0,20.0,679947672.0,2643462656.0,5571973120.0,40891.0,44597547008.0,843437408.0,0.0,1468.0,5541806.0,4085.0,183190.0,25493.0,0.0,0.0,2630.0,0.0
1787906290.663021,2026-08-28T08:38:10+00:00,http_log_5m_x7,3046382.0,16488.0,1060710973.0,1054079751.0,190.0,1090.0,339140024.0,2112498.0,1498.0,0.0,0.0,0.0,0.0,19.0,20.0,679947672.0,2643462656.0,5571973120.0,40891.0,44597547008.0,843437408.0,0.0,1468.0,5541806.0,4085.0,183190.0,25493.0,0.0,0.0,2630.0,0.0
1787906291.666089,2026-08-28T08:38:11+00:00,http_log_5m_x7,3046382.0,16488.0,1060710973.0,1054079751.0,190.0,1090.0,0.0,2112498.0,1498.0,0.0,0.0,0.0,0.0,19.0,20.0,341256352.0,2643462656.0,5704683520.0,41015.0,44597547008.0,843437408.0,0.0,1486.0,5551550.0,4097.0,185322.0,25568.0,0.0,0.0,2647.0,0.0
1787906292.6662369,2026-08-28T08:38:12+00:00,http_log_5m_x7,3046382.0,16488.0,1060710973.0,1054079751.0,190.0,1090.0,0.0,2112498.0,1498.0,0.0,1.0,0.0,0.0,19.0,19.0,341256352.0,2643462656.0,5704683520.0,41015.0,44332818432.0,894943511.0,0.0,1486.0,5551550.0,4097.0,185322.0,25568.0,0.0,0.0,2647.0,0.0
1787906293.67132,2026-08-28T08:38:13+00:00,http_log_5m_x7,3046382.0,16488.0,1060710973.0,1054079751.0,190.0,1090.0,0.0,2112498.0,1498.0,0.0,1.0,0.0,0.0,19.0,19.0,341256352.0,2643462656.0,5704683520.0,41015.0,44332818432.0,894943511.0,0.0,1486.0,5551550.0,4097.0,185322.0,25568.0,0.0,0.0,2647.0,0.0
1787906294.676409,2026-08-28T08:38:14+00:00,http_log_5m_x7,3046382.0,16488.0,1060710973.0,1054079751.0,190.0,1090.0,0.0,2112498.0,1498.0,0.0,1.0,0.0,0.0,19.0,19.0,341256352.0,2643462656.0,5704683520.0,41015.0,44332818432.0,894943511.0,0.0,1486.0,5551550.0,4097.0,185322.0,25568.0,0.0,0.0,2647.0,0.0
1787906295.676492,2026-08-28T08:38:15+00:00,http_log_5m_x7,3046382.0,16488.0,1060710973.0,1061534518.0,190.0,1095.0,0.0,2041842.0,2651.0,0.0,0.0,0.0,0.0,19.0,19.0,341256352.0,2643462656.0,5704683520.0,41015.0,44332818432.0,894943511.0,0.0,1486.0,5551550.0,4097.0,185322.0,25568.0,0.0,0.0,2647.0,0.0
1787906296.681569,2026-08-28T08:38:16+00:00,http_log_5m_x7,3046382.0,16488.0,1060710973.0,1061534518.0,190.0,1095.0,0.0,2041842.0,2651.0,0.0,0.0,0.0,0.0,19.0,19.0,341256352.0,2643462656.0,5704683520.0,41015.0,44332818432.0,894943511.0,0.0,1486.0,5551550.0,4097.0,185322.0,25568.0,0.0,0.0,2647.0,0.0
1787906297.6866848,2026-08-28T08:38:17+00:00,http_log_5m_x7,3046382.0,16488.0,1060710973.0,1061534518.0,190.0,1095.0,0.0,2041842.0,2651.0,0.0,1.0,0.0,0.0,19.0,28.0,341256352.0,2643462656.0,5704683520.0,41015.0,44332818432.0,894943511.0,0.0,1486.0,5551550.0,4097.0,185322.0,25568.0,0.0,0.0,2647.0,0.0
1787906298.6917682,2026-08-28T08:38:18+00:00,http_log_5m_x7,3046382.0,16488.0,1060710973.0,1061534518.0,190.0,1095.0,0.0,2041842.0,2651.0,0.0,1.0,0.0,0.0,19.0,28.0,341256352.0,2643462656.0,5704683520.0,41015.0,44332818432.0,894943511.0,0.0,1486.0,5551550.0,4097.0,185322.0,25568.0,0.0,0.0,2647.0,0.0
1787906299.6968498,2026-08-28T08:38:19+00:00,http_log_5m_x7,3046382.0,16488.0,1060710973.0,1064503236.0,190.0,1100.0,0.0,1029375.0,1884.0,0.0,0.0,0.0,0.0,19.0,28.0,341256352.0,2643462656.0,5704683520.0,41015.0,44332818432.0,894943511.0,0.0,1486.0,5551550.0,4097.0,185322.0,25568.0,0.0,0.0,2647.0,0.0
1787906300.70191,2026-08-28T08:38:20+00:00,http_log_5m_x7,3046382.0,16488.0,1060710973.0,1064503236.0,190.0,1100.0,0.0,1029375.0,1884.0,0.0,0.0,0.0,0.0,19.0,28.0,341256352.0,2643462656.0,5704683520.0,41015.0,44332818432.0,894943511.0,0.0,1486.0,5551550.0,4097.0,185322.0,25568.0,0.0,0.0,2647.0,0.0
1787906301.7069929,2026-08-28T08:38:21+00:00,http_log_5m_x7,3046382.0,16488.0,1060710973.0,1064503236.0,190.0,1100.0,0.0,1029375.0,1884.0,0.0,1.0,0.0,0.0,19.0,21.0,341256352.0,2643462656.0,5704683520.0,41015.0,44332818432.0,894943511.0,0.0,1486.0,5551550.0,4097.0,185322.0,25568.0,0.0,0.0,2647.0,0.0
1787906302.712068,2026-08-28T08:38:22+00:00,http_log_5m_x7,3046382.0,16488.0,1060710973.0,1064503236.0,190.0,1100.0,0.0,1029375.0,1884.0,0.0,1.0,0.0,0.0,19.0,21.0,341256352.0,2643462656.0,5704683520.0,41015.0,44332818432.0,894943511.0,0.0,1486.0,5551550.0,4097.0,185322.0,25568.0,0.0,0.0,2647.0,0.0
1787906303.717139,2026-08-28T08:38:23+00:00,http_log_5m_x7,3046382.0,16488.0,1060710973.0,1069697227.0,190.0,1105.0,0.0,2090978.0,1484.0,0.0,0.0,0.0,0.0,19.0,21.0,341256352.0,2643462656.0,5704683520.0,41015.0,44332818432.0,894943511.0,0.0,1486.0,5551550.0,4097.0,185322.0,25568.0,0.0,0.0,2647.0,0.0
1787906304.7194061,2026-08-28T08:38:24+00:00,http_log_5m_x7,3046382.0,16488.0,1060710973.0,1069697227.0,190.0,1105.0,0.0,2090978.0,1484.0,0.0,0.0,0.0,0.0,19.0,21.0,341256352.0,2643462656.0,5704683520.0,41015.0,44332818432.0,894943511.0,0.0,1486.0,5551550.0,4097.0,185322.0,25568.0,0.0,0.0,2647.0,0.0
1787906305.724498,2026-08-28T08:38:25+00:00,http_log_5m_x7,3046382.0,16488.0,1060710973.0,1069697227.0,190.0,1105.0,13897144.0,2090978.0,1484.0,0.0,1.0,0.0,0.0,19.0,20.0,391750584.0,2643462656.0,5750132736.0,41153.0,44332818432.0,894943511.0,0.0,1531.0,5561439.0,4110.0,187235.0,25694.0,0.0,0.0,2668.0,0.0
1787906306.729634,2026-08-28T08:38:26+00:00,http_log_5m_x7,3046382.0,16488.0,1060710973.0,1069697227.0,190.0,1105.0,13897144.0,2090978.0,1484.0,0.0,1.0,0.0,0.0,19.0,20.0,391750584.0,2643462656.0,5750132736.0,41153.0,44332818432.0,894943511.0,0.0,1531.0,5561439.0,4110.0,187235.0,25694.0,0.0,0.0,2668.0,0.0
1787906307.7301812,2026-08-28T08:38:27+00:00,http_log_5m_x7,3046382.0,16488.0,1060710973.0,1069697227.0,190.0,1105.0,13897144.0,2090978.0,1484.0,0.0,1.0,0.0,0.0,19.0,20.0,391750584.0,2643462656.0,5750132736.0,41153.0,44332818432.0,894943511.0,0.0,1531.0,5561439.0,4110.0,187235.0,25694.0,0.0,0.0,2668.0,0.0
1787906308.7310889,2026-08-28T08:38:28+00:00,http_log_5m_x7,3046382.0,16488.0,1060710973.0,1077160104.0,190.0,1110.0,13897144.0,2095725.0,2561.0,0.0,0.0,0.0,0.0,19.0,20.0,391750584.0,2643462656.0,5750132736.0,41153.0,44332818432.0,894943511.0,0.0,1531.0,5561439.0,4110.0,187235.0,25694.0,0.0,0.0,2668.0,0.0
1787906309.736161,2026-08-28T08:38:29+00:00,http_log_5m_x7,3046382.0,16488.0,1060710973.0,1077160104.0,190.0,1110.0,13897144.0,2095725.0,2561.0,0.0,0.0,0.0,0.0,19.0,20.0,391750584.0,2643462656.0,5750132736.0,41153.0,44332818432.0,894943511.0,0.0,1531.0,5561439.0,4110.0,187235.0,25694.0,0.0,0.0,2668.0,0.0
1787906310.7412212,2026-08-28T08:38:30+00:00,http_log_5m_x7,3046382.0,16488.0,1060710973.0,1077160104.0,190.0,1110.0,13897144.0,2095725.0,2561.0,0.0,1.0,0.0,0.0,19.0,29.0,391750584.0,2643462656.0,5750132736.0,41153.0,44332818432.0,894943511.0,0.0,1531.0,5561439.0,4110.0,187235.0,25694.0,0.0,0.0,2668.0,0.0
1787906311.7848608,2026-08-28T08:38:31+00:00,http_log_5m_x7,3046382.0,16488.0,1060710973.0,1077160104.0,190.0,1110.0,13897144.0,2095725.0,2561.0,0.0,1.0,0.0,0.0,19.0,29.0,391750584.0,2643462656.0,5750132736.0,41153.0,44332818432.0,894943511.0,0.0,1531.0,5561439.0,4110.0,187235.0,25694.0,0.0,0.0,2668.0,0.0
1787906312.789929,2026-08-28T08:38:32+00:00,http_log_5m_x7,3046382.0,16488.0,1060710973.0,1077160104.0,190.0,1110.0,13897144.0,2095725.0,2561.0,0.0,1.0,0.0,0.0,19.0,29.0,391750584.0,2643462656.0,5750132736.0,41153.0,44332818432.0,894943511.0,0.0,1531.0,5561439.0,4110.0,187235.0,25694.0,0.0,0.0,2668.0,0.0
1787906313.795151,2026-08-28T08:38:33+00:00,http_log_5m_x7,3046382.0,16488.0,1060710973.0,1080127921.0,190.0,1115.0,13897144.0,816006.0,2637.0,0.0,0.0,0.0,0.0,19.0,29.0,391750584.0,2643462656.0,5750132736.0,41153.0,44332818432.0,894943511.0,0.0,1531.0,5561439.0,4110.0,187235.0,25694.0,0.0,0.0,2668.0,0.0
1787906314.800215,2026-08-28T08:38:34+00:00,http_log_5m_x7,3046382.0,16488.0,1060710973.0,1080127921.0,190.0,1115.0,13897144.0,816006.0,2637.0,0.0,1.0,0.0,0.0,19.0,22.0,391750584.0,2643462656.0,5750132736.0,41153.0,44332818432.0,894943511.0,0.0,1531.0,5561439.0,4110.0,187235.0,25694.0,0.0,0.0,2668.0,0.0
1787906315.8052921,2026-08-28T08:38:35+00:00,http_log_5m_x7,3046382.0,16488.0,1060710973.0,1080127921.0,190.0,1115.0,13897144.0,816006.0,2637.0,0.0,1.0,0.0,0.0,19.0,22.0,391750584.0,2643462656.0,5750132736.0,41153.0,44332818432.0,894943511.0,0.0,1531.0,5561439.0,4110.0,187235.0,25694.0,0.0,0.0,2668.0,0.0
1787906316.8064058,2026-08-28T08:38:36+00:00,http_log_5m_x7,3046382.0,16488.0,1060710973.0,1085349446.0,190.0,1120.0,13897144.0,2003655.0,1606.0,0.0,0.0,0.0,0.0,19.0,22.0,391750584.0,2643462656.0,5750132736.0,41153.0,44332818432.0,894943511.0,0.0,1531.0,5561439.0,4110.0,187235.0,25694.0,0.0,0.0,2668.0,0.0
1787906317.8114948,2026-08-28T08:38:37+00:00,http_log_5m_x7,3046382.0,16488.0,1060710973.0,1085349446.0,190.0,1120.0,13897144.0,2003655.0,1606.0,0.0,0.0,0.0,0.0,19.0,22.0,391750584.0,2643462656.0,5750132736.0,41153.0,44332818432.0,894943511.0,0.0,1531.0,5561439.0,4110.0,187235.0,25694.0,0.0,0.0,2668.0,0.0
1787906318.8119628,2026-08-28T08:38:38+00:00,http_log_5m_x7,3046382.0,16488.0,1060710973.0,1085349446.0,190.0,1120.0,13897144.0,2003655.0,1606.0,0.0,1.0,0.0,0.0,19.0,21.0,391750584.0,2643462656.0,5750132736.0,41153.0,44332818432.0,894943511.0,0.0,1531.0,5561439.0,4110.0,187235.0,25694.0,0.0,0.0,2668.0,0.0
1787906319.817028,2026-08-28T08:38:39+00:00,http_log_5m_x7,3046382.0,16488.0,1060710973.0,1085349446.0,190.0,1120.0,13897144.0,2003655.0,1606.0,0.0,1.0,0.0,0.0,19.0,21.0,391750584.0,2643462656.0,5750132736.0,41153.0,44332818432.0,894943511.0,0.0,1531.0,5561439.0,4110.0,187235.0,25694.0,0.0,0.0,2668.0,0.0
1787906320.818223,2026-08-28T08:38:40+00:00,http_log_5m_x7,3046382.0,16488.0,1060710973.0,1092822722.0,190.0,1125.0,85092520.0,2296642.0,2254.0,0.0,0.0,0.0,0.0,19.0,21.0,456235976.0,2643462656.0,5792342016.0,41277.0,44332818432.0,894943511.0,0.0,1549.0,5571782.0,4122.0,188763.0,25755.0,0.0,0.0,2685.0,0.0
1787906321.823309,2026-08-28T08:38:41+00:00,http_log_5m_x7,3046382.0,16488.0,1060710973.0,1092822722.0,190.0,1125.0,85092520.0,2296642.0,2254.0,0.0,0.0,0.0,0.0,19.0,21.0,456235976.0,2643462656.0,5792342016.0,41277.0,44332818432.0,894943511.0,0.0,1549.0,5571782.0,4122.0,188763.0,25755.0,0.0,0.0,2685.0,0.0
1787906322.8283908,2026-08-28T08:38:42+00:00,http_log_5m_x7,3046382.0,16488.0,1060710973.0,1092822722.0,190.0,1125.0,85092520.0,2296642.0,2254.0,0.0,0.0,0.0,0.0,19.0,21.0,456235976.0,2643462656.0,5792342016.0,41277.0,44332818432.0,894943511.0,0.0,1549.0,5571782.0,4122.0,188763.0,25755.0,0.0,0.0,2685.0,0.0
1787906323.829943,2026-08-28T08:38:43+00:00,http_log_5m_x7,3046382.0,16488.0,1060710973.0,1092822722.0,190.0,1125.0,85092520.0,2296642.0,2254.0,0.0,1.0,0.0,0.0,19.0,30.0,456235976.0,2643462656.0,5792342016.0,41277.0,44332818432.0,894943511.0,0.0,1549.0,5571782.0,4122.0,188763.0,25755.0,0.0,0.0,2685.0,0.0
1787906324.8312588,2026-08-28T08:38:44+00:00,http_log_5m_x7,3046382.0,16488.0,1060710973.0,1092822722.0,190.0,1125.0,85092520.0,2296642.0,2254.0,1.0,1.0,0.0,0.0,19.0,30.0,456235976.0,2643462656.0,5792342016.0,41277.0,44332818432.0,894943511.0,0.0,1549.0,5571782.0,4122.0,188763.0,25755.0,0.0,0.0,2685.0,0.0
1787906325.8336499,2026-08-28T08:38:45+00:00,http_log_5m_x7,3046382.0,16488.0,1060710973.0,1095819233.0,190.0,1130.0,85092520.0,916364.0,2270.0,1.0,0.0,0.0,0.0,19.0,30.0,456235976.0,2643462656.0,5792342016.0,41277.0,44332818432.0,894943511.0,0.0,1549.0,5571782.0,4122.0,188763.0,25755.0,0.0,0.0,2685.0,0.0
1787906326.835704,2026-08-28T08:38:46+00:00,http_log_5m_x7,3046382.0,16488.0,1060710973.0,1095819233.0,190.0,1130.0,85092520.0,916364.0,2270.0,1.0,0.0,0.0,0.0,19.0,30.0,456235976.0,2643462656.0,5792342016.0,41277.0,44332818432.0,894943511.0,0.0,1549.0,5571782.0,4122.0,188763.0,25755.0,0.0,0.0,2685.0,0.0
1787906327.837301,2026-08-28T08:38:47+00:00,http_log_5m_x7,3046382.0,16488.0,1060710973.0,1095819233.0,190.0,1130.0,85092520.0,916364.0,2270.0,1.0,1.0,0.0,0.0,19.0,12.0,456235976.0,2643462656.0,5792342016.0,41277.0,44332818432.0,894943511.0,0.0,1549.0,5571782.0,4122.0,188763.0,25755.0,0.0,0.0,2685.0,0.0
1787906328.842396,2026-08-28T08:38:48+00:00,http_log_5m_x7,3046382.0,16488.0,1060710973.0,1095819233.0,190.0,1130.0,85092520.0,916364.0,2270.0,1.0,1.0,0.0,0.0,19.0,12.0,456235976.0,2643462656.0,5792342016.0,41277.0,44332818432.0,894943511.0,0.0,1549.0,5571782.0,4122.0,188763.0,25755.0,0.0,0.0,2685.0,0.0
1787906329.846187,2026-08-28T08:38:49+00:00,http_log_5m_x7,3046382.0,16488.0,1060710973.0,1101125085.0,190.0,1135.0,85092520.0,1915470.0,1770.0,1.0,0.0,0.0,0.0,19.0,12.0,456235976.0,2643462656.0,5792342016.0,41277.0,44332818432.0,894943511.0,0.0,1549.0,5571782.0,4122.0,188763.0,25755.0,0.0,0.0,2685.0,0.0
1787906330.851246,2026-08-28T08:38:50+00:00,http_log_5m_x7,3046382.0,16488.0,1060710973.0,1101125085.0,190.0,1135.0,85092520.0,1915470.0,1770.0,1.0,0.0,0.0,0.0,19.0,12.0,456235976.0,2643462656.0,5792342016.0,41277.0,44332818432.0,894943511.0,0.0,1549.0,5571782.0,4122.0,188763.0,25755.0,0.0,0.0,2685.0,0.0
1787906331.8563159,2026-08-28T08:38:51+00:00,http_log_5m_x7,3046382.0,16488.0,1060710973.0,1101125085.0,190.0,1135.0,85092520.0,1915470.0,1770.0,1.0,1.0,0.0,0.0,19.0,11.0,456235976.0,2643462656.0,5792342016.0,41277.0,44332818432.0,894943511.0,0.0,1549.0,5571782.0,4122.0,188763.0,25755.0,0.0,0.0,2685.0,0.0
1787906332.861403,2026-08-28T08:38:52+00:00,http_log_5m_x7,3046382.0,16488.0,1060710973.0,1101125085.0,190.0,1135.0,85092520.0,1915470.0,1770.0,1.0,1.0,0.0,0.0,19.0,11.0,456235976.0,2643462656.0,5792342016.0,41277.0,44332818432.0,894943511.0,0.0,1549.0,5571782.0,4122.0,188763.0,25755.0,0.0,0.0,2685.0,0.0
1787906333.861682,2026-08-28T08:38:53+00:00,http_log_5m_x7,3046382.0,16488.0,1060710973.0,1108674623.0,190.0,1140.0,85092520.0,2165673.0,2486.0,1.0,0.0,0.0,0.0,19.0,11.0,456235976.0,2643462656.0,5792342016.0,41277.0,44332818432.0,894943511.0,0.0,1549.0,5571782.0,4122.0,188763.0,25755.0,0.0,0.0,2685.0,0.0
1787906334.865816,2026-08-28T08:38:54+00:00,http_log_5m_x7,3046382.0,16488.0,1060710973.0,1108674623.0,190.0,1140.0,85092520.0,2165673.0,2486.0,1.0,0.0,0.0,0.0,19.0,11.0,456235976.0,2643462656.0,5792342016.0,41277.0,44332818432.0,894943511.0,0.0,1549.0,5571782.0,4122.0,188763.0,25755.0,0.0,0.0,2685.0,0.0
1787906335.866171,2026-08-28T08:38:55+00:00,http_log_5m_x7,3046382.0,16488.0,1060710973.0,1108674623.0,190.0,1140.0,463220416.0,2165673.0,2486.0,1.0,0.0,0.0,0.0,19.0,11.0,827547288.0,2643462656.0,5846720512.0,41377.0,44332818432.0,894943511.0,0.0,1568.0,5581171.0,4131.0,191245.0,25850.0,0.0,0.0,2703.0,0.0
1787906336.8665118,2026-08-28T08:38:56+00:00,http_log_5m_x7,3046382.0,16488.0,1060710973.0,1108674623.0,190.0,1140.0,463220416.0,2165673.0,2486.0,1.0,1.0,0.0,0.0,19.0,26.0,827547288.0,2643462656.0,5846720512.0,41377.0,44332818432.0,894943511.0,0.0,1568.0,5581171.0,4131.0,191245.0,25850.0,0.0,0.0,2703.0,0.0
1787906337.871634,2026-08-28T08:38:57+00:00,http_log_5m_x7,3046382.0,16488.0,1060710973.0,1108674623.0,190.0,1140.0,463220416.0,2165673.0,2486.0,1.0,1.0,0.0,0.0,19.0,26.0,827547288.0,2643462656.0,5846720512.0,41377.0,44332818432.0,894943511.0,0.0,1568.0,5581171.0,4131.0,191245.0,25850.0,0.0,0.0,2703.0,0.0
1787906338.874316,2026-08-28T08:38:58+00:00,http_log_5m_x7,3046382.0,16488.0,1060710973.0,1111661997.0,190.0,1145.0,463220416.0,921460.0,2242.0,1.0,0.0,0.0,0.0,19.0,26.0,827547288.0,2643462656.0,5846720512.0,41377.0,44332818432.0,894943511.0,0.0,1568.0,5581171.0,4131.0,191245.0,25850.0,0.0,0.0,2703.0,0.0
1787906339.8786628,2026-08-28T08:38:59+00:00,http_log_5m_x7,3046382.0,16488.0,1060710973.0,1111661997.0,190.0,1145.0,463220416.0,921460.0,2242.0,1.0,0.0,0.0,0.0,19.0,26.0,827547288.0,2643462656.0,5846720512.0,41377.0,44332818432.0,894943511.0,0.0,1568.0,5581171.0,4131.0,191245.0,25850.0,0.0,0.0,2703.0,0.0
1787906340.881088,2026-08-28T08:39:00+00:00,http_log_5m_x7,3046382.0,16488.0,1060710973.0,1111661997.0,190.0,1145.0,463220416.0,921460.0,2242.0,1.0,0.0,0.0,0.0,19.0,26.0,827547288.0,2643462656.0,5846720512.0,41377.0,44332818432.0,894943511.0,0.0,1568.0,5581171.0,4131.0,191245.0,25850.0,0.0,0.0,2703.0,0.0
1787906341.886145,2026-08-28T08:39:01+00:00,http_log_5m_x7,3046382.0,16488.0,1060710973.0,1111661997.0,190.0,1145.0,463220416.0,921460.0,2242.0,1.0,1.0,0.0,0.0,19.0,29.0,827547288.0,2643462656.0,5846720512.0,41377.0,44332818432.0,894943511.0,0.0,1568.0,5581171.0,4131.0,191245.0,25850.0,0.0,0.0,2703.0,0.0
1787906342.886697,2026-08-28T08:39:02+00:00,http_log_5m_x7,3046382.0,16488.0,1060710973.0,1111661997.0,190.0,1145.0,463220416.0,921460.0,2242.0,1.0,1.0,0.0,0.0,19.0,29.0,827547288.0,2643462656.0,5846720512.0,41377.0,44332818432.0,894943511.0,0.0,1568.0,5581171.0,4131.0,191245.0,25850.0,0.0,0.0,2703.0,0.0
1787906343.88764,2026-08-28T08:39:03+00:00,http_log_5m_x7,3046382.0,16488.0,1060710973.0,1114640809.0,190.0,1150.0,463220416.0,889994.0,2347.0,1.0,0.0,0.0,0.0,19.0,29.0,827547288.0,2643462656.0,5846720512.0,41377.0,44332818432.0,894943511.0,0.0,1568.0,5581171.0,4131.0,191245.0,25850.0,0.0,0.0,2703.0,0.0
1787906344.892718,2026-08-28T08:39:04+00:00,http_log_5m_x7,3046382.0,16488.0,1060710973.0,1114640809.0,190.0,1150.0,463220416.0,889994.0,2347.0,1.0,0.0,0.0,0.0,19.0,29.0,827547288.0,2643462656.0,5846720512.0,41377.0,44332818432.0,894943511.0,0.0,1568.0,5581171.0,4131.0,191245.0,25850.0,0.0,0.0,2703.0,0.0
1787906345.8978298,2026-08-28T08:39:05+00:00,http_log_5m_x7,3046382.0,16488.0,1060710973.0,1114640809.0,190.0,1150.0,463220416.0,889994.0,2347.0,1.0,0.0,0.0,0.0,19.0,29.0,827547288.0,2643462656.0,5846720512.0,41377.0,44332818432.0,894943511.0,0.0,1568.0,5581171.0,4131.0,191245.0,25850.0,0.0,0.0,2703.0,0.0
1787906346.902905,2026-08-28T08:39:06+00:00,http_log_5m_x7,3046382.0,16488.0,1060710973.0,1114640809.0,190.0,1150.0,463220416.0,889994.0,2347.0,1.0,1.0,0.0,0.0,19.0,30.0,827547288.0,2643462656.0,5846720512.0,41377.0,44332818432.0,894943511.0,0.0,1568.0,5581171.0,4131.0,191245.0,25850.0,0.0,0.0,2703.0,0.0
1787906347.903044,2026-08-28T08:39:07+00:00,http_log_5m_x7,3046382.0,16488.0,1060710973.0,1114640809.0,190.0,1150.0,463220416.0,889994.0,2347.0,1.0,1.0,0.0,0.0,19.0,30.0,827547288.0,2643462656.0,5846720512.0,41377.0,44332818432.0,894943511.0,0.0,1568.0,5581171.0,4131.0,191245.0,25850.0,0.0,0.0,2703.0,0.0
1787906348.908124,2026-08-28T08:39:08+00:00,http_log_5m_x7,3046382.0,16488.0,1060710973.0,1117619059.0,190.0,1155.0,463220416.0,905793.0,2288.0,1.0,0.0,0.0,0.0,19.0,30.0,827547288.0,2643462656.0,5846720512.0,41377.0,44332818432.0,894943511.0,0.0,1568.0,5581171.0,4131.0,191245.0,25850.0,0.0,0.0,2703.0,0.0
1787906349.9132092,2026-08-28T08:39:09+00:00,http_log_5m_x7,3046382.0,16488.0,1060710973.0,1117619059.0,190.0,1155.0,463220416.0,905793.0,2288.0,1.0,0.0,0.0,0.0,19.0,30.0,827547288.0,2643462656.0,5846720512.0,41377.0,44332818432.0,894943511.0,0.0,1568.0,5581171.0,4131.0,191245.0,25850.0,0.0,0.0,2703.0,0.0
1787906350.918398,2026-08-28T08:39:10+00:00,http_log_5m_x7,3046382.0,16488.0,1060710973.0,1117619059.0,190.0,1155.0,977002768.0,905793.0,2288.0,1.0,0.0,0.0,0.0,19.0,30.0,1344216176.0,2643462656.0,5879103488.0,41476.0,44332818432.0,894943511.0,0.0,1586.0,5590180.0,4139.0,194112.0,25936.0,0.0,0.0,2718.0,0.0
1787906351.9227352,2026-08-28T08:39:11+00:00,http_log_5m_x7,2925948.0,27193.0,1143202228.0,1117619059.0,195.0,1155.0,977002768.0,905793.0,2288.0,0.0,1.0,0.0,0.0,19.0,32.0,1344216176.0,2643462656.0,5879103488.0,41476.0,44041240576.0,949454297.0,0.0,1586.0,5590180.0,4139.0,194112.0,25936.0,0.0,0.0,2718.0,0.0
1787906352.927834,2026-08-28T08:39:12+00:00,http_log_5m_x7,2925948.0,27193.0,1143202228.0,1117619059.0,195.0,1155.0,977002768.0,905793.0,2288.0,0.0,1.0,0.0,0.0,19.0,32.0,1344216176.0,2643462656.0,5879103488.0,41476.0,44041240576.0,949454297.0,0.0,1586.0,5590180.0,4139.0,194112.0,25936.0,0.0,0.0,2718.0,0.0
1787906353.928065,2026-08-28T08:39:13+00:00,http_log_5m_x7,2925948.0,27193.0,1143202228.0,1120634411.0,195.0,1160.0,977002768.0,972380.0,2101.0,0.0,0.0,0.0,0.0,19.0,32.0,1344216176.0,2643462656.0,5879103488.0,41476.0,44041240576.0,949454297.0,0.0,1586.0,5590180.0,4139.0,194112.0,25936.0,0.0,0.0,2718.0,0.0
1787906354.9331741,2026-08-28T08:39:14+00:00,http_log_5m_x7,2925948.0,27193.0,1143202228.0,1120634411.0,195.0,1160.0,977002768.0,972380.0,2101.0,0.0,1.0,0.0,0.0,19.0,33.0,1344216176.0,2643462656.0,5879103488.0,41476.0,44041240576.0,949454297.0,0.0,1586.0,5590180.0,4139.0,194112.0,25936.0,0.0,0.0,2718.0,0.0
1787906355.938255,2026-08-28T08:39:15+00:00,http_log_5m_x7,2925948.0,27193.0,1143202228.0,1120634411.0,195.0,1160.0,977002768.0,972380.0,2101.0,0.0,1.0,0.0,0.0,19.0,33.0,1344216176.0,2643462656.0,5879103488.0,41476.0,44041240576.0,949454297.0,0.0,1586.0,5590180.0,4139.0,194112.0,25936.0,0.0,0.0,2718.0,0.0
1787906356.9422138,2026-08-28T08:39:16+00:00,http_log_5m_x7,2925948.0,27193.0,1143202228.0,1120634411.0,195.0,1160.0,977002768.0,972380.0,2101.0,0.0,2.0,0.0,0.0,19.0,25.0,1344216176.0,2643462656.0,5879103488.0,41476.0,44041240576.0,949454297.0,0.0,1586.0,5590180.0,4139.0,194112.0,25936.0,0.0,0.0,2718.0,0.0
1787906357.9473128,2026-08-28T08:39:17+00:00,http_log_5m_x7,2925948.0,27193.0,1143202228.0,1120634411.0,195.0,1160.0,977002768.0,972380.0,2101.0,0.0,2.0,0.0,0.0,19.0,25.0,1344216176.0,2643462656.0,5879103488.0,41476.0,44041240576.0,949454297.0,0.0,1586.0,5590180.0,4139.0,194112.0,25936.0,0.0,0.0,2718.0,0.0
1787906358.9505322,2026-08-28T08:39:18+00:00,http_log_5m_x7,2925948.0,27193.0,1143202228.0,1123575193.0,195.0,1165.0,977002768.0,925356.0,2178.0,0.0,1.0,0.0,0.0,19.0,25.0,1344216176.0,2643462656.0,5879103488.0,41476.0,44041240576.0,949454297.0,0.0,1586.0,5590180.0,4139.0,194112.0,25936.0,0.0,0.0,2718.0,0.0
1787906359.952362,2026-08-28T08:39:19+00:00,http_log_5m_x7,2925948.0,27193.0,1143202228.0,1123575193.0,195.0,1165.0,977002768.0,925356.0,2178.0,0.0,1.0,0.0,0.0,19.0,25.0,1344216176.0,2643462656.0,5879103488.0,41476.0,44041240576.0,949454297.0,0.0,1586.0,5590180.0,4139.0,194112.0,25936.0,0.0,0.0,2718.0,0.0
1787906360.957441,2026-08-28T08:39:20+00:00,http_log_5m_x7,2925948.0,27193.0,1143202228.0,1142407132.0,195.0,1170.0,977002768.0,2792813.0,5743.0,0.0,1.0,0.0,0.0,19.0,20.0,1344216176.0,2643462656.0,5879103488.0,41476.0,44041240576.0,949454297.0,0.0,1586.0,5590180.0,4139.0,194112.0,25936.0,0.0,0.0,2718.0,0.0
1787906361.962074,2026-08-28T08:39:21+00:00,http_log_5m_x7,2925948.0,27193.0,1143202228.0,1147600695.0,195.0,1175.0,977002768.0,2031910.0,1556.0,0.0,0.0,0.0,0.0,19.0,20.0,1344216176.0,2643462656.0,5879103488.0,41476.0,44041240576.0,949454297.0,0.0,1586.0,5590180.0,4139.0,194112.0,25936.0,0.0,0.0,2718.0,0.0
1787906362.96579,2026-08-28T08:39:22+00:00,http_log_5m_x7,2925948.0,27193.0,1143202228.0,1147600695.0,195.0,1175.0,977002768.0,2031910.0,1556.0,0.0,0.0,0.0,0.0,19.0,20.0,1344216176.0,2643462656.0,5879103488.0,41476.0,44041240576.0,949454297.0,0.0,1586.0,5590180.0,4139.0,194112.0,25936.0,0.0,0.0,2718.0,0.0
1787906363.970905,2026-08-28T08:39:23+00:00,http_log_5m_x7,2925948.0,27193.0,1143202228.0,1147600695.0,195.0,1175.0,977002768.0,2031910.0,1556.0,0.0,0.0,0.0,0.0,19.0,20.0,1344216176.0,2643462656.0,5879103488.0,41476.0,44041240576.0,949454297.0,0.0,1586.0,5590180.0,4139.0,194112.0,25936.0,0.0,0.0,2718.0,0.0
1787906364.9746869,2026-08-28T08:39:24+00:00,http_log_5m_x7,2925948.0,27193.0,1143202228.0,1147600695.0,195.0,1175.0,977002768.0,2031910.0,1556.0,0.0,1.0,0.0,0.0,19.0,19.0,1344216176.0,2643462656.0,5879103488.0,41476.0,44041240576.0,949454297.0,0.0,1586.0,5590180.0,4139.0,194112.0,25936.0,0.0,0.0,2718.0,0.0
1787906365.9753878,2026-08-28T08:39:25+00:00,http_log_5m_x7,2925948.0,27193.0,1143202228.0,1147600695.0,195.0,1175.0,50600152.0,2031910.0,1556.0,0.0,1.0,0.0,0.0,19.0,19.0,396393416.0,2643462656.0,6072004608.0,41693.0,44041240576.0,949454297.0,1.0,1615.0,5600032.0,4161.0,196130.0,26013.0,0.0,0.0,2736.0,0.0
1787906366.9798138,2026-08-28T08:39:26+00:00,http_log_5m_x7,2925948.0,27193.0,1143202228.0,1155110865.0,195.0,1180.0,50600152.0,2313669.0,2246.0,0.0,0.0,0.0,0.0,19.0,19.0,396393416.0,2643462656.0,6072004608.0,41693.0,44041240576.0,949454297.0,1.0,1615.0,5600032.0,4161.0,196130.0,26013.0,0.0,0.0,2736.0,0.0
1787906367.98495,2026-08-28T08:39:27+00:00,http_log_5m_x7,2925948.0,27193.0,1143202228.0,1155110865.0,195.0,1180.0,50600152.0,2313669.0,2246.0,0.0,0.0,0.0,0.0,19.0,19.0,396393416.0,2643462656.0,6072004608.0,41693.0,44041240576.0,949454297.0,1.0,1615.0,5600032.0,4161.0,196130.0,26013.0,0.0,0.0,2736.0,0.0
1787906368.989265,2026-08-28T08:39:28+00:00,http_log_5m_x7,2925948.0,27193.0,1143202228.0,1155110865.0,195.0,1180.0,50600152.0,2313669.0,2246.0,0.0,0.0,0.0,0.0,19.0,19.0,396393416.0,2643462656.0,6072004608.0,41693.0,44041240576.0,949454297.0,1.0,1615.0,5600032.0,4161.0,196130.0,26013.0,0.0,0.0,2736.0,0.0
1787906369.994349,2026-08-28T08:39:30+00:00,http_log_5m_x7,2925948.0,27193.0,1143202228.0,1155110865.0,195.0,1180.0,50600152.0,2313669.0,2246.0,0.0,1.0,0.0,0.0,19.0,34.0,396393416.0,2643462656.0,6072004608.0,41693.0,44041240576.0,949454297.0,1.0,1615.0,5600032.0,4161.0,196130.0,26013.0,0.0,0.0,2736.0,0.0
1787906370.999438,2026-08-28T08:39:31+00:00,http_log_5m_x7,2925948.0,27193.0,1143202228.0,1155110865.0,195.0,1180.0,50600152.0,2313669.0,2246.0,0.0,1.0,0.0,0.0,19.0,34.0,396393416.0,2643462656.0,6072004608.0,41693.0,44041240576.0,949454297.0,1.0,1615.0,5600032.0,4161.0,196130.0,26013.0,0.0,0.0,2736.0,0.0
1787906372.00452,2026-08-28T08:39:32+00:00,http_log_5m_x7,2925948.0,27193.0,1143202228.0,1158098484.0,195.0,1185.0,50600152.0,1007968.0,1964.0,0.0,0.0,0.0,0.0,19.0,34.0,396393416.0,2643462656.0,6072004608.0,41693.0,44041240576.0,949454297.0,1.0,1615.0,5600032.0,4161.0,196130.0,26013.0,0.0,0.0,2736.0,0.0
1787906373.00964,2026-08-28T08:39:33+00:00,http_log_5m_x7,2925948.0,27193.0,1143202228.0,1158098484.0,195.0,1185.0,50600152.0,1007968.0,1964.0,0.0,0.0,0.0,0.0,19.0,34.0,396393416.0,2643462656.0,6072004608.0,41693.0,44041240576.0,949454297.0,1.0,1615.0,5600032.0,4161.0,196130.0,26013.0,0.0,0.0,2736.0,0.0
1787906374.0147321,2026-08-28T08:39:34+00:00,http_log_5m_x7,2925948.0,27193.0,1143202228.0,1158098484.0,195.0,1185.0,50600152.0,1007968.0,1964.0,0.0,0.0,0.0,0.0,19.0,34.0,396393416.0,2643462656.0,6072004608.0,41693.0,44041240576.0,949454297.0,1.0,1615.0,5600032.0,4161.0,196130.0,26013.0,0.0,0.0,2736.0,0.0
1787906375.019802,2026-08-28T08:39:35+00:00,http_log_5m_x7,2925948.0,27193.0,1143202228.0,1158098484.0,195.0,1185.0,50600152.0,1007968.0,1964.0,0.0,1.0,0.0,0.0,19.0,35.0,396393416.0,2643462656.0,6072004608.0,41693.0,44041240576.0,949454297.0,1.0,1615.0,5600032.0,4161.0,196130.0,26013.0,0.0,0.0,2736.0,0.0
1787906376.024927,2026-08-28T08:39:36+00:00,http_log_5m_x7,2925948.0,27193.0,1143202228.0,1158098484.0,195.0,1185.0,50600152.0,1007968.0,1964.0,0.0,1.0,0.0,0.0,19.0,35.0,396393416.0,2643462656.0,6072004608.0,41693.0,44041240576.0,949454297.0,1.0,1615.0,5600032.0,4161.0,196130.0,26013.0,0.0,0.0,2736.0,0.0
1787906377.0300312,2026-08-28T08:39:37+00:00,http_log_5m_x7,2925948.0,27193.0,1143202228.0,1161103576.0,195.0,1190.0,50600152.0,942626.0,2188.0,0.0,0.0,0.0,0.0,19.0,35.0,396393416.0,2643462656.0,6072004608.0,41693.0,44041240576.0,949454297.0,1.0,1615.0,5600032.0,4161.0,196130.0,26013.0,0.0,0.0,2736.0,0.0
1787906378.034528,2026-08-28T08:39:38+00:00,http_log_5m_x7,2925948.0,27193.0,1143202228.0,1161103576.0,195.0,1190.0,50600152.0,942626.0,2188.0,0.0,0.0,0.0,0.0,19.0,35.0,396393416.0,2643462656.0,6072004608.0,41693.0,44041240576.0,949454297.0,1.0,1615.0,5600032.0,4161.0,196130.0,26013.0,0.0,0.0,2736.0,0.0
1787906379.039655,2026-08-28T08:39:39+00:00,http_log_5m_x7,2925948.0,27193.0,1143202228.0,1161103576.0,195.0,1190.0,50600152.0,942626.0,2188.0,0.0,0.0,0.0,0.0,19.0,35.0,396393416.0,2643462656.0,6072004608.0,41693.0,44041240576.0,949454297.0,1.0,1615.0,5600032.0,4161.0,196130.0,26013.0,0.0,0.0,2736.0,0.0
1787906380.044727,2026-08-28T08:39:40+00:00,http_log_5m_x7,2925948.0,27193.0,1143202228.0,1161103576.0,195.0,1190.0,50600152.0,942626.0,2188.0,0.0,1.0,0.0,0.0,19.0,37.0,396393416.0,2643462656.0,6072004608.0,41693.0,44041240576.0,949454297.0,1.0,1615.0,5600032.0,4161.0,196130.0,26013.0,0.0,0.0,2736.0,0.0
1787906381.048655,2026-08-28T08:39:41+00:00,http_log_5m_x7,2925948.0,27193.0,1143202228.0,1161103576.0,195.0,1190.0,47187688.0,942626.0,2188.0,0.0,1.0,0.0,0.0,19.0,37.0,393983984.0,2643462656.0,6111731712.0,41782.0,44041240576.0,949454297.0,0.0,1633.0,5610690.0,4169.0,197387.0,26057.0,0.0,0.0,2750.0,0.0
1787906382.052043,2026-08-28T08:39:42+00:00,http_log_5m_x7,2925948.0,27193.0,1143202228.0,1164119103.0,195.0,1195.0,47187688.0,973064.0,2099.0,0.0,0.0,0.0,0.0,19.0,37.0,393983984.0,2643462656.0,6111731712.0,41782.0,44041240576.0,949454297.0,0.0,1633.0,5610690.0,4169.0,197387.0,26057.0,0.0,0.0,2750.0,0.0
1787906383.057146,2026-08-28T08:39:43+00:00,http_log_5m_x7,2925948.0,27193.0,1143202228.0,1164119103.0,195.0,1195.0,47187688.0,973064.0,2099.0,0.0,0.0,0.0,0.0,19.0,37.0,393983984.0,2643462656.0,6111731712.0,41782.0,44041240576.0,949454297.0,0.0,1633.0,5610690.0,4169.0,197387.0,26057.0,0.0,0.0,2750.0,0.0
1787906384.062217,2026-08-28T08:39:44+00:00,http_log_5m_x7,2925948.0,27193.0,1143202228.0,1164119103.0,195.0,1195.0,47187688.0,973064.0,2099.0,0.0,0.0,0.0,0.0,19.0,37.0,393983984.0,2643462656.0,6111731712.0,41782.0,44041240576.0,949454297.0,0.0,1633.0,5610690.0,4169.0,197387.0,26057.0,0.0,0.0,2750.0,0.0
1787906385.066713,2026-08-28T08:39:45+00:00,http_log_5m_x7,2925948.0,27193.0,1143202228.0,1164119103.0,195.0,1195.0,47187688.0,973064.0,2099.0,0.0,1.0,0.0,0.0,19.0,39.0,393983984.0,2643462656.0,6111731712.0,41782.0,44041240576.0,949454297.0,0.0,1633.0,5610690.0,4169.0,197387.0,26057.0,0.0,0.0,2750.0,0.0
1787906386.071786,2026-08-28T08:39:46+00:00,http_log_5m_x7,2925948.0,27193.0,1143202228.0,1164119103.0,195.0,1195.0,47187688.0,973064.0,2099.0,0.0,1.0,0.0,0.0,19.0,39.0,393983984.0,2643462656.0,6111731712.0,41782.0,44041240576.0,949454297.0,0.0,1633.0,5610690.0,4169.0,197387.0,26057.0,0.0,0.0,2750.0,0.0
1787906387.073479,2026-08-28T08:39:47+00:00,http_log_5m_x7,2925948.0,27193.0,1143202228.0,1167134397.0,195.0,1200.0,47187688.0,934395.0,2227.0,0.0,0.0,0.0,0.0,19.0,39.0,393983984.0,2643462656.0,6111731712.0,41782.0,44041240576.0,949454297.0,0.0,1633.0,5610690.0,4169.0,197387.0,26057.0,0.0,0.0,2750.0,0.0
1787906388.077866,2026-08-28T08:39:48+00:00,http_log_5m_x7,2925948.0,27193.0,1143202228.0,1167134397.0,195.0,1200.0,47187688.0,934395.0,2227.0,0.0,1.0,0.0,0.0,19.0,35.0,393983984.0,2643462656.0,6111731712.0,41782.0,44041240576.0,949454297.0,0.0,1633.0,5610690.0,4169.0,197387.0,26057.0,0.0,0.0,2750.0,0.0
1787906389.0829718,2026-08-28T08:39:49+00:00,http_log_5m_x7,2925948.0,27193.0,1143202228.0,1167134397.0,195.0,1200.0,47187688.0,934395.0,2227.0,0.0,1.0,0.0,0.0,19.0,35.0,393983984.0,2643462656.0,6111731712.0,41782.0,44041240576.0,949454297.0,0.0,1633.0,5610690.0,4169.0,197387.0,26057.0,0.0,0.0,2750.0,0.0
1787906390.08807,2026-08-28T08:39:50+00:00,http_log_5m_x7,2925948.0,27193.0,1143202228.0,1167134397.0,195.0,1200.0,47187688.0,934395.0,2227.0,0.0,2.0,0.0,0.0,19.0,27.0,393983984.0,2643462656.0,6111731712.0,41782.0,44041240576.0,949454297.0,0.0,1633.0,5610690.0,4169.0,197387.0,26057.0,0.0,0.0,2750.0,0.0
1787906391.093195,2026-08-28T08:39:51+00:00,http_log_5m_x7,2925948.0,27193.0,1143202228.0,1167134397.0,195.0,1200.0,47187688.0,934395.0,2227.0,0.0,2.0,0.0,0.0,19.0,27.0,393983984.0,2643462656.0,6111731712.0,41782.0,44041240576.0,949454297.0,0.0,1633.0,5610690.0,4169.0,197387.0,26057.0,0.0,0.0,2750.0,0.0
1787906392.0982862,2026-08-28T08:39:52+00:00,http_log_5m_x7,2925948.0,27193.0,1143202228.0,1170140136.0,195.0,1205.0,47187688.0,804964.0,2734.0,0.0,1.0,0.0,0.0,19.0,27.0,393983984.0,2643462656.0,6111731712.0,41782.0,44041240576.0,949454297.0,0.0,1633.0,5610690.0,4169.0,197387.0,26057.0,0.0,0.0,2750.0,0.0
1787906393.103372,2026-08-28T08:39:53+00:00,http_log_5m_x7,2925948.0,27193.0,1143202228.0,1170140136.0,195.0,1205.0,47187688.0,804964.0,2734.0,0.0,1.0,0.0,0.0,19.0,27.0,393983984.0,2643462656.0,6111731712.0,41782.0,44041240576.0,949454297.0,0.0,1633.0,5610690.0,4169.0,197387.0,26057.0,0.0,0.0,2750.0,0.0
1787906394.10385,2026-08-28T08:39:54+00:00,http_log_5m_x7,2925948.0,27193.0,1143202228.0,1188999229.0,195.0,1210.0,47187688.0,2475921.0,6617.0,0.0,1.0,0.0,0.0,19.0,20.0,393983984.0,2643462656.0,6111731712.0,41782.0,44041240576.0,949454297.0,0.0,1633.0,5610690.0,4169.0,197387.0,26057.0,0.0,0.0,2750.0,0.0
1787906395.108939,2026-08-28T08:39:55+00:00,http_log_5m_x7,2925948.0,27193.0,1143202228.0,1194267736.0,195.0,1215.0,47187688.0,2059619.0,1558.0,0.0,0.0,0.0,0.0,19.0,20.0,393983984.0,2643462656.0,6111731712.0,41782.0,44041240576.0,949454297.0,0.0,1633.0,5610690.0,4169.0,197387.0,26057.0,0.0,0.0,2750.0,0.0
1787906396.111804,2026-08-28T08:39:56+00:00,http_log_5m_x7,2925948.0,27193.0,1143202228.0,1194267736.0,195.0,1215.0,0.0,2059619.0,1558.0,0.0,0.0,0.0,0.0,19.0,20.0,349511280.0,2643462656.0,6182342656.0,41904.0,44041240576.0,949454297.0,0.0,1652.0,5620424.0,4180.0,199512.0,26136.0,0.0,0.0,2768.0,0.0
1787906397.114568,2026-08-28T08:39:57+00:00,http_log_5m_x7,2925948.0,27193.0,1143202228.0,1194267736.0,195.0,1215.0,0.0,2059619.0,1558.0,0.0,0.0,0.0,0.0,19.0,20.0,349511280.0,2643462656.0,6182342656.0,41904.0,44041240576.0,949454297.0,0.0,1652.0,5620424.0,4180.0,199512.0,26136.0,0.0,0.0,2768.0,0.0
1787906398.1196768,2026-08-28T08:39:58+00:00,http_log_5m_x7,2925948.0,27193.0,1143202228.0,1194267736.0,195.0,1215.0,0.0,2059619.0,1558.0,0.0,1.0,0.0,0.0,19.0,20.0,349511280.0,2643462656.0,6182342656.0,41904.0,44041240576.0,949454297.0,0.0,1652.0,5620424.0,4180.0,199512.0,26136.0,0.0,0.0,2768.0,0.0
1787906399.124747,2026-08-28T08:39:59+00:00,http_log_5m_x7,2925948.0,27193.0,1143202228.0,1194267736.0,195.0,1215.0,0.0,2059619.0,1558.0,0.0,1.0,0.0,0.0,19.0,20.0,349511280.0,2643462656.0,6182342656.0,41904.0,44041240576.0,949454297.0,0.0,1652.0,5620424.0,4180.0,199512.0,26136.0,0.0,0.0,2768.0,0.0
1787906400.1268659,2026-08-28T08:40:00+00:00,http_log_5m_x7,2925948.0,27193.0,1143202228.0,1201834218.0,195.0,1220.0,0.0,2257303.0,2352.0,0.0,0.0,0.0,0.0,19.0,20.0,349511280.0,2643462656.0,6182342656.0,41904.0,44041240576.0,949454297.0,0.0,1652.0,5620424.0,4180.0,199512.0,26136.0,0.0,0.0,2768.0,0.0
1787906401.131932,2026-08-28T08:40:01+00:00,http_log_5m_x7,2925948.0,27193.0,1143202228.0,1201834218.0,195.0,1220.0,0.0,2257303.0,2352.0,0.0,0.0,0.0,0.0,19.0,20.0,349511280.0,2643462656.0,6182342656.0,41904.0,44041240576.0,949454297.0,0.0,1652.0,5620424.0,4180.0,199512.0,26136.0,0.0,0.0,2768.0,0.0
1787906402.1357539,2026-08-28T08:40:02+00:00,http_log_5m_x7,2925948.0,27193.0,1143202228.0,1201834218.0,195.0,1220.0,0.0,2257303.0,2352.0,0.0,0.0,0.0,0.0,19.0,20.0,349511280.0,2643462656.0,6182342656.0,41904.0,44041240576.0,949454297.0,0.0,1652.0,5620424.0,4180.0,199512.0,26136.0,0.0,0.0,2768.0,0.0
1787906403.137185,2026-08-28T08:40:03+00:00,http_log_5m_x7,2925948.0,27193.0,1143202228.0,1201834218.0,195.0,1220.0,0.0,2257303.0,2352.0,0.0,1.0,0.0,0.0,19.0,35.0,349511280.0,2643462656.0,6182342656.0,41904.0,44041240576.0,949454297.0,0.0,1652.0,5620424.0,4180.0,199512.0,26136.0,0.0,0.0,2768.0,0.0
1787906404.142267,2026-08-28T08:40:04+00:00,http_log_5m_x7,2925948.0,27193.0,1143202228.0,1201834218.0,195.0,1220.0,0.0,2257303.0,2352.0,0.0,1.0,0.0,0.0,19.0,35.0,349511280.0,2643462656.0,6182342656.0,41904.0,44041240576.0,949454297.0,0.0,1652.0,5620424.0,4180.0,199512.0,26136.0,0.0,0.0,2768.0,0.0
1787906405.147347,2026-08-28T08:40:05+00:00,http_log_5m_x7,2925948.0,27193.0,1143202228.0,1204812041.0,195.0,1225.0,0.0,964633.0,2087.0,0.0,0.0,0.0,0.0,19.0,35.0,349511280.0,2643462656.0,6182342656.0,41904.0,44041240576.0,949454297.0,0.0,1652.0,5620424.0,4180.0,199512.0,26136.0,0.0,0.0,2768.0,0.0
1787906406.152413,2026-08-28T08:40:06+00:00,http_log_5m_x7,2925948.0,27193.0,1143202228.0,1204812041.0,195.0,1225.0,0.0,964633.0,2087.0,0.0,0.0,0.0,0.0,19.0,35.0,349511280.0,2643462656.0,6182342656.0,41904.0,44041240576.0,949454297.0,0.0,1652.0,5620424.0,4180.0,199512.0,26136.0,0.0,0.0,2768.0,0.0
1787906407.157473,2026-08-28T08:40:07+00:00,http_log_5m_x7,2925948.0,27193.0,1143202228.0,1204812041.0,195.0,1225.0,0.0,964633.0,2087.0,0.0,0.0,0.0,0.0,19.0,35.0,349511280.0,2643462656.0,6182342656.0,41904.0,44041240576.0,949454297.0,0.0,1652.0,5620424.0,4180.0,199512.0,26136.0,0.0,0.0,2768.0,0.0
1787906408.162226,2026-08-28T08:40:08+00:00,http_log_5m_x7,2925948.0,27193.0,1143202228.0,1204812041.0,195.0,1225.0,0.0,964633.0,2087.0,0.0,1.0,0.0,0.0,19.0,37.0,349511280.0,2643462656.0,6182342656.0,41904.0,44041240576.0,949454297.0,0.0,1652.0,5620424.0,4180.0,199512.0,26136.0,0.0,0.0,2768.0,0.0
1787906409.1673138,2026-08-28T08:40:09+00:00,http_log_5m_x7,2925948.0,27193.0,1143202228.0,1204812041.0,195.0,1225.0,0.0,964633.0,2087.0,0.0,1.0,0.0,0.0,19.0,37.0,349511280.0,2643462656.0,6182342656.0,41904.0,44041240576.0,949454297.0,0.0,1652.0,5620424.0,4180.0,199512.0,26136.0,0.0,0.0,2768.0,0.0
1787906410.172391,2026-08-28T08:40:10+00:00,http_log_5m_x7,2925948.0,27193.0,1143202228.0,1207799173.0,195.0,1230.0,0.0,999709.0,1988.0,0.0,0.0,0.0,0.0,19.0,37.0,349511280.0,2643462656.0,6182342656.0,41904.0,44041240576.0,949454297.0,0.0,1652.0,5620424.0,4180.0,199512.0,26136.0,0.0,0.0,2768.0,0.0
1787906411.173749,2026-08-28T08:40:11+00:00,http_log_5m_x7,2925948.0,27193.0,1143202228.0,1207799173.0,195.0,1230.0,0.0,999709.0,1988.0,0.0,0.0,0.0,0.0,19.0,37.0,352734280.0,2643462656.0,6222213120.0,41987.0,44041240576.0,949454297.0,0.0,1670.0,5631078.0,4189.0,200750.0,26188.0,0.0,0.0,2784.0,0.0
1787906412.178827,2026-08-28T08:40:12+00:00,http_log_5m_x7,2925948.0,27193.0,1143202228.0,1207799173.0,195.0,1230.0,0.0,999709.0,1988.0,0.0,0.0,0.0,0.0,19.0,37.0,352734280.0,2643462656.0,6222213120.0,41987.0,43839299584.0,1002119245.0,0.0,1670.0,5631078.0,4189.0,200750.0,26188.0,0.0,0.0,2784.0,0.0
1787906413.183902,2026-08-28T08:40:13+00:00,http_log_5m_x7,2925948.0,27193.0,1143202228.0,1207799173.0,195.0,1230.0,0.0,999709.0,1988.0,0.0,1.0,0.0,0.0,19.0,39.0,352734280.0,2643462656.0,6222213120.0,41987.0,43839299584.0,1002119245.0,0.0,1670.0,5631078.0,4189.0,200750.0,26188.0,0.0,0.0,2784.0,0.0
1787906414.1889741,2026-08-28T08:40:14+00:00,http_log_5m_x7,2925948.0,27193.0,1143202228.0,1207799173.0,195.0,1230.0,0.0,999709.0,1988.0,0.0,1.0,0.0,0.0,19.0,39.0,352734280.0,2643462656.0,6222213120.0,41987.0,43839299584.0,1002119245.0,0.0,1670.0,5631078.0,4189.0,200750.0,26188.0,0.0,0.0,2784.0,0.0
1787906415.1940732,2026-08-28T08:40:15+00:00,http_log_5m_x7,2925948.0,27193.0,1143202228.0,1210832709.0,195.0,1235.0,0.0,1004814.0,2019.0,0.0,0.0,0.0,0.0,19.0,39.0,352734280.0,2643462656.0,6222213120.0,41987.0,43839299584.0,1002119245.0,0.0,1670.0,5631078.0,4189.0,200750.0,26188.0,0.0,0.0,2784.0,0.0
1787906416.199139,2026-08-28T08:40:16+00:00,http_log_5m_x7,2925948.0,27193.0,1143202228.0,1210832709.0,195.0,1235.0,0.0,1004814.0,2019.0,0.0,0.0,0.0,0.0,19.0,39.0,352734280.0,2643462656.0,6222213120.0,41987.0,43839299584.0,1002119245.0,0.0,1670.0,5631078.0,4189.0,200750.0,26188.0,0.0,0.0,2784.0,0.0
1787906417.202014,2026-08-28T08:40:17+00:00,http_log_5m_x7,2925948.0,27193.0,1143202228.0,1210832709.0,195.0,1235.0,0.0,1004814.0,2019.0,0.0,0.0,0.0,0.0,19.0,39.0,352734280.0,2643462656.0,6222213120.0,41987.0,43839299584.0,1002119245.0,0.0,1670.0,5631078.0,4189.0,200750.0,26188.0,0.0,0.0,2784.0,0.0
1787906418.2070851,2026-08-28T08:40:18+00:00,http_log_5m_x7,2925948.0,27193.0,1143202228.0,1210832709.0,195.0,1235.0,0.0,1004814.0,2019.0,0.0,1.0,0.0,0.0,19.0,41.0,352734280.0,2643462656.0,6222213120.0,41987.0,43839299584.0,1002119245.0,0.0,1670.0,5631078.0,4189.0,200750.0,26188.0,0.0,0.0,2784.0,0.0
1787906419.212181,2026-08-28T08:40:19+00:00,http_log_5m_x7,2925948.0,27193.0,1143202228.0,1210832709.0,195.0,1235.0,0.0,1004814.0,2019.0,0.0,1.0,0.0,0.0,19.0,41.0,352734280.0,2643462656.0,6222213120.0,41987.0,43839299584.0,1002119245.0,0.0,1670.0,5631078.0,4189.0,200750.0,26188.0,0.0,0.0,2784.0,0.0
1787906420.217275,2026-08-28T08:40:20+00:00,http_log_5m_x7,2925948.0,27193.0,1143202228.0,1213820154.0,195.0,1240.0,0.0,1008250.0,1963.0,0.0,1.0,0.0,0.0,19.0,33.0,352734280.0,2643462656.0,6222213120.0,41987.0,43839299584.0,1002119245.0,0.0,1670.0,5631078.0,4189.0,200750.0,26188.0,0.0,0.0,2784.0,0.0
1787906421.222338,2026-08-28T08:40:21+00:00,http_log_5m_x7,2925948.0,27193.0,1143202228.0,1213820154.0,195.0,1240.0,0.0,1008250.0,1963.0,0.0,1.0,0.0,0.0,19.0,33.0,352734280.0,2643462656.0,6222213120.0,41987.0,43839299584.0,1002119245.0,0.0,1670.0,5631078.0,4189.0,200750.0,26188.0,0.0,0.0,2784.0,0.0
1787906422.2274408,2026-08-28T08:40:22+00:00,http_log_5m_x7,2925948.0,27193.0,1143202228.0,1213820154.0,195.0,1240.0,0.0,1008250.0,1963.0,0.0,1.0,0.0,0.0,19.0,33.0,352734280.0,2643462656.0,6222213120.0,41987.0,43839299584.0,1002119245.0,0.0,1670.0,5631078.0,4189.0,200750.0,26188.0,0.0,0.0,2784.0,0.0
1787906423.2288451,2026-08-28T08:40:23+00:00,http_log_5m_x7,2925948.0,27193.0,1143202228.0,1213820154.0,195.0,1240.0,0.0,1008250.0,1963.0,0.0,2.0,0.0,0.0,19.0,29.0,352734280.0,2643462656.0,6222213120.0,41987.0,43839299584.0,1002119245.0,0.0,1670.0,5631078.0,4189.0,200750.0,26188.0,0.0,0.0,2784.0,0.0
1787906424.2300842,2026-08-28T08:40:24+00:00,http_log_5m_x7,2925948.0,27193.0,1143202228.0,1213820154.0,195.0,1240.0,0.0,1008250.0,1963.0,0.0,2.0,0.0,0.0,19.0,29.0,352734280.0,2643462656.0,6222213120.0,41987.0,43839299584.0,1002119245.0,0.0,1670.0,5631078.0,4189.0,200750.0,26188.0,0.0,0.0,2784.0,0.0
1787906425.2351959,2026-08-28T08:40:25+00:00,http_log_5m_x7,2925948.0,27193.0,1143202228.0,1235722972.0,195.0,1250.0,0.0,2770829.0,5813.0,0.0,0.0,0.0,0.0,19.0,29.0,352734280.0,2643462656.0,6222213120.0,41987.0,43839299584.0,1002119245.0,0.0,1670.0,5631078.0,4189.0,200750.0,26188.0,0.0,0.0,2784.0,0.0
1787906426.2402592,2026-08-28T08:40:26+00:00,http_log_5m_x7,2925948.0,27193.0,1143202228.0,1235722972.0,195.0,1250.0,0.0,2770829.0,5813.0,0.0,0.0,0.0,0.0,19.0,29.0,352660296.0,2643462656.0,6284857344.0,42099.0,43839299584.0,1002119245.0,0.0,1689.0,5641179.0,4200.0,202542.0,26245.0,0.0,0.0,2800.0,0.0
1787906427.244318,2026-08-28T08:40:27+00:00,http_log_5m_x7,2925948.0,27193.0,1143202228.0,1235722972.0,195.0,1250.0,0.0,2770829.0,5813.0,0.0,1.0,0.0,0.0,19.0,23.0,352660296.0,2643462656.0,6284857344.0,42099.0,43839299584.0,1002119245.0,0.0,1689.0,5641179.0,4200.0,202542.0,26245.0,0.0,0.0,2800.0,0.0
1787906428.249434,2026-08-28T08:40:28+00:00,http_log_5m_x7,2925948.0,27193.0,1143202228.0,1241037837.0,195.0,1255.0,0.0,2099077.0,1532.0,0.0,0.0,0.0,0.0,19.0,23.0,352660296.0,2643462656.0,6284857344.0,42099.0,43839299584.0,1002119245.0,0.0,1689.0,5641179.0,4200.0,202542.0,26245.0,0.0,0.0,2800.0,0.0
1787906429.254534,2026-08-28T08:40:29+00:00,http_log_5m_x7,2925948.0,27193.0,1143202228.0,1241037837.0,195.0,1255.0,0.0,2099077.0,1532.0,0.0,0.0,0.0,0.0,19.0,23.0,352660296.0,2643462656.0,6284857344.0,42099.0,43839299584.0,1002119245.0,0.0,1689.0,5641179.0,4200.0,202542.0,26245.0,0.0,0.0,2800.0,0.0
1787906430.2596228,2026-08-28T08:40:30+00:00,http_log_5m_x7,2925948.0,27193.0,1143202228.0,1241037837.0,195.0,1255.0,0.0,2099077.0,1532.0,0.0,0.0,0.0,0.0,19.0,23.0,352660296.0,2643462656.0,6284857344.0,42099.0,43839299584.0,1002119245.0,0.0,1689.0,5641179.0,4200.0,202542.0,26245.0,0.0,0.0,2800.0,0.0
1787906431.264693,2026-08-28T08:40:31+00:00,http_log_5m_x7,2925948.0,27193.0,1143202228.0,1241037837.0,195.0,1255.0,0.0,2099077.0,1532.0,0.0,1.0,0.0,0.0,19.0,22.0,352660296.0,2643462656.0,6284857344.0,42099.0,43839299584.0,1002119245.0,0.0,1689.0,5641179.0,4200.0,202542.0,26245.0,0.0,0.0,2800.0,0.0
1787906432.269789,2026-08-28T08:40:32+00:00,http_log_5m_x7,2925948.0,27193.0,1143202228.0,1241037837.0,195.0,1255.0,0.0,2099077.0,1532.0,0.0,1.0,0.0,0.0,19.0,22.0,352660296.0,2643462656.0,6284857344.0,42099.0,43839299584.0,1002119245.0,0.0,1689.0,5641179.0,4200.0,202542.0,26245.0,0.0,0.0,2800.0,0.0
1787906433.274911,2026-08-28T08:40:33+00:00,http_log_5m_x7,2925948.0,27193.0,1143202228.0,1248596337.0,195.0,1260.0,0.0,2414084.0,2131.0,0.0,0.0,0.0,0.0,19.0,22.0,352660296.0,2643462656.0,6284857344.0,42099.0,43839299584.0,1002119245.0,0.0,1689.0,5641179.0,4200.0,202542.0,26245.0,0.0,0.0,2800.0,0.0
1787906434.27916,2026-08-28T08:40:34+00:00,http_log_5m_x7,2925948.0,27193.0,1143202228.0,1248596337.0,195.0,1260.0,0.0,2414084.0,2131.0,0.0,0.0,0.0,0.0,19.0,22.0,352660296.0,2643462656.0,6284857344.0,42099.0,43839299584.0,1002119245.0,0.0,1689.0,5641179.0,4200.0,202542.0,26245.0,0.0,0.0,2800.0,0.0
1787906435.284222,2026-08-28T08:40:35+00:00,http_log_5m_x7,2925948.0,27193.0,1143202228.0,1248596337.0,195.0,1260.0,0.0,2414084.0,2131.0,0.0,0.0,0.0,0.0,19.0,22.0,352660296.0,2643462656.0,6284857344.0,42099.0,43839299584.0,1002119245.0,0.0,1689.0,5641179.0,4200.0,202542.0,26245.0,0.0,0.0,2800.0,0.0
1787906436.289301,2026-08-28T08:40:36+00:00,http_log_5m_x7,2925948.0,27193.0,1143202228.0,1248596337.0,195.0,1260.0,0.0,2414084.0,2131.0,0.0,1.0,0.0,0.0,19.0,37.0,352660296.0,2643462656.0,6284857344.0,42099.0,43839299584.0,1002119245.0,0.0,1689.0,5641179.0,4200.0,202542.0,26245.0,0.0,0.0,2800.0,0.0
1787906437.294386,2026-08-28T08:40:37+00:00,http_log_5m_x7,2925948.0,27193.0,1143202228.0,1251480769.0,195.0,1265.0,0.0,1012081.0,1850.0,0.0,0.0,0.0,0.0,19.0,37.0,352660296.0,2643462656.0,6284857344.0,42099.0,43839299584.0,1002119245.0,0.0,1689.0,5641179.0,4200.0,202542.0,26245.0,0.0,0.0,2800.0,0.0
1787906438.2994702,2026-08-28T08:40:38+00:00,http_log_5m_x7,2925948.0,27193.0,1143202228.0,1251480769.0,195.0,1265.0,0.0,1012081.0,1850.0,0.0,0.0,0.0,0.0,19.0,37.0,352660296.0,2643462656.0,6284857344.0,42099.0,43839299584.0,1002119245.0,0.0,1689.0,5641179.0,4200.0,202542.0,26245.0,0.0,0.0,2800.0,0.0
1787906439.304551,2026-08-28T08:40:39+00:00,http_log_5m_x7,2925948.0,27193.0,1143202228.0,1251480769.0,195.0,1265.0,0.0,1012081.0,1850.0,0.0,0.0,0.0,0.0,19.0,37.0,352660296.0,2643462656.0,6284857344.0,42099.0,43839299584.0,1002119245.0,0.0,1689.0,5641179.0,4200.0,202542.0,26245.0,0.0,0.0,2800.0,0.0
1787906440.3096378,2026-08-28T08:40:40+00:00,http_log_5m_x7,2925948.0,27193.0,1143202228.0,1251480769.0,195.0,1265.0,0.0,1012081.0,1850.0,0.0,0.0,0.0,0.0,19.0,37.0,352660296.0,2643462656.0,6284857344.0,42099.0,43839299584.0,1002119245.0,0.0,1689.0,5641179.0,4200.0,202542.0,26245.0,0.0,0.0,2800.0,0.0
1787906441.314699,2026-08-28T08:40:41+00:00,http_log_5m_x7,2925948.0,27193.0,1143202228.0,1251480769.0,195.0,1265.0,8318424.0,1012081.0,1850.0,0.0,1.0,0.0,0.0,19.0,39.0,361345712.0,2643462656.0,6326566912.0,42188.0,43839299584.0,1002119245.0,0.0,1708.0,5652012.0,4208.0,203623.0,26291.0,0.0,0.0,2813.0,0.0
1787906442.319016,2026-08-28T08:40:42+00:00,http_log_5m_x7,2925948.0,27193.0,1143202228.0,1251480769.0,195.0,1265.0,8318424.0,1012081.0,1850.0,0.0,1.0,0.0,0.0,19.0,39.0,361345712.0,2643462656.0,6326566912.0,42188.0,43839299584.0,1002119245.0,0.0,1708.0,5652012.0,4208.0,203623.0,26291.0,0.0,0.0,2813.0,0.0
1787906443.322634,2026-08-28T08:40:43+00:00,http_log_5m_x7,2925948.0,27193.0,1143202228.0,1254467652.0,195.0,1270.0,8318424.0,1002982.0,1978.0,0.0,0.0,0.0,0.0,19.0,39.0,361345712.0,2643462656.0,6326566912.0,42188.0,43839299584.0,1002119245.0,0.0,1708.0,5652012.0,4208.0,203623.0,26291.0,0.0,0.0,2813.0,0.0
1787906444.327706,2026-08-28T08:40:44+00:00,http_log_5m_x7,2925948.0,27193.0,1143202228.0,1254467652.0,195.0,1270.0,8318424.0,1002982.0,1978.0,0.0,0.0,0.0,0.0,19.0,39.0,361345712.0,2643462656.0,6326566912.0,42188.0,43839299584.0,1002119245.0,0.0,1708.0,5652012.0,4208.0,203623.0,26291.0,0.0,0.0,2813.0,0.0
1787906445.332791,2026-08-28T08:40:45+00:00,http_log_5m_x7,2925948.0,27193.0,1143202228.0,1254467652.0,195.0,1270.0,8318424.0,1002982.0,1978.0,0.0,0.0,0.0,0.0,19.0,39.0,361345712.0,2643462656.0,6326566912.0,42188.0,43839299584.0,1002119245.0,0.0,1708.0,5652012.0,4208.0,203623.0,26291.0,0.0,0.0,2813.0,0.0
1787906446.3378592,2026-08-28T08:40:46+00:00,http_log_5m_x7,2925948.0,27193.0,1143202228.0,1254467652.0,195.0,1270.0,8318424.0,1002982.0,1978.0,0.0,1.0,0.0,0.0,19.0,40.0,361345712.0,2643462656.0,6326566912.0,42188.0,43839299584.0,1002119245.0,0.0,1708.0,5652012.0,4208.0,203623.0,26291.0,0.0,0.0,2813.0,0.0
1787906447.342963,2026-08-28T08:40:47+00:00,http_log_5m_x7,2925948.0,27193.0,1143202228.0,1257399093.0,195.0,1275.0,8318424.0,1012587.0,1895.0,0.0,0.0,0.0,0.0,19.0,40.0,361345712.0,2643462656.0,6326566912.0,42188.0,43839299584.0,1002119245.0,0.0,1708.0,5652012.0,4208.0,203623.0,26291.0,0.0,0.0,2813.0,0.0
1787906448.348033,2026-08-28T08:40:48+00:00,http_log_5m_x7,2925948.0,27193.0,1143202228.0,1257399093.0,195.0,1275.0,8318424.0,1012587.0,1895.0,0.0,0.0,0.0,0.0,19.0,40.0,361345712.0,2643462656.0,6326566912.0,42188.0,43839299584.0,1002119245.0,0.0,1708.0,5652012.0,4208.0,203623.0,26291.0,0.0,0.0,2813.0,0.0
1787906449.353117,2026-08-28T08:40:49+00:00,http_log_5m_x7,2925948.0,27193.0,1143202228.0,1257399093.0,195.0,1275.0,8318424.0,1012587.0,1895.0,0.0,0.0,0.0,0.0,19.0,40.0,361345712.0,2643462656.0,6326566912.0,42188.0,43839299584.0,1002119245.0,0.0,1708.0,5652012.0,4208.0,203623.0,26291.0,0.0,0.0,2813.0,0.0
1787906450.3580859,2026-08-28T08:40:50+00:00,http_log_5m_x7,2925948.0,27193.0,1143202228.0,1257399093.0,195.0,1275.0,8318424.0,1012587.0,1895.0,0.0,0.0,0.0,0.0,19.0,40.0,361345712.0,2643462656.0,6326566912.0,42188.0,43839299584.0,1002119245.0,0.0,1708.0,5652012.0,4208.0,203623.0,26291.0,0.0,0.0,2813.0,0.0
1787906451.363178,2026-08-28T08:40:51+00:00,http_log_5m_x7,2925948.0,27193.0,1143202228.0,1257399093.0,195.0,1275.0,8318424.0,1012587.0,1895.0,0.0,1.0,0.0,0.0,19.0,43.0,361345712.0,2643462656.0,6326566912.0,42188.0,43839299584.0,1002119245.0,0.0,1708.0,5652012.0,4208.0,203623.0,26291.0,0.0,0.0,2813.0,0.0
1787906452.3682492,2026-08-28T08:40:52+00:00,http_log_5m_x7,2925948.0,27193.0,1143202228.0,1260348700.0,195.0,1280.0,8318424.0,1020625.0,1890.0,0.0,1.0,0.0,0.0,19.0,35.0,361345712.0,2643462656.0,6326566912.0,42188.0,43839299584.0,1002119245.0,0.0,1708.0,5652012.0,4208.0,203623.0,26291.0,0.0,0.0,2813.0,0.0
1787906453.3733819,2026-08-28T08:40:53+00:00,http_log_5m_x7,2925948.0,27193.0,1143202228.0,1260348700.0,195.0,1280.0,8318424.0,1020625.0,1890.0,0.0,1.0,0.0,0.0,19.0,35.0,361345712.0,2643462656.0,6326566912.0,42188.0,43839299584.0,1002119245.0,0.0,1708.0,5652012.0,4208.0,203623.0,26291.0,0.0,0.0,2813.0,0.0
1787906454.378478,2026-08-28T08:40:54+00:00,http_log_5m_x7,2925948.0,27193.0,1143202228.0,1260348700.0,195.0,1280.0,8318424.0,1020625.0,1890.0,0.0,1.0,0.0,0.0,19.0,35.0,361345712.0,2643462656.0,6326566912.0,42188.0,43839299584.0,1002119245.0,0.0,1708.0,5652012.0,4208.0,203623.0,26291.0,0.0,0.0,2813.0,0.0
1787906455.38356,2026-08-28T08:40:55+00:00,http_log_5m_x7,2925948.0,27193.0,1143202228.0,1260348700.0,195.0,1280.0,8318424.0,1020625.0,1890.0,0.0,2.0,0.0,0.0,19.0,30.0,361345712.0,2643462656.0,6326566912.0,42188.0,43839299584.0,1002119245.0,0.0,1708.0,5652012.0,4208.0,203623.0,26291.0,0.0,0.0,2813.0,0.0
1787906456.386576,2026-08-28T08:40:56+00:00,http_log_5m_x7,2925948.0,27193.0,1143202228.0,1260348700.0,195.0,1280.0,135113048.0,1020625.0,1890.0,0.0,2.0,0.0,0.0,19.0,30.0,488128776.0,2643462656.0,6358294528.0,42278.0,43839299584.0,1002119245.0,0.0,1727.0,5662507.0,4217.0,205041.0,26338.0,0.0,0.0,2827.0,0.0
1787906457.391652,2026-08-28T08:40:57+00:00,http_log_5m_x7,2925948.0,27193.0,1143202228.0,1260348700.0,195.0,1280.0,135113048.0,1020625.0,1890.0,0.0,2.0,0.0,0.0,19.0,30.0,488128776.0,2643462656.0,6358294528.0,42278.0,43839299584.0,1002119245.0,0.0,1727.0,5662507.0,4217.0,205041.0,26338.0,0.0,0.0,2827.0,0.0
1787906458.3955572,2026-08-28T08:40:58+00:00,http_log_5m_x7,2925948.0,27193.0,1143202228.0,1281969996.0,195.0,1290.0,135113048.0,2823324.0,5600.0,1.0,0.0,0.0,0.0,23.0,30.0,488128776.0,2643462656.0,6358294528.0,42278.0,43839299584.0,1002119245.0,0.0,1727.0,5662507.0,4217.0,205041.0,26338.0,0.0,0.0,2827.0,0.0
1787906459.400647,2026-08-28T08:40:59+00:00,http_log_5m_x7,2925948.0,27193.0,1143202228.0,1281969996.0,195.0,1290.0,135113048.0,2823324.0,5600.0,1.0,1.0,0.0,0.0,23.0,12.0,488128776.0,2643462656.0,6358294528.0,42278.0,43839299584.0,1002119245.0,0.0,1727.0,5662507.0,4217.0,205041.0,26338.0,0.0,0.0,2827.0,0.0
1787906460.405717,2026-08-28T08:41:00+00:00,http_log_5m_x7,2925948.0,27193.0,1143202228.0,1281969996.0,195.0,1290.0,135113048.0,2823324.0,5600.0,1.0,1.0,0.0,0.0,23.0,12.0,488128776.0,2643462656.0,6358294528.0,42278.0,43839299584.0,1002119245.0,0.0,1727.0,5662507.0,4217.0,205041.0,26338.0,0.0,0.0,2827.0,0.0
1787906461.410805,2026-08-28T08:41:01+00:00,http_log_5m_x7,2925948.0,27193.0,1143202228.0,1287154421.0,195.0,1295.0,135113048.0,1946105.0,1664.0,1.0,0.0,0.0,0.0,23.0,12.0,488128776.0,2643462656.0,6358294528.0,42278.0,43839299584.0,1002119245.0,0.0,1727.0,5662507.0,4217.0,205041.0,26338.0,0.0,0.0,2827.0,0.0
1787906462.414701,2026-08-28T08:41:02+00:00,http_log_5m_x7,2925948.0,27193.0,1143202228.0,1287154421.0,195.0,1295.0,135113048.0,1946105.0,1664.0,1.0,0.0,0.0,0.0,23.0,12.0,488128776.0,2643462656.0,6358294528.0,42278.0,43839299584.0,1002119245.0,0.0,1727.0,5662507.0,4217.0,205041.0,26338.0,0.0,0.0,2827.0,0.0
1787906463.418655,2026-08-28T08:41:03+00:00,http_log_5m_x7,2925948.0,27193.0,1143202228.0,1287154421.0,195.0,1295.0,135113048.0,1946105.0,1664.0,1.0,1.0,0.0,0.0,23.0,11.0,488128776.0,2643462656.0,6358294528.0,42278.0,43839299584.0,1002119245.0,0.0,1727.0,5662507.0,4217.0,205041.0,26338.0,0.0,0.0,2827.0,0.0
1787906464.419009,2026-08-28T08:41:04+00:00,http_log_5m_x7,2925948.0,27193.0,1143202228.0,1287154421.0,195.0,1295.0,135113048.0,1946105.0,1664.0,1.0,1.0,0.0,0.0,23.0,11.0,488128776.0,2643462656.0,6358294528.0,42278.0,43839299584.0,1002119245.0,0.0,1727.0,5662507.0,4217.0,205041.0,26338.0,0.0,0.0,2827.0,0.0
1787906465.41929,2026-08-28T08:41:05+00:00,http_log_5m_x7,2925948.0,27193.0,1143202228.0,1287154421.0,195.0,1295.0,135113048.0,1946105.0,1664.0,1.0,1.0,0.0,0.0,23.0,11.0,488128776.0,2643462656.0,6358294528.0,42278.0,43839299584.0,1002119245.0,0.0,1727.0,5662507.0,4217.0,205041.0,26338.0,0.0,0.0,2827.0,0.0
1787906466.423813,2026-08-28T08:41:06+00:00,http_log_5m_x7,2925948.0,27193.0,1143202228.0,1294635667.0,195.0,1300.0,135113048.0,2197780.0,2404.0,1.0,0.0,0.0,0.0,23.0,11.0,488128776.0,2643462656.0,6358294528.0,42278.0,43839299584.0,1002119245.0,0.0,1727.0,5662507.0,4217.0,205041.0,26338.0,0.0,0.0,2827.0,0.0
1787906467.4289,2026-08-28T08:41:07+00:00,http_log_5m_x7,2925948.0,27193.0,1143202228.0,1294635667.0,195.0,1300.0,135113048.0,2197780.0,2404.0,1.0,0.0,0.0,0.0,23.0,11.0,488128776.0,2643462656.0,6358294528.0,42278.0,43839299584.0,1002119245.0,0.0,1727.0,5662507.0,4217.0,205041.0,26338.0,0.0,0.0,2827.0,0.0
1787906468.430055,2026-08-28T08:41:08+00:00,http_log_5m_x7,2925948.0,27193.0,1143202228.0,1294635667.0,195.0,1300.0,135113048.0,2197780.0,2404.0,1.0,0.0,0.0,0.0,23.0,11.0,488128776.0,2643462656.0,6358294528.0,42278.0,43839299584.0,1002119245.0,0.0,1727.0,5662507.0,4217.0,205041.0,26338.0,0.0,0.0,2827.0,0.0
1787906469.432246,2026-08-28T08:41:09+00:00,http_log_5m_x7,2925948.0,27193.0,1143202228.0,1294635667.0,195.0,1300.0,135113048.0,2197780.0,2404.0,1.0,1.0,0.0,0.0,23.0,26.0,488128776.0,2643462656.0,6358294528.0,42278.0,43839299584.0,1002119245.0,0.0,1727.0,5662507.0,4217.0,205041.0,26338.0,0.0,0.0,2827.0,0.0
1787906470.437313,2026-08-28T08:41:10+00:00,http_log_5m_x7,2925948.0,27193.0,1143202228.0,1294635667.0,195.0,1300.0,135113048.0,2197780.0,2404.0,1.0,1.0,0.0,0.0,23.0,26.0,488128776.0,2643462656.0,6358294528.0,42278.0,43839299584.0,1002119245.0,0.0,1727.0,5662507.0,4217.0,205041.0,26338.0,0.0,0.0,2827.0,0.0
1787906471.442411,2026-08-28T08:41:11+00:00,http_log_5m_x7,2925948.0,27193.0,1143202228.0,1297622871.0,195.0,1305.0,592276936.0,991438.0,2013.0,1.0,0.0,0.0,0.0,23.0,26.0,968057016.0,2643462656.0,6433447936.0,42394.0,43839299584.0,1002119245.0,0.0,1753.0,5671466.0,4227.0,207916.0,26452.0,0.0,0.0,2847.0,0.0
1787906472.447477,2026-08-28T08:41:12+00:00,http_log_5m_x7,2925948.0,27193.0,1143202228.0,1297622871.0,195.0,1305.0,592276936.0,991438.0,2013.0,1.0,0.0,0.0,0.0,23.0,26.0,968057016.0,2643462656.0,6433447936.0,42394.0,43555737600.0,1053019288.0,0.0,1753.0,5671466.0,4227.0,207916.0,26452.0,0.0,0.0,2847.0,0.0
1787906473.452551,2026-08-28T08:41:13+00:00,http_log_5m_x7,2925948.0,27193.0,1143202228.0,1297622871.0,195.0,1305.0,592276936.0,991438.0,2013.0,1.0,0.0,0.0,0.0,23.0,26.0,968057016.0,2643462656.0,6433447936.0,42394.0,43555737600.0,1053019288.0,0.0,1753.0,5671466.0,4227.0,207916.0,26452.0,0.0,0.0,2847.0,0.0
1787906474.457643,2026-08-28T08:41:14+00:00,http_log_5m_x7,2925948.0,27193.0,1143202228.0,1297622871.0,195.0,1305.0,592276936.0,991438.0,2013.0,1.0,0.0,0.0,0.0,23.0,26.0,968057016.0,2643462656.0,6433447936.0,42394.0,43555737600.0,1053019288.0,0.0,1753.0,5671466.0,4227.0,207916.0,26452.0,0.0,0.0,2847.0,0.0
1787906475.46272,2026-08-28T08:41:15+00:00,http_log_5m_x7,2925948.0,27193.0,1143202228.0,1297622871.0,195.0,1305.0,592276936.0,991438.0,2013.0,2.0,0.0,0.0,0.0,26.0,26.0,968057016.0,2643462656.0,6433447936.0,42394.0,43555737600.0,1053019288.0,0.0,1753.0,5671466.0,4227.0,207916.0,26452.0,0.0,0.0,2847.0,0.0
1787906476.467778,2026-08-28T08:41:16+00:00,http_log_5m_x7,583443.0,1064.0,1144406455.0,1297622871.0,198.0,1305.0,592276936.0,991438.0,2013.0,1.0,0.0,0.0,0.0,26.0,26.0,968057016.0,2643462656.0,6433447936.0,42394.0,43555737600.0,1053019288.0,0.0,1753.0,5671466.0,4227.0,207916.0,26452.0,0.0,0.0,2847.0,0.0
1787906477.470588,2026-08-28T08:41:17+00:00,http_log_5m_x7,583443.0,1064.0,1144406455.0,1297622871.0,198.0,1305.0,592276936.0,991438.0,2013.0,1.0,0.0,0.0,0.0,26.0,26.0,968057016.0,2643462656.0,6433447936.0,42394.0,43555737600.0,1053019288.0,0.0,1753.0,5671466.0,4227.0,207916.0,26452.0,0.0,0.0,2847.0,0.0
1787906478.4756742,2026-08-28T08:41:18+00:00,http_log_5m_x7,583443.0,1064.0,1144406455.0,1297622871.0,198.0,1305.0,592276936.0,991438.0,2013.0,1.0,0.0,0.0,0.0,26.0,26.0,968057016.0,2643462656.0,6433447936.0,42394.0,43555737600.0,1053019288.0,0.0,1753.0,5671466.0,4227.0,207916.0,26452.0,0.0,0.0,2847.0,0.0
1787906479.480746,2026-08-28T08:41:19+00:00,http_log_5m_x7,583443.0,1064.0,1144406455.0,1297622871.0,198.0,1305.0,592276936.0,991438.0,2013.0,2.0,0.0,0.0,0.0,16.0,26.0,968057016.0,2643462656.0,6433447936.0,42394.0,43555737600.0,1053019288.0,0.0,1753.0,5671466.0,4227.0,207916.0,26452.0,0.0,0.0,2847.0,0.0
1787906480.485837,2026-08-28T08:41:20+00:00,http_log_5m_x7,583443.0,1064.0,1144406455.0,1297622871.0,198.0,1305.0,592276936.0,991438.0,2013.0,2.0,0.0,0.0,0.0,16.0,26.0,968057016.0,2643462656.0,6433447936.0,42394.0,43555737600.0,1053019288.0,0.0,1753.0,5671466.0,4227.0,207916.0,26452.0,0.0,0.0,2847.0,0.0
1787906481.487355,2026-08-28T08:41:21+00:00,http_log_5m_x7,1086241.0,2233.0,1147918274.0,1297622871.0,203.0,1305.0,592276936.0,991438.0,2013.0,1.0,0.0,0.0,0.0,16.0,26.0,968057016.0,2643462656.0,6433447936.0,42394.0,43555737600.0,1053019288.0,0.0,1753.0,5671466.0,4227.0,207916.0,26452.0,0.0,0.0,2847.0,0.0
1787906482.492447,2026-08-28T08:41:22+00:00,http_log_5m_x7,1086241.0,2233.0,1147918274.0,1297622871.0,203.0,1305.0,592276936.0,991438.0,2013.0,2.0,0.0,0.0,0.0,12.0,26.0,968057016.0,2643462656.0,6433447936.0,42394.0,43555737600.0,1053019288.0,0.0,1753.0,5671466.0,4227.0,207916.0,26452.0,0.0,0.0,2847.0,0.0
1787906483.497154,2026-08-28T08:41:23+00:00,http_log_5m_x7,1086241.0,2233.0,1147918274.0,1297622871.0,203.0,1305.0,592276936.0,991438.0,2013.0,2.0,0.0,0.0,0.0,12.0,26.0,968057016.0,2643462656.0,6433447936.0,42394.0,43555737600.0,1053019288.0,0.0,1753.0,5671466.0,4227.0,207916.0,26452.0,0.0,0.0,2847.0,0.0
1787906484.502228,2026-08-28T08:41:24+00:00,http_log_5m_x7,2056099.0,1796.0,1153667129.0,1297622871.0,208.0,1305.0,592276936.0,991438.0,2013.0,1.0,0.0,0.0,0.0,12.0,26.0,968057016.0,2643462656.0,6433447936.0,42394.0,43555737600.0,1053019288.0,0.0,1753.0,5671466.0,4227.0,207916.0,26452.0,0.0,0.0,2847.0,0.0
1787906485.507332,2026-08-28T08:41:25+00:00,http_log_5m_x7,2056099.0,1796.0,1153667129.0,1297622871.0,208.0,1305.0,592276936.0,991438.0,2013.0,1.0,0.0,0.0,0.0,12.0,26.0,968057016.0,2643462656.0,6433447936.0,42394.0,43555737600.0,1053019288.0,0.0,1753.0,5671466.0,4227.0,207916.0,26452.0,0.0,0.0,2847.0,0.0
1787906486.512347,2026-08-28T08:41:26+00:00,http_log_5m_x7,2056099.0,1796.0,1153667129.0,1297622871.0,208.0,1305.0,1146719832.0,991438.0,2013.0,2.0,0.0,0.0,0.0,11.0,26.0,1526368824.0,2643462656.0,6466953216.0,42500.0,43555737600.0,1053019288.0,0.0,1771.0,5680739.0,4236.0,210534.0,26518.0,0.0,0.0,2866.0,0.0
1787906487.517416,2026-08-28T08:41:27+00:00,http_log_5m_x7,2056099.0,1796.0,1153667129.0,1297622871.0,208.0,1305.0,1146719832.0,991438.0,2013.0,2.0,0.0,0.0,0.0,11.0,26.0,1526368824.0,2643462656.0,6466953216.0,42500.0,43555737600.0,1053019288.0,0.0,1771.0,5680739.0,4236.0,210534.0,26518.0,0.0,0.0,2866.0,0.0
1787906488.5206249,2026-08-28T08:41:28+00:00,http_log_5m_x7,2056099.0,1796.0,1153667129.0,1297622871.0,208.0,1305.0,1146719832.0,991438.0,2013.0,2.0,0.0,0.0,0.0,11.0,26.0,1526368824.0,2643462656.0,6466953216.0,42500.0,43555737600.0,1053019288.0,0.0,1771.0,5680739.0,4236.0,210534.0,26518.0,0.0,0.0,2866.0,0.0
1787906489.525704,2026-08-28T08:41:29+00:00,http_log_5m_x7,2304820.0,2451.0,1161621066.0,1297622871.0,213.0,1305.0,1146719832.0,991438.0,2013.0,1.0,0.0,0.0,0.0,11.0,26.0,1526368824.0,2643462656.0,6466953216.0,42500.0,43555737600.0,1053019288.0,0.0,1771.0,5680739.0,4236.0,210534.0,26518.0,0.0,0.0,2866.0,0.0
1787906490.5307589,2026-08-28T08:41:30+00:00,http_log_5m_x7,2304820.0,2451.0,1161621066.0,1297622871.0,213.0,1305.0,1146719832.0,991438.0,2013.0,1.0,0.0,0.0,0.0,11.0,26.0,1526368824.0,2643462656.0,6466953216.0,42500.0,43555737600.0,1053019288.0,0.0,1771.0,5680739.0,4236.0,210534.0,26518.0,0.0,0.0,2866.0,0.0
1787906491.5358238,2026-08-28T08:41:31+00:00,http_log_5m_x7,2304820.0,2451.0,1161621066.0,1297622871.0,213.0,1305.0,1146719832.0,991438.0,2013.0,1.0,1.0,0.0,0.0,11.0,27.0,1526368824.0,2643462656.0,6466953216.0,42500.0,43555737600.0,1053019288.0,0.0,1771.0,5680739.0,4236.0,210534.0,26518.0,0.0,0.0,2866.0,0.0
1787906492.540886,2026-08-28T08:41:32+00:00,http_log_5m_x7,2304820.0,2451.0,1161621066.0,1297622871.0,213.0,1305.0,1146719832.0,991438.0,2013.0,1.0,1.0,0.0,0.0,11.0,27.0,1526368824.0,2643462656.0,6466953216.0,42500.0,43555737600.0,1053019288.0,0.0,1771.0,5680739.0,4236.0,210534.0,26518.0,0.0,0.0,2866.0,0.0
1787906493.542061,2026-08-28T08:41:33+00:00,http_log_5m_x7,2304820.0,2451.0,1161621066.0,1297622871.0,213.0,1305.0,1146719832.0,991438.0,2013.0,1.0,1.0,0.0,0.0,11.0,27.0,1526368824.0,2643462656.0,6466953216.0,42500.0,43555737600.0,1053019288.0,0.0,1771.0,5680739.0,4236.0,210534.0,26518.0,0.0,0.0,2866.0,0.0
1787906494.546916,2026-08-28T08:41:34+00:00,http_log_5m_x7,2304820.0,2451.0,1161621066.0,1300581801.0,213.0,1310.0,1146719832.0,943536.0,2136.0,1.0,0.0,0.0,0.0,11.0,27.0,1526368824.0,2643462656.0,6466953216.0,42500.0,43555737600.0,1053019288.0,0.0,1771.0,5680739.0,4236.0,210534.0,26518.0,0.0,0.0,2866.0,0.0
1787906495.548542,2026-08-28T08:41:35+00:00,http_log_5m_x7,2304820.0,2451.0,1161621066.0,1300581801.0,213.0,1310.0,1146719832.0,943536.0,2136.0,1.0,0.0,0.0,0.0,11.0,27.0,1526368824.0,2643462656.0,6466953216.0,42500.0,43555737600.0,1053019288.0,0.0,1771.0,5680739.0,4236.0,210534.0,26518.0,0.0,0.0,2866.0,0.0
1787906496.553622,2026-08-28T08:41:36+00:00,http_log_5m_x7,2304820.0,2451.0,1161621066.0,1300581801.0,213.0,1310.0,1146719832.0,943536.0,2136.0,1.0,1.0,0.0,0.0,11.0,28.0,1526368824.0,2643462656.0,6466953216.0,42500.0,43555737600.0,1053019288.0,0.0,1771.0,5680739.0,4236.0,210534.0,26518.0,0.0,0.0,2866.0,0.0
1787906497.558683,2026-08-28T08:41:37+00:00,http_log_5m_x7,2304820.0,2451.0,1161621066.0,1300581801.0,213.0,1310.0,1146719832.0,943536.0,2136.0,1.0,1.0,0.0,0.0,11.0,28.0,1526368824.0,2643462656.0,6466953216.0,42500.0,43555737600.0,1053019288.0,0.0,1771.0,5680739.0,4236.0,210534.0,26518.0,0.0,0.0,2866.0,0.0
1787906498.5600882,2026-08-28T08:41:38+00:00,http_log_5m_x7,2304820.0,2451.0,1161621066.0,1300581801.0,213.0,1310.0,1146719832.0,943536.0,2136.0,1.0,1.0,0.0,0.0,11.0,28.0,1526368824.0,2643462656.0,6466953216.0,42500.0,43555737600.0,1053019288.0,0.0,1771.0,5680739.0,4236.0,210534.0,26518.0,0.0,0.0,2866.0,0.0
1787906499.565152,2026-08-28T08:41:39+00:00,http_log_5m_x7,2304820.0,2451.0,1161621066.0,1303569007.0,213.0,1315.0,1146719832.0,928568.0,2217.0,1.0,0.0,0.0,0.0,11.0,28.0,1526368824.0,2643462656.0,6466953216.0,42500.0,43555737600.0,1053019288.0,0.0,1771.0,5680739.0,4236.0,210534.0,26518.0,0.0,0.0,2866.0,0.0
1787906500.570266,2026-08-28T08:41:40+00:00,http_log_5m_x7,2304820.0,2451.0,1161621066.0,1303569007.0,213.0,1315.0,1688115384.0,928568.0,2217.0,1.0,0.0,0.0,0.0,11.0,28.0,2060957056.0,2643462656.0,6590083072.0,42629.0,43555737600.0,1053019288.0,0.0,1789.0,5689817.0,4247.0,213332.0,26596.0,0.0,0.0,2884.0,0.0
1787906501.5753448,2026-08-28T08:41:41+00:00,http_log_5m_x7,2304820.0,2451.0,1161621066.0,1303569007.0,213.0,1315.0,1688115384.0,928568.0,2217.0,1.0,1.0,0.0,0.0,11.0,30.0,2060957056.0,2643462656.0,6590083072.0,42629.0,43555737600.0,1053019288.0,0.0,1789.0,5689817.0,4247.0,213332.0,26596.0,0.0,0.0,2884.0,0.0
1787906502.580412,2026-08-28T08:41:42+00:00,http_log_5m_x7,2304820.0,2451.0,1161621066.0,1303569007.0,213.0,1315.0,1688115384.0,928568.0,2217.0,1.0,1.0,0.0,0.0,11.0,30.0,2060957056.0,2643462656.0,6590083072.0,42629.0,43555737600.0,1053019288.0,0.0,1789.0,5689817.0,4247.0,213332.0,26596.0,0.0,0.0,2884.0,0.0
1787906503.5855,2026-08-28T08:41:43+00:00,http_log_5m_x7,2304820.0,2451.0,1161621066.0,1306546591.0,213.0,1320.0,1688115384.0,937526.0,2176.0,1.0,0.0,0.0,0.0,11.0,30.0,2060957056.0,2643462656.0,6590083072.0,42629.0,43555737600.0,1053019288.0,0.0,1789.0,5689817.0,4247.0,213332.0,26596.0,0.0,0.0,2884.0,0.0
1787906504.587795,2026-08-28T08:41:44+00:00,http_log_5m_x7,2304820.0,2451.0,1161621066.0,1306546591.0,213.0,1320.0,1688115384.0,937526.0,2176.0,1.0,0.0,0.0,0.0,11.0,30.0,2060957056.0,2643462656.0,6590083072.0,42629.0,43555737600.0,1053019288.0,0.0,1789.0,5689817.0,4247.0,213332.0,26596.0,0.0,0.0,2884.0,0.0
1787906505.5906508,2026-08-28T08:41:45+00:00,http_log_5m_x7,2304820.0,2451.0,1161621066.0,1306546591.0,213.0,1320.0,1688115384.0,937526.0,2176.0,1.0,0.0,0.0,0.0,11.0,30.0,2060957056.0,2643462656.0,6590083072.0,42629.0,43555737600.0,1053019288.0,0.0,1789.0,5689817.0,4247.0,213332.0,26596.0,0.0,0.0,2884.0,0.0
1787906506.595645,2026-08-28T08:41:46+00:00,http_log_5m_x7,2304820.0,2451.0,1161621066.0,1306546591.0,213.0,1320.0,1688115384.0,937526.0,2176.0,1.0,1.0,0.0,0.0,11.0,32.0,2060957056.0,2643462656.0,6590083072.0,42629.0,43555737600.0,1053019288.0,0.0,1789.0,5689817.0,4247.0,213332.0,26596.0,0.0,0.0,2884.0,0.0
1787906507.5966778,2026-08-28T08:41:47+00:00,http_log_5m_x7,3126958.0,49270.0,1318813277.0,1306546591.0,218.0,1320.0,1688115384.0,937526.0,2176.0,0.0,1.0,0.0,0.0,11.0,32.0,2060957056.0,2643462656.0,6590083072.0,42629.0,43555737600.0,1053019288.0,0.0,1789.0,5689817.0,4247.0,213332.0,26596.0,0.0,0.0,2884.0,0.0
1787906508.60175,2026-08-28T08:41:48+00:00,http_log_5m_x7,3126958.0,49270.0,1318813277.0,1309506000.0,218.0,1325.0,1688115384.0,943087.0,2138.0,0.0,0.0,0.0,0.0,11.0,32.0,2060957056.0,2643462656.0,6590083072.0,42629.0,43555737600.0,1053019288.0,0.0,1789.0,5689817.0,4247.0,213332.0,26596.0,0.0,0.0,2884.0,0.0
1787906509.6068108,2026-08-28T08:41:49+00:00,http_log_5m_x7,3126958.0,49270.0,1318813277.0,1309506000.0,218.0,1325.0,1688115384.0,943087.0,2138.0,0.0,0.0,0.0,0.0,11.0,32.0,2060957056.0,2643462656.0,6590083072.0,42629.0,43555737600.0,1053019288.0,0.0,1789.0,5689817.0,4247.0,213332.0,26596.0,0.0,0.0,2884.0,0.0
1787906510.6085591,2026-08-28T08:41:50+00:00,http_log_5m_x7,3126958.0,49270.0,1318813277.0,1309506000.0,218.0,1325.0,1688115384.0,943087.0,2138.0,0.0,0.0,0.0,0.0,11.0,32.0,2060957056.0,2643462656.0,6590083072.0,42629.0,43555737600.0,1053019288.0,0.0,1789.0,5689817.0,4247.0,213332.0,26596.0,0.0,0.0,2884.0,0.0
1787906511.613676,2026-08-28T08:41:51+00:00,http_log_5m_x7,3126958.0,49270.0,1318813277.0,1309506000.0,218.0,1325.0,1688115384.0,943087.0,2138.0,0.0,1.0,0.0,0.0,11.0,33.0,2060957056.0,2643462656.0,6590083072.0,42629.0,43555737600.0,1053019288.0,0.0,1789.0,5689817.0,4247.0,213332.0,26596.0,0.0,0.0,2884.0,0.0
1787906512.618747,2026-08-28T08:41:52+00:00,http_log_5m_x7,3126958.0,49270.0,1318813277.0,1309506000.0,218.0,1325.0,1688115384.0,943087.0,2138.0,1.0,1.0,0.0,0.0,21.0,33.0,2060957056.0,2643462656.0,6590083072.0,42629.0,43555737600.0,1053019288.0,0.0,1789.0,5689817.0,4247.0,213332.0,26596.0,0.0,0.0,2884.0,0.0
1787906513.6193018,2026-08-28T08:41:53+00:00,http_log_5m_x7,3126958.0,49270.0,1318813277.0,1312446290.0,218.0,1330.0,1688115384.0,1000098.0,1940.0,1.0,0.0,0.0,0.0,21.0,33.0,2060957056.0,2643462656.0,6590083072.0,42629.0,43555737600.0,1053019288.0,0.0,1789.0,5689817.0,4247.0,213332.0,26596.0,0.0,0.0,2884.0,0.0
1787906514.6244009,2026-08-28T08:41:54+00:00,http_log_5m_x7,3126958.0,49270.0,1318813277.0,1312446290.0,218.0,1330.0,1688115384.0,1000098.0,1940.0,1.0,0.0,0.0,0.0,21.0,33.0,2060957056.0,2643462656.0,6590083072.0,42629.0,43555737600.0,1053019288.0,0.0,1789.0,5689817.0,4247.0,213332.0,26596.0,0.0,0.0,2884.0,0.0
1787906515.6289768,2026-08-28T08:41:55+00:00,http_log_5m_x7,3126958.0,49270.0,1318813277.0,1312446290.0,218.0,1330.0,125262640.0,1000098.0,1940.0,1.0,1.0,0.0,0.0,21.0,12.0,486039248.0,2643462656.0,6779580416.0,42756.0,43555737600.0,1053019288.0,0.0,1802.0,5699451.0,4259.0,215573.0,26685.0,0.0,0.0,2904.0,0.0
1787906516.634037,2026-08-28T08:41:56+00:00,http_log_5m_x7,3126958.0,49270.0,1318813277.0,1312446290.0,218.0,1330.0,125262640.0,1000098.0,1940.0,1.0,1.0,0.0,0.0,21.0,12.0,486039248.0,2643462656.0,6779580416.0,42756.0,43555737600.0,1053019288.0,0.0,1802.0,5699451.0,4259.0,215573.0,26685.0,0.0,0.0,2904.0,0.0
1787906517.639106,2026-08-28T08:41:57+00:00,http_log_5m_x7,3126958.0,49270.0,1318813277.0,1317621126.0,218.0,1335.0,125262640.0,1984977.0,1607.0,1.0,0.0,0.0,0.0,21.0,12.0,486039248.0,2643462656.0,6779580416.0,42756.0,43555737600.0,1053019288.0,0.0,1802.0,5699451.0,4259.0,215573.0,26685.0,0.0,0.0,2904.0,0.0
1787906518.6419342,2026-08-28T08:41:58+00:00,http_log_5m_x7,2882710.0,5647.0,1337974657.0,1317621126.0,223.0,1335.0,125262640.0,1984977.0,1607.0,0.0,0.0,0.0,0.0,21.0,12.0,486039248.0,2643462656.0,6779580416.0,42756.0,43555737600.0,1053019288.0,0.0,1802.0,5699451.0,4259.0,215573.0,26685.0,0.0,0.0,2904.0,0.0
1787906519.64699,2026-08-28T08:41:59+00:00,http_log_5m_x7,2882710.0,5647.0,1337974657.0,1317621126.0,223.0,1335.0,125262640.0,1984977.0,1607.0,0.0,0.0,0.0,0.0,21.0,12.0,486039248.0,2643462656.0,6779580416.0,42756.0,43555737600.0,1053019288.0,0.0,1802.0,5699451.0,4259.0,215573.0,26685.0,0.0,0.0,2904.0,0.0
1787906520.6520782,2026-08-28T08:42:00+00:00,http_log_5m_x7,2882710.0,5647.0,1337974657.0,1317621126.0,223.0,1335.0,125262640.0,1984977.0,1607.0,0.0,1.0,0.0,0.0,21.0,27.0,486039248.0,2643462656.0,6779580416.0,42756.0,43555737600.0,1053019288.0,0.0,1802.0,5699451.0,4259.0,215573.0,26685.0,0.0,0.0,2904.0,0.0
1787906521.657151,2026-08-28T08:42:01+00:00,http_log_5m_x7,2882710.0,5647.0,1337974657.0,1317621126.0,223.0,1335.0,125262640.0,1984977.0,1607.0,0.0,1.0,0.0,0.0,21.0,27.0,486039248.0,2643462656.0,6779580416.0,42756.0,43555737600.0,1053019288.0,0.0,1802.0,5699451.0,4259.0,215573.0,26685.0,0.0,0.0,2904.0,0.0
1787906522.6622431,2026-08-28T08:42:02+00:00,http_log_5m_x7,2882710.0,5647.0,1337974657.0,1320617711.0,223.0,1340.0,125262640.0,1012017.0,1961.0,0.0,0.0,0.0,0.0,21.0,27.0,486039248.0,2643462656.0,6779580416.0,42756.0,43555737600.0,1053019288.0,0.0,1802.0,5699451.0,4259.0,215573.0,26685.0,0.0,0.0,2904.0,0.0
1787906523.6673322,2026-08-28T08:42:03+00:00,http_log_5m_x7,2882710.0,5647.0,1337974657.0,1320617711.0,223.0,1340.0,125262640.0,1012017.0,1961.0,0.0,0.0,0.0,0.0,21.0,27.0,486039248.0,2643462656.0,6779580416.0,42756.0,43555737600.0,1053019288.0,0.0,1802.0,5699451.0,4259.0,215573.0,26685.0,0.0,0.0,2904.0,0.0
1787906524.672396,2026-08-28T08:42:04+00:00,http_log_5m_x7,2882710.0,5647.0,1337974657.0,1320617711.0,223.0,1340.0,125262640.0,1012017.0,1961.0,0.0,0.0,0.0,0.0,21.0,27.0,486039248.0,2643462656.0,6779580416.0,42756.0,43555737600.0,1053019288.0,0.0,1802.0,5699451.0,4259.0,215573.0,26685.0,0.0,0.0,2904.0,0.0
1787906525.6774669,2026-08-28T08:42:05+00:00,http_log_5m_x7,2882710.0,5647.0,1337974657.0,1320617711.0,223.0,1340.0,125262640.0,1012017.0,1961.0,0.0,1.0,0.0,0.0,21.0,29.0,486039248.0,2643462656.0,6779580416.0,42756.0,43555737600.0,1053019288.0,0.0,1802.0,5699451.0,4259.0,215573.0,26685.0,0.0,0.0,2904.0,0.0
1787906526.682546,2026-08-28T08:42:06+00:00,http_log_5m_x7,2882710.0,5647.0,1337974657.0,1320617711.0,223.0,1340.0,125262640.0,1012017.0,1961.0,0.0,1.0,0.0,0.0,21.0,29.0,486039248.0,2643462656.0,6779580416.0,42756.0,43555737600.0,1053019288.0,0.0,1802.0,5699451.0,4259.0,215573.0,26685.0,0.0,0.0,2904.0,0.0
1787906527.687613,2026-08-28T08:42:07+00:00,http_log_5m_x7,2882710.0,5647.0,1337974657.0,1323623511.0,223.0,1345.0,125262640.0,1019260.0,1949.0,0.0,0.0,0.0,0.0,21.0,29.0,486039248.0,2643462656.0,6779580416.0,42756.0,43555737600.0,1053019288.0,0.0,1802.0,5699451.0,4259.0,215573.0,26685.0,0.0,0.0,2904.0,0.0
1787906528.692754,2026-08-28T08:42:08+00:00,http_log_5m_x7,2882710.0,5647.0,1337974657.0,1323623511.0,223.0,1345.0,125262640.0,1019260.0,1949.0,0.0,0.0,0.0,0.0,21.0,29.0,486039248.0,2643462656.0,6779580416.0,42756.0,43555737600.0,1053019288.0,0.0,1802.0,5699451.0,4259.0,215573.0,26685.0,0.0,0.0,2904.0,0.0
1787906529.6978528,2026-08-28T08:42:09+00:00,http_log_5m_x7,2882710.0,5647.0,1337974657.0,1323623511.0,223.0,1345.0,125262640.0,1019260.0,1949.0,0.0,0.0,0.0,0.0,21.0,29.0,486039248.0,2643462656.0,6779580416.0,42756.0,43555737600.0,1053019288.0,0.0,1802.0,5699451.0,4259.0,215573.0,26685.0,0.0,0.0,2904.0,0.0
1787906530.702917,2026-08-28T08:42:10+00:00,http_log_5m_x7,2882710.0,5647.0,1337974657.0,1323623511.0,223.0,1345.0,2204672.0,1019260.0,1949.0,0.0,1.0,0.0,0.0,21.0,29.0,369876592.0,2643462656.0,6845001728.0,42869.0,43555737600.0,1053019288.0,0.0,1820.0,5709956.0,4269.0,216984.0,26735.0,0.0,0.0,2922.0,0.0
1787906531.707995,2026-08-28T08:42:11+00:00,http_log_5m_x7,2882710.0,5647.0,1337974657.0,1323623511.0,223.0,1345.0,2204672.0,1019260.0,1949.0,0.0,1.0,0.0,0.0,21.0,29.0,369876592.0,2643462656.0,6845001728.0,42869.0,43555737600.0,1053019288.0,0.0,1820.0,5709956.0,4269.0,216984.0,26735.0,0.0,0.0,2922.0,0.0
1787906532.712376,2026-08-28T08:42:12+00:00,http_log_5m_x7,2882710.0,5647.0,1337974657.0,1326656472.0,223.0,1350.0,2204672.0,1021887.0,1968.0,1.0,0.0,0.0,0.0,22.0,29.0,369876592.0,2643462656.0,6845001728.0,42869.0,43237261312.0,1106906409.0,0.0,1820.0,5709956.0,4269.0,216984.0,26735.0,0.0,0.0,2922.0,0.0
1787906533.7174668,2026-08-28T08:42:13+00:00,http_log_5m_x7,2882710.0,5647.0,1337974657.0,1326656472.0,223.0,1350.0,2204672.0,1021887.0,1968.0,1.0,0.0,0.0,0.0,22.0,29.0,369876592.0,2643462656.0,6845001728.0,42869.0,43237261312.0,1106906409.0,0.0,1820.0,5709956.0,4269.0,216984.0,26735.0,0.0,0.0,2922.0,0.0
1787906534.722559,2026-08-28T08:42:14+00:00,http_log_5m_x7,2882710.0,5647.0,1337974657.0,1326656472.0,223.0,1350.0,2204672.0,1021887.0,1968.0,1.0,0.0,0.0,0.0,22.0,29.0,369876592.0,2643462656.0,6845001728.0,42869.0,43237261312.0,1106906409.0,0.0,1820.0,5709956.0,4269.0,216984.0,26735.0,0.0,0.0,2922.0,0.0
1787906535.724598,2026-08-28T08:42:15+00:00,http_log_5m_x7,2882710.0,5647.0,1337974657.0,1326656472.0,223.0,1350.0,2204672.0,1021887.0,1968.0,1.0,1.0,0.0,0.0,22.0,20.0,369876592.0,2643462656.0,6845001728.0,42869.0,43237261312.0,1106906409.0,0.0,1820.0,5709956.0,4269.0,216984.0,26735.0,0.0,0.0,2922.0,0.0
1787906536.729669,2026-08-28T08:42:16+00:00,http_log_5m_x7,2882710.0,5647.0,1337974657.0,1326656472.0,223.0,1350.0,2204672.0,1021887.0,1968.0,1.0,1.0,0.0,0.0,22.0,20.0,369876592.0,2643462656.0,6845001728.0,42869.0,43237261312.0,1106906409.0,0.0,1820.0,5709956.0,4269.0,216984.0,26735.0,0.0,0.0,2922.0,0.0
1787906537.730792,2026-08-28T08:42:17+00:00,http_log_5m_x7,2882710.0,5647.0,1337974657.0,1329653300.0,223.0,1355.0,2204672.0,970161.0,2089.0,1.0,0.0,0.0,0.0,22.0,20.0,369876592.0,2643462656.0,6845001728.0,42869.0,43237261312.0,1106906409.0,0.0,1820.0,5709956.0,4269.0,216984.0,26735.0,0.0,0.0,2922.0,0.0
1787906538.735389,2026-08-28T08:42:18+00:00,http_log_5m_x7,2882710.0,5647.0,1337974657.0,1329653300.0,223.0,1355.0,2204672.0,970161.0,2089.0,1.0,0.0,0.0,0.0,22.0,20.0,369876592.0,2643462656.0,6845001728.0,42869.0,43237261312.0,1106906409.0,0.0,1820.0,5709956.0,4269.0,216984.0,26735.0,0.0,0.0,2922.0,0.0
1787906539.736773,2026-08-28T08:42:19+00:00,http_log_5m_x7,2882710.0,5647.0,1337974657.0,1329653300.0,223.0,1355.0,2204672.0,970161.0,2089.0,1.0,1.0,0.0,0.0,22.0,12.0,369876592.0,2643462656.0,6845001728.0,42869.0,43237261312.0,1106906409.0,0.0,1820.0,5709956.0,4269.0,216984.0,26735.0,0.0,0.0,2922.0,0.0
1787906540.7418618,2026-08-28T08:42:20+00:00,http_log_5m_x7,2882710.0,5647.0,1337974657.0,1329653300.0,223.0,1355.0,2204672.0,970161.0,2089.0,1.0,1.0,0.0,0.0,22.0,12.0,369876592.0,2643462656.0,6845001728.0,42869.0,43237261312.0,1106906409.0,0.0,1820.0,5709956.0,4269.0,216984.0,26735.0,0.0,0.0,2922.0,0.0
1787906541.746927,2026-08-28T08:42:21+00:00,http_log_5m_x7,2882710.0,5647.0,1337974657.0,1334856584.0,223.0,1360.0,2204672.0,1941523.0,1680.0,1.0,0.0,0.0,0.0,22.0,12.0,369876592.0,2643462656.0,6845001728.0,42869.0,43237261312.0,1106906409.0,0.0,1820.0,5709956.0,4269.0,216984.0,26735.0,0.0,0.0,2922.0,0.0
1787906542.748619,2026-08-28T08:42:22+00:00,http_log_5m_x7,3031400.0,9801.0,1370716809.0,1334856584.0,228.0,1360.0,2204672.0,1941523.0,1680.0,0.0,0.0,0.0,0.0,22.0,12.0,369876592.0,2643462656.0,6845001728.0,42869.0,43237261312.0,1106906409.0,0.0,1820.0,5709956.0,4269.0,216984.0,26735.0,0.0,0.0,2922.0,0.0
1787906543.753706,2026-08-28T08:42:23+00:00,http_log_5m_x7,3031400.0,9801.0,1370716809.0,1334856584.0,228.0,1360.0,2204672.0,1941523.0,1680.0,0.0,0.0,0.0,0.0,22.0,12.0,369876592.0,2643462656.0,6845001728.0,42869.0,43237261312.0,1106906409.0,0.0,1820.0,5709956.0,4269.0,216984.0,26735.0,0.0,0.0,2922.0,0.0
1787906544.758135,2026-08-28T08:42:24+00:00,http_log_5m_x7,3031400.0,9801.0,1370716809.0,1334856584.0,228.0,1360.0,2204672.0,1941523.0,1680.0,0.0,1.0,0.0,0.0,22.0,27.0,369876592.0,2643462656.0,6845001728.0,42869.0,43237261312.0,1106906409.0,0.0,1820.0,5709956.0,4269.0,216984.0,26735.0,0.0,0.0,2922.0,0.0
1787906545.763196,2026-08-28T08:42:25+00:00,http_log_5m_x7,3031400.0,9801.0,1370716809.0,1334856584.0,228.0,1360.0,47234584.0,1941523.0,1680.0,0.0,1.0,0.0,0.0,22.0,27.0,409531416.0,2643462656.0,6930370560.0,43002.0,43237261312.0,1106906409.0,0.0,1839.0,5719530.0,4281.0,219302.0,26801.0,0.0,0.0,2941.0,0.0
1787906546.763874,2026-08-28T08:42:26+00:00,http_log_5m_x7,3031400.0,9801.0,1370716809.0,1337806896.0,228.0,1365.0,47234584.0,995046.0,1965.0,0.0,0.0,0.0,0.0,22.0,27.0,409531416.0,2643462656.0,6930370560.0,43002.0,43237261312.0,1106906409.0,0.0,1839.0,5719530.0,4281.0,219302.0,26801.0,0.0,0.0,2941.0,0.0
1787906547.7689228,2026-08-28T08:42:27+00:00,http_log_5m_x7,3031400.0,9801.0,1370716809.0,1337806896.0,228.0,1365.0,47234584.0,995046.0,1965.0,0.0,0.0,0.0,0.0,22.0,27.0,409531416.0,2643462656.0,6930370560.0,43002.0,43237261312.0,1106906409.0,0.0,1839.0,5719530.0,4281.0,219302.0,26801.0,0.0,0.0,2941.0,0.0
1787906548.77068,2026-08-28T08:42:28+00:00,http_log_5m_x7,3031400.0,9801.0,1370716809.0,1337806896.0,228.0,1365.0,47234584.0,995046.0,1965.0,0.0,1.0,0.0,0.0,22.0,19.0,409531416.0,2643462656.0,6930370560.0,43002.0,43237261312.0,1106906409.0,0.0,1839.0,5719530.0,4281.0,219302.0,26801.0,0.0,0.0,2941.0,0.0
1787906549.770915,2026-08-28T08:42:29+00:00,http_log_5m_x7,3031400.0,9801.0,1370716809.0,1342991258.0,228.0,1370.0,47234584.0,2082073.0,1490.0,0.0,0.0,0.0,0.0,22.0,19.0,409531416.0,2643462656.0,6930370560.0,43002.0,43237261312.0,1106906409.0,0.0,1839.0,5719530.0,4281.0,219302.0,26801.0,0.0,0.0,2941.0,0.0
1787906550.776063,2026-08-28T08:42:30+00:00,http_log_5m_x7,3031400.0,9801.0,1370716809.0,1342991258.0,228.0,1370.0,47234584.0,2082073.0,1490.0,0.0,0.0,0.0,0.0,22.0,19.0,409531416.0,2643462656.0,6930370560.0,43002.0,43237261312.0,1106906409.0,0.0,1839.0,5719530.0,4281.0,219302.0,26801.0,0.0,0.0,2941.0,0.0
1787906551.778218,2026-08-28T08:42:31+00:00,http_log_5m_x7,3031400.0,9801.0,1370716809.0,1342991258.0,228.0,1370.0,47234584.0,2082073.0,1490.0,0.0,0.0,0.0,0.0,22.0,19.0,409531416.0,2643462656.0,6930370560.0,43002.0,43237261312.0,1106906409.0,0.0,1839.0,5719530.0,4281.0,219302.0,26801.0,0.0,0.0,2941.0,0.0
1787906552.783304,2026-08-28T08:42:32+00:00,http_log_5m_x7,3031400.0,9801.0,1370716809.0,1342991258.0,228.0,1370.0,47234584.0,2082073.0,1490.0,0.0,0.0,0.0,0.0,22.0,19.0,409531416.0,2643462656.0,6930370560.0,43002.0,43237261312.0,1106906409.0,0.0,1839.0,5719530.0,4281.0,219302.0,26801.0,0.0,0.0,2941.0,0.0
1787906553.787395,2026-08-28T08:42:33+00:00,http_log_5m_x7,3031400.0,9801.0,1370716809.0,1342991258.0,228.0,1370.0,47234584.0,2082073.0,1490.0,0.0,1.0,0.0,0.0,22.0,28.0,409531416.0,2643462656.0,6930370560.0,43002.0,43237261312.0,1106906409.0,0.0,1839.0,5719530.0,4281.0,219302.0,26801.0,0.0,0.0,2941.0,0.0
1787906554.7911959,2026-08-28T08:42:34+00:00,http_log_5m_x7,3031400.0,9801.0,1370716809.0,1342991258.0,228.0,1370.0,47234584.0,2082073.0,1490.0,0.0,1.0,0.0,0.0,22.0,28.0,409531416.0,2643462656.0,6930370560.0,43002.0,43237261312.0,1106906409.0,0.0,1839.0,5719530.0,4281.0,219302.0,26801.0,0.0,0.0,2941.0,0.0
1787906555.794465,2026-08-28T08:42:35+00:00,http_log_5m_x7,3031400.0,9801.0,1370716809.0,1345978937.0,228.0,1375.0,47234584.0,1035231.0,1886.0,0.0,0.0,0.0,0.0,22.0,28.0,409531416.0,2643462656.0,6930370560.0,43002.0,43237261312.0,1106906409.0,0.0,1839.0,5719530.0,4281.0,219302.0,26801.0,0.0,0.0,2941.0,0.0
1787906556.797282,2026-08-28T08:42:36+00:00,http_log_5m_x7,3031400.0,9801.0,1370716809.0,1345978937.0,228.0,1375.0,47234584.0,1035231.0,1886.0,0.0,0.0,0.0,0.0,22.0,28.0,409531416.0,2643462656.0,6930370560.0,43002.0,43237261312.0,1106906409.0,0.0,1839.0,5719530.0,4281.0,219302.0,26801.0,0.0,0.0,2941.0,0.0
1787906557.802368,2026-08-28T08:42:37+00:00,http_log_5m_x7,3031400.0,9801.0,1370716809.0,1345978937.0,228.0,1375.0,47234584.0,1035231.0,1886.0,0.0,1.0,0.0,0.0,22.0,21.0,409531416.0,2643462656.0,6930370560.0,43002.0,43237261312.0,1106906409.0,0.0,1839.0,5719530.0,4281.0,219302.0,26801.0,0.0,0.0,2941.0,0.0
1787906558.8040829,2026-08-28T08:42:38+00:00,http_log_5m_x7,3031400.0,9801.0,1370716809.0,1351247178.0,228.0,1380.0,47234584.0,2039582.0,1583.0,0.0,0.0,0.0,0.0,22.0,21.0,409531416.0,2643462656.0,6930370560.0,43002.0,43237261312.0,1106906409.0,0.0,1839.0,5719530.0,4281.0,219302.0,26801.0,0.0,0.0,2941.0,0.0
1787906559.80916,2026-08-28T08:42:39+00:00,http_log_5m_x7,3031400.0,9801.0,1370716809.0,1351247178.0,228.0,1380.0,47234584.0,2039582.0,1583.0,0.0,0.0,0.0,0.0,22.0,21.0,409531416.0,2643462656.0,6930370560.0,43002.0,43237261312.0,1106906409.0,0.0,1839.0,5719530.0,4281.0,219302.0,26801.0,0.0,0.0,2941.0,0.0
1787906560.8128572,2026-08-28T08:42:40+00:00,http_log_5m_x7,3031400.0,9801.0,1370716809.0,1351247178.0,228.0,1380.0,0.0,2039582.0,1583.0,0.0,0.0,0.0,0.0,22.0,21.0,360181664.0,2643462656.0,6973677568.0,43094.0,43237261312.0,1106906409.0,0.0,1857.0,5730280.0,4290.0,220473.0,26848.0,0.0,0.0,2957.0,0.0
1787906561.8145988,2026-08-28T08:42:41+00:00,http_log_5m_x7,3031400.0,9801.0,1370716809.0,1351247178.0,228.0,1380.0,0.0,2039582.0,1583.0,0.0,0.0,0.0,0.0,22.0,21.0,360181664.0,2643462656.0,6973677568.0,43094.0,43237261312.0,1106906409.0,0.0,1857.0,5730280.0,4290.0,220473.0,26848.0,0.0,0.0,2957.0,0.0
1787906562.819646,2026-08-28T08:42:42+00:00,http_log_5m_x7,3031400.0,9801.0,1370716809.0,1351247178.0,228.0,1380.0,0.0,2039582.0,1583.0,0.0,1.0,0.0,0.0,22.0,29.0,360181664.0,2643462656.0,6973677568.0,43094.0,43237261312.0,1106906409.0,0.0,1857.0,5730280.0,4290.0,220473.0,26848.0,0.0,0.0,2957.0,0.0
1787906563.821443,2026-08-28T08:42:43+00:00,http_log_5m_x7,3031400.0,9801.0,1370716809.0,1351247178.0,228.0,1380.0,0.0,2039582.0,1583.0,0.0,1.0,0.0,0.0,22.0,29.0,360181664.0,2643462656.0,6973677568.0,43094.0,43237261312.0,1106906409.0,0.0,1857.0,5730280.0,4290.0,220473.0,26848.0,0.0,0.0,2957.0,0.0
1787906564.826561,2026-08-28T08:42:44+00:00,http_log_5m_x7,3031400.0,9801.0,1370716809.0,1354196280.0,228.0,1385.0,0.0,1002414.0,1942.0,0.0,0.0,0.0,0.0,22.0,29.0,360181664.0,2643462656.0,6973677568.0,43094.0,43237261312.0,1106906409.0,0.0,1857.0,5730280.0,4290.0,220473.0,26848.0,0.0,0.0,2957.0,0.0
1787906565.831635,2026-08-28T08:42:45+00:00,http_log_5m_x7,3031400.0,9801.0,1370716809.0,1354196280.0,228.0,1385.0,0.0,1002414.0,1942.0,0.0,0.0,0.0,0.0,22.0,29.0,360181664.0,2643462656.0,6973677568.0,43094.0,43237261312.0,1106906409.0,0.0,1857.0,5730280.0,4290.0,220473.0,26848.0,0.0,0.0,2957.0,0.0
1787906566.835149,2026-08-28T08:42:46+00:00,http_log_5m_x7,3031400.0,9801.0,1370716809.0,1354196280.0,228.0,1385.0,0.0,1002414.0,1942.0,0.0,1.0,0.0,0.0,22.0,22.0,360181664.0,2643462656.0,6973677568.0,43094.0,43237261312.0,1106906409.0,0.0,1857.0,5730280.0,4290.0,220473.0,26848.0,0.0,0.0,2957.0,0.0
1787906567.840259,2026-08-28T08:42:47+00:00,http_log_5m_x7,3031400.0,9801.0,1370716809.0,1359398427.0,228.0,1390.0,0.0,2113834.0,1461.0,0.0,0.0,0.0,0.0,22.0,22.0,360181664.0,2643462656.0,6973677568.0,43094.0,43237261312.0,1106906409.0,0.0,1857.0,5730280.0,4290.0,220473.0,26848.0,0.0,0.0,2957.0,0.0
1787906568.845398,2026-08-28T08:42:48+00:00,http_log_5m_x7,3031400.0,9801.0,1370716809.0,1359398427.0,228.0,1390.0,0.0,2113834.0,1461.0,1.0,0.0,0.0,0.0,22.0,22.0,360181664.0,2643462656.0,6973677568.0,43094.0,43237261312.0,1106906409.0,0.0,1857.0,5730280.0,4290.0,220473.0,26848.0,0.0,0.0,2957.0,0.0
1787906569.850452,2026-08-28T08:42:49+00:00,http_log_5m_x7,3031400.0,9801.0,1370716809.0,1359398427.0,228.0,1390.0,0.0,2113834.0,1461.0,1.0,0.0,0.0,0.0,22.0,22.0,360181664.0,2643462656.0,6973677568.0,43094.0,43237261312.0,1106906409.0,0.0,1857.0,5730280.0,4290.0,220473.0,26848.0,0.0,0.0,2957.0,0.0
1787906570.855534,2026-08-28T08:42:50+00:00,http_log_5m_x7,3031400.0,9801.0,1370716809.0,1359398427.0,228.0,1390.0,0.0,2113834.0,1461.0,1.0,0.0,0.0,0.0,22.0,22.0,360181664.0,2643462656.0,6973677568.0,43094.0,43237261312.0,1106906409.0,0.0,1857.0,5730280.0,4290.0,220473.0,26848.0,0.0,0.0,2957.0,0.0
1787906571.8578,2026-08-28T08:42:51+00:00,http_log_5m_x7,3031400.0,9801.0,1370716809.0,1359398427.0,228.0,1390.0,0.0,2113834.0,1461.0,1.0,1.0,0.0,0.0,22.0,20.0,360181664.0,2643462656.0,6973677568.0,43094.0,43237261312.0,1106906409.0,0.0,1857.0,5730280.0,4290.0,220473.0,26848.0,0.0,0.0,2957.0,0.0
1787906572.862904,2026-08-28T08:42:52+00:00,http_log_5m_x7,3031400.0,9801.0,1370716809.0,1359398427.0,228.0,1390.0,0.0,2113834.0,1461.0,1.0,1.0,0.0,0.0,22.0,20.0,360181664.0,2643462656.0,6973677568.0,43094.0,43237261312.0,1106906409.0,0.0,1857.0,5730280.0,4290.0,220473.0,26848.0,0.0,0.0,2957.0,0.0
1787906573.867994,2026-08-28T08:42:53+00:00,http_log_5m_x7,3031400.0,9801.0,1370716809.0,1362404183.0,228.0,1395.0,0.0,964929.0,2115.0,1.0,0.0,0.0,0.0,22.0,20.0,360181664.0,2643462656.0,6973677568.0,43094.0,43237261312.0,1106906409.0,0.0,1857.0,5730280.0,4290.0,220473.0,26848.0,0.0,0.0,2957.0,0.0
1787906574.8685272,2026-08-28T08:42:54+00:00,http_log_5m_x7,3031400.0,9801.0,1370716809.0,1362404183.0,228.0,1395.0,0.0,964929.0,2115.0,1.0,0.0,0.0,0.0,22.0,20.0,360181664.0,2643462656.0,6973677568.0,43094.0,43237261312.0,1106906409.0,0.0,1857.0,5730280.0,4290.0,220473.0,26848.0,0.0,0.0,2957.0,0.0
1787906575.873609,2026-08-28T08:42:55+00:00,http_log_5m_x7,3031400.0,9801.0,1370716809.0,1362404183.0,228.0,1395.0,284620736.0,964929.0,2115.0,1.0,1.0,0.0,0.0,22.0,12.0,647239816.0,2643462656.0,7009804288.0,43194.0,43237261312.0,1106906409.0,0.0,1877.0,5740326.0,4299.0,222337.0,26907.0,0.0,0.0,2974.0,0.0
1787906576.878714,2026-08-28T08:42:56+00:00,http_log_5m_x7,3031400.0,9801.0,1370716809.0,1367682891.0,228.0,1400.0,284620736.0,1995730.0,1645.0,1.0,0.0,0.0,0.0,22.0,12.0,647239816.0,2643462656.0,7009804288.0,43194.0,43237261312.0,1106906409.0,0.0,1877.0,5740326.0,4299.0,222337.0,26907.0,0.0,0.0,2974.0,0.0
1787906577.883822,2026-08-28T08:42:57+00:00,http_log_5m_x7,3031400.0,9801.0,1370716809.0,1367682891.0,228.0,1400.0,284620736.0,1995730.0,1645.0,1.0,0.0,0.0,0.0,22.0,12.0,647239816.0,2643462656.0,7009804288.0,43194.0,43237261312.0,1106906409.0,0.0,1877.0,5740326.0,4299.0,222337.0,26907.0,0.0,0.0,2974.0,0.0
1787906578.887458,2026-08-28T08:42:58+00:00,http_log_5m_x7,3031400.0,9801.0,1370716809.0,1367682891.0,228.0,1400.0,284620736.0,1995730.0,1645.0,1.0,0.0,0.0,0.0,22.0,12.0,647239816.0,2643462656.0,7009804288.0,43194.0,43237261312.0,1106906409.0,0.0,1877.0,5740326.0,4299.0,222337.0,26907.0,0.0,0.0,2974.0,0.0
1787906579.892172,2026-08-28T08:42:59+00:00,http_log_5m_x7,3031400.0,9801.0,1370716809.0,1367682891.0,228.0,1400.0,284620736.0,1995730.0,1645.0,1.0,1.0,0.0,0.0,22.0,11.0,647239816.0,2643462656.0,7009804288.0,43194.0,43237261312.0,1106906409.0,0.0,1877.0,5740326.0,4299.0,222337.0,26907.0,0.0,0.0,2974.0,0.0
1787906580.897275,2026-08-28T08:43:00+00:00,http_log_5m_x7,3031400.0,9801.0,1370716809.0,1367682891.0,228.0,1400.0,284620736.0,1995730.0,1645.0,1.0,1.0,0.0,0.0,22.0,11.0,647239816.0,2643462656.0,7009804288.0,43194.0,43237261312.0,1106906409.0,0.0,1877.0,5740326.0,4299.0,222337.0,26907.0,0.0,0.0,2974.0,0.0
1787906581.902369,2026-08-28T08:43:01+00:00,http_log_5m_x7,3031400.0,9801.0,1370716809.0,1375230312.0,228.0,1405.0,284620736.0,2263773.0,2334.0,1.0,0.0,0.0,0.0,22.0,11.0,647239816.0,2643462656.0,7009804288.0,43194.0,43237261312.0,1106906409.0,0.0,1877.0,5740326.0,4299.0,222337.0,26907.0,0.0,0.0,2974.0,0.0
1787906582.907472,2026-08-28T08:43:02+00:00,http_log_5m_x7,3031400.0,9801.0,1370716809.0,1375230312.0,228.0,1405.0,284620736.0,2263773.0,2334.0,1.0,0.0,0.0,0.0,22.0,11.0,647239816.0,2643462656.0,7009804288.0,43194.0,43237261312.0,1106906409.0,0.0,1877.0,5740326.0,4299.0,222337.0,26907.0,0.0,0.0,2974.0,0.0
1787906583.9088798,2026-08-28T08:43:03+00:00,http_log_5m_x7,3143150.0,15868.0,1423735476.0,1375230312.0,233.0,1405.0,284620736.0,2263773.0,2334.0,0.0,0.0,0.0,0.0,22.0,11.0,647239816.0,2643462656.0,7009804288.0,43194.0,43237261312.0,1106906409.0,0.0,1877.0,5740326.0,4299.0,222337.0,26907.0,0.0,0.0,2974.0,0.0
1787906584.9089558,2026-08-28T08:43:04+00:00,http_log_5m_x7,3143150.0,15868.0,1423735476.0,1375230312.0,233.0,1405.0,284620736.0,2263773.0,2334.0,0.0,1.0,0.0,0.0,22.0,27.0,647239816.0,2643462656.0,7009804288.0,43194.0,43237261312.0,1106906409.0,0.0,1877.0,5740326.0,4299.0,222337.0,26907.0,0.0,0.0,2974.0,0.0
1787906585.914089,2026-08-28T08:43:05+00:00,http_log_5m_x7,3143150.0,15868.0,1423735476.0,1378235948.0,233.0,1410.0,284620736.0,1041453.0,1886.0,0.0,0.0,0.0,0.0,22.0,27.0,647239816.0,2643462656.0,7009804288.0,43194.0,43237261312.0,1106906409.0,0.0,1877.0,5740326.0,4299.0,222337.0,26907.0,0.0,0.0,2974.0,0.0
1787906586.919203,2026-08-28T08:43:06+00:00,http_log_5m_x7,3143150.0,15868.0,1423735476.0,1378235948.0,233.0,1410.0,284620736.0,1041453.0,1886.0,0.0,0.0,0.0,0.0,22.0,27.0,647239816.0,2643462656.0,7009804288.0,43194.0,43237261312.0,1106906409.0,0.0,1877.0,5740326.0,4299.0,222337.0,26907.0,0.0,0.0,2974.0,0.0
1787906587.924285,2026-08-28T08:43:07+00:00,http_log_5m_x7,3143150.0,15868.0,1423735476.0,1378235948.0,233.0,1410.0,284620736.0,1041453.0,1886.0,0.0,1.0,0.0,0.0,22.0,19.0,647239816.0,2643462656.0,7009804288.0,43194.0,43237261312.0,1106906409.0,0.0,1877.0,5740326.0,4299.0,222337.0,26907.0,0.0,0.0,2974.0,0.0
1787906588.929444,2026-08-28T08:43:08+00:00,http_log_5m_x7,3143150.0,15868.0,1423735476.0,1378235948.0,233.0,1410.0,284620736.0,1041453.0,1886.0,0.0,1.0,0.0,0.0,22.0,19.0,647239816.0,2643462656.0,7009804288.0,43194.0,43237261312.0,1106906409.0,0.0,1877.0,5740326.0,4299.0,222337.0,26907.0,0.0,0.0,2974.0,0.0
1787906589.934567,2026-08-28T08:43:09+00:00,http_log_5m_x7,3143150.0,15868.0,1423735476.0,1383495111.0,233.0,1415.0,0.0,2112962.0,1489.0,0.0,0.0,0.0,0.0,22.0,19.0,366766680.0,2643462656.0,7142633472.0,43337.0,43237261312.0,1106906409.0,0.0,1895.0,5750011.0,4312.0,224539.0,26979.0,0.0,0.0,2990.0,0.0
1787906590.939713,2026-08-28T08:43:10+00:00,http_log_5m_x7,3143150.0,15868.0,1423735476.0,1383495111.0,233.0,1415.0,0.0,2112962.0,1489.0,0.0,0.0,0.0,0.0,22.0,19.0,366766680.0,2643462656.0,7142633472.0,43337.0,43237261312.0,1106906409.0,0.0,1895.0,5750011.0,4312.0,224539.0,26979.0,0.0,0.0,2990.0,0.0
1787906591.9448152,2026-08-28T08:43:11+00:00,http_log_5m_x7,3143150.0,15868.0,1423735476.0,1383495111.0,233.0,1415.0,0.0,2112962.0,1489.0,0.0,1.0,0.0,0.0,22.0,19.0,366766680.0,2643462656.0,7142633472.0,43337.0,42953445376.0,1157039931.0,0.0,1895.0,5750011.0,4312.0,224539.0,26979.0,0.0,0.0,2990.0,0.0
1787906592.949922,2026-08-28T08:43:12+00:00,http_log_5m_x7,3143150.0,15868.0,1423735476.0,1383495111.0,233.0,1415.0,0.0,2112962.0,1489.0,0.0,1.0,0.0,0.0,22.0,19.0,366766680.0,2643462656.0,7142633472.0,43337.0,42953445376.0,1157039931.0,0.0,1895.0,5750011.0,4312.0,224539.0,26979.0,0.0,0.0,2990.0,0.0
1787906593.9527628,2026-08-28T08:43:13+00:00,http_log_5m_x7,3143150.0,15868.0,1423735476.0,1391034210.0,233.0,1420.0,0.0,2421811.0,2113.0,0.0,0.0,0.0,0.0,22.0,19.0,366766680.0,2643462656.0,7142633472.0,43337.0,42953445376.0,1157039931.0,0.0,1895.0,5750011.0,4312.0,224539.0,26979.0,0.0,0.0,2990.0,0.0
1787906594.957847,2026-08-28T08:43:14+00:00,http_log_5m_x7,3143150.0,15868.0,1423735476.0,1391034210.0,233.0,1420.0,0.0,2421811.0,2113.0,0.0,0.0,0.0,0.0,22.0,19.0,366766680.0,2643462656.0,7142633472.0,43337.0,42953445376.0,1157039931.0,0.0,1895.0,5750011.0,4312.0,224539.0,26979.0,0.0,0.0,2990.0,0.0
1787906595.9629078,2026-08-28T08:43:15+00:00,http_log_5m_x7,3143150.0,15868.0,1423735476.0,1391034210.0,233.0,1420.0,0.0,2421811.0,2113.0,0.0,0.0,0.0,0.0,22.0,19.0,366766680.0,2643462656.0,7142633472.0,43337.0,42953445376.0,1157039931.0,0.0,1895.0,5750011.0,4312.0,224539.0,26979.0,0.0,0.0,2990.0,0.0
1787906596.9679859,2026-08-28T08:43:16+00:00,http_log_5m_x7,3143150.0,15868.0,1423735476.0,1391034210.0,233.0,1420.0,0.0,2421811.0,2113.0,0.0,1.0,0.0,0.0,22.0,28.0,366766680.0,2643462656.0,7142633472.0,43337.0,42953445376.0,1157039931.0,0.0,1895.0,5750011.0,4312.0,224539.0,26979.0,0.0,0.0,2990.0,0.0
1787906597.973088,2026-08-28T08:43:17+00:00,http_log_5m_x7,3143150.0,15868.0,1423735476.0,1391034210.0,233.0,1420.0,0.0,2421811.0,2113.0,0.0,1.0,0.0,0.0,22.0,28.0,366766680.0,2643462656.0,7142633472.0,43337.0,42953445376.0,1157039931.0,0.0,1895.0,5750011.0,4312.0,224539.0,26979.0,0.0,0.0,2990.0,0.0
1787906598.978216,2026-08-28T08:43:18+00:00,http_log_5m_x7,3143150.0,15868.0,1423735476.0,1394040417.0,233.0,1425.0,0.0,1027763.0,1925.0,0.0,0.0,0.0,0.0,22.0,28.0,366766680.0,2643462656.0,7142633472.0,43337.0,42953445376.0,1157039931.0,0.0,1895.0,5750011.0,4312.0,224539.0,26979.0,0.0,0.0,2990.0,0.0
1787906599.9832802,2026-08-28T08:43:19+00:00,http_log_5m_x7,3143150.0,15868.0,1423735476.0,1394040417.0,233.0,1425.0,0.0,1027763.0,1925.0,0.0,0.0,0.0,0.0,22.0,28.0,366766680.0,2643462656.0,7142633472.0,43337.0,42953445376.0,1157039931.0,0.0,1895.0,5750011.0,4312.0,224539.0,26979.0,0.0,0.0,2990.0,0.0
1787906600.988341,2026-08-28T08:43:20+00:00,http_log_5m_x7,3143150.0,15868.0,1423735476.0,1394040417.0,233.0,1425.0,0.0,1027763.0,1925.0,0.0,1.0,0.0,0.0,22.0,21.0,366766680.0,2643462656.0,7142633472.0,43337.0,42953445376.0,1157039931.0,0.0,1895.0,5750011.0,4312.0,224539.0,26979.0,0.0,0.0,2990.0,0.0
1787906601.9934368,2026-08-28T08:43:22+00:00,http_log_5m_x7,3143150.0,15868.0,1423735476.0,1394040417.0,233.0,1425.0,0.0,1027763.0,1925.0,0.0,1.0,0.0,0.0,22.0,21.0,366766680.0,2643462656.0,7142633472.0,43337.0,42953445376.0,1157039931.0,0.0,1895.0,5750011.0,4312.0,224539.0,26979.0,0.0,0.0,2990.0,0.0
1787906602.998493,2026-08-28T08:43:23+00:00,http_log_5m_x7,3143150.0,15868.0,1423735476.0,1399300094.0,233.0,1430.0,0.0,2151197.0,1445.0,0.0,0.0,0.0,0.0,22.0,21.0,366766680.0,2643462656.0,7142633472.0,43337.0,42953445376.0,1157039931.0,0.0,1895.0,5750011.0,4312.0,224539.0,26979.0,0.0,0.0,2990.0,0.0
1787906604.003583,2026-08-28T08:43:24+00:00,http_log_5m_x7,3143150.0,15868.0,1423735476.0,1399300094.0,233.0,1430.0,0.0,2151197.0,1445.0,0.0,0.0,0.0,0.0,22.0,21.0,366766680.0,2643462656.0,7142633472.0,43337.0,42953445376.0,1157039931.0,0.0,1895.0,5750011.0,4312.0,224539.0,26979.0,0.0,0.0,2990.0,0.0
1787906605.008669,2026-08-28T08:43:25+00:00,http_log_5m_x7,3143150.0,15868.0,1423735476.0,1399300094.0,233.0,1430.0,1634072.0,2151197.0,1445.0,0.0,1.0,0.0,0.0,22.0,20.0,361142704.0,2643462656.0,7185199104.0,43432.0,42953445376.0,1157039931.0,0.0,1914.0,5760846.0,4321.0,225627.0,27022.0,0.0,0.0,3003.0,0.0
1787906606.0135,2026-08-28T08:43:26+00:00,http_log_5m_x7,3143150.0,15868.0,1423735476.0,1399300094.0,233.0,1430.0,1634072.0,2151197.0,1445.0,0.0,1.0,0.0,0.0,22.0,20.0,361142704.0,2643462656.0,7185199104.0,43432.0,42953445376.0,1157039931.0,0.0,1914.0,5760846.0,4321.0,225627.0,27022.0,0.0,0.0,3003.0,0.0
1787906607.018624,2026-08-28T08:43:27+00:00,http_log_5m_x7,3143150.0,15868.0,1423735476.0,1406810320.0,233.0,1435.0,1634072.0,2498411.0,2006.0,0.0,0.0,0.0,0.0,22.0,20.0,361142704.0,2643462656.0,7185199104.0,43432.0,42953445376.0,1157039931.0,0.0,1914.0,5760846.0,4321.0,225627.0,27022.0,0.0,0.0,3003.0,0.0
1787906608.023714,2026-08-28T08:43:28+00:00,http_log_5m_x7,3143150.0,15868.0,1423735476.0,1406810320.0,233.0,1435.0,1634072.0,2498411.0,2006.0,0.0,0.0,0.0,0.0,22.0,20.0,361142704.0,2643462656.0,7185199104.0,43432.0,42953445376.0,1157039931.0,0.0,1914.0,5760846.0,4321.0,225627.0,27022.0,0.0,0.0,3003.0,0.0
1787906609.0283468,2026-08-28T08:43:29+00:00,http_log_5m_x7,3143150.0,15868.0,1423735476.0,1406810320.0,233.0,1435.0,1634072.0,2498411.0,2006.0,0.0,0.0,0.0,0.0,22.0,20.0,361142704.0,2643462656.0,7185199104.0,43432.0,42953445376.0,1157039931.0,0.0,1914.0,5760846.0,4321.0,225627.0,27022.0,0.0,0.0,3003.0,0.0
1787906610.0291688,2026-08-28T08:43:30+00:00,http_log_5m_x7,3143150.0,15868.0,1423735476.0,1406810320.0,233.0,1435.0,1634072.0,2498411.0,2006.0,0.0,1.0,0.0,0.0,22.0,29.0,361142704.0,2643462656.0,7185199104.0,43432.0,42953445376.0,1157039931.0,0.0,1914.0,5760846.0,4321.0,225627.0,27022.0,0.0,0.0,3003.0,0.0
1787906611.034239,2026-08-28T08:43:31+00:00,http_log_5m_x7,3143150.0,15868.0,1423735476.0,1406810320.0,233.0,1435.0,1634072.0,2498411.0,2006.0,0.0,1.0,0.0,0.0,22.0,29.0,361142704.0,2643462656.0,7185199104.0,43432.0,42953445376.0,1157039931.0,0.0,1914.0,5760846.0,4321.0,225627.0,27022.0,0.0,0.0,3003.0,0.0
1787906612.036281,2026-08-28T08:43:32+00:00,http_log_5m_x7,3143150.0,15868.0,1423735476.0,1409751313.0,233.0,1440.0,1634072.0,1030120.0,1855.0,0.0,0.0,0.0,0.0,22.0,29.0,361142704.0,2643462656.0,7185199104.0,43432.0,42953445376.0,1157039931.0,0.0,1914.0,5760846.0,4321.0,225627.0,27022.0,0.0,0.0,3003.0,0.0
1787906613.0413802,2026-08-28T08:43:33+00:00,http_log_5m_x7,3143150.0,15868.0,1423735476.0,1409751313.0,233.0,1440.0,1634072.0,1030120.0,1855.0,0.0,0.0,0.0,0.0,22.0,29.0,361142704.0,2643462656.0,7185199104.0,43432.0,42953445376.0,1157039931.0,0.0,1914.0,5760846.0,4321.0,225627.0,27022.0,0.0,0.0,3003.0,0.0
1787906614.0464692,2026-08-28T08:43:34+00:00,http_log_5m_x7,3143150.0,15868.0,1423735476.0,1409751313.0,233.0,1440.0,1634072.0,1030120.0,1855.0,0.0,1.0,0.0,0.0,22.0,22.0,361142704.0,2643462656.0,7185199104.0,43432.0,42953445376.0,1157039931.0,0.0,1914.0,5760846.0,4321.0,225627.0,27022.0,0.0,0.0,3003.0,0.0
1787906615.051533,2026-08-28T08:43:35+00:00,http_log_5m_x7,3143150.0,15868.0,1423735476.0,1409751313.0,233.0,1440.0,1634072.0,1030120.0,1855.0,0.0,1.0,0.0,0.0,22.0,22.0,361142704.0,2643462656.0,7185199104.0,43432.0,42953445376.0,1157039931.0,0.0,1914.0,5760846.0,4321.0,225627.0,27022.0,0.0,0.0,3003.0,0.0
1787906616.055003,2026-08-28T08:43:36+00:00,http_log_5m_x7,3143150.0,15868.0,1423735476.0,1414936419.0,233.0,1445.0,1634072.0,2116369.0,1450.0,0.0,0.0,0.0,0.0,22.0,22.0,361142704.0,2643462656.0,7185199104.0,43432.0,42953445376.0,1157039931.0,0.0,1914.0,5760846.0,4321.0,225627.0,27022.0,0.0,0.0,3003.0,0.0
1787906617.060061,2026-08-28T08:43:37+00:00,http_log_5m_x7,3143150.0,15868.0,1423735476.0,1414936419.0,233.0,1445.0,1634072.0,2116369.0,1450.0,0.0,0.0,0.0,0.0,22.0,22.0,361142704.0,2643462656.0,7185199104.0,43432.0,42953445376.0,1157039931.0,0.0,1914.0,5760846.0,4321.0,225627.0,27022.0,0.0,0.0,3003.0,0.0
1787906618.065152,2026-08-28T08:43:38+00:00,http_log_5m_x7,3143150.0,15868.0,1423735476.0,1414936419.0,233.0,1445.0,1634072.0,2116369.0,1450.0,0.0,0.0,0.0,0.0,22.0,22.0,361142704.0,2643462656.0,7185199104.0,43432.0,42953445376.0,1157039931.0,0.0,1914.0,5760846.0,4321.0,225627.0,27022.0,0.0,0.0,3003.0,0.0
1787906619.070248,2026-08-28T08:43:39+00:00,http_log_5m_x7,3143150.0,15868.0,1423735476.0,1414936419.0,233.0,1445.0,1634072.0,2116369.0,1450.0,0.0,1.0,0.0,0.0,22.0,21.0,361142704.0,2643462656.0,7185199104.0,43432.0,42953445376.0,1157039931.0,0.0,1914.0,5760846.0,4321.0,225627.0,27022.0,0.0,0.0,3003.0,0.0
1787906620.0753589,2026-08-28T08:43:40+00:00,http_log_5m_x7,3143150.0,15868.0,1423735476.0,1414936419.0,233.0,1445.0,46206440.0,2116369.0,1450.0,0.0,1.0,0.0,0.0,22.0,21.0,407808584.0,2643462656.0,7226949632.0,43532.0,42953445376.0,1157039931.0,0.0,1932.0,5771593.0,4330.0,226801.0,27061.0,0.0,0.0,3017.0,0.0
1787906621.0804212,2026-08-28T08:43:41+00:00,http_log_5m_x7,3143150.0,15868.0,1423735476.0,1422381042.0,233.0,1450.0,46206440.0,2418655.0,2078.0,0.0,0.0,0.0,0.0,22.0,21.0,407808584.0,2643462656.0,7226949632.0,43532.0,42953445376.0,1157039931.0,0.0,1932.0,5771593.0,4330.0,226801.0,27061.0,0.0,0.0,3017.0,0.0
1787906622.085501,2026-08-28T08:43:42+00:00,http_log_5m_x7,3143150.0,15868.0,1423735476.0,1422381042.0,233.0,1450.0,46206440.0,2418655.0,2078.0,0.0,0.0,0.0,0.0,22.0,21.0,407808584.0,2643462656.0,7226949632.0,43532.0,42953445376.0,1157039931.0,0.0,1932.0,5771593.0,4330.0,226801.0,27061.0,0.0,0.0,3017.0,0.0
1787906623.088591,2026-08-28T08:43:43+00:00,http_log_5m_x7,3143150.0,15868.0,1423735476.0,1422381042.0,233.0,1450.0,46206440.0,2418655.0,2078.0,0.0,0.0,0.0,0.0,22.0,21.0,407808584.0,2643462656.0,7226949632.0,43532.0,42953445376.0,1157039931.0,0.0,1932.0,5771593.0,4330.0,226801.0,27061.0,0.0,0.0,3017.0,0.0
1787906624.093695,2026-08-28T08:43:44+00:00,http_log_5m_x7,3143150.0,15868.0,1423735476.0,1422381042.0,233.0,1450.0,46206440.0,2418655.0,2078.0,0.0,1.0,0.0,0.0,22.0,31.0,407808584.0,2643462656.0,7226949632.0,43532.0,42953445376.0,1157039931.0,0.0,1932.0,5771593.0,4330.0,226801.0,27061.0,0.0,0.0,3017.0,0.0
1787906625.098787,2026-08-28T08:43:45+00:00,http_log_5m_x7,3143150.0,15868.0,1423735476.0,1422381042.0,233.0,1450.0,46206440.0,2418655.0,2078.0,1.0,1.0,0.0,0.0,19.0,31.0,407808584.0,2643462656.0,7226949632.0,43532.0,42953445376.0,1157039931.0,0.0,1932.0,5771593.0,4330.0,226801.0,27061.0,0.0,0.0,3017.0,0.0
1787906626.103869,2026-08-28T08:43:46+00:00,http_log_5m_x7,3143150.0,15868.0,1423735476.0,1425376504.0,233.0,1455.0,46206440.0,1014035.0,1954.0,1.0,0.0,0.0,0.0,19.0,31.0,407808584.0,2643462656.0,7226949632.0,43532.0,42953445376.0,1157039931.0,0.0,1932.0,5771593.0,4330.0,226801.0,27061.0,0.0,0.0,3017.0,0.0
1787906627.107957,2026-08-28T08:43:47+00:00,http_log_5m_x7,3143150.0,15868.0,1423735476.0,1425376504.0,233.0,1455.0,46206440.0,1014035.0,1954.0,1.0,0.0,0.0,0.0,19.0,31.0,407808584.0,2643462656.0,7226949632.0,43532.0,42953445376.0,1157039931.0,0.0,1932.0,5771593.0,4330.0,226801.0,27061.0,0.0,0.0,3017.0,0.0
1787906628.113044,2026-08-28T08:43:48+00:00,http_log_5m_x7,3143150.0,15868.0,1423735476.0,1425376504.0,233.0,1455.0,46206440.0,1014035.0,1954.0,1.0,1.0,0.0,0.0,19.0,12.0,407808584.0,2643462656.0,7226949632.0,43532.0,42953445376.0,1157039931.0,0.0,1932.0,5771593.0,4330.0,226801.0,27061.0,0.0,0.0,3017.0,0.0
1787906629.118122,2026-08-28T08:43:49+00:00,http_log_5m_x7,3143150.0,15868.0,1423735476.0,1425376504.0,233.0,1455.0,46206440.0,1014035.0,1954.0,1.0,1.0,0.0,0.0,19.0,12.0,407808584.0,2643462656.0,7226949632.0,43532.0,42953445376.0,1157039931.0,0.0,1932.0,5771593.0,4330.0,226801.0,27061.0,0.0,0.0,3017.0,0.0
1787906630.123196,2026-08-28T08:43:50+00:00,http_log_5m_x7,3143150.0,15868.0,1423735476.0,1430653953.0,233.0,1460.0,46206440.0,2047109.0,1578.0,1.0,0.0,0.0,0.0,19.0,12.0,407808584.0,2643462656.0,7226949632.0,43532.0,42953445376.0,1157039931.0,0.0,1932.0,5771593.0,4330.0,226801.0,27061.0,0.0,0.0,3017.0,0.0
1787906631.128327,2026-08-28T08:43:51+00:00,http_log_5m_x7,3143150.0,15868.0,1423735476.0,1430653953.0,233.0,1460.0,46206440.0,2047109.0,1578.0,1.0,0.0,0.0,0.0,19.0,12.0,407808584.0,2643462656.0,7226949632.0,43532.0,42953445376.0,1157039931.0,0.0,1932.0,5771593.0,4330.0,226801.0,27061.0,0.0,0.0,3017.0,0.0
1787906632.133397,2026-08-28T08:43:52+00:00,http_log_5m_x7,3143150.0,15868.0,1423735476.0,1430653953.0,233.0,1460.0,46206440.0,2047109.0,1578.0,1.0,1.0,0.0,0.0,19.0,11.0,407808584.0,2643462656.0,7226949632.0,43532.0,42953445376.0,1157039931.0,0.0,1932.0,5771593.0,4330.0,226801.0,27061.0,0.0,0.0,3017.0,0.0
1787906633.137585,2026-08-28T08:43:53+00:00,http_log_5m_x7,3143150.0,15868.0,1423735476.0,1430653953.0,233.0,1460.0,46206440.0,2047109.0,1578.0,1.0,1.0,0.0,0.0,19.0,11.0,407808584.0,2643462656.0,7226949632.0,43532.0,42953445376.0,1157039931.0,0.0,1932.0,5771593.0,4330.0,226801.0,27061.0,0.0,0.0,3017.0,0.0
1787906634.142653,2026-08-28T08:43:54+00:00,http_log_5m_x7,3143150.0,15868.0,1423735476.0,1438165331.0,233.0,1465.0,46206440.0,2263827.0,2318.0,1.0,0.0,0.0,0.0,19.0,11.0,407808584.0,2643462656.0,7226949632.0,43532.0,42953445376.0,1157039931.0,0.0,1932.0,5771593.0,4330.0,226801.0,27061.0,0.0,0.0,3017.0,0.0
1787906635.14526,2026-08-28T08:43:55+00:00,http_log_5m_x7,3143150.0,15868.0,1423735476.0,1438165331.0,233.0,1465.0,461226864.0,2263827.0,2318.0,1.0,0.0,0.0,0.0,19.0,11.0,849966008.0,2643462656.0,7279853568.0,43619.0,42953445376.0,1157039931.0,0.0,1957.0,5781213.0,4338.0,229086.0,27118.0,0.0,0.0,3034.0,0.0
1787906636.145907,2026-08-28T08:43:56+00:00,http_log_5m_x7,3143150.0,15868.0,1423735476.0,1438165331.0,233.0,1465.0,461226864.0,2263827.0,2318.0,1.0,0.0,0.0,0.0,19.0,11.0,849966008.0,2643462656.0,7279853568.0,43619.0,42953445376.0,1157039931.0,0.0,1957.0,5781213.0,4338.0,229086.0,27118.0,0.0,0.0,3034.0,0.0
1787906637.150992,2026-08-28T08:43:57+00:00,http_log_5m_x7,3143150.0,15868.0,1423735476.0,1438165331.0,233.0,1465.0,461226864.0,2263827.0,2318.0,1.0,1.0,0.0,0.0,19.0,27.0,849966008.0,2643462656.0,7279853568.0,43619.0,42953445376.0,1157039931.0,0.0,1957.0,5781213.0,4338.0,229086.0,27118.0,0.0,0.0,3034.0,0.0
1787906638.154238,2026-08-28T08:43:58+00:00,http_log_5m_x7,3143150.0,15868.0,1423735476.0,1438165331.0,233.0,1465.0,461226864.0,2263827.0,2318.0,1.0,1.0,0.0,0.0,19.0,27.0,849966008.0,2643462656.0,7279853568.0,43619.0,42953445376.0,1157039931.0,0.0,1957.0,5781213.0,4338.0,229086.0,27118.0,0.0,0.0,3034.0,0.0
1787906639.159328,2026-08-28T08:43:59+00:00,http_log_5m_x7,3143150.0,15868.0,1423735476.0,1441171362.0,233.0,1470.0,461226864.0,974086.0,2086.0,1.0,0.0,0.0,0.0,19.0,27.0,849966008.0,2643462656.0,7279853568.0,43619.0,42953445376.0,1157039931.0,0.0,1957.0,5781213.0,4338.0,229086.0,27118.0,0.0,0.0,3034.0,0.0
1787906640.164423,2026-08-28T08:44:00+00:00,http_log_5m_x7,3143150.0,15868.0,1423735476.0,1441171362.0,233.0,1470.0,461226864.0,974086.0,2086.0,1.0,0.0,0.0,0.0,19.0,27.0,849966008.0,2643462656.0,7279853568.0,43619.0,42953445376.0,1157039931.0,0.0,1957.0,5781213.0,4338.0,229086.0,27118.0,0.0,0.0,3034.0,0.0
1787906641.169525,2026-08-28T08:44:01+00:00,http_log_5m_x7,3143150.0,15868.0,1423735476.0,1441171362.0,233.0,1470.0,461226864.0,974086.0,2086.0,1.0,0.0,0.0,0.0,19.0,27.0,849966008.0,2643462656.0,7279853568.0,43619.0,42953445376.0,1157039931.0,0.0,1957.0,5781213.0,4338.0,229086.0,27118.0,0.0,0.0,3034.0,0.0
1787906642.169866,2026-08-28T08:44:02+00:00,http_log_5m_x7,3143150.0,15868.0,1423735476.0,1441171362.0,233.0,1470.0,461226864.0,974086.0,2086.0,1.0,1.0,0.0,0.0,19.0,29.0,849966008.0,2643462656.0,7279853568.0,43619.0,42953445376.0,1157039931.0,0.0,1957.0,5781213.0,4338.0,229086.0,27118.0,0.0,0.0,3034.0,0.0
1787906643.174956,2026-08-28T08:44:03+00:00,http_log_5m_x7,3143150.0,15868.0,1423735476.0,1441171362.0,233.0,1470.0,461226864.0,974086.0,2086.0,1.0,1.0,0.0,0.0,19.0,29.0,849966008.0,2643462656.0,7279853568.0,43619.0,42953445376.0,1157039931.0,0.0,1957.0,5781213.0,4338.0,229086.0,27118.0,0.0,0.0,3034.0,0.0
1787906644.180074,2026-08-28T08:44:04+00:00,http_log_5m_x7,3143150.0,15868.0,1423735476.0,1444093338.0,233.0,1475.0,461226864.0,948385.0,2081.0,1.0,0.0,0.0,0.0,19.0,29.0,849966008.0,2643462656.0,7279853568.0,43619.0,42953445376.0,1157039931.0,0.0,1957.0,5781213.0,4338.0,229086.0,27118.0,0.0,0.0,3034.0,0.0
1787906645.185141,2026-08-28T08:44:05+00:00,http_log_5m_x7,3143150.0,15868.0,1423735476.0,1444093338.0,233.0,1475.0,461226864.0,948385.0,2081.0,1.0,0.0,0.0,0.0,19.0,29.0,849966008.0,2643462656.0,7279853568.0,43619.0,42953445376.0,1157039931.0,0.0,1957.0,5781213.0,4338.0,229086.0,27118.0,0.0,0.0,3034.0,0.0
1787906646.1902158,2026-08-28T08:44:06+00:00,http_log_5m_x7,3143150.0,15868.0,1423735476.0,1444093338.0,233.0,1475.0,461226864.0,948385.0,2081.0,1.0,0.0,0.0,0.0,19.0,29.0,849966008.0,2643462656.0,7279853568.0,43619.0,42953445376.0,1157039931.0,0.0,1957.0,5781213.0,4338.0,229086.0,27118.0,0.0,0.0,3034.0,0.0
1787906647.195294,2026-08-28T08:44:07+00:00,http_log_5m_x7,3143150.0,15868.0,1423735476.0,1444093338.0,233.0,1475.0,461226864.0,948385.0,2081.0,1.0,1.0,0.0,0.0,19.0,30.0,849966008.0,2643462656.0,7279853568.0,43619.0,42953445376.0,1157039931.0,0.0,1957.0,5781213.0,4338.0,229086.0,27118.0,0.0,0.0,3034.0,0.0
1787906648.2003589,2026-08-28T08:44:08+00:00,http_log_5m_x7,3143150.0,15868.0,1423735476.0,1444093338.0,233.0,1475.0,461226864.0,948385.0,2081.0,1.0,1.0,0.0,0.0,19.0,30.0,849966008.0,2643462656.0,7279853568.0,43619.0,42953445376.0,1157039931.0,0.0,1957.0,5781213.0,4338.0,229086.0,27118.0,0.0,0.0,3034.0,0.0
1787906649.205427,2026-08-28T08:44:09+00:00,http_log_5m_x7,3143150.0,15868.0,1423735476.0,1447071424.0,233.0,1480.0,461226864.0,961914.0,2096.0,1.0,0.0,0.0,0.0,19.0,30.0,849966008.0,2643462656.0,7279853568.0,43619.0,42953445376.0,1157039931.0,0.0,1957.0,5781213.0,4338.0,229086.0,27118.0,0.0,0.0,3034.0,0.0
1787906650.210519,2026-08-28T08:44:10+00:00,http_log_5m_x7,3191233.0,24826.0,1506152274.0,1447071424.0,238.0,1480.0,2029840.0,961914.0,2096.0,0.0,0.0,0.0,0.0,19.0,30.0,387193064.0,2643462656.0,7438983168.0,43766.0,42953445376.0,1157039931.0,0.0,1975.0,5790372.0,4355.0,231792.0,27204.0,0.0,0.0,3055.0,0.0
1787906651.215616,2026-08-28T08:44:11+00:00,http_log_5m_x7,3191233.0,24826.0,1506152274.0,1447071424.0,238.0,1480.0,2029840.0,961914.0,2096.0,0.0,0.0,0.0,0.0,19.0,30.0,387193064.0,2643462656.0,7438983168.0,43766.0,42953445376.0,1157039931.0,0.0,1975.0,5790372.0,4355.0,231792.0,27204.0,0.0,0.0,3055.0,0.0
1787906652.218037,2026-08-28T08:44:12+00:00,http_log_5m_x7,3191233.0,24826.0,1506152274.0,1447071424.0,238.0,1480.0,2029840.0,961914.0,2096.0,0.0,1.0,0.0,0.0,19.0,37.0,387193064.0,2643462656.0,7438983168.0,43766.0,42667474944.0,1209683005.0,0.0,1975.0,5790372.0,4355.0,231792.0,27204.0,0.0,0.0,3055.0,0.0
1787906653.223107,2026-08-28T08:44:13+00:00,http_log_5m_x7,3191233.0,24826.0,1506152274.0,1447071424.0,238.0,1480.0,2029840.0,961914.0,2096.0,0.0,1.0,0.0,0.0,19.0,37.0,387193064.0,2643462656.0,7438983168.0,43766.0,42667474944.0,1209683005.0,0.0,1975.0,5790372.0,4355.0,231792.0,27204.0,0.0,0.0,3055.0,0.0
1787906654.228194,2026-08-28T08:44:14+00:00,http_log_5m_x7,3191233.0,24826.0,1506152274.0,1450012246.0,238.0,1485.0,2029840.0,1030782.0,1853.0,0.0,1.0,0.0,0.0,19.0,31.0,387193064.0,2643462656.0,7438983168.0,43766.0,42667474944.0,1209683005.0,0.0,1975.0,5790372.0,4355.0,231792.0,27204.0,0.0,0.0,3055.0,0.0
1787906655.230231,2026-08-28T08:44:15+00:00,http_log_5m_x7,3191233.0,24826.0,1506152274.0,1450012246.0,238.0,1485.0,2029840.0,1030782.0,1853.0,0.0,1.0,0.0,0.0,19.0,31.0,387193064.0,2643462656.0,7438983168.0,43766.0,42667474944.0,1209683005.0,0.0,1975.0,5790372.0,4355.0,231792.0,27204.0,0.0,0.0,3055.0,0.0
1787906656.235318,2026-08-28T08:44:16+00:00,http_log_5m_x7,3191233.0,24826.0,1506152274.0,1450012246.0,238.0,1485.0,2029840.0,1030782.0,1853.0,0.0,1.0,0.0,0.0,19.0,31.0,387193064.0,2643462656.0,7438983168.0,43766.0,42667474944.0,1209683005.0,0.0,1975.0,5790372.0,4355.0,231792.0,27204.0,0.0,0.0,3055.0,0.0
1787906657.2375848,2026-08-28T08:44:17+00:00,http_log_5m_x7,3191233.0,24826.0,1506152274.0,1450012246.0,238.0,1485.0,2029840.0,1030782.0,1853.0,0.0,2.0,0.0,0.0,19.0,26.0,387193064.0,2643462656.0,7438983168.0,43766.0,42667474944.0,1209683005.0,0.0,1975.0,5790372.0,4355.0,231792.0,27204.0,0.0,0.0,3055.0,0.0
1787906658.242657,2026-08-28T08:44:18+00:00,http_log_5m_x7,3191233.0,24826.0,1506152274.0,1450012246.0,238.0,1485.0,2029840.0,1030782.0,1853.0,0.0,2.0,0.0,0.0,19.0,26.0,387193064.0,2643462656.0,7438983168.0,43766.0,42667474944.0,1209683005.0,0.0,1975.0,5790372.0,4355.0,231792.0,27204.0,0.0,0.0,3055.0,0.0
1787906659.24458,2026-08-28T08:44:19+00:00,http_log_5m_x7,3191233.0,24826.0,1506152274.0,1471707381.0,238.0,1495.0,2029840.0,2875687.0,5496.0,0.0,0.0,0.0,0.0,19.0,26.0,387193064.0,2643462656.0,7438983168.0,43766.0,42667474944.0,1209683005.0,0.0,1975.0,5790372.0,4355.0,231792.0,27204.0,0.0,0.0,3055.0,0.0
1787906660.249708,2026-08-28T08:44:20+00:00,http_log_5m_x7,3191233.0,24826.0,1506152274.0,1471707381.0,238.0,1495.0,2029840.0,2875687.0,5496.0,0.0,0.0,0.0,0.0,19.0,26.0,387193064.0,2643462656.0,7438983168.0,43766.0,42667474944.0,1209683005.0,0.0,1975.0,5790372.0,4355.0,231792.0,27204.0,0.0,0.0,3055.0,0.0
1787906661.254765,2026-08-28T08:44:21+00:00,http_log_5m_x7,3191233.0,24826.0,1506152274.0,1471707381.0,238.0,1495.0,2029840.0,2875687.0,5496.0,0.0,1.0,0.0,0.0,19.0,20.0,387193064.0,2643462656.0,7438983168.0,43766.0,42667474944.0,1209683005.0,0.0,1975.0,5790372.0,4355.0,231792.0,27204.0,0.0,0.0,3055.0,0.0
1787906662.256625,2026-08-28T08:44:22+00:00,http_log_5m_x7,3191233.0,24826.0,1506152274.0,1476994171.0,238.0,1500.0,2029840.0,2126625.0,1486.0,0.0,0.0,0.0,0.0,19.0,20.0,387193064.0,2643462656.0,7438983168.0,43766.0,42667474944.0,1209683005.0,0.0,1975.0,5790372.0,4355.0,231792.0,27204.0,0.0,0.0,3055.0,0.0
1787906663.261718,2026-08-28T08:44:23+00:00,http_log_5m_x7,3191233.0,24826.0,1506152274.0,1476994171.0,238.0,1500.0,2029840.0,2126625.0,1486.0,0.0,0.0,0.0,0.0,19.0,20.0,387193064.0,2643462656.0,7438983168.0,43766.0,42667474944.0,1209683005.0,0.0,1975.0,5790372.0,4355.0,231792.0,27204.0,0.0,0.0,3055.0,0.0
1787906664.2626078,2026-08-28T08:44:24+00:00,http_log_5m_x7,3191233.0,24826.0,1506152274.0,1476994171.0,238.0,1500.0,2029840.0,2126625.0,1486.0,0.0,0.0,0.0,0.0,19.0,20.0,387193064.0,2643462656.0,7438983168.0,43766.0,42667474944.0,1209683005.0,0.0,1975.0,5790372.0,4355.0,231792.0,27204.0,0.0,0.0,3055.0,0.0
1787906665.26767,2026-08-28T08:44:25+00:00,http_log_5m_x7,3191233.0,24826.0,1506152274.0,1476994171.0,238.0,1500.0,1651000.0,2126625.0,1486.0,0.0,1.0,0.0,0.0,19.0,19.0,374615168.0,2643462656.0,7503360000.0,43916.0,42667474944.0,1209683005.0,1.0,1995.0,5800588.0,4365.0,233485.0,27262.0,0.0,0.0,3070.0,0.0
1787906666.2727559,2026-08-28T08:44:26+00:00,http_log_5m_x7,3191233.0,24826.0,1506152274.0,1476994171.0,238.0,1500.0,1651000.0,2126625.0,1486.0,0.0,1.0,0.0,0.0,19.0,19.0,374615168.0,2643462656.0,7503360000.0,43916.0,42667474944.0,1209683005.0,1.0,1995.0,5800588.0,4365.0,233485.0,27262.0,0.0,0.0,3070.0,0.0
1787906667.277828,2026-08-28T08:44:27+00:00,http_log_5m_x7,3191233.0,24826.0,1506152274.0,1484523843.0,238.0,1505.0,1651000.0,2417230.0,2115.0,0.0,0.0,0.0,0.0,19.0,19.0,374615168.0,2643462656.0,7503360000.0,43916.0,42667474944.0,1209683005.0,1.0,1995.0,5800588.0,4365.0,233485.0,27262.0,0.0,0.0,3070.0,0.0
1787906668.282892,2026-08-28T08:44:28+00:00,http_log_5m_x7,3191233.0,24826.0,1506152274.0,1484523843.0,238.0,1505.0,1651000.0,2417230.0,2115.0,0.0,0.0,0.0,0.0,19.0,19.0,374615168.0,2643462656.0,7503360000.0,43916.0,42667474944.0,1209683005.0,1.0,1995.0,5800588.0,4365.0,233485.0,27262.0,0.0,0.0,3070.0,0.0
1787906669.287989,2026-08-28T08:44:29+00:00,http_log_5m_x7,3191233.0,24826.0,1506152274.0,1484523843.0,238.0,1505.0,1651000.0,2417230.0,2115.0,0.0,0.0,0.0,0.0,19.0,19.0,374615168.0,2643462656.0,7503360000.0,43916.0,42667474944.0,1209683005.0,1.0,1995.0,5800588.0,4365.0,233485.0,27262.0,0.0,0.0,3070.0,0.0
1787906670.293057,2026-08-28T08:44:30+00:00,http_log_5m_x7,3191233.0,24826.0,1506152274.0,1484523843.0,238.0,1505.0,1651000.0,2417230.0,2115.0,0.0,1.0,0.0,0.0,19.0,34.0,374615168.0,2643462656.0,7503360000.0,43916.0,42667474944.0,1209683005.0,1.0,1995.0,5800588.0,4365.0,233485.0,27262.0,0.0,0.0,3070.0,0.0
1787906671.2981272,2026-08-28T08:44:31+00:00,http_log_5m_x7,3191233.0,24826.0,1506152274.0,1487483543.0,238.0,1510.0,1651000.0,1020234.0,1901.0,0.0,0.0,0.0,0.0,19.0,34.0,374615168.0,2643462656.0,7503360000.0,43916.0,42667474944.0,1209683005.0,1.0,1995.0,5800588.0,4365.0,233485.0,27262.0,0.0,0.0,3070.0,0.0
1787906672.303194,2026-08-28T08:44:32+00:00,http_log_5m_x7,3191233.0,24826.0,1506152274.0,1487483543.0,238.0,1510.0,1651000.0,1020234.0,1901.0,0.0,0.0,0.0,0.0,19.0,34.0,374615168.0,2643462656.0,7503360000.0,43916.0,42667474944.0,1209683005.0,1.0,1995.0,5800588.0,4365.0,233485.0,27262.0,0.0,0.0,3070.0,0.0
1787906673.3042922,2026-08-28T08:44:33+00:00,http_log_5m_x7,3191233.0,24826.0,1506152274.0,1487483543.0,238.0,1510.0,1651000.0,1020234.0,1901.0,0.0,0.0,0.0,0.0,19.0,34.0,374615168.0,2643462656.0,7503360000.0,43916.0,42667474944.0,1209683005.0,1.0,1995.0,5800588.0,4365.0,233485.0,27262.0,0.0,0.0,3070.0,0.0
1787906674.3093581,2026-08-28T08:44:34+00:00,http_log_5m_x7,3191233.0,24826.0,1506152274.0,1487483543.0,238.0,1510.0,1651000.0,1020234.0,1901.0,0.0,0.0,0.0,0.0,19.0,34.0,374615168.0,2643462656.0,7503360000.0,43916.0,42667474944.0,1209683005.0,1.0,1995.0,5800588.0,4365.0,233485.0,27262.0,0.0,0.0,3070.0,0.0
1787906675.314464,2026-08-28T08:44:35+00:00,http_log_5m_x7,3191233.0,24826.0,1506152274.0,1487483543.0,238.0,1510.0,1651000.0,1020234.0,1901.0,0.0,1.0,0.0,0.0,19.0,36.0,374615168.0,2643462656.0,7503360000.0,43916.0,42667474944.0,1209683005.0,1.0,1995.0,5800588.0,4365.0,233485.0,27262.0,0.0,0.0,3070.0,0.0
1787906676.3195179,2026-08-28T08:44:36+00:00,http_log_5m_x7,3191233.0,24826.0,1506152274.0,1487483543.0,238.0,1510.0,1651000.0,1020234.0,1901.0,0.0,1.0,0.0,0.0,19.0,36.0,374615168.0,2643462656.0,7503360000.0,43916.0,42667474944.0,1209683005.0,1.0,1995.0,5800588.0,4365.0,233485.0,27262.0,0.0,0.0,3070.0,0.0
1787906677.321146,2026-08-28T08:44:37+00:00,http_log_5m_x7,3191233.0,24826.0,1506152274.0,1490480640.0,238.0,1515.0,1651000.0,1054944.0,1841.0,0.0,0.0,0.0,0.0,19.0,36.0,374615168.0,2643462656.0,7503360000.0,43916.0,42667474944.0,1209683005.0,1.0,1995.0,5800588.0,4365.0,233485.0,27262.0,0.0,0.0,3070.0,0.0
1787906678.326211,2026-08-28T08:44:38+00:00,http_log_5m_x7,3191233.0,24826.0,1506152274.0,1490480640.0,238.0,1515.0,1651000.0,1054944.0,1841.0,0.0,0.0,0.0,0.0,19.0,36.0,374615168.0,2643462656.0,7503360000.0,43916.0,42667474944.0,1209683005.0,1.0,1995.0,5800588.0,4365.0,233485.0,27262.0,0.0,0.0,3070.0,0.0
1787906679.331284,2026-08-28T08:44:39+00:00,http_log_5m_x7,3191233.0,24826.0,1506152274.0,1490480640.0,238.0,1515.0,1651000.0,1054944.0,1841.0,0.0,1.0,0.0,0.0,19.0,37.0,374615168.0,2643462656.0,7503360000.0,43916.0,42667474944.0,1209683005.0,1.0,1995.0,5800588.0,4365.0,233485.0,27262.0,0.0,0.0,3070.0,0.0
1787906680.336385,2026-08-28T08:44:40+00:00,http_log_5m_x7,3191233.0,24826.0,1506152274.0,1490480640.0,238.0,1515.0,1942592.0,1054944.0,1841.0,0.0,1.0,0.0,0.0,19.0,37.0,363782328.0,2643462656.0,7541743616.0,44019.0,42667474944.0,1209683005.0,0.0,2006.0,5811369.0,4375.0,234621.0,27305.0,0.0,0.0,3087.0,0.0
1787906681.3376489,2026-08-28T08:44:41+00:00,http_log_5m_x7,3191233.0,24826.0,1506152274.0,1493421313.0,238.0,1520.0,1942592.0,1003642.0,1930.0,0.0,0.0,0.0,0.0,19.0,37.0,363782328.0,2643462656.0,7541743616.0,44019.0,42667474944.0,1209683005.0,0.0,2006.0,5811369.0,4375.0,234621.0,27305.0,0.0,0.0,3087.0,0.0
1787906682.342698,2026-08-28T08:44:42+00:00,http_log_5m_x7,3191233.0,24826.0,1506152274.0,1493421313.0,238.0,1520.0,1942592.0,1003642.0,1930.0,0.0,0.0,0.0,0.0,19.0,37.0,363782328.0,2643462656.0,7541743616.0,44019.0,42667474944.0,1209683005.0,0.0,2006.0,5811369.0,4375.0,234621.0,27305.0,0.0,0.0,3087.0,0.0
1787906683.3464289,2026-08-28T08:44:43+00:00,http_log_5m_x7,3191233.0,24826.0,1506152274.0,1493421313.0,238.0,1520.0,1942592.0,1003642.0,1930.0,0.0,0.0,0.0,0.0,19.0,37.0,363782328.0,2643462656.0,7541743616.0,44019.0,42667474944.0,1209683005.0,0.0,2006.0,5811369.0,4375.0,234621.0,27305.0,0.0,0.0,3087.0,0.0
1787906684.3515232,2026-08-28T08:44:44+00:00,http_log_5m_x7,3191233.0,24826.0,1506152274.0,1493421313.0,238.0,1520.0,1942592.0,1003642.0,1930.0,0.0,1.0,0.0,0.0,19.0,39.0,363782328.0,2643462656.0,7541743616.0,44019.0,42667474944.0,1209683005.0,0.0,2006.0,5811369.0,4375.0,234621.0,27305.0,0.0,0.0,3087.0,0.0
1787906685.354303,2026-08-28T08:44:45+00:00,http_log_5m_x7,3191233.0,24826.0,1506152274.0,1493421313.0,238.0,1520.0,1942592.0,1003642.0,1930.0,0.0,1.0,0.0,0.0,19.0,39.0,363782328.0,2643462656.0,7541743616.0,44019.0,42667474944.0,1209683005.0,0.0,2006.0,5811369.0,4375.0,234621.0,27305.0,0.0,0.0,3087.0,0.0
1787906686.359366,2026-08-28T08:44:46+00:00,http_log_5m_x7,3191233.0,24826.0,1506152274.0,1496454122.0,238.0,1525.0,1942592.0,1061907.0,1856.0,0.0,1.0,0.0,0.0,19.0,32.0,363782328.0,2643462656.0,7541743616.0,44019.0,42667474944.0,1209683005.0,0.0,2006.0,5811369.0,4375.0,234621.0,27305.0,0.0,0.0,3087.0,0.0
1787906687.364444,2026-08-28T08:44:47+00:00,http_log_5m_x7,3191233.0,24826.0,1506152274.0,1496454122.0,238.0,1525.0,1942592.0,1061907.0,1856.0,0.0,1.0,0.0,0.0,19.0,32.0,363782328.0,2643462656.0,7541743616.0,44019.0,42667474944.0,1209683005.0,0.0,2006.0,5811369.0,4375.0,234621.0,27305.0,0.0,0.0,3087.0,0.0
1787906688.3695118,2026-08-28T08:44:48+00:00,http_log_5m_x7,3191233.0,24826.0,1506152274.0,1496454122.0,238.0,1525.0,1942592.0,1061907.0,1856.0,0.0,1.0,0.0,0.0,19.0,32.0,363782328.0,2643462656.0,7541743616.0,44019.0,42667474944.0,1209683005.0,0.0,2006.0,5811369.0,4375.0,234621.0,27305.0,0.0,0.0,3087.0,0.0
1787906689.370402,2026-08-28T08:44:49+00:00,http_log_5m_x7,3191233.0,24826.0,1506152274.0,1496454122.0,238.0,1525.0,1942592.0,1061907.0,1856.0,0.0,2.0,0.0,0.0,19.0,27.0,363782328.0,2643462656.0,7541743616.0,44019.0,42667474944.0,1209683005.0,0.0,2006.0,5811369.0,4375.0,234621.0,27305.0,0.0,0.0,3087.0,0.0
1787906690.375498,2026-08-28T08:44:50+00:00,http_log_5m_x7,3191233.0,24826.0,1506152274.0,1496454122.0,238.0,1525.0,1942592.0,1061907.0,1856.0,0.0,2.0,0.0,0.0,19.0,27.0,363782328.0,2643462656.0,7541743616.0,44019.0,42667474944.0,1209683005.0,0.0,2006.0,5811369.0,4375.0,234621.0,27305.0,0.0,0.0,3087.0,0.0
1787906691.3805819,2026-08-28T08:44:51+00:00,http_log_5m_x7,3191233.0,24826.0,1506152274.0,1496454122.0,238.0,1525.0,1942592.0,1061907.0,1856.0,0.0,2.0,0.0,0.0,19.0,27.0,363782328.0,2643462656.0,7541743616.0,44019.0,42667474944.0,1209683005.0,0.0,2006.0,5811369.0,4375.0,234621.0,27305.0,0.0,0.0,3087.0,0.0
1787906692.385647,2026-08-28T08:44:52+00:00,http_log_5m_x7,3191233.0,24826.0,1506152274.0,1518198462.0,238.0,1535.0,1942592.0,2799526.0,5710.0,0.0,0.0,0.0,0.0,19.0,27.0,363782328.0,2643462656.0,7541743616.0,44019.0,42667474944.0,1209683005.0,0.0,2006.0,5811369.0,4375.0,234621.0,27305.0,0.0,0.0,3087.0,0.0
1787906693.3907578,2026-08-28T08:44:53+00:00,http_log_5m_x7,3191233.0,24826.0,1506152274.0,1518198462.0,238.0,1535.0,1942592.0,2799526.0,5710.0,0.0,1.0,0.0,0.0,19.0,21.0,363782328.0,2643462656.0,7541743616.0,44019.0,42667474944.0,1209683005.0,0.0,2006.0,5811369.0,4375.0,234621.0,27305.0,0.0,0.0,3087.0,0.0
1787906694.395829,2026-08-28T08:44:54+00:00,http_log_5m_x7,3191233.0,24826.0,1506152274.0,1518198462.0,238.0,1535.0,44659720.0,2799526.0,5710.0,0.0,1.0,0.0,0.0,19.0,21.0,410770680.0,2643462656.0,7602073600.0,44117.0,42667474944.0,1209683005.0,0.0,2025.0,5821423.0,4384.0,236483.0,27357.0,0.0,0.0,3104.0,0.0
1787906695.4008949,2026-08-28T08:44:55+00:00,http_log_5m_x7,3191233.0,24826.0,1506152274.0,1523392341.0,238.0,1540.0,44659720.0,2101934.0,1471.0,0.0,0.0,0.0,0.0,19.0,21.0,410770680.0,2643462656.0,7602073600.0,44117.0,42667474944.0,1209683005.0,0.0,2025.0,5821423.0,4384.0,236483.0,27357.0,0.0,0.0,3104.0,0.0
1787906696.405993,2026-08-28T08:44:56+00:00,http_log_5m_x7,3191233.0,24826.0,1506152274.0,1523392341.0,238.0,1540.0,44659720.0,2101934.0,1471.0,0.0,0.0,0.0,0.0,19.0,21.0,410770680.0,2643462656.0,7602073600.0,44117.0,42667474944.0,1209683005.0,0.0,2025.0,5821423.0,4384.0,236483.0,27357.0,0.0,0.0,3104.0,0.0
1787906697.411061,2026-08-28T08:44:57+00:00,http_log_5m_x7,3191233.0,24826.0,1506152274.0,1523392341.0,238.0,1540.0,44659720.0,2101934.0,1471.0,0.0,1.0,0.0,0.0,19.0,20.0,410770680.0,2643462656.0,7602073600.0,44117.0,42667474944.0,1209683005.0,0.0,2025.0,5821423.0,4384.0,236483.0,27357.0,0.0,0.0,3104.0,0.0
1787906698.418381,2026-08-28T08:44:58+00:00,http_log_5m_x7,3191233.0,24826.0,1506152274.0,1523392341.0,238.0,1540.0,44659720.0,2101934.0,1471.0,0.0,1.0,0.0,0.0,19.0,20.0,410770680.0,2643462656.0,7602073600.0,44117.0,42667474944.0,1209683005.0,0.0,2025.0,5821423.0,4384.0,236483.0,27357.0,0.0,0.0,3104.0,0.0
1787906699.418557,2026-08-28T08:44:59+00:00,http_log_5m_x7,3191233.0,24826.0,1506152274.0,1530837446.0,238.0,1545.0,44659720.0,2395464.0,2108.0,0.0,0.0,0.0,0.0,19.0,20.0,410770680.0,2643462656.0,7602073600.0,44117.0,42667474944.0,1209683005.0,0.0,2025.0,5821423.0,4384.0,236483.0,27357.0,0.0,0.0,3104.0,0.0
1787906700.418768,2026-08-28T08:45:00+00:00,http_log_5m_x7,3191233.0,24826.0,1506152274.0,1530837446.0,238.0,1545.0,44659720.0,2395464.0,2108.0,0.0,0.0,0.0,0.0,19.0,20.0,410770680.0,2643462656.0,7602073600.0,44117.0,42667474944.0,1209683005.0,0.0,2025.0,5821423.0,4384.0,236483.0,27357.0,0.0,0.0,3104.0,0.0
1787906701.4193761,2026-08-28T08:45:01+00:00,http_log_5m_x7,3191233.0,24826.0,1506152274.0,1530837446.0,238.0,1545.0,44659720.0,2395464.0,2108.0,0.0,0.0,0.0,0.0,19.0,20.0,410770680.0,2643462656.0,7602073600.0,44117.0,42667474944.0,1209683005.0,0.0,2025.0,5821423.0,4384.0,236483.0,27357.0,0.0,0.0,3104.0,0.0
1787906702.419639,2026-08-28T08:45:02+00:00,http_log_5m_x7,3191233.0,24826.0,1506152274.0,1530837446.0,238.0,1545.0,44659720.0,2395464.0,2108.0,0.0,1.0,0.0,0.0,19.0,35.0,410770680.0,2643462656.0,7602073600.0,44117.0,42667474944.0,1209683005.0,0.0,2025.0,5821423.0,4384.0,236483.0,27357.0,0.0,0.0,3104.0,0.0
1787906703.419869,2026-08-28T08:45:03+00:00,http_log_5m_x7,3191233.0,24826.0,1506152274.0,1530837446.0,238.0,1545.0,44659720.0,2395464.0,2108.0,0.0,1.0,0.0,0.0,19.0,35.0,410770680.0,2643462656.0,7602073600.0,44117.0,42667474944.0,1209683005.0,0.0,2025.0,5821423.0,4384.0,236483.0,27357.0,0.0,0.0,3104.0,0.0
1787906704.421094,2026-08-28T08:45:04+00:00,http_log_5m_x7,3191233.0,24826.0,1506152274.0,1533833569.0,238.0,1550.0,44659720.0,1025016.0,1923.0,0.0,0.0,0.0,0.0,19.0,35.0,410770680.0,2643462656.0,7602073600.0,44117.0,42667474944.0,1209683005.0,0.0,2025.0,5821423.0,4384.0,236483.0,27357.0,0.0,0.0,3104.0,0.0
1787906705.421937,2026-08-28T08:45:05+00:00,http_log_5m_x7,3191233.0,24826.0,1506152274.0,1533833569.0,238.0,1550.0,44659720.0,1025016.0,1923.0,0.0,0.0,0.0,0.0,19.0,35.0,410770680.0,2643462656.0,7602073600.0,44117.0,42667474944.0,1209683005.0,0.0,2025.0,5821423.0,4384.0,236483.0,27357.0,0.0,0.0,3104.0,0.0
1787906706.422016,2026-08-28T08:45:06+00:00,http_log_5m_x7,3191233.0,24826.0,1506152274.0,1533833569.0,238.0,1550.0,44659720.0,1025016.0,1923.0,0.0,0.0,0.0,0.0,19.0,35.0,410770680.0,2643462656.0,7602073600.0,44117.0,42667474944.0,1209683005.0,0.0,2025.0,5821423.0,4384.0,236483.0,27357.0,0.0,0.0,3104.0,0.0
1787906707.422079,2026-08-28T08:45:07+00:00,http_log_5m_x7,3191233.0,24826.0,1506152274.0,1533833569.0,238.0,1550.0,44659720.0,1025016.0,1923.0,0.0,1.0,0.0,0.0,19.0,37.0,410770680.0,2643462656.0,7602073600.0,44117.0,42667474944.0,1209683005.0,0.0,2025.0,5821423.0,4384.0,236483.0,27357.0,0.0,0.0,3104.0,0.0
1787906708.423269,2026-08-28T08:45:08+00:00,http_log_5m_x7,3191233.0,24826.0,1506152274.0,1533833569.0,238.0,1550.0,44659720.0,1025016.0,1923.0,0.0,1.0,0.0,0.0,19.0,37.0,410770680.0,2643462656.0,7602073600.0,44117.0,42667474944.0,1209683005.0,0.0,2025.0,5821423.0,4384.0,236483.0,27357.0,0.0,0.0,3104.0,0.0
1787906709.4248161,2026-08-28T08:45:09+00:00,http_log_5m_x7,3191233.0,24826.0,1506152274.0,1536801865.0,238.0,1555.0,36004472.0,967186.0,2069.0,0.0,0.0,0.0,0.0,19.0,37.0,406875520.0,2643462656.0,7644090368.0,44211.0,42667474944.0,1209683005.0,0.0,2043.0,5832131.0,4394.0,237704.0,27404.0,0.0,0.0,3119.0,0.0
1787906710.4260118,2026-08-28T08:45:10+00:00,http_log_5m_x7,3191233.0,24826.0,1506152274.0,1536801865.0,238.0,1555.0,36004472.0,967186.0,2069.0,0.0,0.0,0.0,0.0,19.0,37.0,406875520.0,2643462656.0,7644090368.0,44211.0,42667474944.0,1209683005.0,0.0,2043.0,5832131.0,4394.0,237704.0,27404.0,0.0,0.0,3119.0,0.0
1787906711.430238,2026-08-28T08:45:11+00:00,http_log_5m_x7,3191233.0,24826.0,1506152274.0,1536801865.0,238.0,1555.0,36004472.0,967186.0,2069.0,0.0,0.0,0.0,0.0,19.0,37.0,406875520.0,2643462656.0,7644090368.0,44211.0,42468356096.0,1262042172.0,0.0,2043.0,5832131.0,4394.0,237704.0,27404.0,0.0,0.0,3119.0,0.0
1787906712.430392,2026-08-28T08:45:12+00:00,http_log_5m_x7,3191233.0,24826.0,1506152274.0,1536801865.0,238.0,1555.0,36004472.0,967186.0,2069.0,0.0,1.0,0.0,0.0,19.0,39.0,406875520.0,2643462656.0,7644090368.0,44211.0,42468356096.0,1262042172.0,0.0,2043.0,5832131.0,4394.0,237704.0,27404.0,0.0,0.0,3119.0,0.0
1787906713.43066,2026-08-28T08:45:13+00:00,http_log_5m_x7,3191233.0,24826.0,1506152274.0,1536801865.0,238.0,1555.0,36004472.0,967186.0,2069.0,0.0,1.0,0.0,0.0,19.0,39.0,406875520.0,2643462656.0,7644090368.0,44211.0,42468356096.0,1262042172.0,0.0,2043.0,5832131.0,4394.0,237704.0,27404.0,0.0,0.0,3119.0,0.0
1787906714.431686,2026-08-28T08:45:14+00:00,http_log_5m_x7,3191233.0,24826.0,1506152274.0,1539807927.0,238.0,1560.0,36004472.0,1015218.0,1961.0,0.0,0.0,0.0,0.0,19.0,39.0,406875520.0,2643462656.0,7644090368.0,44211.0,42468356096.0,1262042172.0,0.0,2043.0,5832131.0,4394.0,237704.0,27404.0,0.0,0.0,3119.0,0.0
1787906715.43556,2026-08-28T08:45:15+00:00,http_log_5m_x7,3191233.0,24826.0,1506152274.0,1539807927.0,238.0,1560.0,36004472.0,1015218.0,1961.0,0.0,0.0,0.0,0.0,19.0,39.0,406875520.0,2643462656.0,7644090368.0,44211.0,42468356096.0,1262042172.0,0.0,2043.0,5832131.0,4394.0,237704.0,27404.0,0.0,0.0,3119.0,0.0
1787906716.436687,2026-08-28T08:45:16+00:00,http_log_5m_x7,3191233.0,24826.0,1506152274.0,1539807927.0,238.0,1560.0,36004472.0,1015218.0,1961.0,0.0,0.0,0.0,0.0,19.0,39.0,406875520.0,2643462656.0,7644090368.0,44211.0,42468356096.0,1262042172.0,0.0,2043.0,5832131.0,4394.0,237704.0,27404.0,0.0,0.0,3119.0,0.0
1787906717.4388149,2026-08-28T08:45:17+00:00,http_log_5m_x7,3191233.0,24826.0,1506152274.0,1539807927.0,238.0,1560.0,36004472.0,1015218.0,1961.0,0.0,1.0,0.0,0.0,19.0,41.0,406875520.0,2643462656.0,7644090368.0,44211.0,42468356096.0,1262042172.0,0.0,2043.0,5832131.0,4394.0,237704.0,27404.0,0.0,0.0,3119.0,0.0
1787906718.4439008,2026-08-28T08:45:18+00:00,http_log_5m_x7,3191233.0,24826.0,1506152274.0,1539807927.0,238.0,1560.0,36004472.0,1015218.0,1961.0,0.0,1.0,0.0,0.0,19.0,41.0,406875520.0,2643462656.0,7644090368.0,44211.0,42468356096.0,1262042172.0,0.0,2043.0,5832131.0,4394.0,237704.0,27404.0,0.0,0.0,3119.0,0.0
1787906719.448986,2026-08-28T08:45:19+00:00,http_log_5m_x7,3191233.0,24826.0,1506152274.0,1542748313.0,238.0,1565.0,36004472.0,982749.0,1992.0,0.0,1.0,0.0,0.0,19.0,33.0,406875520.0,2643462656.0,7644090368.0,44211.0,42468356096.0,1262042172.0,0.0,2043.0,5832131.0,4394.0,237704.0,27404.0,0.0,0.0,3119.0,0.0
1787906720.4540741,2026-08-28T08:45:20+00:00,http_log_5m_x7,3191233.0,24826.0,1506152274.0,1542748313.0,238.0,1565.0,36004472.0,982749.0,1992.0,0.0,1.0,0.0,0.0,19.0,33.0,406875520.0,2643462656.0,7644090368.0,44211.0,42468356096.0,1262042172.0,0.0,2043.0,5832131.0,4394.0,237704.0,27404.0,0.0,0.0,3119.0,0.0
1787906721.4576151,2026-08-28T08:45:21+00:00,http_log_5m_x7,3191233.0,24826.0,1506152274.0,1542748313.0,238.0,1565.0,36004472.0,982749.0,1992.0,0.0,1.0,0.0,0.0,19.0,33.0,406875520.0,2643462656.0,7644090368.0,44211.0,42468356096.0,1262042172.0,0.0,2043.0,5832131.0,4394.0,237704.0,27404.0,0.0,0.0,3119.0,0.0
1787906722.4627059,2026-08-28T08:45:22+00:00,http_log_5m_x7,3191233.0,24826.0,1506152274.0,1542748313.0,238.0,1565.0,36004472.0,982749.0,1992.0,0.0,2.0,0.0,0.0,19.0,28.0,406875520.0,2643462656.0,7644090368.0,44211.0,42468356096.0,1262042172.0,0.0,2043.0,5832131.0,4394.0,237704.0,27404.0,0.0,0.0,3119.0,0.0
1787906723.4678028,2026-08-28T08:45:23+00:00,http_log_5m_x7,3191233.0,24826.0,1506152274.0,1542748313.0,238.0,1565.0,36004472.0,982749.0,1992.0,0.0,2.0,0.0,0.0,19.0,28.0,406875520.0,2643462656.0,7644090368.0,44211.0,42468356096.0,1262042172.0,0.0,2043.0,5832131.0,4394.0,237704.0,27404.0,0.0,0.0,3119.0,0.0
1787906724.471095,2026-08-28T08:45:24+00:00,http_log_5m_x7,3191233.0,24826.0,1506152274.0,1545726887.0,238.0,1570.0,232225528.0,953754.0,2123.0,0.0,1.0,0.0,0.0,19.0,28.0,601239456.0,2643462656.0,7675969536.0,44313.0,42468356096.0,1262042172.0,0.0,2062.0,5842379.0,4403.0,239381.0,27454.0,0.0,0.0,3139.0,0.0
1787906725.4761732,2026-08-28T08:45:25+00:00,http_log_5m_x7,3191233.0,24826.0,1506152274.0,1564407706.0,238.0,1575.0,232225528.0,2820597.0,5623.0,0.0,0.0,0.0,0.0,19.0,28.0,601239456.0,2643462656.0,7675969536.0,44313.0,42468356096.0,1262042172.0,0.0,2062.0,5842379.0,4403.0,239381.0,27454.0,0.0,0.0,3139.0,0.0
1787906726.481251,2026-08-28T08:45:26+00:00,http_log_5m_x7,3191233.0,24826.0,1506152274.0,1564407706.0,238.0,1575.0,232225528.0,2820597.0,5623.0,0.0,1.0,0.0,0.0,19.0,23.0,601239456.0,2643462656.0,7675969536.0,44313.0,42468356096.0,1262042172.0,0.0,2062.0,5842379.0,4403.0,239381.0,27454.0,0.0,0.0,3139.0,0.0
1787906727.4863381,2026-08-28T08:45:27+00:00,http_log_5m_x7,3191233.0,24826.0,1506152274.0,1569592119.0,238.0,1580.0,232225528.0,2161973.0,1398.0,0.0,0.0,0.0,0.0,19.0,23.0,601239456.0,2643462656.0,7675969536.0,44313.0,42468356096.0,1262042172.0,0.0,2062.0,5842379.0,4403.0,239381.0,27454.0,0.0,0.0,3139.0,0.0
1787906728.491401,2026-08-28T08:45:28+00:00,http_log_5m_x7,3191233.0,24826.0,1506152274.0,1569592119.0,238.0,1580.0,232225528.0,2161973.0,1398.0,0.0,0.0,0.0,0.0,19.0,23.0,601239456.0,2643462656.0,7675969536.0,44313.0,42468356096.0,1262042172.0,0.0,2062.0,5842379.0,4403.0,239381.0,27454.0,0.0,0.0,3139.0,0.0
1787906729.49525,2026-08-28T08:45:29+00:00,http_log_5m_x7,3191233.0,24826.0,1506152274.0,1569592119.0,238.0,1580.0,232225528.0,2161973.0,1398.0,0.0,0.0,0.0,0.0,19.0,23.0,601239456.0,2643462656.0,7675969536.0,44313.0,42468356096.0,1262042172.0,0.0,2062.0,5842379.0,4403.0,239381.0,27454.0,0.0,0.0,3139.0,0.0
1787906730.500309,2026-08-28T08:45:30+00:00,http_log_5m_x7,3191233.0,24826.0,1506152274.0,1569592119.0,238.0,1580.0,232225528.0,2161973.0,1398.0,0.0,1.0,0.0,0.0,19.0,22.0,601239456.0,2643462656.0,7675969536.0,44313.0,42468356096.0,1262042172.0,0.0,2062.0,5842379.0,4403.0,239381.0,27454.0,0.0,0.0,3139.0,0.0
1787906731.505375,2026-08-28T08:45:31+00:00,http_log_5m_x7,3191233.0,24826.0,1506152274.0,1569592119.0,238.0,1580.0,232225528.0,2161973.0,1398.0,0.0,1.0,0.0,0.0,19.0,22.0,601239456.0,2643462656.0,7675969536.0,44313.0,42468356096.0,1262042172.0,0.0,2062.0,5842379.0,4403.0,239381.0,27454.0,0.0,0.0,3139.0,0.0
1787906732.510447,2026-08-28T08:45:32+00:00,http_log_5m_x7,3191233.0,24826.0,1506152274.0,1577007906.0,238.0,1585.0,232225528.0,2410854.0,2076.0,0.0,0.0,0.0,0.0,19.0,22.0,601239456.0,2643462656.0,7675969536.0,44313.0,42468356096.0,1262042172.0,0.0,2062.0,5842379.0,4403.0,239381.0,27454.0,0.0,0.0,3139.0,0.0
1787906733.5155048,2026-08-28T08:45:33+00:00,http_log_5m_x7,3191233.0,24826.0,1506152274.0,1577007906.0,238.0,1585.0,232225528.0,2410854.0,2076.0,0.0,0.0,0.0,0.0,19.0,22.0,601239456.0,2643462656.0,7675969536.0,44313.0,42468356096.0,1262042172.0,0.0,2062.0,5842379.0,4403.0,239381.0,27454.0,0.0,0.0,3139.0,0.0
1787906734.520351,2026-08-28T08:45:34+00:00,http_log_5m_x7,3191233.0,24826.0,1506152274.0,1577007906.0,238.0,1585.0,232225528.0,2410854.0,2076.0,0.0,0.0,0.0,0.0,19.0,22.0,601239456.0,2643462656.0,7675969536.0,44313.0,42468356096.0,1262042172.0,0.0,2062.0,5842379.0,4403.0,239381.0,27454.0,0.0,0.0,3139.0,0.0
1787906735.525447,2026-08-28T08:45:35+00:00,http_log_5m_x7,3191233.0,24826.0,1506152274.0,1577007906.0,238.0,1585.0,232225528.0,2410854.0,2076.0,0.0,1.0,0.0,0.0,19.0,36.0,601239456.0,2643462656.0,7675969536.0,44313.0,42468356096.0,1262042172.0,0.0,2062.0,5842379.0,4403.0,239381.0,27454.0,0.0,0.0,3139.0,0.0
1787906736.529427,2026-08-28T08:45:36+00:00,http_log_5m_x7,3191233.0,24826.0,1506152274.0,1577007906.0,238.0,1585.0,232225528.0,2410854.0,2076.0,0.0,1.0,0.0,0.0,19.0,36.0,601239456.0,2643462656.0,7675969536.0,44313.0,42468356096.0,1262042172.0,0.0,2062.0,5842379.0,4403.0,239381.0,27454.0,0.0,0.0,3139.0,0.0
1787906737.534488,2026-08-28T08:45:37+00:00,http_log_5m_x7,3191233.0,24826.0,1506152274.0,1579994505.0,238.0,1590.0,232225528.0,1024913.0,1914.0,0.0,0.0,0.0,0.0,19.0,36.0,601239456.0,2643462656.0,7675969536.0,44313.0,42468356096.0,1262042172.0,0.0,2062.0,5842379.0,4403.0,239381.0,27454.0,0.0,0.0,3139.0,0.0
1787906738.539545,2026-08-28T08:45:38+00:00,http_log_5m_x7,3191233.0,24826.0,1506152274.0,1579994505.0,238.0,1590.0,232225528.0,1024913.0,1914.0,0.0,0.0,0.0,0.0,19.0,36.0,601239456.0,2643462656.0,7675969536.0,44313.0,42468356096.0,1262042172.0,0.0,2062.0,5842379.0,4403.0,239381.0,27454.0,0.0,0.0,3139.0,0.0
1787906739.544634,2026-08-28T08:45:39+00:00,http_log_5m_x7,3191233.0,24826.0,1506152274.0,1579994505.0,238.0,1590.0,0.0,1024913.0,1914.0,0.0,0.0,0.0,0.0,19.0,36.0,366421928.0,2643462656.0,7751303168.0,44430.0,42468356096.0,1262042172.0,0.0,2080.0,5853167.0,4414.0,240537.0,27498.0,0.0,0.0,3154.0,0.0
1787906740.549703,2026-08-28T08:45:40+00:00,http_log_5m_x7,3191233.0,24826.0,1506152274.0,1579994505.0,238.0,1590.0,0.0,1024913.0,1914.0,0.0,1.0,0.0,0.0,19.0,38.0,366421928.0,2643462656.0,7751303168.0,44430.0,42468356096.0,1262042172.0,0.0,2080.0,5853167.0,4414.0,240537.0,27498.0,0.0,0.0,3154.0,0.0
1787906741.554834,2026-08-28T08:45:41+00:00,http_log_5m_x7,3191233.0,24826.0,1506152274.0,1579994505.0,238.0,1590.0,0.0,1024913.0,1914.0,0.0,1.0,0.0,0.0,19.0,38.0,366421928.0,2643462656.0,7751303168.0,44430.0,42468356096.0,1262042172.0,0.0,2080.0,5853167.0,4414.0,240537.0,27498.0,0.0,0.0,3154.0,0.0
1787906742.559912,2026-08-28T08:45:42+00:00,http_log_5m_x7,3191233.0,24826.0,1506152274.0,1582990995.0,238.0,1595.0,0.0,989593.0,2028.0,0.0,0.0,0.0,0.0,19.0,38.0,366421928.0,2643462656.0,7751303168.0,44430.0,42468356096.0,1262042172.0,0.0,2080.0,5853167.0,4414.0,240537.0,27498.0,0.0,0.0,3154.0,0.0
1787906743.564973,2026-08-28T08:45:43+00:00,http_log_5m_x7,3191233.0,24826.0,1506152274.0,1582990995.0,238.0,1595.0,0.0,989593.0,2028.0,0.0,0.0,0.0,0.0,19.0,38.0,366421928.0,2643462656.0,7751303168.0,44430.0,42468356096.0,1262042172.0,0.0,2080.0,5853167.0,4414.0,240537.0,27498.0,0.0,0.0,3154.0,0.0
1787906744.566514,2026-08-28T08:45:44+00:00,http_log_5m_x7,3191233.0,24826.0,1506152274.0,1582990995.0,238.0,1595.0,0.0,989593.0,2028.0,0.0,0.0,0.0,0.0,19.0,38.0,366421928.0,2643462656.0,7751303168.0,44430.0,42468356096.0,1262042172.0,0.0,2080.0,5853167.0,4414.0,240537.0,27498.0,0.0,0.0,3154.0,0.0
1787906745.571588,2026-08-28T08:45:45+00:00,http_log_5m_x7,3191233.0,24826.0,1506152274.0,1582990995.0,238.0,1595.0,0.0,989593.0,2028.0,0.0,1.0,0.0,0.0,19.0,41.0,366421928.0,2643462656.0,7751303168.0,44430.0,42468356096.0,1262042172.0,0.0,2080.0,5853167.0,4414.0,240537.0,27498.0,0.0,0.0,3154.0,0.0
1787906746.576533,2026-08-28T08:45:46+00:00,http_log_5m_x7,3191233.0,24826.0,1506152274.0,1582990995.0,238.0,1595.0,0.0,989593.0,2028.0,0.0,1.0,0.0,0.0,19.0,41.0,366421928.0,2643462656.0,7751303168.0,44430.0,42468356096.0,1262042172.0,0.0,2080.0,5853167.0,4414.0,240537.0,27498.0,0.0,0.0,3154.0,0.0
1787906747.581624,2026-08-28T08:45:47+00:00,http_log_5m_x7,3191233.0,24826.0,1506152274.0,1585969061.0,238.0,1600.0,0.0,1004068.0,1966.0,0.0,0.0,0.0,0.0,19.0,41.0,366421928.0,2643462656.0,7751303168.0,44430.0,42468356096.0,1262042172.0,0.0,2080.0,5853167.0,4414.0,240537.0,27498.0,0.0,0.0,3154.0,0.0
1787906748.586692,2026-08-28T08:45:48+00:00,http_log_5m_x7,3191233.0,24826.0,1506152274.0,1585969061.0,238.0,1600.0,0.0,1004068.0,1966.0,0.0,0.0,0.0,0.0,19.0,41.0,366421928.0,2643462656.0,7751303168.0,44430.0,42468356096.0,1262042172.0,0.0,2080.0,5853167.0,4414.0,240537.0,27498.0,0.0,0.0,3154.0,0.0
1787906749.590508,2026-08-28T08:45:49+00:00,http_log_5m_x7,3191233.0,24826.0,1506152274.0,1585969061.0,238.0,1600.0,0.0,1004068.0,1966.0,0.0,0.0,0.0,0.0,19.0,41.0,366421928.0,2643462656.0,7751303168.0,44430.0,42468356096.0,1262042172.0,0.0,2080.0,5853167.0,4414.0,240537.0,27498.0,0.0,0.0,3154.0,0.0
1787906750.595575,2026-08-28T08:45:50+00:00,http_log_5m_x7,3191233.0,24826.0,1506152274.0,1585969061.0,238.0,1600.0,0.0,1004068.0,1966.0,0.0,1.0,0.0,0.0,19.0,42.0,366421928.0,2643462656.0,7751303168.0,44430.0,42468356096.0,1262042172.0,0.0,2080.0,5853167.0,4414.0,240537.0,27498.0,0.0,0.0,3154.0,0.0
1787906751.600637,2026-08-28T08:45:51+00:00,http_log_5m_x7,3191233.0,24826.0,1506152274.0,1585969061.0,238.0,1600.0,0.0,1004068.0,1966.0,0.0,1.0,0.0,0.0,19.0,42.0,366421928.0,2643462656.0,7751303168.0,44430.0,42468356096.0,1262042172.0,0.0,2080.0,5853167.0,4414.0,240537.0,27498.0,0.0,0.0,3154.0,0.0
1787906752.6057,2026-08-28T08:45:52+00:00,http_log_5m_x7,3191233.0,24826.0,1506152274.0,1588966088.0,238.0,1605.0,0.0,997346.0,2005.0,0.0,0.0,0.0,0.0,19.0,42.0,366421928.0,2643462656.0,7751303168.0,44430.0,42468356096.0,1262042172.0,0.0,2080.0,5853167.0,4414.0,240537.0,27498.0,0.0,0.0,3154.0,0.0
1787906753.610762,2026-08-28T08:45:53+00:00,http_log_5m_x7,3191233.0,24826.0,1506152274.0,1588966088.0,238.0,1605.0,0.0,997346.0,2005.0,0.0,1.0,0.0,0.0,19.0,38.0,366421928.0,2643462656.0,7751303168.0,44430.0,42468356096.0,1262042172.0,0.0,2080.0,5853167.0,4414.0,240537.0,27498.0,0.0,0.0,3154.0,0.0
1787906754.615656,2026-08-28T08:45:54+00:00,http_log_5m_x7,3191233.0,24826.0,1506152274.0,1588966088.0,238.0,1605.0,53633400.0,997346.0,2005.0,0.0,1.0,0.0,0.0,19.0,38.0,419253352.0,2643462656.0,7784026112.0,44518.0,42468356096.0,1262042172.0,0.0,2099.0,5863806.0,4423.0,241817.0,27543.0,0.0,0.0,3170.0,0.0
1787906755.6160629,2026-08-28T08:45:55+00:00,http_log_5m_x7,3191233.0,24826.0,1506152274.0,1588966088.0,238.0,1605.0,53633400.0,997346.0,2005.0,0.0,2.0,0.0,0.0,19.0,30.0,419253352.0,2643462656.0,7784026112.0,44518.0,42468356096.0,1262042172.0,0.0,2099.0,5863806.0,4423.0,241817.0,27543.0,0.0,0.0,3170.0,0.0
1787906756.6211221,2026-08-28T08:45:56+00:00,http_log_5m_x7,3191233.0,24826.0,1506152274.0,1588966088.0,238.0,1605.0,53633400.0,997346.0,2005.0,0.0,2.0,0.0,0.0,19.0,30.0,419253352.0,2643462656.0,7784026112.0,44518.0,42468356096.0,1262042172.0,0.0,2099.0,5863806.0,4423.0,241817.0,27543.0,0.0,0.0,3170.0,0.0
1787906757.624862,2026-08-28T08:45:57+00:00,http_log_5m_x7,3191233.0,24826.0,1506152274.0,1591935498.0,238.0,1610.0,53633400.0,934070.0,2179.0,0.0,1.0,0.0,0.0,19.0,30.0,419253352.0,2643462656.0,7784026112.0,44518.0,42468356096.0,1262042172.0,0.0,2099.0,5863806.0,4423.0,241817.0,27543.0,0.0,0.0,3170.0,0.0
1787906758.629956,2026-08-28T08:45:58+00:00,http_log_5m_x7,3191233.0,24826.0,1506152274.0,1610635737.0,238.0,1615.0,53633400.0,2781531.0,5723.0,0.0,0.0,0.0,0.0,19.0,30.0,419253352.0,2643462656.0,7784026112.0,44518.0,42468356096.0,1262042172.0,0.0,2099.0,5863806.0,4423.0,241817.0,27543.0,0.0,0.0,3170.0,0.0
1787906759.635052,2026-08-28T08:45:59+00:00,http_log_5m_x7,3191233.0,24826.0,1506152274.0,1610635737.0,238.0,1615.0,53633400.0,2781531.0,5723.0,0.0,1.0,0.0,0.0,19.0,24.0,419253352.0,2643462656.0,7784026112.0,44518.0,42468356096.0,1262042172.0,0.0,2099.0,5863806.0,4423.0,241817.0,27543.0,0.0,0.0,3170.0,0.0
1787906760.640142,2026-08-28T08:46:00+00:00,http_log_5m_x7,3191233.0,24826.0,1506152274.0,1615858333.0,238.0,1620.0,53633400.0,1944376.0,1686.0,0.0,0.0,0.0,0.0,19.0,24.0,419253352.0,2643462656.0,7784026112.0,44518.0,42468356096.0,1262042172.0,0.0,2099.0,5863806.0,4423.0,241817.0,27543.0,0.0,0.0,3170.0,0.0
1787906761.641428,2026-08-28T08:46:01+00:00,http_log_5m_x7,3191233.0,24826.0,1506152274.0,1615858333.0,238.0,1620.0,53633400.0,1944376.0,1686.0,1.0,0.0,0.0,0.0,21.0,24.0,419253352.0,2643462656.0,7784026112.0,44518.0,42468356096.0,1262042172.0,0.0,2099.0,5863806.0,4423.0,241817.0,27543.0,0.0,0.0,3170.0,0.0
1787906762.646497,2026-08-28T08:46:02+00:00,http_log_5m_x7,3191233.0,24826.0,1506152274.0,1615858333.0,238.0,1620.0,53633400.0,1944376.0,1686.0,1.0,0.0,0.0,0.0,21.0,24.0,419253352.0,2643462656.0,7784026112.0,44518.0,42468356096.0,1262042172.0,0.0,2099.0,5863806.0,4423.0,241817.0,27543.0,0.0,0.0,3170.0,0.0
1787906763.6515641,2026-08-28T08:46:03+00:00,http_log_5m_x7,3191233.0,24826.0,1506152274.0,1615858333.0,238.0,1620.0,53633400.0,1944376.0,1686.0,1.0,1.0,0.0,0.0,21.0,11.0,419253352.0,2643462656.0,7784026112.0,44518.0,42468356096.0,1262042172.0,0.0,2099.0,5863806.0,4423.0,241817.0,27543.0,0.0,0.0,3170.0,0.0
1787906764.65666,2026-08-28T08:46:04+00:00,http_log_5m_x7,3191233.0,24826.0,1506152274.0,1615858333.0,238.0,1620.0,53633400.0,1944376.0,1686.0,1.0,1.0,0.0,0.0,21.0,11.0,419253352.0,2643462656.0,7784026112.0,44518.0,42468356096.0,1262042172.0,0.0,2099.0,5863806.0,4423.0,241817.0,27543.0,0.0,0.0,3170.0,0.0
1787906765.6617239,2026-08-28T08:46:05+00:00,http_log_5m_x7,3191233.0,24826.0,1506152274.0,1623386643.0,238.0,1625.0,53633400.0,2450621.0,2072.0,1.0,0.0,0.0,0.0,21.0,11.0,419253352.0,2643462656.0,7784026112.0,44518.0,42468356096.0,1262042172.0,0.0,2099.0,5863806.0,4423.0,241817.0,27543.0,0.0,0.0,3170.0,0.0
1787906766.6668,2026-08-28T08:46:06+00:00,http_log_5m_x7,3191233.0,24826.0,1506152274.0,1623386643.0,238.0,1625.0,53633400.0,2450621.0,2072.0,1.0,0.0,0.0,0.0,21.0,11.0,419253352.0,2643462656.0,7784026112.0,44518.0,42468356096.0,1262042172.0,0.0,2099.0,5863806.0,4423.0,241817.0,27543.0,0.0,0.0,3170.0,0.0
1787906767.671864,2026-08-28T08:46:07+00:00,http_log_5m_x7,3191233.0,24826.0,1506152274.0,1623386643.0,238.0,1625.0,53633400.0,2450621.0,2072.0,1.0,0.0,0.0,0.0,21.0,11.0,419253352.0,2643462656.0,7784026112.0,44518.0,42468356096.0,1262042172.0,0.0,2099.0,5863806.0,4423.0,241817.0,27543.0,0.0,0.0,3170.0,0.0
1787906768.6769722,2026-08-28T08:46:08+00:00,http_log_5m_x7,3191233.0,24826.0,1506152274.0,1623386643.0,238.0,1625.0,53633400.0,2450621.0,2072.0,1.0,1.0,0.0,0.0,21.0,26.0,419253352.0,2643462656.0,7784026112.0,44518.0,42468356096.0,1262042172.0,0.0,2099.0,5863806.0,4423.0,241817.0,27543.0,0.0,0.0,3170.0,0.0
1787906769.682047,2026-08-28T08:46:09+00:00,http_log_5m_x7,3191233.0,24826.0,1506152274.0,1626364360.0,238.0,1630.0,512528840.0,1051453.0,1832.0,1.0,0.0,0.0,0.0,21.0,26.0,881972200.0,2643462656.0,7854985216.0,44629.0,42468356096.0,1262042172.0,0.0,2119.0,5873075.0,4434.0,244416.0,27643.0,0.0,0.0,3187.0,0.0
1787906770.6871219,2026-08-28T08:46:10+00:00,http_log_5m_x7,3191233.0,24826.0,1506152274.0,1626364360.0,238.0,1630.0,512528840.0,1051453.0,1832.0,1.0,0.0,0.0,0.0,21.0,26.0,881972200.0,2643462656.0,7854985216.0,44629.0,42185396224.0,1312647514.0,0.0,2119.0,5873075.0,4434.0,244416.0,27643.0,0.0,0.0,3187.0,0.0
1787906771.688291,2026-08-28T08:46:11+00:00,http_log_5m_x7,3191233.0,24826.0,1506152274.0,1626364360.0,238.0,1630.0,512528840.0,1051453.0,1832.0,1.0,0.0,0.0,0.0,21.0,26.0,881972200.0,2643462656.0,7854985216.0,44629.0,42185396224.0,1312647514.0,0.0,2119.0,5873075.0,4434.0,244416.0,27643.0,0.0,0.0,3187.0,0.0
1787906772.693342,2026-08-28T08:46:12+00:00,http_log_5m_x7,3191233.0,24826.0,1506152274.0,1626364360.0,238.0,1630.0,512528840.0,1051453.0,1832.0,1.0,0.0,0.0,0.0,21.0,26.0,881972200.0,2643462656.0,7854985216.0,44629.0,42185396224.0,1312647514.0,0.0,2119.0,5873075.0,4434.0,244416.0,27643.0,0.0,0.0,3187.0,0.0
1787906773.698397,2026-08-28T08:46:13+00:00,http_log_5m_x7,3191233.0,24826.0,1506152274.0,1626364360.0,238.0,1630.0,512528840.0,1051453.0,1832.0,1.0,0.0,0.0,0.0,21.0,26.0,881972200.0,2643462656.0,7854985216.0,44629.0,42185396224.0,1312647514.0,0.0,2119.0,5873075.0,4434.0,244416.0,27643.0,0.0,0.0,3187.0,0.0
1787906774.703459,2026-08-28T08:46:14+00:00,http_log_5m_x7,645803.0,836.0,1507337970.0,1626364360.0,241.0,1630.0,512528840.0,1051453.0,1832.0,1.0,0.0,0.0,0.0,26.0,26.0,881972200.0,2643462656.0,7854985216.0,44629.0,42185396224.0,1312647514.0,0.0,2119.0,5873075.0,4434.0,244416.0,27643.0,0.0,0.0,3187.0,0.0
1787906775.706454,2026-08-28T08:46:15+00:00,http_log_5m_x7,645803.0,836.0,1507337970.0,1626364360.0,241.0,1630.0,512528840.0,1051453.0,1832.0,1.0,0.0,0.0,0.0,26.0,26.0,881972200.0,2643462656.0,7854985216.0,44629.0,42185396224.0,1312647514.0,0.0,2119.0,5873075.0,4434.0,244416.0,27643.0,0.0,0.0,3187.0,0.0
1787906776.706721,2026-08-28T08:46:16+00:00,http_log_5m_x7,645803.0,836.0,1507337970.0,1626364360.0,241.0,1630.0,512528840.0,1051453.0,1832.0,1.0,0.0,0.0,0.0,26.0,26.0,881972200.0,2643462656.0,7854985216.0,44629.0,42185396224.0,1312647514.0,0.0,2119.0,5873075.0,4434.0,244416.0,27643.0,0.0,0.0,3187.0,0.0
1787906777.7091782,2026-08-28T08:46:17+00:00,http_log_5m_x7,645803.0,836.0,1507337970.0,1626364360.0,241.0,1630.0,512528840.0,1051453.0,1832.0,1.0,0.0,0.0,0.0,26.0,26.0,881972200.0,2643462656.0,7854985216.0,44629.0,42185396224.0,1312647514.0,0.0,2119.0,5873075.0,4434.0,244416.0,27643.0,0.0,0.0,3187.0,0.0
1787906778.71266,2026-08-28T08:46:18+00:00,http_log_5m_x7,645803.0,836.0,1507337970.0,1626364360.0,241.0,1630.0,512528840.0,1051453.0,1832.0,2.0,0.0,0.0,0.0,16.0,26.0,881972200.0,2643462656.0,7854985216.0,44629.0,42185396224.0,1312647514.0,0.0,2119.0,5873075.0,4434.0,244416.0,27643.0,0.0,0.0,3187.0,0.0
1787906779.7177532,2026-08-28T08:46:19+00:00,http_log_5m_x7,645803.0,836.0,1507337970.0,1626364360.0,241.0,1630.0,512528840.0,1051453.0,1832.0,2.0,0.0,0.0,0.0,16.0,26.0,881972200.0,2643462656.0,7854985216.0,44629.0,42185396224.0,1312647514.0,0.0,2119.0,5873075.0,4434.0,244416.0,27643.0,0.0,0.0,3187.0,0.0
1787906780.718633,2026-08-28T08:46:20+00:00,http_log_5m_x7,1197161.0,1957.0,1510877977.0,1626364360.0,246.0,1630.0,512528840.0,1051453.0,1832.0,1.0,0.0,0.0,0.0,16.0,26.0,881972200.0,2643462656.0,7854985216.0,44629.0,42185396224.0,1312647514.0,0.0,2119.0,5873075.0,4434.0,244416.0,27643.0,0.0,0.0,3187.0,0.0
1787906781.723683,2026-08-28T08:46:21+00:00,http_log_5m_x7,1197161.0,1957.0,1510877977.0,1626364360.0,246.0,1630.0,512528840.0,1051453.0,1832.0,1.0,0.0,0.0,0.0,16.0,26.0,881972200.0,2643462656.0,7854985216.0,44629.0,42185396224.0,1312647514.0,0.0,2119.0,5873075.0,4434.0,244416.0,27643.0,0.0,0.0,3187.0,0.0
1787906782.728816,2026-08-28T08:46:22+00:00,http_log_5m_x7,1197161.0,1957.0,1510877977.0,1626364360.0,246.0,1630.0,512528840.0,1051453.0,1832.0,2.0,0.0,0.0,0.0,12.0,26.0,881972200.0,2643462656.0,7854985216.0,44629.0,42185396224.0,1312647514.0,0.0,2119.0,5873075.0,4434.0,244416.0,27643.0,0.0,0.0,3187.0,0.0
1787906783.7339368,2026-08-28T08:46:23+00:00,http_log_5m_x7,1197161.0,1957.0,1510877977.0,1626364360.0,246.0,1630.0,512528840.0,1051453.0,1832.0,2.0,0.0,0.0,0.0,12.0,26.0,881972200.0,2643462656.0,7854985216.0,44629.0,42185396224.0,1312647514.0,0.0,2119.0,5873075.0,4434.0,244416.0,27643.0,0.0,0.0,3187.0,0.0
1787906784.738154,2026-08-28T08:46:24+00:00,http_log_5m_x7,1819948.0,2144.0,1516599895.0,1626364360.0,251.0,1630.0,1081536056.0,1051453.0,1832.0,1.0,0.0,0.0,0.0,12.0,26.0,1452207304.0,2643462656.0,7885348864.0,44718.0,42185396224.0,1312647514.0,0.0,2137.0,5882341.0,4442.0,247013.0,27733.0,0.0,0.0,3206.0,0.0
1787906785.740818,2026-08-28T08:46:25+00:00,http_log_5m_x7,1819948.0,2144.0,1516599895.0,1626364360.0,251.0,1630.0,1081536056.0,1051453.0,1832.0,1.0,0.0,0.0,0.0,12.0,26.0,1452207304.0,2643462656.0,7885348864.0,44718.0,42185396224.0,1312647514.0,0.0,2137.0,5882341.0,4442.0,247013.0,27733.0,0.0,0.0,3206.0,0.0
1787906786.745884,2026-08-28T08:46:26+00:00,http_log_5m_x7,1819948.0,2144.0,1516599895.0,1626364360.0,251.0,1630.0,1081536056.0,1051453.0,1832.0,1.0,0.0,0.0,0.0,12.0,26.0,1452207304.0,2643462656.0,7885348864.0,44718.0,42185396224.0,1312647514.0,0.0,2137.0,5882341.0,4442.0,247013.0,27733.0,0.0,0.0,3206.0,0.0
1787906787.750994,2026-08-28T08:46:27+00:00,http_log_5m_x7,1819948.0,2144.0,1516599895.0,1626364360.0,251.0,1630.0,1081536056.0,1051453.0,1832.0,2.0,0.0,0.0,0.0,13.0,26.0,1452207304.0,2643462656.0,7885348864.0,44718.0,42185396224.0,1312647514.0,0.0,2137.0,5882341.0,4442.0,247013.0,27733.0,0.0,0.0,3206.0,0.0
1787906788.75505,2026-08-28T08:46:28+00:00,http_log_5m_x7,1819948.0,2144.0,1516599895.0,1626364360.0,251.0,1630.0,1081536056.0,1051453.0,1832.0,2.0,0.0,0.0,0.0,13.0,26.0,1452207304.0,2643462656.0,7885348864.0,44718.0,42185396224.0,1312647514.0,0.0,2137.0,5882341.0,4442.0,247013.0,27733.0,0.0,0.0,3206.0,0.0
1787906789.755407,2026-08-28T08:46:29+00:00,http_log_5m_x7,2266708.0,2789.0,1525188453.0,1626364360.0,257.0,1630.0,1081536056.0,1051453.0,1832.0,1.0,0.0,0.0,0.0,13.0,26.0,1452207304.0,2643462656.0,7885348864.0,44718.0,42185396224.0,1312647514.0,0.0,2137.0,5882341.0,4442.0,247013.0,27733.0,0.0,0.0,3206.0,0.0
1787906790.760532,2026-08-28T08:46:30+00:00,http_log_5m_x7,2266708.0,2789.0,1525188453.0,1626364360.0,257.0,1630.0,1081536056.0,1051453.0,1832.0,1.0,0.0,0.0,0.0,13.0,26.0,1452207304.0,2643462656.0,7885348864.0,44718.0,42185396224.0,1312647514.0,0.0,2137.0,5882341.0,4442.0,247013.0,27733.0,0.0,0.0,3206.0,0.0
1787906791.7656362,2026-08-28T08:46:31+00:00,http_log_5m_x7,2266708.0,2789.0,1525188453.0,1626364360.0,257.0,1630.0,1081536056.0,1051453.0,1832.0,1.0,0.0,0.0,0.0,13.0,26.0,1452207304.0,2643462656.0,7885348864.0,44718.0,42185396224.0,1312647514.0,0.0,2137.0,5882341.0,4442.0,247013.0,27733.0,0.0,0.0,3206.0,0.0
1787906792.7707572,2026-08-28T08:46:32+00:00,http_log_5m_x7,2266708.0,2789.0,1525188453.0,1626364360.0,257.0,1630.0,1081536056.0,1051453.0,1832.0,1.0,1.0,0.0,0.0,13.0,26.0,1452207304.0,2643462656.0,7885348864.0,44718.0,42185396224.0,1312647514.0,0.0,2137.0,5882341.0,4442.0,247013.0,27733.0,0.0,0.0,3206.0,0.0
1787906793.775867,2026-08-28T08:46:33+00:00,http_log_5m_x7,2266708.0,2789.0,1525188453.0,1626364360.0,257.0,1630.0,1081536056.0,1051453.0,1832.0,1.0,1.0,0.0,0.0,13.0,26.0,1452207304.0,2643462656.0,7885348864.0,44718.0,42185396224.0,1312647514.0,0.0,2137.0,5882341.0,4442.0,247013.0,27733.0,0.0,0.0,3206.0,0.0
1787906794.77807,2026-08-28T08:46:34+00:00,http_log_5m_x7,2266708.0,2789.0,1525188453.0,1626364360.0,257.0,1630.0,1081536056.0,1051453.0,1832.0,1.0,1.0,0.0,0.0,13.0,26.0,1452207304.0,2643462656.0,7885348864.0,44718.0,42185396224.0,1312647514.0,0.0,2137.0,5882341.0,4442.0,247013.0,27733.0,0.0,0.0,3206.0,0.0
1787906795.778731,2026-08-28T08:46:35+00:00,http_log_5m_x7,2266708.0,2789.0,1525188453.0,1629332757.0,257.0,1635.0,1081536056.0,968797.0,2064.0,1.0,0.0,0.0,0.0,13.0,26.0,1452207304.0,2643462656.0,7885348864.0,44718.0,42185396224.0,1312647514.0,0.0,2137.0,5882341.0,4442.0,247013.0,27733.0,0.0,0.0,3206.0,0.0
1787906796.779946,2026-08-28T08:46:36+00:00,http_log_5m_x7,2266708.0,2789.0,1525188453.0,1629332757.0,257.0,1635.0,1081536056.0,968797.0,2064.0,1.0,0.0,0.0,0.0,13.0,26.0,1452207304.0,2643462656.0,7885348864.0,44718.0,42185396224.0,1312647514.0,0.0,2137.0,5882341.0,4442.0,247013.0,27733.0,0.0,0.0,3206.0,0.0
1787906797.782933,2026-08-28T08:46:37+00:00,http_log_5m_x7,2266708.0,2789.0,1525188453.0,1629332757.0,257.0,1635.0,1081536056.0,968797.0,2064.0,1.0,1.0,0.0,0.0,13.0,28.0,1452207304.0,2643462656.0,7885348864.0,44718.0,42185396224.0,1312647514.0,0.0,2137.0,5882341.0,4442.0,247013.0,27733.0,0.0,0.0,3206.0,0.0
1787906798.787392,2026-08-28T08:46:38+00:00,http_log_5m_x7,2266708.0,2789.0,1525188453.0,1629332757.0,257.0,1635.0,1607769080.0,968797.0,2064.0,1.0,1.0,0.0,0.0,13.0,28.0,2016474064.0,2643462656.0,8012337152.0,44861.0,42185396224.0,1312647514.0,0.0,2161.0,5891511.0,4454.0,249711.0,27816.0,0.0,0.0,3222.0,0.0
1787906799.792497,2026-08-28T08:46:39+00:00,http_log_5m_x7,2266708.0,2789.0,1525188453.0,1629332757.0,257.0,1635.0,1607769080.0,968797.0,2064.0,1.0,1.0,0.0,0.0,13.0,28.0,2016474064.0,2643462656.0,8012337152.0,44861.0,42185396224.0,1312647514.0,0.0,2161.0,5891511.0,4454.0,249711.0,27816.0,0.0,0.0,3222.0,0.0
1787906800.7962382,2026-08-28T08:46:40+00:00,http_log_5m_x7,2266708.0,2789.0,1525188453.0,1632301657.0,257.0,1640.0,1607769080.0,922305.0,2219.0,1.0,0.0,0.0,0.0,13.0,28.0,2016474064.0,2643462656.0,8012337152.0,44861.0,42185396224.0,1312647514.0,0.0,2161.0,5891511.0,4454.0,249711.0,27816.0,0.0,0.0,3222.0,0.0
1787906801.796993,2026-08-28T08:46:41+00:00,http_log_5m_x7,2266708.0,2789.0,1525188453.0,1632301657.0,257.0,1640.0,1607769080.0,922305.0,2219.0,1.0,0.0,0.0,0.0,13.0,28.0,2016474064.0,2643462656.0,8012337152.0,44861.0,42185396224.0,1312647514.0,0.0,2161.0,5891511.0,4454.0,249711.0,27816.0,0.0,0.0,3222.0,0.0
1787906802.797087,2026-08-28T08:46:42+00:00,http_log_5m_x7,2266708.0,2789.0,1525188453.0,1632301657.0,257.0,1640.0,1607769080.0,922305.0,2219.0,1.0,1.0,0.0,0.0,13.0,30.0,2016474064.0,2643462656.0,8012337152.0,44861.0,42185396224.0,1312647514.0,0.0,2161.0,5891511.0,4454.0,249711.0,27816.0,0.0,0.0,3222.0,0.0
1787906803.802165,2026-08-28T08:46:43+00:00,http_log_5m_x7,2266708.0,2789.0,1525188453.0,1632301657.0,257.0,1640.0,1607769080.0,922305.0,2219.0,1.0,1.0,0.0,0.0,13.0,30.0,2016474064.0,2643462656.0,8012337152.0,44861.0,42185396224.0,1312647514.0,0.0,2161.0,5891511.0,4454.0,249711.0,27816.0,0.0,0.0,3222.0,0.0
1787906804.806724,2026-08-28T08:46:44+00:00,http_log_5m_x7,2266708.0,2789.0,1525188453.0,1635252209.0,257.0,1645.0,1607769080.0,935198.0,2155.0,1.0,0.0,0.0,0.0,13.0,30.0,2016474064.0,2643462656.0,8012337152.0,44861.0,42185396224.0,1312647514.0,0.0,2161.0,5891511.0,4454.0,249711.0,27816.0,0.0,0.0,3222.0,0.0
1787906805.80691,2026-08-28T08:46:45+00:00,http_log_5m_x7,2266708.0,2789.0,1525188453.0,1635252209.0,257.0,1645.0,1607769080.0,935198.0,2155.0,1.0,0.0,0.0,0.0,13.0,30.0,2016474064.0,2643462656.0,8012337152.0,44861.0,42185396224.0,1312647514.0,0.0,2161.0,5891511.0,4454.0,249711.0,27816.0,0.0,0.0,3222.0,0.0
1787906806.809539,2026-08-28T08:46:46+00:00,http_log_5m_x7,2266708.0,2789.0,1525188453.0,1635252209.0,257.0,1645.0,1607769080.0,935198.0,2155.0,1.0,0.0,0.0,0.0,13.0,30.0,2016474064.0,2643462656.0,8012337152.0,44861.0,42185396224.0,1312647514.0,0.0,2161.0,5891511.0,4454.0,249711.0,27816.0,0.0,0.0,3222.0,0.0
1787906807.8146,2026-08-28T08:46:47+00:00,http_log_5m_x7,2266708.0,2789.0,1525188453.0,1635252209.0,257.0,1645.0,1607769080.0,935198.0,2155.0,1.0,1.0,0.0,0.0,13.0,31.0,2016474064.0,2643462656.0,8012337152.0,44861.0,42185396224.0,1312647514.0,0.0,2161.0,5891511.0,4454.0,249711.0,27816.0,0.0,0.0,3222.0,0.0
1787906808.8197062,2026-08-28T08:46:48+00:00,http_log_5m_x7,2266708.0,2789.0,1525188453.0,1635252209.0,257.0,1645.0,1607769080.0,935198.0,2155.0,1.0,1.0,0.0,0.0,13.0,31.0,2016474064.0,2643462656.0,8012337152.0,44861.0,42185396224.0,1312647514.0,0.0,2161.0,5891511.0,4454.0,249711.0,27816.0,0.0,0.0,3222.0,0.0
1787906809.822262,2026-08-28T08:46:49+00:00,http_log_5m_x7,3187270.0,48184.0,1681951144.0,1635252209.0,262.0,1645.0,1607769080.0,935198.0,2155.0,0.0,1.0,0.0,0.0,13.0,31.0,2016474064.0,2643462656.0,8012337152.0,44861.0,42185396224.0,1312647514.0,0.0,2161.0,5891511.0,4454.0,249711.0,27816.0,0.0,0.0,3222.0,0.0
1787906810.825564,2026-08-28T08:46:50+00:00,http_log_5m_x7,3187270.0,48184.0,1681951144.0,1638267561.0,262.0,1650.0,1607769080.0,907418.0,2323.0,0.0,0.0,0.0,0.0,13.0,31.0,2016474064.0,2643462656.0,8012337152.0,44861.0,42185396224.0,1312647514.0,0.0,2161.0,5891511.0,4454.0,249711.0,27816.0,0.0,0.0,3222.0,0.0
1787906811.830636,2026-08-28T08:46:51+00:00,http_log_5m_x7,3187270.0,48184.0,1681951144.0,1638267561.0,262.0,1650.0,1607769080.0,907418.0,2323.0,0.0,0.0,0.0,0.0,13.0,31.0,2016474064.0,2643462656.0,8012337152.0,44861.0,42185396224.0,1312647514.0,0.0,2161.0,5891511.0,4454.0,249711.0,27816.0,0.0,0.0,3222.0,0.0
1787906812.831984,2026-08-28T08:46:52+00:00,http_log_5m_x7,3187270.0,48184.0,1681951144.0,1638267561.0,262.0,1650.0,1607769080.0,907418.0,2323.0,0.0,1.0,0.0,0.0,13.0,33.0,2016474064.0,2643462656.0,8012337152.0,44861.0,42185396224.0,1312647514.0,0.0,2161.0,5891511.0,4454.0,249711.0,27816.0,0.0,0.0,3222.0,0.0
1787906813.835072,2026-08-28T08:46:53+00:00,http_log_5m_x7,3187270.0,48184.0,1681951144.0,1638267561.0,262.0,1650.0,47511984.0,907418.0,2323.0,1.0,1.0,0.0,0.0,21.0,33.0,448477928.0,2643462656.0,8202264576.0,45043.0,42185396224.0,1312647514.0,1.0,2180.0,5901067.0,4471.0,252016.0,27908.0,0.0,0.0,3242.0,0.0
1787906814.839524,2026-08-28T08:46:54+00:00,http_log_5m_x7,3187270.0,48184.0,1681951144.0,1641254999.0,262.0,1655.0,47511984.0,949900.0,2145.0,1.0,0.0,0.0,0.0,21.0,33.0,448477928.0,2643462656.0,8202264576.0,45043.0,42185396224.0,1312647514.0,1.0,2180.0,5901067.0,4471.0,252016.0,27908.0,0.0,0.0,3242.0,0.0
1787906815.844694,2026-08-28T08:46:55+00:00,http_log_5m_x7,3187270.0,48184.0,1681951144.0,1641254999.0,262.0,1655.0,47511984.0,949900.0,2145.0,1.0,0.0,0.0,0.0,21.0,33.0,448477928.0,2643462656.0,8202264576.0,45043.0,42185396224.0,1312647514.0,1.0,2180.0,5901067.0,4471.0,252016.0,27908.0,0.0,0.0,3242.0,0.0
1787906816.8480482,2026-08-28T08:46:56+00:00,http_log_5m_x7,3187270.0,48184.0,1681951144.0,1641254999.0,262.0,1655.0,47511984.0,949900.0,2145.0,1.0,1.0,0.0,0.0,21.0,12.0,448477928.0,2643462656.0,8202264576.0,45043.0,42185396224.0,1312647514.0,1.0,2180.0,5901067.0,4471.0,252016.0,27908.0,0.0,0.0,3242.0,0.0
1787906817.853141,2026-08-28T08:46:57+00:00,http_log_5m_x7,3187270.0,48184.0,1681951144.0,1641254999.0,262.0,1655.0,47511984.0,949900.0,2145.0,1.0,1.0,0.0,0.0,21.0,12.0,448477928.0,2643462656.0,8202264576.0,45043.0,42185396224.0,1312647514.0,1.0,2180.0,5901067.0,4471.0,252016.0,27908.0,0.0,0.0,3242.0,0.0
1787906818.854412,2026-08-28T08:46:58+00:00,http_log_5m_x7,3187270.0,48184.0,1681951144.0,1646512958.0,262.0,1660.0,47511984.0,1967062.0,1673.0,1.0,0.0,0.0,0.0,21.0,12.0,448477928.0,2643462656.0,8202264576.0,45043.0,42185396224.0,1312647514.0,1.0,2180.0,5901067.0,4471.0,252016.0,27908.0,0.0,0.0,3242.0,0.0
1787906819.859498,2026-08-28T08:46:59+00:00,http_log_5m_x7,2823273.0,6007.0,1701733818.0,1646512958.0,267.0,1660.0,47511984.0,1967062.0,1673.0,0.0,0.0,0.0,0.0,21.0,12.0,448477928.0,2643462656.0,8202264576.0,45043.0,42185396224.0,1312647514.0,1.0,2180.0,5901067.0,4471.0,252016.0,27908.0,0.0,0.0,3242.0,0.0
1787906820.864576,2026-08-28T08:47:00+00:00,http_log_5m_x7,2823273.0,6007.0,1701733818.0,1646512958.0,267.0,1660.0,47511984.0,1967062.0,1673.0,0.0,0.0,0.0,0.0,21.0,12.0,448477928.0,2643462656.0,8202264576.0,45043.0,42185396224.0,1312647514.0,1.0,2180.0,5901067.0,4471.0,252016.0,27908.0,0.0,0.0,3242.0,0.0
1787906821.869793,2026-08-28T08:47:01+00:00,http_log_5m_x7,2823273.0,6007.0,1701733818.0,1646512958.0,267.0,1660.0,47511984.0,1967062.0,1673.0,0.0,1.0,0.0,0.0,21.0,27.0,448477928.0,2643462656.0,8202264576.0,45043.0,42185396224.0,1312647514.0,1.0,2180.0,5901067.0,4471.0,252016.0,27908.0,0.0,0.0,3242.0,0.0
1787906822.874837,2026-08-28T08:47:02+00:00,http_log_5m_x7,2823273.0,6007.0,1701733818.0,1646512958.0,267.0,1660.0,47511984.0,1967062.0,1673.0,0.0,1.0,0.0,0.0,21.0,27.0,448477928.0,2643462656.0,8202264576.0,45043.0,42185396224.0,1312647514.0,1.0,2180.0,5901067.0,4471.0,252016.0,27908.0,0.0,0.0,3242.0,0.0
1787906823.879939,2026-08-28T08:47:03+00:00,http_log_5m_x7,2823273.0,6007.0,1701733818.0,1649537462.0,267.0,1665.0,47511984.0,987109.0,2064.0,0.0,0.0,0.0,0.0,21.0,27.0,448477928.0,2643462656.0,8202264576.0,45043.0,42185396224.0,1312647514.0,1.0,2180.0,5901067.0,4471.0,252016.0,27908.0,0.0,0.0,3242.0,0.0
1787906824.885074,2026-08-28T08:47:04+00:00,http_log_5m_x7,2823273.0,6007.0,1701733818.0,1649537462.0,267.0,1665.0,47511984.0,987109.0,2064.0,0.0,0.0,0.0,0.0,21.0,27.0,448477928.0,2643462656.0,8202264576.0,45043.0,42185396224.0,1312647514.0,1.0,2180.0,5901067.0,4471.0,252016.0,27908.0,0.0,0.0,3242.0,0.0
1787906825.887958,2026-08-28T08:47:05+00:00,http_log_5m_x7,2823273.0,6007.0,1701733818.0,1649537462.0,267.0,1665.0,47511984.0,987109.0,2064.0,0.0,0.0,0.0,0.0,21.0,27.0,448477928.0,2643462656.0,8202264576.0,45043.0,42185396224.0,1312647514.0,1.0,2180.0,5901067.0,4471.0,252016.0,27908.0,0.0,0.0,3242.0,0.0
1787906826.893065,2026-08-28T08:47:06+00:00,http_log_5m_x7,2823273.0,6007.0,1701733818.0,1649537462.0,267.0,1665.0,47511984.0,987109.0,2064.0,0.0,1.0,0.0,0.0,21.0,28.0,448477928.0,2643462656.0,8202264576.0,45043.0,42185396224.0,1312647514.0,1.0,2180.0,5901067.0,4471.0,252016.0,27908.0,0.0,0.0,3242.0,0.0
1787906827.8981361,2026-08-28T08:47:07+00:00,http_log_5m_x7,2823273.0,6007.0,1701733818.0,1649537462.0,267.0,1665.0,47511984.0,987109.0,2064.0,0.0,1.0,0.0,0.0,21.0,28.0,448477928.0,2643462656.0,8202264576.0,45043.0,42185396224.0,1312647514.0,1.0,2180.0,5901067.0,4471.0,252016.0,27908.0,0.0,0.0,3242.0,0.0
1787906828.903274,2026-08-28T08:47:08+00:00,http_log_5m_x7,2823273.0,6007.0,1701733818.0,1652543109.0,267.0,1670.0,36239800.0,932561.0,2223.0,0.0,0.0,0.0,0.0,21.0,28.0,430982168.0,2643462656.0,8268341248.0,45155.0,42185396224.0,1312647514.0,0.0,2198.0,5911067.0,4481.0,253912.0,27975.0,0.0,0.0,3259.0,0.0
1787906829.9059358,2026-08-28T08:47:09+00:00,http_log_5m_x7,2823273.0,6007.0,1701733818.0,1652543109.0,267.0,1670.0,36239800.0,932561.0,2223.0,0.0,0.0,0.0,0.0,21.0,28.0,430982168.0,2643462656.0,8268341248.0,45155.0,42185396224.0,1312647514.0,0.0,2198.0,5911067.0,4481.0,253912.0,27975.0,0.0,0.0,3259.0,0.0
1787906830.911042,2026-08-28T08:47:10+00:00,http_log_5m_x7,2823273.0,6007.0,1701733818.0,1652543109.0,267.0,1670.0,36239800.0,932561.0,2223.0,0.0,0.0,0.0,0.0,21.0,28.0,430982168.0,2643462656.0,8268341248.0,45155.0,41866690560.0,1365689992.0,0.0,2198.0,5911067.0,4481.0,253912.0,27975.0,0.0,0.0,3259.0,0.0
1787906831.913131,2026-08-28T08:47:11+00:00,http_log_5m_x7,2823273.0,6007.0,1701733818.0,1652543109.0,267.0,1670.0,36239800.0,932561.0,2223.0,0.0,1.0,0.0,0.0,21.0,30.0,430982168.0,2643462656.0,8268341248.0,45155.0,41866690560.0,1365689992.0,0.0,2198.0,5911067.0,4481.0,253912.0,27975.0,0.0,0.0,3259.0,0.0
1787906832.917255,2026-08-28T08:47:12+00:00,http_log_5m_x7,2823273.0,6007.0,1701733818.0,1652543109.0,267.0,1670.0,36239800.0,932561.0,2223.0,0.0,1.0,0.0,0.0,21.0,30.0,430982168.0,2643462656.0,8268341248.0,45155.0,41866690560.0,1365689992.0,0.0,2198.0,5911067.0,4481.0,253912.0,27975.0,0.0,0.0,3259.0,0.0
1787906833.9176068,2026-08-28T08:47:13+00:00,http_log_5m_x7,2823273.0,6007.0,1701733818.0,1655437504.0,267.0,1675.0,36239800.0,965441.0,1998.0,1.0,0.0,0.0,0.0,22.0,30.0,430982168.0,2643462656.0,8268341248.0,45155.0,41866690560.0,1365689992.0,0.0,2198.0,5911067.0,4481.0,253912.0,27975.0,0.0,0.0,3259.0,0.0
1787906834.925874,2026-08-28T08:47:14+00:00,http_log_5m_x7,2823273.0,6007.0,1701733818.0,1655437504.0,267.0,1675.0,36239800.0,965441.0,1998.0,1.0,0.0,0.0,0.0,22.0,30.0,430982168.0,2643462656.0,8268341248.0,45155.0,41866690560.0,1365689992.0,0.0,2198.0,5911067.0,4481.0,253912.0,27975.0,0.0,0.0,3259.0,0.0
1787906835.926365,2026-08-28T08:47:15+00:00,http_log_5m_x7,2823273.0,6007.0,1701733818.0,1655437504.0,267.0,1675.0,36239800.0,965441.0,1998.0,1.0,0.0,0.0,0.0,22.0,30.0,430982168.0,2643462656.0,8268341248.0,45155.0,41866690560.0,1365689992.0,0.0,2198.0,5911067.0,4481.0,253912.0,27975.0,0.0,0.0,3259.0,0.0
1787906836.9276412,2026-08-28T08:47:16+00:00,http_log_5m_x7,2823273.0,6007.0,1701733818.0,1655437504.0,267.0,1675.0,36239800.0,965441.0,1998.0,1.0,1.0,0.0,0.0,22.0,20.0,430982168.0,2643462656.0,8268341248.0,45155.0,41866690560.0,1365689992.0,0.0,2198.0,5911067.0,4481.0,253912.0,27975.0,0.0,0.0,3259.0,0.0
1787906837.932721,2026-08-28T08:47:17+00:00,http_log_5m_x7,2823273.0,6007.0,1701733818.0,1655437504.0,267.0,1675.0,36239800.0,965441.0,1998.0,1.0,1.0,0.0,0.0,22.0,20.0,430982168.0,2643462656.0,8268341248.0,45155.0,41866690560.0,1365689992.0,0.0,2198.0,5911067.0,4481.0,253912.0,27975.0,0.0,0.0,3259.0,0.0
1787906838.9378061,2026-08-28T08:47:18+00:00,http_log_5m_x7,2823273.0,6007.0,1701733818.0,1658387674.0,267.0,1680.0,36239800.0,888873.0,2319.0,1.0,0.0,0.0,0.0,22.0,20.0,430982168.0,2643462656.0,8268341248.0,45155.0,41866690560.0,1365689992.0,0.0,2198.0,5911067.0,4481.0,253912.0,27975.0,0.0,0.0,3259.0,0.0
1787906839.938667,2026-08-28T08:47:19+00:00,http_log_5m_x7,2823273.0,6007.0,1701733818.0,1658387674.0,267.0,1680.0,36239800.0,888873.0,2319.0,1.0,0.0,0.0,0.0,22.0,20.0,430982168.0,2643462656.0,8268341248.0,45155.0,41866690560.0,1365689992.0,0.0,2198.0,5911067.0,4481.0,253912.0,27975.0,0.0,0.0,3259.0,0.0
1787906840.943758,2026-08-28T08:47:20+00:00,http_log_5m_x7,2823273.0,6007.0,1701733818.0,1658387674.0,267.0,1680.0,36239800.0,888873.0,2319.0,1.0,1.0,0.0,0.0,22.0,12.0,430982168.0,2643462656.0,8268341248.0,45155.0,41866690560.0,1365689992.0,0.0,2198.0,5911067.0,4481.0,253912.0,27975.0,0.0,0.0,3259.0,0.0
1787906841.948847,2026-08-28T08:47:21+00:00,http_log_5m_x7,2823273.0,6007.0,1701733818.0,1663590758.0,267.0,1685.0,36239800.0,1940001.0,1682.0,1.0,0.0,0.0,0.0,22.0,12.0,430982168.0,2643462656.0,8268341248.0,45155.0,41866690560.0,1365689992.0,0.0,2198.0,5911067.0,4481.0,253912.0,27975.0,0.0,0.0,3259.0,0.0
1787906842.953098,2026-08-28T08:47:22+00:00,http_log_5m_x7,2823273.0,6007.0,1701733818.0,1663590758.0,267.0,1685.0,36239800.0,1940001.0,1682.0,1.0,0.0,0.0,0.0,22.0,12.0,430982168.0,2643462656.0,8268341248.0,45155.0,41866690560.0,1365689992.0,0.0,2198.0,5911067.0,4481.0,253912.0,27975.0,0.0,0.0,3259.0,0.0
1787906843.955946,2026-08-28T08:47:23+00:00,http_log_5m_x7,2823273.0,6007.0,1701733818.0,1663590758.0,267.0,1685.0,355517128.0,1940001.0,1682.0,1.0,0.0,0.0,0.0,22.0,12.0,726510888.0,2643462656.0,8307548160.0,45277.0,41866690560.0,1365689992.0,0.0,2210.0,5920659.0,4492.0,256171.0,28051.0,0.0,0.0,3278.0,0.0
1787906844.957931,2026-08-28T08:47:24+00:00,http_log_5m_x7,2763290.0,11065.0,1735072918.0,1663590758.0,272.0,1685.0,355517128.0,1940001.0,1682.0,0.0,1.0,0.0,0.0,22.0,11.0,726510888.0,2643462656.0,8307548160.0,45277.0,41866690560.0,1365689992.0,0.0,2210.0,5920659.0,4492.0,256171.0,28051.0,0.0,0.0,3278.0,0.0
1787906845.9630358,2026-08-28T08:47:25+00:00,http_log_5m_x7,2763290.0,11065.0,1735072918.0,1663590758.0,272.0,1685.0,355517128.0,1940001.0,1682.0,0.0,1.0,0.0,0.0,22.0,11.0,726510888.0,2643462656.0,8307548160.0,45277.0,41866690560.0,1365689992.0,0.0,2210.0,5920659.0,4492.0,256171.0,28051.0,0.0,0.0,3278.0,0.0
1787906846.968124,2026-08-28T08:47:26+00:00,http_log_5m_x7,2763290.0,11065.0,1735072918.0,1671071325.0,272.0,1690.0,355517128.0,2268901.0,2297.0,0.0,0.0,0.0,0.0,22.0,11.0,726510888.0,2643462656.0,8307548160.0,45277.0,41866690560.0,1365689992.0,0.0,2210.0,5920659.0,4492.0,256171.0,28051.0,0.0,0.0,3278.0,0.0
1787906847.972369,2026-08-28T08:47:27+00:00,http_log_5m_x7,2763290.0,11065.0,1735072918.0,1671071325.0,272.0,1690.0,355517128.0,2268901.0,2297.0,0.0,0.0,0.0,0.0,22.0,11.0,726510888.0,2643462656.0,8307548160.0,45277.0,41866690560.0,1365689992.0,0.0,2210.0,5920659.0,4492.0,256171.0,28051.0,0.0,0.0,3278.0,0.0
1787906848.977466,2026-08-28T08:47:28+00:00,http_log_5m_x7,2763290.0,11065.0,1735072918.0,1671071325.0,272.0,1690.0,355517128.0,2268901.0,2297.0,0.0,0.0,0.0,0.0,22.0,11.0,726510888.0,2643462656.0,8307548160.0,45277.0,41866690560.0,1365689992.0,0.0,2210.0,5920659.0,4492.0,256171.0,28051.0,0.0,0.0,3278.0,0.0
1787906849.982563,2026-08-28T08:47:29+00:00,http_log_5m_x7,2763290.0,11065.0,1735072918.0,1671071325.0,272.0,1690.0,355517128.0,2268901.0,2297.0,0.0,1.0,0.0,0.0,22.0,27.0,726510888.0,2643462656.0,8307548160.0,45277.0,41866690560.0,1365689992.0,0.0,2210.0,5920659.0,4492.0,256171.0,28051.0,0.0,0.0,3278.0,0.0
1787906850.9876401,2026-08-28T08:47:30+00:00,http_log_5m_x7,2763290.0,11065.0,1735072918.0,1671071325.0,272.0,1690.0,355517128.0,2268901.0,2297.0,0.0,1.0,0.0,0.0,22.0,27.0,726510888.0,2643462656.0,8307548160.0,45277.0,41866690560.0,1365689992.0,0.0,2210.0,5920659.0,4492.0,256171.0,28051.0,0.0,0.0,3278.0,0.0
1787906851.9927738,2026-08-28T08:47:32+00:00,http_log_5m_x7,2763290.0,11065.0,1735072918.0,1674058552.0,272.0,1695.0,355517128.0,1022672.0,1921.0,0.0,0.0,0.0,0.0,22.0,27.0,726510888.0,2643462656.0,8307548160.0,45277.0,41866690560.0,1365689992.0,0.0,2210.0,5920659.0,4492.0,256171.0,28051.0,0.0,0.0,3278.0,0.0
1787906852.997849,2026-08-28T08:47:33+00:00,http_log_5m_x7,2763290.0,11065.0,1735072918.0,1674058552.0,272.0,1695.0,355517128.0,1022672.0,1921.0,0.0,0.0,0.0,0.0,22.0,27.0,726510888.0,2643462656.0,8307548160.0,45277.0,41866690560.0,1365689992.0,0.0,2210.0,5920659.0,4492.0,256171.0,28051.0,0.0,0.0,3278.0,0.0
1787906853.9987452,2026-08-28T08:47:34+00:00,http_log_5m_x7,2763290.0,11065.0,1735072918.0,1674058552.0,272.0,1695.0,355517128.0,1022672.0,1921.0,0.0,1.0,0.0,0.0,22.0,20.0,726510888.0,2643462656.0,8307548160.0,45277.0,41866690560.0,1365689992.0,0.0,2210.0,5920659.0,4492.0,256171.0,28051.0,0.0,0.0,3278.0,0.0
1787906855.003383,2026-08-28T08:47:35+00:00,http_log_5m_x7,2763290.0,11065.0,1735072918.0,1679278780.0,272.0,1700.0,355517128.0,2104082.0,1481.0,0.0,0.0,0.0,0.0,22.0,20.0,726510888.0,2643462656.0,8307548160.0,45277.0,41866690560.0,1365689992.0,0.0,2210.0,5920659.0,4492.0,256171.0,28051.0,0.0,0.0,3278.0,0.0
1787906856.003504,2026-08-28T08:47:36+00:00,http_log_5m_x7,2763290.0,11065.0,1735072918.0,1679278780.0,272.0,1700.0,355517128.0,2104082.0,1481.0,0.0,0.0,0.0,0.0,22.0,20.0,726510888.0,2643462656.0,8307548160.0,45277.0,41866690560.0,1365689992.0,0.0,2210.0,5920659.0,4492.0,256171.0,28051.0,0.0,0.0,3278.0,0.0
1787906857.0086,2026-08-28T08:47:37+00:00,http_log_5m_x7,2763290.0,11065.0,1735072918.0,1679278780.0,272.0,1700.0,355517128.0,2104082.0,1481.0,0.0,0.0,0.0,0.0,22.0,20.0,726510888.0,2643462656.0,8307548160.0,45277.0,41866690560.0,1365689992.0,0.0,2210.0,5920659.0,4492.0,256171.0,28051.0,0.0,0.0,3278.0,0.0
1787906858.009182,2026-08-28T08:47:38+00:00,http_log_5m_x7,2763290.0,11065.0,1735072918.0,1679278780.0,272.0,1700.0,355517128.0,2104082.0,1481.0,0.0,0.0,0.0,0.0,22.0,20.0,726510888.0,2643462656.0,8307548160.0,45277.0,41866690560.0,1365689992.0,0.0,2210.0,5920659.0,4492.0,256171.0,28051.0,0.0,0.0,3278.0,0.0
1787906859.0142899,2026-08-28T08:47:39+00:00,http_log_5m_x7,2763290.0,11065.0,1735072918.0,1679278780.0,272.0,1700.0,19205032.0,2104082.0,1481.0,0.0,1.0,0.0,0.0,22.0,28.0,391729272.0,2643462656.0,8401293312.0,45417.0,41866690560.0,1365689992.0,0.0,2229.0,5931312.0,4504.0,257423.0,28101.0,0.0,0.0,3293.0,0.0
1787906860.019386,2026-08-28T08:47:40+00:00,http_log_5m_x7,2763290.0,11065.0,1735072918.0,1679278780.0,272.0,1700.0,19205032.0,2104082.0,1481.0,0.0,1.0,0.0,0.0,22.0,28.0,391729272.0,2643462656.0,8401293312.0,45417.0,41866690560.0,1365689992.0,0.0,2229.0,5931312.0,4504.0,257423.0,28101.0,0.0,0.0,3293.0,0.0
1787906861.024447,2026-08-28T08:47:41+00:00,http_log_5m_x7,2763290.0,11065.0,1735072918.0,1682294457.0,272.0,1705.0,19205032.0,1007240.0,1994.0,0.0,0.0,0.0,0.0,22.0,28.0,391729272.0,2643462656.0,8401293312.0,45417.0,41866690560.0,1365689992.0,0.0,2229.0,5931312.0,4504.0,257423.0,28101.0,0.0,0.0,3293.0,0.0
1787906862.029523,2026-08-28T08:47:42+00:00,http_log_5m_x7,2763290.0,11065.0,1735072918.0,1682294457.0,272.0,1705.0,19205032.0,1007240.0,1994.0,0.0,0.0,0.0,0.0,22.0,28.0,391729272.0,2643462656.0,8401293312.0,45417.0,41866690560.0,1365689992.0,0.0,2229.0,5931312.0,4504.0,257423.0,28101.0,0.0,0.0,3293.0,0.0
1787906863.02968,2026-08-28T08:47:43+00:00,http_log_5m_x7,2763290.0,11065.0,1735072918.0,1682294457.0,272.0,1705.0,19205032.0,1007240.0,1994.0,0.0,1.0,0.0,0.0,22.0,21.0,391729272.0,2643462656.0,8401293312.0,45417.0,41866690560.0,1365689992.0,0.0,2229.0,5931312.0,4504.0,257423.0,28101.0,0.0,0.0,3293.0,0.0
1787906864.0301921,2026-08-28T08:47:44+00:00,http_log_5m_x7,2763290.0,11065.0,1735072918.0,1687572847.0,272.0,1710.0,19205032.0,2088796.0,1527.0,0.0,0.0,0.0,0.0,22.0,21.0,391729272.0,2643462656.0,8401293312.0,45417.0,41866690560.0,1365689992.0,0.0,2229.0,5931312.0,4504.0,257423.0,28101.0,0.0,0.0,3293.0,0.0
1787906865.035279,2026-08-28T08:47:45+00:00,http_log_5m_x7,2763290.0,11065.0,1735072918.0,1687572847.0,272.0,1710.0,19205032.0,2088796.0,1527.0,0.0,0.0,0.0,0.0,22.0,21.0,391729272.0,2643462656.0,8401293312.0,45417.0,41866690560.0,1365689992.0,0.0,2229.0,5931312.0,4504.0,257423.0,28101.0,0.0,0.0,3293.0,0.0
1787906866.040392,2026-08-28T08:47:46+00:00,http_log_5m_x7,2763290.0,11065.0,1735072918.0,1687572847.0,272.0,1710.0,19205032.0,2088796.0,1527.0,0.0,0.0,0.0,0.0,22.0,21.0,391729272.0,2643462656.0,8401293312.0,45417.0,41866690560.0,1365689992.0,0.0,2229.0,5931312.0,4504.0,257423.0,28101.0,0.0,0.0,3293.0,0.0
1787906867.0454788,2026-08-28T08:47:47+00:00,http_log_5m_x7,2763290.0,11065.0,1735072918.0,1687572847.0,272.0,1710.0,19205032.0,2088796.0,1527.0,0.0,0.0,0.0,0.0,22.0,21.0,391729272.0,2643462656.0,8401293312.0,45417.0,41866690560.0,1365689992.0,0.0,2229.0,5931312.0,4504.0,257423.0,28101.0,0.0,0.0,3293.0,0.0
1787906868.0505788,2026-08-28T08:47:48+00:00,http_log_5m_x7,2763290.0,11065.0,1735072918.0,1687572847.0,272.0,1710.0,19205032.0,2088796.0,1527.0,0.0,1.0,0.0,0.0,22.0,30.0,391729272.0,2643462656.0,8401293312.0,45417.0,41866690560.0,1365689992.0,0.0,2229.0,5931312.0,4504.0,257423.0,28101.0,0.0,0.0,3293.0,0.0
1787906869.0556622,2026-08-28T08:47:49+00:00,http_log_5m_x7,2763290.0,11065.0,1735072918.0,1687572847.0,272.0,1710.0,19205032.0,2088796.0,1527.0,0.0,1.0,0.0,0.0,22.0,30.0,391729272.0,2643462656.0,8401293312.0,45417.0,41866690560.0,1365689992.0,0.0,2229.0,5931312.0,4504.0,257423.0,28101.0,0.0,0.0,3293.0,0.0
1787906870.058965,2026-08-28T08:47:50+00:00,http_log_5m_x7,2763290.0,11065.0,1735072918.0,1690531912.0,272.0,1715.0,19205032.0,1004434.0,1946.0,0.0,0.0,0.0,0.0,22.0,30.0,391729272.0,2643462656.0,8401293312.0,45417.0,41866690560.0,1365689992.0,0.0,2229.0,5931312.0,4504.0,257423.0,28101.0,0.0,0.0,3293.0,0.0
1787906871.0630028,2026-08-28T08:47:51+00:00,http_log_5m_x7,2763290.0,11065.0,1735072918.0,1690531912.0,272.0,1715.0,19205032.0,1004434.0,1946.0,0.0,0.0,0.0,0.0,22.0,30.0,391729272.0,2643462656.0,8401293312.0,45417.0,41866690560.0,1365689992.0,0.0,2229.0,5931312.0,4504.0,257423.0,28101.0,0.0,0.0,3293.0,0.0
1787906872.065572,2026-08-28T08:47:52+00:00,http_log_5m_x7,2763290.0,11065.0,1735072918.0,1690531912.0,272.0,1715.0,19205032.0,1004434.0,1946.0,0.0,1.0,0.0,0.0,22.0,22.0,391729272.0,2643462656.0,8401293312.0,45417.0,41866690560.0,1365689992.0,0.0,2229.0,5931312.0,4504.0,257423.0,28101.0,0.0,0.0,3293.0,0.0
1787906873.070645,2026-08-28T08:47:53+00:00,http_log_5m_x7,2763290.0,11065.0,1735072918.0,1695782207.0,272.0,1720.0,19205032.0,2075215.0,1530.0,0.0,0.0,0.0,0.0,22.0,22.0,391729272.0,2643462656.0,8401293312.0,45417.0,41866690560.0,1365689992.0,0.0,2229.0,5931312.0,4504.0,257423.0,28101.0,0.0,0.0,3293.0,0.0
1787906874.075727,2026-08-28T08:47:54+00:00,http_log_5m_x7,2763290.0,11065.0,1735072918.0,1695782207.0,272.0,1720.0,98570936.0,2075215.0,1530.0,1.0,0.0,0.0,0.0,22.0,22.0,469684160.0,2643462656.0,8445599744.0,45513.0,41866690560.0,1365689992.0,0.0,2248.0,5941892.0,4513.0,258776.0,28146.0,0.0,0.0,3308.0,0.0
1787906875.080798,2026-08-28T08:47:55+00:00,http_log_5m_x7,2763290.0,11065.0,1735072918.0,1695782207.0,272.0,1720.0,98570936.0,2075215.0,1530.0,1.0,0.0,0.0,0.0,22.0,22.0,469684160.0,2643462656.0,8445599744.0,45513.0,41866690560.0,1365689992.0,0.0,2248.0,5941892.0,4513.0,258776.0,28146.0,0.0,0.0,3308.0,0.0
1787906876.08587,2026-08-28T08:47:56+00:00,http_log_5m_x7,2763290.0,11065.0,1735072918.0,1695782207.0,272.0,1720.0,98570936.0,2075215.0,1530.0,1.0,0.0,0.0,0.0,22.0,22.0,469684160.0,2643462656.0,8445599744.0,45513.0,41866690560.0,1365689992.0,0.0,2248.0,5941892.0,4513.0,258776.0,28146.0,0.0,0.0,3308.0,0.0
1787906877.090971,2026-08-28T08:47:57+00:00,http_log_5m_x7,2763290.0,11065.0,1735072918.0,1695782207.0,272.0,1720.0,98570936.0,2075215.0,1530.0,1.0,1.0,0.0,0.0,22.0,19.0,469684160.0,2643462656.0,8445599744.0,45513.0,41866690560.0,1365689992.0,0.0,2248.0,5941892.0,4513.0,258776.0,28146.0,0.0,0.0,3308.0,0.0
1787906878.0926862,2026-08-28T08:47:58+00:00,http_log_5m_x7,2763290.0,11065.0,1735072918.0,1695782207.0,272.0,1720.0,98570936.0,2075215.0,1530.0,1.0,1.0,0.0,0.0,22.0,19.0,469684160.0,2643462656.0,8445599744.0,45513.0,41866690560.0,1365689992.0,0.0,2248.0,5941892.0,4513.0,258776.0,28146.0,0.0,0.0,3308.0,0.0
1787906879.097742,2026-08-28T08:47:59+00:00,http_log_5m_x7,2763290.0,11065.0,1735072918.0,1698796433.0,272.0,1725.0,98570936.0,972644.0,2099.0,1.0,0.0,0.0,0.0,22.0,19.0,469684160.0,2643462656.0,8445599744.0,45513.0,41866690560.0,1365689992.0,0.0,2248.0,5941892.0,4513.0,258776.0,28146.0,0.0,0.0,3308.0,0.0
1787906880.1007638,2026-08-28T08:48:00+00:00,http_log_5m_x7,2763290.0,11065.0,1735072918.0,1698796433.0,272.0,1725.0,98570936.0,972644.0,2099.0,1.0,0.0,0.0,0.0,22.0,19.0,469684160.0,2643462656.0,8445599744.0,45513.0,41866690560.0,1365689992.0,0.0,2248.0,5941892.0,4513.0,258776.0,28146.0,0.0,0.0,3308.0,0.0
1787906881.1058471,2026-08-28T08:48:01+00:00,http_log_5m_x7,2763290.0,11065.0,1735072918.0,1698796433.0,272.0,1725.0,98570936.0,972644.0,2099.0,1.0,1.0,0.0,0.0,22.0,12.0,469684160.0,2643462656.0,8445599744.0,45513.0,41866690560.0,1365689992.0,0.0,2248.0,5941892.0,4513.0,258776.0,28146.0,0.0,0.0,3308.0,0.0
1787906882.106698,2026-08-28T08:48:02+00:00,http_log_5m_x7,2763290.0,11065.0,1735072918.0,1704065122.0,272.0,1730.0,98570936.0,1941300.0,1714.0,1.0,0.0,0.0,0.0,22.0,12.0,469684160.0,2643462656.0,8445599744.0,45513.0,41866690560.0,1365689992.0,0.0,2248.0,5941892.0,4513.0,258776.0,28146.0,0.0,0.0,3308.0,0.0
1787906883.111773,2026-08-28T08:48:03+00:00,http_log_5m_x7,2763290.0,11065.0,1735072918.0,1704065122.0,272.0,1730.0,98570936.0,1941300.0,1714.0,1.0,0.0,0.0,0.0,22.0,12.0,469684160.0,2643462656.0,8445599744.0,45513.0,41866690560.0,1365689992.0,0.0,2248.0,5941892.0,4513.0,258776.0,28146.0,0.0,0.0,3308.0,0.0
1787906884.116841,2026-08-28T08:48:04+00:00,http_log_5m_x7,2763290.0,11065.0,1735072918.0,1704065122.0,272.0,1730.0,98570936.0,1941300.0,1714.0,1.0,1.0,0.0,0.0,22.0,11.0,469684160.0,2643462656.0,8445599744.0,45513.0,41866690560.0,1365689992.0,0.0,2248.0,5941892.0,4513.0,258776.0,28146.0,0.0,0.0,3308.0,0.0
1787906885.120508,2026-08-28T08:48:05+00:00,http_log_5m_x7,2763290.0,11065.0,1735072918.0,1704065122.0,272.0,1730.0,98570936.0,1941300.0,1714.0,1.0,1.0,0.0,0.0,22.0,11.0,469684160.0,2643462656.0,8445599744.0,45513.0,41866690560.0,1365689992.0,0.0,2248.0,5941892.0,4513.0,258776.0,28146.0,0.0,0.0,3308.0,0.0
1787906886.125591,2026-08-28T08:48:06+00:00,http_log_5m_x7,2763290.0,11065.0,1735072918.0,1704065122.0,272.0,1730.0,98570936.0,1941300.0,1714.0,1.0,1.0,0.0,0.0,22.0,11.0,469684160.0,2643462656.0,8445599744.0,45513.0,41866690560.0,1365689992.0,0.0,2248.0,5941892.0,4513.0,258776.0,28146.0,0.0,0.0,3308.0,0.0
1787906887.1272151,2026-08-28T08:48:07+00:00,http_log_5m_x7,2763290.0,11065.0,1735072918.0,1711650417.0,272.0,1735.0,98570936.0,2061221.0,2680.0,1.0,0.0,0.0,0.0,22.0,11.0,469684160.0,2643462656.0,8445599744.0,45513.0,41866690560.0,1365689992.0,0.0,2248.0,5941892.0,4513.0,258776.0,28146.0,0.0,0.0,3308.0,0.0
1787906888.132313,2026-08-28T08:48:08+00:00,http_log_5m_x7,2763290.0,11065.0,1735072918.0,1711650417.0,272.0,1735.0,98570936.0,2061221.0,2680.0,1.0,0.0,0.0,0.0,22.0,11.0,469684160.0,2643462656.0,8445599744.0,45513.0,41866690560.0,1365689992.0,0.0,2248.0,5941892.0,4513.0,258776.0,28146.0,0.0,0.0,3308.0,0.0
1787906889.137381,2026-08-28T08:48:09+00:00,http_log_5m_x7,2763290.0,11065.0,1735072918.0,1711650417.0,272.0,1735.0,574937816.0,2061221.0,2680.0,1.0,1.0,0.0,0.0,22.0,27.0,952576128.0,2643462656.0,8489021440.0,45613.0,41866690560.0,1365689992.0,0.0,2266.0,5950977.0,4523.0,261555.0,28244.0,0.0,0.0,3327.0,0.0
1787906890.141514,2026-08-28T08:48:10+00:00,http_log_5m_x7,2763290.0,11065.0,1735072918.0,1711650417.0,272.0,1735.0,574937816.0,2061221.0,2680.0,1.0,1.0,0.0,0.0,22.0,27.0,952576128.0,2643462656.0,8489021440.0,45613.0,41629597696.0,1418763697.0,0.0,2266.0,5950977.0,4523.0,261555.0,28244.0,0.0,0.0,3327.0,0.0
1787906891.145974,2026-08-28T08:48:11+00:00,http_log_5m_x7,2959823.0,17912.0,1791049094.0,1711650417.0,277.0,1735.0,574937816.0,2061221.0,2680.0,0.0,1.0,0.0,0.0,22.0,27.0,952576128.0,2643462656.0,8489021440.0,45613.0,41629597696.0,1418763697.0,0.0,2266.0,5950977.0,4523.0,261555.0,28244.0,0.0,0.0,3327.0,0.0
1787906892.150583,2026-08-28T08:48:12+00:00,http_log_5m_x7,2959823.0,17912.0,1791049094.0,1714610141.0,277.0,1740.0,574937816.0,918028.0,2224.0,0.0,0.0,0.0,0.0,22.0,27.0,952576128.0,2643462656.0,8489021440.0,45613.0,41629597696.0,1418763697.0,0.0,2266.0,5950977.0,4523.0,261555.0,28244.0,0.0,0.0,3327.0,0.0
1787906893.155638,2026-08-28T08:48:13+00:00,http_log_5m_x7,2959823.0,17912.0,1791049094.0,1714610141.0,277.0,1740.0,574937816.0,918028.0,2224.0,0.0,1.0,0.0,0.0,22.0,19.0,952576128.0,2643462656.0,8489021440.0,45613.0,41629597696.0,1418763697.0,0.0,2266.0,5950977.0,4523.0,261555.0,28244.0,0.0,0.0,3327.0,0.0
1787906894.1607392,2026-08-28T08:48:14+00:00,http_log_5m_x7,2959823.0,17912.0,1791049094.0,1714610141.0,277.0,1740.0,574937816.0,918028.0,2224.0,0.0,1.0,0.0,0.0,22.0,19.0,952576128.0,2643462656.0,8489021440.0,45613.0,41629597696.0,1418763697.0,0.0,2266.0,5950977.0,4523.0,261555.0,28244.0,0.0,0.0,3327.0,0.0
1787906895.162233,2026-08-28T08:48:15+00:00,http_log_5m_x7,2959823.0,17912.0,1791049094.0,1719813766.0,277.0,1745.0,574937816.0,1890165.0,1753.0,0.0,0.0,0.0,0.0,22.0,19.0,952576128.0,2643462656.0,8489021440.0,45613.0,41629597696.0,1418763697.0,0.0,2266.0,5950977.0,4523.0,261555.0,28244.0,0.0,0.0,3327.0,0.0
1787906896.167344,2026-08-28T08:48:16+00:00,http_log_5m_x7,2959823.0,17912.0,1791049094.0,1719813766.0,277.0,1745.0,574937816.0,1890165.0,1753.0,0.0,0.0,0.0,0.0,22.0,19.0,952576128.0,2643462656.0,8489021440.0,45613.0,41629597696.0,1418763697.0,0.0,2266.0,5950977.0,4523.0,261555.0,28244.0,0.0,0.0,3327.0,0.0
1787906897.169867,2026-08-28T08:48:17+00:00,http_log_5m_x7,2959823.0,17912.0,1791049094.0,1719813766.0,277.0,1745.0,574937816.0,1890165.0,1753.0,0.0,1.0,0.0,0.0,22.0,19.0,952576128.0,2643462656.0,8489021440.0,45613.0,41629597696.0,1418763697.0,0.0,2266.0,5950977.0,4523.0,261555.0,28244.0,0.0,0.0,3327.0,0.0
1787906898.1749609,2026-08-28T08:48:18+00:00,http_log_5m_x7,2959823.0,17912.0,1791049094.0,1719813766.0,277.0,1745.0,574937816.0,1890165.0,1753.0,0.0,1.0,0.0,0.0,22.0,19.0,952576128.0,2643462656.0,8489021440.0,45613.0,41629597696.0,1418763697.0,0.0,2266.0,5950977.0,4523.0,261555.0,28244.0,0.0,0.0,3327.0,0.0
1787906899.179872,2026-08-28T08:48:19+00:00,http_log_5m_x7,2959823.0,17912.0,1791049094.0,1719813766.0,277.0,1745.0,574937816.0,1890165.0,1753.0,0.0,1.0,0.0,0.0,22.0,19.0,952576128.0,2643462656.0,8489021440.0,45613.0,41629597696.0,1418763697.0,0.0,2266.0,5950977.0,4523.0,261555.0,28244.0,0.0,0.0,3327.0,0.0
1787906900.182573,2026-08-28T08:48:20+00:00,http_log_5m_x7,2959823.0,17912.0,1791049094.0,1727286975.0,277.0,1750.0,574937816.0,2201239.0,2395.0,0.0,0.0,0.0,0.0,22.0,19.0,952576128.0,2643462656.0,8489021440.0,45613.0,41629597696.0,1418763697.0,0.0,2266.0,5950977.0,4523.0,261555.0,28244.0,0.0,0.0,3327.0,0.0
1787906901.185803,2026-08-28T08:48:21+00:00,http_log_5m_x7,2959823.0,17912.0,1791049094.0,1727286975.0,277.0,1750.0,574937816.0,2201239.0,2395.0,0.0,0.0,0.0,0.0,22.0,19.0,952576128.0,2643462656.0,8489021440.0,45613.0,41629597696.0,1418763697.0,0.0,2266.0,5950977.0,4523.0,261555.0,28244.0,0.0,0.0,3327.0,0.0
1787906902.190292,2026-08-28T08:48:22+00:00,http_log_5m_x7,2959823.0,17912.0,1791049094.0,1727286975.0,277.0,1750.0,574937816.0,2201239.0,2395.0,0.0,1.0,0.0,0.0,22.0,28.0,952576128.0,2643462656.0,8489021440.0,45613.0,41629597696.0,1418763697.0,0.0,2266.0,5950977.0,4523.0,261555.0,28244.0,0.0,0.0,3327.0,0.0
1787906903.195358,2026-08-28T08:48:23+00:00,http_log_5m_x7,2959823.0,17912.0,1791049094.0,1727286975.0,277.0,1750.0,574937816.0,2201239.0,2395.0,0.0,1.0,0.0,0.0,22.0,28.0,952576128.0,2643462656.0,8489021440.0,45613.0,41629597696.0,1418763697.0,0.0,2266.0,5950977.0,4523.0,261555.0,28244.0,0.0,0.0,3327.0,0.0
1787906904.200445,2026-08-28T08:48:24+00:00,http_log_5m_x7,2959823.0,17912.0,1791049094.0,1730339727.0,277.0,1755.0,50023144.0,1000246.0,2052.0,0.0,0.0,0.0,0.0,22.0,28.0,431590888.0,2643470848.0,8619765760.0,45790.0,41629597696.0,1418763697.0,1.0,2295.0,5960439.0,4539.0,263866.0,28392.0,0.0,0.0,3355.0,0.0
1787906905.203276,2026-08-28T08:48:25+00:00,http_log_5m_x7,2959823.0,17912.0,1791049094.0,1730339727.0,277.0,1755.0,50023144.0,1000246.0,2052.0,0.0,0.0,0.0,0.0,22.0,28.0,431590888.0,2643470848.0,8619765760.0,45790.0,41629597696.0,1418763697.0,1.0,2295.0,5960439.0,4539.0,263866.0,28392.0,0.0,0.0,3355.0,0.0
1787906906.204778,2026-08-28T08:48:26+00:00,http_log_5m_x7,2959823.0,17912.0,1791049094.0,1730339727.0,277.0,1755.0,50023144.0,1000246.0,2052.0,0.0,1.0,0.0,0.0,22.0,21.0,431590888.0,2643470848.0,8619765760.0,45790.0,41629597696.0,1418763697.0,1.0,2295.0,5960439.0,4539.0,263866.0,28392.0,0.0,0.0,3355.0,0.0
1787906907.209853,2026-08-28T08:48:27+00:00,http_log_5m_x7,2959823.0,17912.0,1791049094.0,1730339727.0,277.0,1755.0,50023144.0,1000246.0,2052.0,0.0,1.0,0.0,0.0,22.0,21.0,431590888.0,2643470848.0,8619765760.0,45790.0,41629597696.0,1418763697.0,1.0,2295.0,5960439.0,4539.0,263866.0,28392.0,0.0,0.0,3355.0,0.0
1787906908.2149131,2026-08-28T08:48:28+00:00,http_log_5m_x7,2959823.0,17912.0,1791049094.0,1735636734.0,277.0,1760.0,50023144.0,2112044.0,1508.0,0.0,0.0,0.0,0.0,22.0,21.0,431590888.0,2643470848.0,8619765760.0,45790.0,41629597696.0,1418763697.0,1.0,2295.0,5960439.0,4539.0,263866.0,28392.0,0.0,0.0,3355.0,0.0
1787906909.220032,2026-08-28T08:48:29+00:00,http_log_5m_x7,2959823.0,17912.0,1791049094.0,1735636734.0,277.0,1760.0,50023144.0,2112044.0,1508.0,0.0,0.0,0.0,0.0,22.0,21.0,431590888.0,2643470848.0,8619765760.0,45790.0,41629597696.0,1418763697.0,1.0,2295.0,5960439.0,4539.0,263866.0,28392.0,0.0,0.0,3355.0,0.0
1787906910.225149,2026-08-28T08:48:30+00:00,http_log_5m_x7,2959823.0,17912.0,1791049094.0,1735636734.0,277.0,1760.0,50023144.0,2112044.0,1508.0,0.0,1.0,0.0,0.0,22.0,20.0,431590888.0,2643470848.0,8619765760.0,45790.0,41629597696.0,1418763697.0,1.0,2295.0,5960439.0,4539.0,263866.0,28392.0,0.0,0.0,3355.0,0.0
1787906911.22772,2026-08-28T08:48:31+00:00,http_log_5m_x7,2959823.0,17912.0,1791049094.0,1735636734.0,277.0,1760.0,50023144.0,2112044.0,1508.0,0.0,1.0,0.0,0.0,22.0,20.0,431590888.0,2643470848.0,8619765760.0,45790.0,41629597696.0,1418763697.0,1.0,2295.0,5960439.0,4539.0,263866.0,28392.0,0.0,0.0,3355.0,0.0
1787906912.232789,2026-08-28T08:48:32+00:00,http_log_5m_x7,2959823.0,17912.0,1791049094.0,1743184328.0,277.0,1765.0,50023144.0,2368987.0,2186.0,0.0,0.0,0.0,0.0,22.0,20.0,431590888.0,2643470848.0,8619765760.0,45790.0,41629597696.0,1418763697.0,1.0,2295.0,5960439.0,4539.0,263866.0,28392.0,0.0,0.0,3355.0,0.0
1787906913.237654,2026-08-28T08:48:33+00:00,http_log_5m_x7,2959823.0,17912.0,1791049094.0,1743184328.0,277.0,1765.0,50023144.0,2368987.0,2186.0,0.0,0.0,0.0,0.0,22.0,20.0,431590888.0,2643470848.0,8619765760.0,45790.0,41629597696.0,1418763697.0,1.0,2295.0,5960439.0,4539.0,263866.0,28392.0,0.0,0.0,3355.0,0.0
1787906914.242748,2026-08-28T08:48:34+00:00,http_log_5m_x7,2959823.0,17912.0,1791049094.0,1743184328.0,277.0,1765.0,50023144.0,2368987.0,2186.0,0.0,0.0,0.0,0.0,22.0,20.0,431590888.0,2643470848.0,8619765760.0,45790.0,41629597696.0,1418763697.0,1.0,2295.0,5960439.0,4539.0,263866.0,28392.0,0.0,0.0,3355.0,0.0
1787906915.24784,2026-08-28T08:48:35+00:00,http_log_5m_x7,2959823.0,17912.0,1791049094.0,1743184328.0,277.0,1765.0,50023144.0,2368987.0,2186.0,0.0,1.0,0.0,0.0,22.0,30.0,431590888.0,2643470848.0,8619765760.0,45790.0,41629597696.0,1418763697.0,1.0,2295.0,5960439.0,4539.0,263866.0,28392.0,0.0,0.0,3355.0,0.0
1787906916.25295,2026-08-28T08:48:36+00:00,http_log_5m_x7,2959823.0,17912.0,1791049094.0,1743184328.0,277.0,1765.0,50023144.0,2368987.0,2186.0,0.0,1.0,0.0,0.0,22.0,30.0,431590888.0,2643470848.0,8619765760.0,45790.0,41629597696.0,1418763697.0,1.0,2295.0,5960439.0,4539.0,263866.0,28392.0,0.0,0.0,3355.0,0.0
1787906917.254787,2026-08-28T08:48:37+00:00,http_log_5m_x7,2959823.0,17912.0,1791049094.0,1746143520.0,277.0,1770.0,50023144.0,952427.0,2107.0,0.0,0.0,0.0,0.0,22.0,30.0,431590888.0,2643470848.0,8619765760.0,45790.0,41629597696.0,1418763697.0,1.0,2295.0,5960439.0,4539.0,263866.0,28392.0,0.0,0.0,3355.0,0.0
1787906918.2598588,2026-08-28T08:48:38+00:00,http_log_5m_x7,2959823.0,17912.0,1791049094.0,1746143520.0,277.0,1770.0,0.0,952427.0,2107.0,0.0,0.0,0.0,0.0,22.0,30.0,377085216.0,2643470848.0,8670724096.0,45917.0,41629597696.0,1418763697.0,0.0,2323.0,5971111.0,4550.0,265093.0,28451.0,0.0,0.0,3370.0,0.0
1787906919.2649379,2026-08-28T08:48:39+00:00,http_log_5m_x7,2959823.0,17912.0,1791049094.0,1746143520.0,277.0,1770.0,0.0,952427.0,2107.0,0.0,1.0,0.0,0.0,22.0,22.0,377085216.0,2643470848.0,8670724096.0,45917.0,41629597696.0,1418763697.0,0.0,2323.0,5971111.0,4550.0,265093.0,28451.0,0.0,0.0,3370.0,0.0
1787906920.266676,2026-08-28T08:48:40+00:00,http_log_5m_x7,2959823.0,17912.0,1791049094.0,1746143520.0,277.0,1770.0,0.0,952427.0,2107.0,0.0,1.0,0.0,0.0,22.0,22.0,377085216.0,2643470848.0,8670724096.0,45917.0,41629597696.0,1418763697.0,0.0,2323.0,5971111.0,4550.0,265093.0,28451.0,0.0,0.0,3370.0,0.0
1787906921.270216,2026-08-28T08:48:41+00:00,http_log_5m_x7,2959823.0,17912.0,1791049094.0,1751383551.0,277.0,1775.0,0.0,2112064.0,1481.0,0.0,0.0,0.0,0.0,22.0,22.0,377085216.0,2643470848.0,8670724096.0,45917.0,41629597696.0,1418763697.0,0.0,2323.0,5971111.0,4550.0,265093.0,28451.0,0.0,0.0,3370.0,0.0
1787906922.271444,2026-08-28T08:48:42+00:00,http_log_5m_x7,2959823.0,17912.0,1791049094.0,1751383551.0,277.0,1775.0,0.0,2112064.0,1481.0,0.0,0.0,0.0,0.0,22.0,22.0,377085216.0,2643470848.0,8670724096.0,45917.0,41629597696.0,1418763697.0,0.0,2323.0,5971111.0,4550.0,265093.0,28451.0,0.0,0.0,3370.0,0.0
1787906923.2765172,2026-08-28T08:48:43+00:00,http_log_5m_x7,2959823.0,17912.0,1791049094.0,1751383551.0,277.0,1775.0,0.0,2112064.0,1481.0,0.0,1.0,0.0,0.0,22.0,21.0,377085216.0,2643470848.0,8670724096.0,45917.0,41629597696.0,1418763697.0,0.0,2323.0,5971111.0,4550.0,265093.0,28451.0,0.0,0.0,3370.0,0.0
1787906924.281615,2026-08-28T08:48:44+00:00,http_log_5m_x7,2959823.0,17912.0,1791049094.0,1751383551.0,277.0,1775.0,0.0,2112064.0,1481.0,0.0,1.0,0.0,0.0,22.0,21.0,377085216.0,2643470848.0,8670724096.0,45917.0,41629597696.0,1418763697.0,0.0,2323.0,5971111.0,4550.0,265093.0,28451.0,0.0,0.0,3370.0,0.0
1787906925.286697,2026-08-28T08:48:45+00:00,http_log_5m_x7,2959823.0,17912.0,1791049094.0,1758903953.0,277.0,1780.0,0.0,2369376.0,2174.0,0.0,0.0,0.0,0.0,22.0,21.0,377085216.0,2643470848.0,8670724096.0,45917.0,41629597696.0,1418763697.0,0.0,2323.0,5971111.0,4550.0,265093.0,28451.0,0.0,0.0,3370.0,0.0
1787906926.291772,2026-08-28T08:48:46+00:00,http_log_5m_x7,2959823.0,17912.0,1791049094.0,1758903953.0,277.0,1780.0,0.0,2369376.0,2174.0,0.0,0.0,0.0,0.0,22.0,21.0,377085216.0,2643470848.0,8670724096.0,45917.0,41629597696.0,1418763697.0,0.0,2323.0,5971111.0,4550.0,265093.0,28451.0,0.0,0.0,3370.0,0.0
1787906927.296899,2026-08-28T08:48:47+00:00,http_log_5m_x7,2959823.0,17912.0,1791049094.0,1758903953.0,277.0,1780.0,0.0,2369376.0,2174.0,0.0,0.0,0.0,0.0,22.0,21.0,377085216.0,2643470848.0,8670724096.0,45917.0,41629597696.0,1418763697.0,0.0,2323.0,5971111.0,4550.0,265093.0,28451.0,0.0,0.0,3370.0,0.0
1787906928.3019829,2026-08-28T08:48:48+00:00,http_log_5m_x7,2959823.0,17912.0,1791049094.0,1758903953.0,277.0,1780.0,0.0,2369376.0,2174.0,0.0,1.0,0.0,0.0,22.0,31.0,377085216.0,2643470848.0,8670724096.0,45917.0,41629597696.0,1418763697.0,0.0,2323.0,5971111.0,4550.0,265093.0,28451.0,0.0,0.0,3370.0,0.0
1787906929.304542,2026-08-28T08:48:49+00:00,http_log_5m_x7,2959823.0,17912.0,1791049094.0,1758903953.0,277.0,1780.0,0.0,2369376.0,2174.0,1.0,1.0,0.0,0.0,19.0,31.0,377085216.0,2643470848.0,8670724096.0,45917.0,41629597696.0,1418763697.0,0.0,2323.0,5971111.0,4550.0,265093.0,28451.0,0.0,0.0,3370.0,0.0
1787906930.304807,2026-08-28T08:48:50+00:00,http_log_5m_x7,2959823.0,17912.0,1791049094.0,1761854492.0,277.0,1785.0,0.0,974418.0,2028.0,1.0,0.0,0.0,0.0,19.0,31.0,377085216.0,2643470848.0,8670724096.0,45917.0,41629597696.0,1418763697.0,0.0,2323.0,5971111.0,4550.0,265093.0,28451.0,0.0,0.0,3370.0,0.0
1787906931.309868,2026-08-28T08:48:51+00:00,http_log_5m_x7,2959823.0,17912.0,1791049094.0,1761854492.0,277.0,1785.0,0.0,974418.0,2028.0,1.0,0.0,0.0,0.0,19.0,31.0,377085216.0,2643470848.0,8670724096.0,45917.0,41629597696.0,1418763697.0,0.0,2323.0,5971111.0,4550.0,265093.0,28451.0,0.0,0.0,3370.0,0.0
1787906932.314377,2026-08-28T08:48:52+00:00,http_log_5m_x7,2959823.0,17912.0,1791049094.0,1761854492.0,277.0,1785.0,0.0,974418.0,2028.0,1.0,1.0,0.0,0.0,19.0,12.0,377085216.0,2643470848.0,8670724096.0,45917.0,41629597696.0,1418763697.0,0.0,2323.0,5971111.0,4550.0,265093.0,28451.0,0.0,0.0,3370.0,0.0
1787906933.319444,2026-08-28T08:48:53+00:00,http_log_5m_x7,2959823.0,17912.0,1791049094.0,1761854492.0,277.0,1785.0,290084536.0,974418.0,2028.0,1.0,1.0,0.0,0.0,19.0,12.0,667562384.0,2643470848.0,8713080832.0,46004.0,41629597696.0,1418763697.0,0.0,2343.0,5981340.0,4559.0,266771.0,28516.0,0.0,0.0,3383.0,0.0
1787906934.324544,2026-08-28T08:48:54+00:00,http_log_5m_x7,2959823.0,17912.0,1791049094.0,1767067486.0,277.0,1790.0,290084536.0,2037917.0,1558.0,1.0,0.0,0.0,0.0,19.0,12.0,667562384.0,2643470848.0,8713080832.0,46004.0,41629597696.0,1418763697.0,0.0,2343.0,5981340.0,4559.0,266771.0,28516.0,0.0,0.0,3383.0,0.0
1787906935.32583,2026-08-28T08:48:55+00:00,http_log_5m_x7,2959823.0,17912.0,1791049094.0,1767067486.0,277.0,1790.0,290084536.0,2037917.0,1558.0,1.0,0.0,0.0,0.0,19.0,12.0,667562384.0,2643470848.0,8713080832.0,46004.0,41629597696.0,1418763697.0,0.0,2343.0,5981340.0,4559.0,266771.0,28516.0,0.0,0.0,3383.0,0.0
1787906936.3308978,2026-08-28T08:48:56+00:00,http_log_5m_x7,2959823.0,17912.0,1791049094.0,1767067486.0,277.0,1790.0,290084536.0,2037917.0,1558.0,1.0,1.0,0.0,0.0,19.0,11.0,667562384.0,2643470848.0,8713080832.0,46004.0,41629597696.0,1418763697.0,0.0,2343.0,5981340.0,4559.0,266771.0,28516.0,0.0,0.0,3383.0,0.0
1787906937.331604,2026-08-28T08:48:57+00:00,http_log_5m_x7,2959823.0,17912.0,1791049094.0,1767067486.0,277.0,1790.0,290084536.0,2037917.0,1558.0,1.0,1.0,0.0,0.0,19.0,11.0,667562384.0,2643470848.0,8713080832.0,46004.0,41629597696.0,1418763697.0,0.0,2343.0,5981340.0,4559.0,266771.0,28516.0,0.0,0.0,3383.0,0.0
1787906938.336721,2026-08-28T08:48:58+00:00,http_log_5m_x7,2959823.0,17912.0,1791049094.0,1774522247.0,277.0,1795.0,290084536.0,2290249.0,2255.0,1.0,0.0,0.0,0.0,19.0,11.0,667562384.0,2643470848.0,8713080832.0,46004.0,41629597696.0,1418763697.0,0.0,2343.0,5981340.0,4559.0,266771.0,28516.0,0.0,0.0,3383.0,0.0
1787906939.341783,2026-08-28T08:48:59+00:00,http_log_5m_x7,2959823.0,17912.0,1791049094.0,1774522247.0,277.0,1795.0,290084536.0,2290249.0,2255.0,1.0,0.0,0.0,0.0,19.0,11.0,667562384.0,2643470848.0,8713080832.0,46004.0,41629597696.0,1418763697.0,0.0,2343.0,5981340.0,4559.0,266771.0,28516.0,0.0,0.0,3383.0,0.0
1787906940.3465269,2026-08-28T08:49:00+00:00,http_log_5m_x7,2959823.0,17912.0,1791049094.0,1774522247.0,277.0,1795.0,290084536.0,2290249.0,2255.0,1.0,0.0,0.0,0.0,19.0,11.0,667562384.0,2643470848.0,8713080832.0,46004.0,41629597696.0,1418763697.0,0.0,2343.0,5981340.0,4559.0,266771.0,28516.0,0.0,0.0,3383.0,0.0
1787906941.351626,2026-08-28T08:49:01+00:00,http_log_5m_x7,2959823.0,17912.0,1791049094.0,1774522247.0,277.0,1795.0,290084536.0,2290249.0,2255.0,1.0,1.0,0.0,0.0,19.0,27.0,667562384.0,2643470848.0,8713080832.0,46004.0,41629597696.0,1418763697.0,0.0,2343.0,5981340.0,4559.0,266771.0,28516.0,0.0,0.0,3383.0,0.0
1787906942.356707,2026-08-28T08:49:02+00:00,http_log_5m_x7,2959823.0,17912.0,1791049094.0,1774522247.0,277.0,1795.0,290084536.0,2290249.0,2255.0,1.0,1.0,0.0,0.0,19.0,27.0,667562384.0,2643470848.0,8713080832.0,46004.0,41629597696.0,1418763697.0,0.0,2343.0,5981340.0,4559.0,266771.0,28516.0,0.0,0.0,3383.0,0.0
1787906943.3617978,2026-08-28T08:49:03+00:00,http_log_5m_x7,2959823.0,17912.0,1791049094.0,1777519060.0,277.0,1800.0,290084536.0,959287.0,2124.0,1.0,0.0,0.0,0.0,19.0,27.0,667562384.0,2643470848.0,8713080832.0,46004.0,41629597696.0,1418763697.0,0.0,2343.0,5981340.0,4559.0,266771.0,28516.0,0.0,0.0,3383.0,0.0
1787906944.366888,2026-08-28T08:49:04+00:00,http_log_5m_x7,2959823.0,17912.0,1791049094.0,1777519060.0,277.0,1800.0,290084536.0,959287.0,2124.0,1.0,0.0,0.0,0.0,19.0,27.0,667562384.0,2643470848.0,8713080832.0,46004.0,41629597696.0,1418763697.0,0.0,2343.0,5981340.0,4559.0,266771.0,28516.0,0.0,0.0,3383.0,0.0
1787906945.371966,2026-08-28T08:49:05+00:00,http_log_5m_x7,2959823.0,17912.0,1791049094.0,1777519060.0,277.0,1800.0,290084536.0,959287.0,2124.0,1.0,0.0,0.0,0.0,19.0,27.0,667562384.0,2643470848.0,8713080832.0,46004.0,41629597696.0,1418763697.0,0.0,2343.0,5981340.0,4559.0,266771.0,28516.0,0.0,0.0,3383.0,0.0
1787906946.377009,2026-08-28T08:49:06+00:00,http_log_5m_x7,2959823.0,17912.0,1791049094.0,1777519060.0,277.0,1800.0,290084536.0,959287.0,2124.0,1.0,1.0,0.0,0.0,19.0,28.0,667562384.0,2643470848.0,8713080832.0,46004.0,41629597696.0,1418763697.0,0.0,2343.0,5981340.0,4559.0,266771.0,28516.0,0.0,0.0,3383.0,0.0
1787906947.382111,2026-08-28T08:49:07+00:00,http_log_5m_x7,2959823.0,17912.0,1791049094.0,1777519060.0,277.0,1800.0,290084536.0,959287.0,2124.0,1.0,1.0,0.0,0.0,19.0,28.0,667562384.0,2643470848.0,8713080832.0,46004.0,41629597696.0,1418763697.0,0.0,2343.0,5981340.0,4559.0,266771.0,28516.0,0.0,0.0,3383.0,0.0
1787906948.3871748,2026-08-28T08:49:08+00:00,http_log_5m_x7,2959823.0,17912.0,1791049094.0,1780431223.0,277.0,1805.0,802457600.0,953244.0,2055.0,1.0,0.0,0.0,0.0,19.0,28.0,1185772800.0,2643470848.0,8759500800.0,46103.0,41629597696.0,1418763697.0,0.0,2361.0,5990462.0,4568.0,269554.0,28590.0,0.0,0.0,3401.0,0.0
1787906949.387472,2026-08-28T08:49:09+00:00,http_log_5m_x7,2959823.0,17912.0,1791049094.0,1780431223.0,277.0,1805.0,802457600.0,953244.0,2055.0,1.0,0.0,0.0,0.0,19.0,28.0,1185772800.0,2643470848.0,8759500800.0,46103.0,41629597696.0,1418763697.0,0.0,2361.0,5990462.0,4568.0,269554.0,28590.0,0.0,0.0,3401.0,0.0
1787906950.3925471,2026-08-28T08:49:10+00:00,http_log_5m_x7,2959823.0,17912.0,1791049094.0,1780431223.0,277.0,1805.0,802457600.0,953244.0,2055.0,1.0,0.0,0.0,0.0,19.0,28.0,1185772800.0,2643470848.0,8759500800.0,46103.0,41357959168.0,1470694311.0,0.0,2361.0,5990462.0,4568.0,269554.0,28590.0,0.0,0.0,3401.0,0.0
1787906951.396516,2026-08-28T08:49:11+00:00,http_log_5m_x7,2959823.0,17912.0,1791049094.0,1780431223.0,277.0,1805.0,802457600.0,953244.0,2055.0,1.0,0.0,0.0,0.0,19.0,28.0,1185772800.0,2643470848.0,8759500800.0,46103.0,41357959168.0,1470694311.0,0.0,2361.0,5990462.0,4568.0,269554.0,28590.0,0.0,0.0,3401.0,0.0
1787906952.4015832,2026-08-28T08:49:12+00:00,http_log_5m_x7,2959823.0,17912.0,1791049094.0,1780431223.0,277.0,1805.0,802457600.0,953244.0,2055.0,1.0,1.0,0.0,0.0,19.0,33.0,1185772800.0,2643470848.0,8759500800.0,46103.0,41357959168.0,1470694311.0,0.0,2361.0,5990462.0,4568.0,269554.0,28590.0,0.0,0.0,3401.0,0.0
1787906953.406662,2026-08-28T08:49:13+00:00,http_log_5m_x7,2959823.0,17912.0,1791049094.0,1780431223.0,277.0,1805.0,802457600.0,953244.0,2055.0,1.0,1.0,0.0,0.0,19.0,33.0,1185772800.0,2643470848.0,8759500800.0,46103.0,41357959168.0,1470694311.0,0.0,2361.0,5990462.0,4568.0,269554.0,28590.0,0.0,0.0,3401.0,0.0
1787906954.4117289,2026-08-28T08:49:14+00:00,http_log_5m_x7,2959823.0,17912.0,1791049094.0,1784024966.0,277.0,1811.0,802457600.0,1103390.0,2257.0,1.0,0.0,0.0,0.0,19.0,33.0,1185772800.0,2643470848.0,8759500800.0,46103.0,41357959168.0,1470694311.0,0.0,2361.0,5990462.0,4568.0,269554.0,28590.0,0.0,0.0,3401.0,0.0
1787906955.419898,2026-08-28T08:49:15+00:00,http_log_5m_x7,3182621.0,25854.0,1876515205.0,1784024966.0,282.0,1811.0,802457600.0,1103390.0,2257.0,0.0,0.0,0.0,0.0,19.0,33.0,1185772800.0,2643470848.0,8759500800.0,46103.0,41357959168.0,1470694311.0,0.0,2361.0,5990462.0,4568.0,269554.0,28590.0,0.0,0.0,3401.0,0.0
1787906956.420245,2026-08-28T08:49:16+00:00,http_log_5m_x7,3182621.0,25854.0,1876515205.0,1784024966.0,282.0,1811.0,802457600.0,1103390.0,2257.0,0.0,0.0,0.0,0.0,19.0,33.0,1185772800.0,2643470848.0,8759500800.0,46103.0,41357959168.0,1470694311.0,0.0,2361.0,5990462.0,4568.0,269554.0,28590.0,0.0,0.0,3401.0,0.0
1787906957.4223921,2026-08-28T08:49:17+00:00,http_log_5m_x7,3182621.0,25854.0,1876515205.0,1784024966.0,282.0,1811.0,802457600.0,1103390.0,2257.0,0.0,1.0,0.0,0.0,19.0,38.0,1185772800.0,2643470848.0,8759500800.0,46103.0,41357959168.0,1470694311.0,0.0,2361.0,5990462.0,4568.0,269554.0,28590.0,0.0,0.0,3401.0,0.0
1787906958.422852,2026-08-28T08:49:18+00:00,http_log_5m_x7,3182621.0,25854.0,1876515205.0,1784024966.0,282.0,1811.0,802457600.0,1103390.0,2257.0,0.0,1.0,0.0,0.0,19.0,38.0,1185772800.0,2643470848.0,8759500800.0,46103.0,41357959168.0,1470694311.0,0.0,2361.0,5990462.0,4568.0,269554.0,28590.0,0.0,0.0,3401.0,0.0
1787906959.423264,2026-08-28T08:49:19+00:00,http_log_5m_x7,3182621.0,25854.0,1876515205.0,1787002634.0,282.0,1816.0,802457600.0,1010406.0,1947.0,0.0,1.0,0.0,0.0,19.0,28.0,1185772800.0,2643470848.0,8759500800.0,46103.0,41357959168.0,1470694311.0,0.0,2361.0,5990462.0,4568.0,269554.0,28590.0,0.0,0.0,3401.0,0.0
1787906960.4234319,2026-08-28T08:49:20+00:00,http_log_5m_x7,3182621.0,25854.0,1876515205.0,1787002634.0,282.0,1816.0,802457600.0,1010406.0,1947.0,0.0,1.0,0.0,0.0,19.0,28.0,1185772800.0,2643470848.0,8759500800.0,46103.0,41357959168.0,1470694311.0,0.0,2361.0,5990462.0,4568.0,269554.0,28590.0,0.0,0.0,3401.0,0.0
1787906961.428514,2026-08-28T08:49:21+00:00,http_log_5m_x7,3182621.0,25854.0,1876515205.0,1787002634.0,282.0,1816.0,802457600.0,1010406.0,1947.0,0.0,1.0,0.0,0.0,19.0,28.0,1185772800.0,2643470848.0,8759500800.0,46103.0,41357959168.0,1470694311.0,0.0,2361.0,5990462.0,4568.0,269554.0,28590.0,0.0,0.0,3401.0,0.0
1787906962.429506,2026-08-28T08:49:22+00:00,http_log_5m_x7,3182621.0,25854.0,1876515205.0,1787002634.0,282.0,1816.0,802457600.0,1010406.0,1947.0,0.0,1.0,0.0,0.0,19.0,28.0,1185772800.0,2643470848.0,8759500800.0,46103.0,41357959168.0,1470694311.0,0.0,2361.0,5990462.0,4568.0,269554.0,28590.0,0.0,0.0,3401.0,0.0
1787906963.431631,2026-08-28T08:49:23+00:00,http_log_5m_x7,3182621.0,25854.0,1876515205.0,1787002634.0,282.0,1816.0,196018664.0,1010406.0,1947.0,0.0,2.0,0.0,0.0,19.0,25.0,576252688.0,2643470848.0,8921595904.0,46303.0,41357959168.0,1470694311.0,1.0,2396.0,6000216.0,4586.0,271687.0,28673.0,0.0,0.0,3421.0,0.0
1787906964.4336,2026-08-28T08:49:24+00:00,http_log_5m_x7,3182621.0,25854.0,1876515205.0,1787002634.0,282.0,1816.0,196018664.0,1010406.0,1947.0,0.0,2.0,0.0,0.0,19.0,25.0,576252688.0,2643470848.0,8921595904.0,46303.0,41357959168.0,1470694311.0,1.0,2396.0,6000216.0,4586.0,271687.0,28673.0,0.0,0.0,3421.0,0.0
1787906965.4337542,2026-08-28T08:49:25+00:00,http_log_5m_x7,3182621.0,25854.0,1876515205.0,1809254403.0,282.0,1826.0,196018664.0,996409.0,2035.0,0.0,0.0,0.0,0.0,19.0,25.0,576252688.0,2643470848.0,8921595904.0,46303.0,41357959168.0,1470694311.0,1.0,2396.0,6000216.0,4586.0,271687.0,28673.0,0.0,0.0,3421.0,0.0
1787906966.4388428,2026-08-28T08:49:26+00:00,http_log_5m_x7,3182621.0,25854.0,1876515205.0,1809254403.0,282.0,1826.0,196018664.0,996409.0,2035.0,0.0,0.0,0.0,0.0,19.0,25.0,576252688.0,2643470848.0,8921595904.0,46303.0,41357959168.0,1470694311.0,1.0,2396.0,6000216.0,4586.0,271687.0,28673.0,0.0,0.0,3421.0,0.0
1787906967.4439309,2026-08-28T08:49:27+00:00,http_log_5m_x7,3182621.0,25854.0,1876515205.0,1809254403.0,282.0,1826.0,196018664.0,996409.0,2035.0,0.0,1.0,0.0,0.0,19.0,20.0,576252688.0,2643470848.0,8921595904.0,46303.0,41357959168.0,1470694311.0,1.0,2396.0,6000216.0,4586.0,271687.0,28673.0,0.0,0.0,3421.0,0.0
1787906968.448992,2026-08-28T08:49:28+00:00,http_log_5m_x7,3182621.0,25854.0,1876515205.0,1814533620.0,282.0,1831.0,196018664.0,2139066.0,1468.0,0.0,0.0,0.0,0.0,19.0,20.0,576252688.0,2643470848.0,8921595904.0,46303.0,41357959168.0,1470694311.0,1.0,2396.0,6000216.0,4586.0,271687.0,28673.0,0.0,0.0,3421.0,0.0
1787906969.4540858,2026-08-28T08:49:29+00:00,http_log_5m_x7,3182621.0,25854.0,1876515205.0,1814533620.0,282.0,1831.0,196018664.0,2139066.0,1468.0,0.0,0.0,0.0,0.0,19.0,20.0,576252688.0,2643470848.0,8921595904.0,46303.0,41357959168.0,1470694311.0,1.0,2396.0,6000216.0,4586.0,271687.0,28673.0,0.0,0.0,3421.0,0.0
1787906970.459162,2026-08-28T08:49:30+00:00,http_log_5m_x7,3182621.0,25854.0,1876515205.0,1814533620.0,282.0,1831.0,196018664.0,2139066.0,1468.0,0.0,0.0,0.0,0.0,19.0,20.0,576252688.0,2643470848.0,8921595904.0,46303.0,41357959168.0,1470694311.0,1.0,2396.0,6000216.0,4586.0,271687.0,28673.0,0.0,0.0,3421.0,0.0
1787906971.460712,2026-08-28T08:49:31+00:00,http_log_5m_x7,3182621.0,25854.0,1876515205.0,1814533620.0,282.0,1831.0,196018664.0,2139066.0,1468.0,0.0,1.0,0.0,0.0,19.0,19.0,576252688.0,2643470848.0,8921595904.0,46303.0,41357959168.0,1470694311.0,1.0,2396.0,6000216.0,4586.0,271687.0,28673.0,0.0,0.0,3421.0,0.0
1787906972.465616,2026-08-28T08:49:32+00:00,http_log_5m_x7,3182621.0,25854.0,1876515205.0,1814533620.0,282.0,1831.0,196018664.0,2139066.0,1468.0,0.0,1.0,0.0,0.0,19.0,19.0,576252688.0,2643470848.0,8921595904.0,46303.0,41357959168.0,1470694311.0,1.0,2396.0,6000216.0,4586.0,271687.0,28673.0,0.0,0.0,3421.0,0.0
1787906973.4706812,2026-08-28T08:49:33+00:00,http_log_5m_x7,3182621.0,25854.0,1876515205.0,1822090564.0,282.0,1836.0,196018664.0,2384646.0,2169.0,0.0,0.0,0.0,0.0,19.0,19.0,576252688.0,2643470848.0,8921595904.0,46303.0,41357959168.0,1470694311.0,1.0,2396.0,6000216.0,4586.0,271687.0,28673.0,0.0,0.0,3421.0,0.0
1787906974.475741,2026-08-28T08:49:34+00:00,http_log_5m_x7,3182621.0,25854.0,1876515205.0,1822090564.0,282.0,1836.0,196018664.0,2384646.0,2169.0,0.0,0.0,0.0,0.0,19.0,19.0,576252688.0,2643470848.0,8921595904.0,46303.0,41357959168.0,1470694311.0,1.0,2396.0,6000216.0,4586.0,271687.0,28673.0,0.0,0.0,3421.0,0.0
1787906975.479867,2026-08-28T08:49:35+00:00,http_log_5m_x7,3182621.0,25854.0,1876515205.0,1822090564.0,282.0,1836.0,196018664.0,2384646.0,2169.0,0.0,0.0,0.0,0.0,19.0,19.0,576252688.0,2643470848.0,8921595904.0,46303.0,41357959168.0,1470694311.0,1.0,2396.0,6000216.0,4586.0,271687.0,28673.0,0.0,0.0,3421.0,0.0
1787906976.484937,2026-08-28T08:49:36+00:00,http_log_5m_x7,3182621.0,25854.0,1876515205.0,1822090564.0,282.0,1836.0,196018664.0,2384646.0,2169.0,0.0,1.0,0.0,0.0,19.0,34.0,576252688.0,2643470848.0,8921595904.0,46303.0,41357959168.0,1470694311.0,1.0,2396.0,6000216.0,4586.0,271687.0,28673.0,0.0,0.0,3421.0,0.0
1787906977.4900181,2026-08-28T08:49:37+00:00,http_log_5m_x7,3182621.0,25854.0,1876515205.0,1822090564.0,282.0,1836.0,196018664.0,2384646.0,2169.0,0.0,1.0,0.0,0.0,19.0,34.0,576252688.0,2643470848.0,8921595904.0,46303.0,41357959168.0,1470694311.0,1.0,2396.0,6000216.0,4586.0,271687.0,28673.0,0.0,0.0,3421.0,0.0
1787906978.495092,2026-08-28T08:49:38+00:00,http_log_5m_x7,3182621.0,25854.0,1876515205.0,1825096738.0,282.0,1841.0,0.0,992136.0,2030.0,0.0,0.0,0.0,0.0,19.0,34.0,379318296.0,2643470848.0,8998989824.0,46420.0,41357959168.0,1470694311.0,0.0,2414.0,6010679.0,4597.0,273151.0,28722.0,0.0,0.0,3437.0,0.0
1787906979.500161,2026-08-28T08:49:39+00:00,http_log_5m_x7,3182621.0,25854.0,1876515205.0,1825096738.0,282.0,1841.0,0.0,992136.0,2030.0,0.0,0.0,0.0,0.0,19.0,34.0,379318296.0,2643470848.0,8998989824.0,46420.0,41357959168.0,1470694311.0,0.0,2414.0,6010679.0,4597.0,273151.0,28722.0,0.0,0.0,3437.0,0.0
1787906980.5063958,2026-08-28T08:49:40+00:00,http_log_5m_x7,3182621.0,25854.0,1876515205.0,1825096738.0,282.0,1841.0,0.0,992136.0,2030.0,0.0,0.0,0.0,0.0,19.0,34.0,379318296.0,2643470848.0,8998989824.0,46420.0,41357959168.0,1470694311.0,0.0,2414.0,6010679.0,4597.0,273151.0,28722.0,0.0,0.0,3437.0,0.0
1787906981.5114639,2026-08-28T08:49:41+00:00,http_log_5m_x7,3182621.0,25854.0,1876515205.0,1825096738.0,282.0,1841.0,0.0,992136.0,2030.0,0.0,1.0,0.0,0.0,19.0,36.0,379318296.0,2643470848.0,8998989824.0,46420.0,41357959168.0,1470694311.0,0.0,2414.0,6010679.0,4597.0,273151.0,28722.0,0.0,0.0,3437.0,0.0
1787906982.5165398,2026-08-28T08:49:42+00:00,http_log_5m_x7,3182621.0,25854.0,1876515205.0,1825096738.0,282.0,1841.0,0.0,992136.0,2030.0,0.0,1.0,0.0,0.0,19.0,36.0,379318296.0,2643470848.0,8998989824.0,46420.0,41357959168.0,1470694311.0,0.0,2414.0,6010679.0,4597.0,273151.0,28722.0,0.0,0.0,3437.0,0.0
1787906983.521622,2026-08-28T08:49:43+00:00,http_log_5m_x7,3182621.0,25854.0,1876515205.0,1828074209.0,282.0,1846.0,0.0,971442.0,2065.0,0.0,0.0,0.0,0.0,19.0,36.0,379318296.0,2643470848.0,8998989824.0,46420.0,41357959168.0,1470694311.0,0.0,2414.0,6010679.0,4597.0,273151.0,28722.0,0.0,0.0,3437.0,0.0
1787906984.5217988,2026-08-28T08:49:44+00:00,http_log_5m_x7,3182621.0,25854.0,1876515205.0,1828074209.0,282.0,1846.0,0.0,971442.0,2065.0,0.0,0.0,0.0,0.0,19.0,36.0,379318296.0,2643470848.0,8998989824.0,46420.0,41357959168.0,1470694311.0,0.0,2414.0,6010679.0,4597.0,273151.0,28722.0,0.0,0.0,3437.0,0.0
1787906985.5231302,2026-08-28T08:49:45+00:00,http_log_5m_x7,3182621.0,25854.0,1876515205.0,1828074209.0,282.0,1846.0,0.0,971442.0,2065.0,0.0,0.0,0.0,0.0,19.0,36.0,379318296.0,2643470848.0,8998989824.0,46420.0,41357959168.0,1470694311.0,0.0,2414.0,6010679.0,4597.0,273151.0,28722.0,0.0,0.0,3437.0,0.0
1787906986.525304,2026-08-28T08:49:46+00:00,http_log_5m_x7,3182621.0,25854.0,1876515205.0,1828074209.0,282.0,1846.0,0.0,971442.0,2065.0,0.0,1.0,0.0,0.0,19.0,38.0,379318296.0,2643470848.0,8998989824.0,46420.0,41357959168.0,1470694311.0,0.0,2414.0,6010679.0,4597.0,273151.0,28722.0,0.0,0.0,3437.0,0.0
1787906987.530379,2026-08-28T08:49:47+00:00,http_log_5m_x7,3182621.0,25854.0,1876515205.0,1828074209.0,282.0,1846.0,0.0,971442.0,2065.0,0.0,1.0,0.0,0.0,19.0,38.0,379318296.0,2643470848.0,8998989824.0,46420.0,41357959168.0,1470694311.0,0.0,2414.0,6010679.0,4597.0,273151.0,28722.0,0.0,0.0,3437.0,0.0
1787906988.5354419,2026-08-28T08:49:48+00:00,http_log_5m_x7,3182621.0,25854.0,1876515205.0,1831070468.0,282.0,1851.0,0.0,995765.0,2009.0,0.0,0.0,0.0,0.0,19.0,38.0,379318296.0,2643470848.0,8998989824.0,46420.0,41357959168.0,1470694311.0,0.0,2414.0,6010679.0,4597.0,273151.0,28722.0,0.0,0.0,3437.0,0.0
1787906989.5406249,2026-08-28T08:49:49+00:00,http_log_5m_x7,3182621.0,25854.0,1876515205.0,1831070468.0,282.0,1851.0,0.0,995765.0,2009.0,0.0,0.0,0.0,0.0,19.0,38.0,379318296.0,2643470848.0,8998989824.0,46420.0,41357959168.0,1470694311.0,0.0,2414.0,6010679.0,4597.0,273151.0,28722.0,0.0,0.0,3437.0,0.0
1787906990.5459461,2026-08-28T08:49:50+00:00,http_log_5m_x7,3182621.0,25854.0,1876515205.0,1831070468.0,282.0,1851.0,0.0,995765.0,2009.0,0.0,1.0,0.0,0.0,19.0,39.0,379318296.0,2643470848.0,8998989824.0,46420.0,41357959168.0,1470694311.0,0.0,2414.0,6010679.0,4597.0,273151.0,28722.0,0.0,0.0,3437.0,0.0
1787906991.550428,2026-08-28T08:49:51+00:00,http_log_5m_x7,3182621.0,25854.0,1876515205.0,1831070468.0,282.0,1851.0,0.0,995765.0,2009.0,0.0,1.0,0.0,0.0,19.0,39.0,379318296.0,2643470848.0,8998989824.0,46420.0,41357959168.0,1470694311.0,0.0,2414.0,6010679.0,4597.0,273151.0,28722.0,0.0,0.0,3437.0,0.0
1787906992.5557141,2026-08-28T08:49:52+00:00,http_log_5m_x7,3182621.0,25854.0,1876515205.0,1834039107.0,282.0,1856.0,0.0,1008369.0,1944.0,0.0,1.0,0.0,0.0,19.0,32.0,379318296.0,2643470848.0,8998989824.0,46420.0,41357959168.0,1470694311.0,0.0,2414.0,6010679.0,4597.0,273151.0,28722.0,0.0,0.0,3437.0,0.0
1787906993.560977,2026-08-28T08:49:53+00:00,http_log_5m_x7,3182621.0,25854.0,1876515205.0,1834039107.0,282.0,1856.0,23456680.0,1008369.0,1944.0,0.0,1.0,0.0,0.0,19.0,32.0,403350720.0,2643470848.0,9030950912.0,46518.0,41357959168.0,1470694311.0,0.0,2433.0,6021373.0,4607.0,274376.0,28771.0,0.0,0.0,3454.0,0.0
1787906994.566236,2026-08-28T08:49:54+00:00,http_log_5m_x7,3182621.0,25854.0,1876515205.0,1834039107.0,282.0,1856.0,23456680.0,1008369.0,1944.0,0.0,1.0,0.0,0.0,19.0,32.0,403350720.0,2643470848.0,9030950912.0,46518.0,41357959168.0,1470694311.0,0.0,2433.0,6021373.0,4607.0,274376.0,28771.0,0.0,0.0,3454.0,0.0
1787906995.566496,2026-08-28T08:49:55+00:00,http_log_5m_x7,3182621.0,25854.0,1876515205.0,1834039107.0,282.0,1856.0,23456680.0,1008369.0,1944.0,0.0,2.0,0.0,0.0,19.0,27.0,403350720.0,2643470848.0,9030950912.0,46518.0,41357959168.0,1470694311.0,0.0,2433.0,6021373.0,4607.0,274376.0,28771.0,0.0,0.0,3454.0,0.0
1787906996.569283,2026-08-28T08:49:56+00:00,http_log_5m_x7,3182621.0,25854.0,1876515205.0,1834039107.0,282.0,1856.0,23456680.0,1008369.0,1944.0,0.0,2.0,0.0,0.0,19.0,27.0,403350720.0,2643470848.0,9030950912.0,46518.0,41357959168.0,1470694311.0,0.0,2433.0,6021373.0,4607.0,274376.0,28771.0,0.0,0.0,3454.0,0.0
1787906997.574504,2026-08-28T08:49:57+00:00,http_log_5m_x7,3182621.0,25854.0,1876515205.0,1834039107.0,282.0,1856.0,23456680.0,1008369.0,1944.0,0.0,2.0,0.0,0.0,19.0,27.0,403350720.0,2643470848.0,9030950912.0,46518.0,41357959168.0,1470694311.0,0.0,2433.0,6021373.0,4607.0,274376.0,28771.0,0.0,0.0,3454.0,0.0
1787906998.5797582,2026-08-28T08:49:58+00:00,http_log_5m_x7,3182621.0,25854.0,1876515205.0,1855799125.0,282.0,1866.0,23456680.0,2743490.0,5863.0,0.0,0.0,0.0,0.0,19.0,27.0,403350720.0,2643470848.0,9030950912.0,46518.0,41357959168.0,1470694311.0,0.0,2433.0,6021373.0,4607.0,274376.0,28771.0,0.0,0.0,3454.0,0.0
1787906999.5849931,2026-08-28T08:49:59+00:00,http_log_5m_x7,3182621.0,25854.0,1876515205.0,1855799125.0,282.0,1866.0,23456680.0,2743490.0,5863.0,0.0,1.0,0.0,0.0,19.0,21.0,403350720.0,2643470848.0,9030950912.0,46518.0,41357959168.0,1470694311.0,0.0,2433.0,6021373.0,4607.0,274376.0,28771.0,0.0,0.0,3454.0,0.0
1787907000.585629,2026-08-28T08:50:00+00:00,http_log_5m_x7,3182621.0,25854.0,1876515205.0,1855799125.0,282.0,1866.0,23456680.0,2743490.0,5863.0,0.0,1.0,0.0,0.0,19.0,21.0,403350720.0,2643470848.0,9030950912.0,46518.0,41357959168.0,1470694311.0,0.0,2433.0,6021373.0,4607.0,274376.0,28771.0,0.0,0.0,3454.0,0.0
1787907001.590807,2026-08-28T08:50:01+00:00,http_log_5m_x7,3182621.0,25854.0,1876515205.0,1860965342.0,282.0,1871.0,23456680.0,2078960.0,1485.0,0.0,0.0,0.0,0.0,19.0,21.0,403350720.0,2643470848.0,9030950912.0,46518.0,41357959168.0,1470694311.0,0.0,2433.0,6021373.0,4607.0,274376.0,28771.0,0.0,0.0,3454.0,0.0
1787907002.595995,2026-08-28T08:50:02+00:00,http_log_5m_x7,3182621.0,25854.0,1876515205.0,1860965342.0,282.0,1871.0,23456680.0,2078960.0,1485.0,0.0,0.0,0.0,0.0,19.0,21.0,403350720.0,2643470848.0,9030950912.0,46518.0,41357959168.0,1470694311.0,0.0,2433.0,6021373.0,4607.0,274376.0,28771.0,0.0,0.0,3454.0,0.0
1787907003.600747,2026-08-28T08:50:03+00:00,http_log_5m_x7,3182621.0,25854.0,1876515205.0,1860965342.0,282.0,1871.0,23456680.0,2078960.0,1485.0,0.0,1.0,0.0,0.0,19.0,20.0,403350720.0,2643470848.0,9030950912.0,46518.0,41357959168.0,1470694311.0,0.0,2433.0,6021373.0,4607.0,274376.0,28771.0,0.0,0.0,3454.0,0.0
1787907004.605956,2026-08-28T08:50:04+00:00,http_log_5m_x7,3182621.0,25854.0,1876515205.0,1860965342.0,282.0,1871.0,23456680.0,2078960.0,1485.0,0.0,1.0,0.0,0.0,19.0,20.0,403350720.0,2643470848.0,9030950912.0,46518.0,41357959168.0,1470694311.0,0.0,2433.0,6021373.0,4607.0,274376.0,28771.0,0.0,0.0,3454.0,0.0
1787907005.607541,2026-08-28T08:50:05+00:00,http_log_5m_x7,3182621.0,25854.0,1876515205.0,1868389652.0,282.0,1876.0,23456680.0,2375779.0,2125.0,0.0,0.0,0.0,0.0,19.0,20.0,403350720.0,2643470848.0,9030950912.0,46518.0,41357959168.0,1470694311.0,0.0,2433.0,6021373.0,4607.0,274376.0,28771.0,0.0,0.0,3454.0,0.0
1787907006.611475,2026-08-28T08:50:06+00:00,http_log_5m_x7,3182621.0,25854.0,1876515205.0,1868389652.0,282.0,1876.0,23456680.0,2375779.0,2125.0,0.0,0.0,0.0,0.0,19.0,20.0,403350720.0,2643470848.0,9030950912.0,46518.0,41357959168.0,1470694311.0,0.0,2433.0,6021373.0,4607.0,274376.0,28771.0,0.0,0.0,3454.0,0.0
1787907007.616617,2026-08-28T08:50:07+00:00,http_log_5m_x7,3182621.0,25854.0,1876515205.0,1868389652.0,282.0,1876.0,23456680.0,2375779.0,2125.0,0.0,0.0,0.0,0.0,19.0,20.0,403350720.0,2643470848.0,9030950912.0,46518.0,41357959168.0,1470694311.0,0.0,2433.0,6021373.0,4607.0,274376.0,28771.0,0.0,0.0,3454.0,0.0
1787907008.621804,2026-08-28T08:50:08+00:00,http_log_5m_x7,3182621.0,25854.0,1876515205.0,1868389652.0,282.0,1876.0,0.0,2375779.0,2125.0,0.0,1.0,0.0,0.0,19.0,36.0,404899480.0,2643470848.0,9100103680.0,46621.0,41357959168.0,1470694311.0,0.0,2457.0,6031530.0,4616.0,276115.0,28836.0,0.0,0.0,3471.0,0.0
1787907009.6269429,2026-08-28T08:50:09+00:00,http_log_5m_x7,3182621.0,25854.0,1876515205.0,1868389652.0,282.0,1876.0,0.0,2375779.0,2125.0,0.0,1.0,0.0,0.0,19.0,36.0,404899480.0,2643470848.0,9100103680.0,46621.0,41073897472.0,1523074881.0,0.0,2457.0,6031530.0,4616.0,276115.0,28836.0,0.0,0.0,3471.0,0.0
1787907010.628135,2026-08-28T08:50:10+00:00,http_log_5m_x7,3182621.0,25854.0,1876515205.0,1871376716.0,282.0,1881.0,0.0,1001026.0,1984.0,0.0,0.0,0.0,0.0,19.0,36.0,404899480.0,2643470848.0,9100103680.0,46621.0,41073897472.0,1523074881.0,0.0,2457.0,6031530.0,4616.0,276115.0,28836.0,0.0,0.0,3471.0,0.0
1787907011.6329868,2026-08-28T08:50:11+00:00,http_log_5m_x7,3182621.0,25854.0,1876515205.0,1871376716.0,282.0,1881.0,0.0,1001026.0,1984.0,0.0,0.0,0.0,0.0,19.0,36.0,404899480.0,2643470848.0,9100103680.0,46621.0,41073897472.0,1523074881.0,0.0,2457.0,6031530.0,4616.0,276115.0,28836.0,0.0,0.0,3471.0,0.0
1787907012.638125,2026-08-28T08:50:12+00:00,http_log_5m_x7,3182621.0,25854.0,1876515205.0,1871376716.0,282.0,1881.0,0.0,1001026.0,1984.0,0.0,0.0,0.0,0.0,19.0,36.0,404899480.0,2643470848.0,9100103680.0,46621.0,41073897472.0,1523074881.0,0.0,2457.0,6031530.0,4616.0,276115.0,28836.0,0.0,0.0,3471.0,0.0
1787907013.643281,2026-08-28T08:50:13+00:00,http_log_5m_x7,3182621.0,25854.0,1876515205.0,1871376716.0,282.0,1881.0,0.0,1001026.0,1984.0,0.0,1.0,0.0,0.0,19.0,37.0,404899480.0,2643470848.0,9100103680.0,46621.0,41073897472.0,1523074881.0,0.0,2457.0,6031530.0,4616.0,276115.0,28836.0,0.0,0.0,3471.0,0.0
1787907014.6484091,2026-08-28T08:50:14+00:00,http_log_5m_x7,3182621.0,25854.0,1876515205.0,1871376716.0,282.0,1881.0,0.0,1001026.0,1984.0,0.0,1.0,0.0,0.0,19.0,37.0,404899480.0,2643470848.0,9100103680.0,46621.0,41073897472.0,1523074881.0,0.0,2457.0,6031530.0,4616.0,276115.0,28836.0,0.0,0.0,3471.0,0.0
1787907015.649879,2026-08-28T08:50:15+00:00,http_log_5m_x7,3182621.0,25854.0,1876515205.0,1874364024.0,282.0,1886.0,0.0,1040511.0,1871.0,0.0,0.0,0.0,0.0,19.0,37.0,404899480.0,2643470848.0,9100103680.0,46621.0,41073897472.0,1523074881.0,0.0,2457.0,6031530.0,4616.0,276115.0,28836.0,0.0,0.0,3471.0,0.0
1787907016.6549819,2026-08-28T08:50:16+00:00,http_log_5m_x7,3182621.0,25854.0,1876515205.0,1874364024.0,282.0,1886.0,0.0,1040511.0,1871.0,0.0,0.0,0.0,0.0,19.0,37.0,404899480.0,2643470848.0,9100103680.0,46621.0,41073897472.0,1523074881.0,0.0,2457.0,6031530.0,4616.0,276115.0,28836.0,0.0,0.0,3471.0,0.0
1787907017.660085,2026-08-28T08:50:17+00:00,http_log_5m_x7,3182621.0,25854.0,1876515205.0,1874364024.0,282.0,1886.0,0.0,1040511.0,1871.0,0.0,0.0,0.0,0.0,19.0,37.0,404899480.0,2643470848.0,9100103680.0,46621.0,41073897472.0,1523074881.0,0.0,2457.0,6031530.0,4616.0,276115.0,28836.0,0.0,0.0,3471.0,0.0
1787907018.661089,2026-08-28T08:50:18+00:00,http_log_5m_x7,3182621.0,25854.0,1876515205.0,1874364024.0,282.0,1886.0,0.0,1040511.0,1871.0,0.0,1.0,0.0,0.0,19.0,39.0,404899480.0,2643470848.0,9100103680.0,46621.0,41073897472.0,1523074881.0,0.0,2457.0,6031530.0,4616.0,276115.0,28836.0,0.0,0.0,3471.0,0.0
1787907019.66373,2026-08-28T08:50:19+00:00,http_log_5m_x7,3182621.0,25854.0,1876515205.0,1874364024.0,282.0,1886.0,0.0,1040511.0,1871.0,0.0,1.0,0.0,0.0,19.0,39.0,404899480.0,2643470848.0,9100103680.0,46621.0,41073897472.0,1523074881.0,0.0,2457.0,6031530.0,4616.0,276115.0,28836.0,0.0,0.0,3471.0,0.0
1787907020.6649861,2026-08-28T08:50:20+00:00,http_log_5m_x7,3182621.0,25854.0,1876515205.0,1877406895.0,282.0,1891.0,0.0,1019387.0,1985.0,0.0,0.0,0.0,0.0,19.0,39.0,404899480.0,2643470848.0,9100103680.0,46621.0,41073897472.0,1523074881.0,0.0,2457.0,6031530.0,4616.0,276115.0,28836.0,0.0,0.0,3471.0,0.0
1787907021.67008,2026-08-28T08:50:21+00:00,http_log_5m_x7,3182621.0,25854.0,1876515205.0,1877406895.0,282.0,1891.0,0.0,1019387.0,1985.0,0.0,0.0,0.0,0.0,19.0,39.0,404899480.0,2643470848.0,9100103680.0,46621.0,41073897472.0,1523074881.0,0.0,2457.0,6031530.0,4616.0,276115.0,28836.0,0.0,0.0,3471.0,0.0
1787907022.673856,2026-08-28T08:50:22+00:00,http_log_5m_x7,3182621.0,25854.0,1876515205.0,1877406895.0,282.0,1891.0,0.0,1019387.0,1985.0,0.0,0.0,0.0,0.0,19.0,39.0,404899480.0,2643470848.0,9100103680.0,46621.0,41073897472.0,1523074881.0,0.0,2457.0,6031530.0,4616.0,276115.0,28836.0,0.0,0.0,3471.0,0.0
1787907023.675034,2026-08-28T08:50:23+00:00,http_log_5m_x7,3182621.0,25854.0,1876515205.0,1877406895.0,282.0,1891.0,0.0,1019387.0,1985.0,0.0,1.0,0.0,0.0,19.0,41.0,412792064.0,2643470848.0,9132601344.0,46711.0,41073897472.0,1523074881.0,0.0,2475.0,6042226.0,4625.0,277341.0,28879.0,0.0,0.0,3489.0,0.0
1787907024.6801229,2026-08-28T08:50:24+00:00,http_log_5m_x7,3182621.0,25854.0,1876515205.0,1877406895.0,282.0,1891.0,0.0,1019387.0,1985.0,0.0,1.0,0.0,0.0,19.0,41.0,412792064.0,2643470848.0,9132601344.0,46711.0,41073897472.0,1523074881.0,0.0,2475.0,6042226.0,4625.0,277341.0,28879.0,0.0,0.0,3489.0,0.0
1787907025.68431,2026-08-28T08:50:25+00:00,http_log_5m_x7,3182621.0,25854.0,1876515205.0,1880366312.0,282.0,1896.0,0.0,1001155.0,1956.0,0.0,1.0,0.0,0.0,19.0,34.0,412792064.0,2643470848.0,9132601344.0,46711.0,41073897472.0,1523074881.0,0.0,2475.0,6042226.0,4625.0,277341.0,28879.0,0.0,0.0,3489.0,0.0
1787907026.686444,2026-08-28T08:50:26+00:00,http_log_5m_x7,3182621.0,25854.0,1876515205.0,1880366312.0,282.0,1896.0,0.0,1001155.0,1956.0,0.0,1.0,0.0,0.0,19.0,34.0,412792064.0,2643470848.0,9132601344.0,46711.0,41073897472.0,1523074881.0,0.0,2475.0,6042226.0,4625.0,277341.0,28879.0,0.0,0.0,3489.0,0.0
1787907027.6915572,2026-08-28T08:50:27+00:00,http_log_5m_x7,3182621.0,25854.0,1876515205.0,1880366312.0,282.0,1896.0,0.0,1001155.0,1956.0,0.0,1.0,0.0,0.0,19.0,34.0,412792064.0,2643470848.0,9132601344.0,46711.0,41073897472.0,1523074881.0,0.0,2475.0,6042226.0,4625.0,277341.0,28879.0,0.0,0.0,3489.0,0.0
1787907028.696647,2026-08-28T08:50:28+00:00,http_log_5m_x7,3182621.0,25854.0,1876515205.0,1880366312.0,282.0,1896.0,0.0,1001155.0,1956.0,0.0,2.0,0.0,0.0,19.0,28.0,412792064.0,2643470848.0,9132601344.0,46711.0,41073897472.0,1523074881.0,0.0,2475.0,6042226.0,4625.0,277341.0,28879.0,0.0,0.0,3489.0,0.0
1787907029.701728,2026-08-28T08:50:29+00:00,http_log_5m_x7,3182621.0,25854.0,1876515205.0,1880366312.0,282.0,1896.0,0.0,1001155.0,1956.0,0.0,2.0,0.0,0.0,19.0,28.0,412792064.0,2643470848.0,9132601344.0,46711.0,41073897472.0,1523074881.0,0.0,2475.0,6042226.0,4625.0,277341.0,28879.0,0.0,0.0,3489.0,0.0
1787907030.705369,2026-08-28T08:50:30+00:00,http_log_5m_x7,3182621.0,25854.0,1876515205.0,1883410092.0,282.0,1901.0,0.0,963831.0,2158.0,0.0,1.0,0.0,0.0,19.0,28.0,412792064.0,2643470848.0,9132601344.0,46711.0,41073897472.0,1523074881.0,0.0,2475.0,6042226.0,4625.0,277341.0,28879.0,0.0,0.0,3489.0,0.0
1787907031.710469,2026-08-28T08:50:31+00:00,http_log_5m_x7,3182621.0,25854.0,1876515205.0,1902137841.0,282.0,1906.0,0.0,2774892.0,5749.0,0.0,0.0,0.0,0.0,19.0,28.0,412792064.0,2643470848.0,9132601344.0,46711.0,41073897472.0,1523074881.0,0.0,2475.0,6042226.0,4625.0,277341.0,28879.0,0.0,0.0,3489.0,0.0
1787907032.7145548,2026-08-28T08:50:32+00:00,http_log_5m_x7,3182621.0,25854.0,1876515205.0,1902137841.0,282.0,1906.0,0.0,2774892.0,5749.0,0.0,1.0,0.0,0.0,19.0,22.0,412792064.0,2643470848.0,9132601344.0,46711.0,41073897472.0,1523074881.0,0.0,2475.0,6042226.0,4625.0,277341.0,28879.0,0.0,0.0,3489.0,0.0
1787907033.7158241,2026-08-28T08:50:33+00:00,http_log_5m_x7,3182621.0,25854.0,1876515205.0,1902137841.0,282.0,1906.0,0.0,2774892.0,5749.0,0.0,1.0,0.0,0.0,19.0,22.0,412792064.0,2643470848.0,9132601344.0,46711.0,41073897472.0,1523074881.0,0.0,2475.0,6042226.0,4625.0,277341.0,28879.0,0.0,0.0,3489.0,0.0
1787907034.720914,2026-08-28T08:50:34+00:00,http_log_5m_x7,3182621.0,25854.0,1876515205.0,1907472331.0,282.0,1911.0,0.0,1948316.0,1738.0,0.0,0.0,0.0,0.0,19.0,22.0,412792064.0,2643470848.0,9132601344.0,46711.0,41073897472.0,1523074881.0,0.0,2475.0,6042226.0,4625.0,277341.0,28879.0,0.0,0.0,3489.0,0.0
1787907035.726005,2026-08-28T08:50:35+00:00,http_log_5m_x7,3182621.0,25854.0,1876515205.0,1907472331.0,282.0,1911.0,0.0,1948316.0,1738.0,0.0,0.0,0.0,0.0,19.0,22.0,412792064.0,2643470848.0,9132601344.0,46711.0,41073897472.0,1523074881.0,0.0,2475.0,6042226.0,4625.0,277341.0,28879.0,0.0,0.0,3489.0,0.0
1787907036.731118,2026-08-28T08:50:36+00:00,http_log_5m_x7,3182621.0,25854.0,1876515205.0,1907472331.0,282.0,1911.0,0.0,1948316.0,1738.0,0.0,1.0,0.0,0.0,19.0,22.0,412792064.0,2643470848.0,9132601344.0,46711.0,41073897472.0,1523074881.0,0.0,2475.0,6042226.0,4625.0,277341.0,28879.0,0.0,0.0,3489.0,0.0
1787907037.736223,2026-08-28T08:50:37+00:00,http_log_5m_x7,3182621.0,25854.0,1876515205.0,1907472331.0,282.0,1911.0,54849736.0,1948316.0,1738.0,0.0,1.0,0.0,0.0,19.0,22.0,465867296.0,2643470848.0,9199030272.0,46813.0,41073897472.0,1523074881.0,0.0,2495.0,6052174.0,4635.0,279278.0,28945.0,0.0,0.0,3509.0,0.0
1787907038.737683,2026-08-28T08:50:38+00:00,http_log_5m_x7,3182621.0,25854.0,1876515205.0,1915113953.0,282.0,1916.0,54849736.0,2227878.0,2430.0,0.0,0.0,0.0,0.0,19.0,22.0,465867296.0,2643470848.0,9199030272.0,46813.0,41073897472.0,1523074881.0,0.0,2495.0,6052174.0,4635.0,279278.0,28945.0,0.0,0.0,3509.0,0.0
1787907039.742794,2026-08-28T08:50:39+00:00,http_log_5m_x7,3182621.0,25854.0,1876515205.0,1915113953.0,282.0,1916.0,54849736.0,2227878.0,2430.0,0.0,0.0,0.0,0.0,19.0,22.0,465867296.0,2643470848.0,9199030272.0,46813.0,41073897472.0,1523074881.0,0.0,2495.0,6052174.0,4635.0,279278.0,28945.0,0.0,0.0,3509.0,0.0
1787907040.7463439,2026-08-28T08:50:40+00:00,http_log_5m_x7,3182621.0,25854.0,1876515205.0,1915113953.0,282.0,1916.0,54849736.0,2227878.0,2430.0,0.0,0.0,0.0,0.0,19.0,22.0,465867296.0,2643470848.0,9199030272.0,46813.0,41073897472.0,1523074881.0,0.0,2495.0,6052174.0,4635.0,279278.0,28945.0,0.0,0.0,3509.0,0.0
1787907041.751422,2026-08-28T08:50:41+00:00,http_log_5m_x7,3182621.0,25854.0,1876515205.0,1915113953.0,282.0,1916.0,54849736.0,2227878.0,2430.0,0.0,1.0,0.0,0.0,19.0,37.0,465867296.0,2643470848.0,9199030272.0,46813.0,41073897472.0,1523074881.0,0.0,2495.0,6052174.0,4635.0,279278.0,28945.0,0.0,0.0,3509.0,0.0
1787907042.75649,2026-08-28T08:50:42+00:00,http_log_5m_x7,3182621.0,25854.0,1876515205.0,1915113953.0,282.0,1916.0,54849736.0,2227878.0,2430.0,0.0,1.0,0.0,0.0,19.0,37.0,465867296.0,2643470848.0,9199030272.0,46813.0,41073897472.0,1523074881.0,0.0,2495.0,6052174.0,4635.0,279278.0,28945.0,0.0,0.0,3509.0,0.0
1787907043.761612,2026-08-28T08:50:43+00:00,http_log_5m_x7,3182621.0,25854.0,1876515205.0,1918120094.0,282.0,1921.0,54849736.0,1039467.0,1892.0,0.0,0.0,0.0,0.0,19.0,37.0,465867296.0,2643470848.0,9199030272.0,46813.0,41073897472.0,1523074881.0,0.0,2495.0,6052174.0,4635.0,279278.0,28945.0,0.0,0.0,3509.0,0.0
1787907044.766279,2026-08-28T08:50:44+00:00,http_log_5m_x7,3182621.0,25854.0,1876515205.0,1918120094.0,282.0,1921.0,54849736.0,1039467.0,1892.0,0.0,0.0,0.0,0.0,19.0,37.0,465867296.0,2643470848.0,9199030272.0,46813.0,41073897472.0,1523074881.0,0.0,2495.0,6052174.0,4635.0,279278.0,28945.0,0.0,0.0,3509.0,0.0
1787907045.7713768,2026-08-28T08:50:45+00:00,http_log_5m_x7,3182621.0,25854.0,1876515205.0,1918120094.0,282.0,1921.0,54849736.0,1039467.0,1892.0,0.0,0.0,0.0,0.0,19.0,37.0,465867296.0,2643470848.0,9199030272.0,46813.0,41073897472.0,1523074881.0,0.0,2495.0,6052174.0,4635.0,279278.0,28945.0,0.0,0.0,3509.0,0.0
1787907046.776032,2026-08-28T08:50:46+00:00,http_log_5m_x7,3182621.0,25854.0,1876515205.0,1918120094.0,282.0,1921.0,54849736.0,1039467.0,1892.0,0.0,1.0,0.0,0.0,19.0,39.0,465867296.0,2643470848.0,9199030272.0,46813.0,41073897472.0,1523074881.0,0.0,2495.0,6052174.0,4635.0,279278.0,28945.0,0.0,0.0,3509.0,0.0
1787907047.776225,2026-08-28T08:50:47+00:00,http_log_5m_x7,3182621.0,25854.0,1876515205.0,1918120094.0,282.0,1921.0,54849736.0,1039467.0,1892.0,0.0,1.0,0.0,0.0,19.0,39.0,465867296.0,2643470848.0,9199030272.0,46813.0,41073897472.0,1523074881.0,0.0,2495.0,6052174.0,4635.0,279278.0,28945.0,0.0,0.0,3509.0,0.0
1787907048.77656,2026-08-28T08:50:48+00:00,http_log_5m_x7,3182621.0,25854.0,1876515205.0,1921125862.0,282.0,1926.0,54849736.0,1010002.0,1976.0,0.0,0.0,0.0,0.0,19.0,39.0,465867296.0,2643470848.0,9199030272.0,46813.0,41073897472.0,1523074881.0,0.0,2495.0,6052174.0,4635.0,279278.0,28945.0,0.0,0.0,3509.0,0.0
1787907049.778785,2026-08-28T08:50:49+00:00,http_log_5m_x7,3182621.0,25854.0,1876515205.0,1921125862.0,282.0,1926.0,54849736.0,1010002.0,1976.0,0.0,0.0,0.0,0.0,19.0,39.0,465867296.0,2643470848.0,9199030272.0,46813.0,41073897472.0,1523074881.0,0.0,2495.0,6052174.0,4635.0,279278.0,28945.0,0.0,0.0,3509.0,0.0
1787907050.783849,2026-08-28T08:50:50+00:00,http_log_5m_x7,3182621.0,25854.0,1876515205.0,1921125862.0,282.0,1926.0,54849736.0,1010002.0,1976.0,0.0,0.0,0.0,0.0,19.0,39.0,465867296.0,2643470848.0,9199030272.0,46813.0,41073897472.0,1523074881.0,0.0,2495.0,6052174.0,4635.0,279278.0,28945.0,0.0,0.0,3509.0,0.0
1787907051.7889202,2026-08-28T08:50:51+00:00,http_log_5m_x7,3182621.0,25854.0,1876515205.0,1921125862.0,282.0,1926.0,54849736.0,1010002.0,1976.0,0.0,1.0,0.0,0.0,19.0,41.0,465867296.0,2643470848.0,9199030272.0,46813.0,41073897472.0,1523074881.0,0.0,2495.0,6052174.0,4635.0,279278.0,28945.0,0.0,0.0,3509.0,0.0
1787907052.7920158,2026-08-28T08:50:52+00:00,http_log_5m_x7,3182621.0,25854.0,1876515205.0,1921125862.0,282.0,1926.0,56252328.0,1010002.0,1976.0,0.0,1.0,0.0,0.0,19.0,41.0,461080736.0,2643470848.0,9238659072.0,46912.0,41073897472.0,1523074881.0,0.0,2513.0,6062889.0,4643.0,280479.0,28992.0,0.0,0.0,3524.0,0.0
1787907053.795601,2026-08-28T08:50:53+00:00,http_log_5m_x7,3182621.0,25854.0,1876515205.0,1924085221.0,282.0,1931.0,56252328.0,1010364.0,1929.0,0.0,0.0,0.0,0.0,19.0,41.0,461080736.0,2643470848.0,9238659072.0,46912.0,41073897472.0,1523074881.0,0.0,2513.0,6062889.0,4643.0,280479.0,28992.0,0.0,0.0,3524.0,0.0
1787907054.800704,2026-08-28T08:50:54+00:00,http_log_5m_x7,3182621.0,25854.0,1876515205.0,1924085221.0,282.0,1931.0,56252328.0,1010364.0,1929.0,0.0,0.0,0.0,0.0,19.0,41.0,461080736.0,2643470848.0,9238659072.0,46912.0,41073897472.0,1523074881.0,0.0,2513.0,6062889.0,4643.0,280479.0,28992.0,0.0,0.0,3524.0,0.0
1787907055.805793,2026-08-28T08:50:55+00:00,http_log_5m_x7,3182621.0,25854.0,1876515205.0,1924085221.0,282.0,1931.0,56252328.0,1010364.0,1929.0,0.0,0.0,0.0,0.0,19.0,41.0,461080736.0,2643470848.0,9238659072.0,46912.0,41073897472.0,1523074881.0,0.0,2513.0,6062889.0,4643.0,280479.0,28992.0,0.0,0.0,3524.0,0.0
1787907056.8090491,2026-08-28T08:50:56+00:00,http_log_5m_x7,3182621.0,25854.0,1876515205.0,1924085221.0,282.0,1931.0,56252328.0,1010364.0,1929.0,0.0,1.0,0.0,0.0,19.0,42.0,461080736.0,2643470848.0,9238659072.0,46912.0,41073897472.0,1523074881.0,0.0,2513.0,6062889.0,4643.0,280479.0,28992.0,0.0,0.0,3524.0,0.0
1787907057.8141382,2026-08-28T08:50:57+00:00,http_log_5m_x7,3182621.0,25854.0,1876515205.0,1924085221.0,282.0,1931.0,56252328.0,1010364.0,1929.0,0.0,1.0,0.0,0.0,19.0,42.0,461080736.0,2643470848.0,9238659072.0,46912.0,41073897472.0,1523074881.0,0.0,2513.0,6062889.0,4643.0,280479.0,28992.0,0.0,0.0,3524.0,0.0
1787907058.8192031,2026-08-28T08:50:58+00:00,http_log_5m_x7,3182621.0,25854.0,1876515205.0,1927063219.0,282.0,1936.0,56252328.0,1010175.0,1948.0,0.0,1.0,0.0,0.0,19.0,35.0,461080736.0,2643470848.0,9238659072.0,46912.0,41073897472.0,1523074881.0,0.0,2513.0,6062889.0,4643.0,280479.0,28992.0,0.0,0.0,3524.0,0.0
1787907059.824268,2026-08-28T08:50:59+00:00,http_log_5m_x7,3182621.0,25854.0,1876515205.0,1927063219.0,282.0,1936.0,56252328.0,1010175.0,1948.0,0.0,1.0,0.0,0.0,19.0,35.0,461080736.0,2643470848.0,9238659072.0,46912.0,41073897472.0,1523074881.0,0.0,2513.0,6062889.0,4643.0,280479.0,28992.0,0.0,0.0,3524.0,0.0
1787907060.829342,2026-08-28T08:51:00+00:00,http_log_5m_x7,3182621.0,25854.0,1876515205.0,1927063219.0,282.0,1936.0,56252328.0,1010175.0,1948.0,0.0,1.0,0.0,0.0,19.0,35.0,461080736.0,2643470848.0,9238659072.0,46912.0,41073897472.0,1523074881.0,0.0,2513.0,6062889.0,4643.0,280479.0,28992.0,0.0,0.0,3524.0,0.0
1787907061.831517,2026-08-28T08:51:01+00:00,http_log_5m_x7,3182621.0,25854.0,1876515205.0,1927063219.0,282.0,1936.0,56252328.0,1010175.0,1948.0,0.0,2.0,0.0,0.0,19.0,30.0,461080736.0,2643470848.0,9238659072.0,46912.0,41073897472.0,1523074881.0,0.0,2513.0,6062889.0,4643.0,280479.0,28992.0,0.0,0.0,3524.0,0.0
1787907062.836614,2026-08-28T08:51:02+00:00,http_log_5m_x7,3182621.0,25854.0,1876515205.0,1927063219.0,282.0,1936.0,56252328.0,1010175.0,1948.0,0.0,2.0,0.0,0.0,19.0,30.0,461080736.0,2643470848.0,9238659072.0,46912.0,41073897472.0,1523074881.0,0.0,2513.0,6062889.0,4643.0,280479.0,28992.0,0.0,0.0,3524.0,0.0
1787907063.841706,2026-08-28T08:51:03+00:00,http_log_5m_x7,3182621.0,25854.0,1876515205.0,1930078670.0,282.0,1941.0,56252328.0,911563.0,2308.0,0.0,1.0,0.0,0.0,19.0,30.0,461080736.0,2643470848.0,9238659072.0,46912.0,41073897472.0,1523074881.0,0.0,2513.0,6062889.0,4643.0,280479.0,28992.0,0.0,0.0,3524.0,0.0
1787907064.8457139,2026-08-28T08:51:04+00:00,http_log_5m_x7,3182621.0,25854.0,1876515205.0,1948994649.0,282.0,1946.0,56252328.0,2689603.0,6033.0,0.0,0.0,0.0,0.0,19.0,30.0,461080736.0,2643470848.0,9238659072.0,46912.0,41073897472.0,1523074881.0,0.0,2513.0,6062889.0,4643.0,280479.0,28992.0,0.0,0.0,3524.0,0.0
1787907065.85071,2026-08-28T08:51:05+00:00,http_log_5m_x7,3182621.0,25854.0,1876515205.0,1948994649.0,282.0,1946.0,56252328.0,2689603.0,6033.0,0.0,1.0,0.0,0.0,19.0,24.0,461080736.0,2643470848.0,9238659072.0,46912.0,41073897472.0,1523074881.0,0.0,2513.0,6062889.0,4643.0,280479.0,28992.0,0.0,0.0,3524.0,0.0
1787907066.8557582,2026-08-28T08:51:06+00:00,http_log_5m_x7,3182621.0,25854.0,1876515205.0,1954234468.0,282.0,1951.0,56252328.0,2041222.0,1567.0,1.0,0.0,0.0,0.0,19.0,24.0,461080736.0,2643470848.0,9238659072.0,46912.0,41073897472.0,1523074881.0,0.0,2513.0,6062889.0,4643.0,280479.0,28992.0,0.0,0.0,3524.0,0.0
1787907067.860859,2026-08-28T08:51:07+00:00,http_log_5m_x7,3182621.0,25854.0,1876515205.0,1954234468.0,282.0,1951.0,129642688.0,2041222.0,1567.0,1.0,0.0,0.0,0.0,19.0,24.0,510967968.0,2643470848.0,9308069888.0,47020.0,41073897472.0,1523074881.0,0.0,2526.0,6072809.0,4654.0,282406.0,29095.0,0.0,0.0,3542.0,0.0
1787907068.8643541,2026-08-28T08:51:08+00:00,http_log_5m_x7,3182621.0,25854.0,1876515205.0,1954234468.0,282.0,1951.0,129642688.0,2041222.0,1567.0,1.0,0.0,0.0,0.0,19.0,24.0,510967968.0,2643470848.0,9308069888.0,47020.0,41073897472.0,1523074881.0,0.0,2526.0,6072809.0,4654.0,282406.0,29095.0,0.0,0.0,3542.0,0.0
1787907069.869453,2026-08-28T08:51:09+00:00,http_log_5m_x7,3182621.0,25854.0,1876515205.0,1954234468.0,282.0,1951.0,129642688.0,2041222.0,1567.0,1.0,1.0,0.0,0.0,19.0,11.0,510967968.0,2643470848.0,9308069888.0,47020.0,40793325568.0,1575416617.0,0.0,2526.0,6072809.0,4654.0,282406.0,29095.0,0.0,0.0,3542.0,0.0
1787907070.874536,2026-08-28T08:51:10+00:00,http_log_5m_x7,3182621.0,25854.0,1876515205.0,1954234468.0,282.0,1951.0,129642688.0,2041222.0,1567.0,1.0,1.0,0.0,0.0,19.0,11.0,510967968.0,2643470848.0,9308069888.0,47020.0,40793325568.0,1575416617.0,0.0,2526.0,6072809.0,4654.0,282406.0,29095.0,0.0,0.0,3542.0,0.0
1787907071.875743,2026-08-28T08:51:11+00:00,http_log_5m_x7,3182621.0,25854.0,1876515205.0,1961735934.0,282.0,1956.0,129642688.0,2246620.0,2339.0,1.0,0.0,0.0,0.0,19.0,11.0,510967968.0,2643470848.0,9308069888.0,47020.0,40793325568.0,1575416617.0,0.0,2526.0,6072809.0,4654.0,282406.0,29095.0,0.0,0.0,3542.0,0.0
1787907072.880089,2026-08-28T08:51:12+00:00,http_log_5m_x7,3182621.0,25854.0,1876515205.0,1961735934.0,282.0,1956.0,129642688.0,2246620.0,2339.0,1.0,0.0,0.0,0.0,19.0,11.0,510967968.0,2643470848.0,9308069888.0,47020.0,40793325568.0,1575416617.0,0.0,2526.0,6072809.0,4654.0,282406.0,29095.0,0.0,0.0,3542.0,0.0
1787907073.8839092,2026-08-28T08:51:13+00:00,http_log_5m_x7,3182621.0,25854.0,1876515205.0,1961735934.0,282.0,1956.0,129642688.0,2246620.0,2339.0,1.0,0.0,0.0,0.0,19.0,11.0,510967968.0,2643470848.0,9308069888.0,47020.0,40793325568.0,1575416617.0,0.0,2526.0,6072809.0,4654.0,282406.0,29095.0,0.0,0.0,3542.0,0.0
1787907074.8889542,2026-08-28T08:51:14+00:00,http_log_5m_x7,3182621.0,25854.0,1876515205.0,1961735934.0,282.0,1956.0,129642688.0,2246620.0,2339.0,2.0,0.0,0.0,0.0,26.0,11.0,510967968.0,2643470848.0,9308069888.0,47020.0,40793325568.0,1575416617.0,0.0,2526.0,6072809.0,4654.0,282406.0,29095.0,0.0,0.0,3542.0,0.0
1787907075.894058,2026-08-28T08:51:15+00:00,http_log_5m_x7,616964.0,967.0,1877728775.0,1961735934.0,285.0,1956.0,129642688.0,2246620.0,2339.0,1.0,0.0,0.0,0.0,26.0,11.0,510967968.0,2643470848.0,9308069888.0,47020.0,40793325568.0,1575416617.0,0.0,2526.0,6072809.0,4654.0,282406.0,29095.0,0.0,0.0,3542.0,0.0
1787907076.89791,2026-08-28T08:51:16+00:00,http_log_5m_x7,616964.0,967.0,1877728775.0,1961735934.0,285.0,1956.0,129642688.0,2246620.0,2339.0,1.0,0.0,0.0,0.0,26.0,11.0,510967968.0,2643470848.0,9308069888.0,47020.0,40793325568.0,1575416617.0,0.0,2526.0,6072809.0,4654.0,282406.0,29095.0,0.0,0.0,3542.0,0.0
1787907077.9029918,2026-08-28T08:51:17+00:00,http_log_5m_x7,616964.0,967.0,1877728775.0,1961735934.0,285.0,1956.0,129642688.0,2246620.0,2339.0,1.0,0.0,0.0,0.0,26.0,11.0,510967968.0,2643470848.0,9308069888.0,47020.0,40793325568.0,1575416617.0,0.0,2526.0,6072809.0,4654.0,282406.0,29095.0,0.0,0.0,3542.0,0.0
1787907078.9077718,2026-08-28T08:51:18+00:00,http_log_5m_x7,616964.0,967.0,1877728775.0,1961735934.0,285.0,1956.0,129642688.0,2246620.0,2339.0,2.0,0.0,0.0,0.0,16.0,11.0,510967968.0,2643470848.0,9308069888.0,47020.0,40793325568.0,1575416617.0,0.0,2526.0,6072809.0,4654.0,282406.0,29095.0,0.0,0.0,3542.0,0.0
1787907079.909247,2026-08-28T08:51:19+00:00,http_log_5m_x7,616964.0,967.0,1877728775.0,1961735934.0,285.0,1956.0,129642688.0,2246620.0,2339.0,2.0,0.0,0.0,0.0,16.0,11.0,510967968.0,2643470848.0,9308069888.0,47020.0,40793325568.0,1575416617.0,0.0,2526.0,6072809.0,4654.0,282406.0,29095.0,0.0,0.0,3542.0,0.0
1787907080.914338,2026-08-28T08:51:20+00:00,http_log_5m_x7,1094840.0,2250.0,1881287008.0,1961735934.0,290.0,1956.0,129642688.0,2246620.0,2339.0,1.0,0.0,0.0,0.0,16.0,11.0,510967968.0,2643470848.0,9308069888.0,47020.0,40793325568.0,1575416617.0,0.0,2526.0,6072809.0,4654.0,282406.0,29095.0,0.0,0.0,3542.0,0.0
1787907081.919408,2026-08-28T08:51:21+00:00,http_log_5m_x7,1094840.0,2250.0,1881287008.0,1961735934.0,290.0,1956.0,129642688.0,2246620.0,2339.0,2.0,0.0,0.0,0.0,12.0,11.0,510967968.0,2643470848.0,9308069888.0,47020.0,40793325568.0,1575416617.0,0.0,2526.0,6072809.0,4654.0,282406.0,29095.0,0.0,0.0,3542.0,0.0
1787907082.9245021,2026-08-28T08:51:22+00:00,http_log_5m_x7,1094840.0,2250.0,1881287008.0,1961735934.0,290.0,1956.0,775449816.0,2246620.0,2339.0,2.0,0.0,0.0,0.0,12.0,11.0,1155972352.0,2643470848.0,9344798720.0,47125.0,40793325568.0,1575416617.0,0.0,2545.0,6082012.0,4663.0,285109.0,29164.0,0.0,0.0,3559.0,0.0
1787907083.929605,2026-08-28T08:51:23+00:00,http_log_5m_x7,2114675.0,1737.0,1887074876.0,1961735934.0,295.0,1956.0,775449816.0,2246620.0,2339.0,1.0,0.0,0.0,0.0,12.0,11.0,1155972352.0,2643470848.0,9344798720.0,47125.0,40793325568.0,1575416617.0,0.0,2545.0,6082012.0,4663.0,285109.0,29164.0,0.0,0.0,3559.0,0.0
1787907084.934175,2026-08-28T08:51:24+00:00,http_log_5m_x7,2114675.0,1737.0,1887074876.0,1961735934.0,295.0,1956.0,775449816.0,2246620.0,2339.0,1.0,0.0,0.0,0.0,12.0,11.0,1155972352.0,2643470848.0,9344798720.0,47125.0,40793325568.0,1575416617.0,0.0,2545.0,6082012.0,4663.0,285109.0,29164.0,0.0,0.0,3559.0,0.0
1787907085.937869,2026-08-28T08:51:25+00:00,http_log_5m_x7,2114675.0,1737.0,1887074876.0,1961735934.0,295.0,1956.0,775449816.0,2246620.0,2339.0,2.0,0.0,0.0,0.0,11.0,11.0,1155972352.0,2643470848.0,9344798720.0,47125.0,40793325568.0,1575416617.0,0.0,2545.0,6082012.0,4663.0,285109.0,29164.0,0.0,0.0,3559.0,0.0
1787907086.942959,2026-08-28T08:51:26+00:00,http_log_5m_x7,2114675.0,1737.0,1887074876.0,1961735934.0,295.0,1956.0,775449816.0,2246620.0,2339.0,2.0,0.0,0.0,0.0,11.0,11.0,1155972352.0,2643470848.0,9344798720.0,47125.0,40793325568.0,1575416617.0,0.0,2545.0,6082012.0,4663.0,285109.0,29164.0,0.0,0.0,3559.0,0.0
1787907087.9480588,2026-08-28T08:51:27+00:00,http_log_5m_x7,2114675.0,1737.0,1887074876.0,1961735934.0,295.0,1956.0,775449816.0,2246620.0,2339.0,2.0,0.0,0.0,0.0,11.0,11.0,1155972352.0,2643470848.0,9344798720.0,47125.0,40793325568.0,1575416617.0,0.0,2545.0,6082012.0,4663.0,285109.0,29164.0,0.0,0.0,3559.0,0.0
1787907088.953132,2026-08-28T08:51:28+00:00,http_log_5m_x7,2363720.0,2409.0,1895132800.0,1961735934.0,300.0,1956.0,775449816.0,2246620.0,2339.0,1.0,0.0,0.0,0.0,11.0,11.0,1155972352.0,2643470848.0,9344798720.0,47125.0,40793325568.0,1575416617.0,0.0,2545.0,6082012.0,4663.0,285109.0,29164.0,0.0,0.0,3559.0,0.0
1787907089.957901,2026-08-28T08:51:29+00:00,http_log_5m_x7,2363720.0,2409.0,1895132800.0,1961735934.0,300.0,1956.0,775449816.0,2246620.0,2339.0,1.0,0.0,0.0,0.0,11.0,11.0,1155972352.0,2643470848.0,9344798720.0,47125.0,40793325568.0,1575416617.0,0.0,2545.0,6082012.0,4663.0,285109.0,29164.0,0.0,0.0,3559.0,0.0
1787907090.9630232,2026-08-28T08:51:30+00:00,http_log_5m_x7,2363720.0,2409.0,1895132800.0,1961735934.0,300.0,1956.0,775449816.0,2246620.0,2339.0,1.0,1.0,0.0,0.0,11.0,27.0,1155972352.0,2643470848.0,9344798720.0,47125.0,40793325568.0,1575416617.0,0.0,2545.0,6082012.0,4663.0,285109.0,29164.0,0.0,0.0,3559.0,0.0
1787907091.965464,2026-08-28T08:51:31+00:00,http_log_5m_x7,2363720.0,2409.0,1895132800.0,1961735934.0,300.0,1956.0,775449816.0,2246620.0,2339.0,1.0,1.0,0.0,0.0,11.0,27.0,1155972352.0,2643470848.0,9344798720.0,47125.0,40793325568.0,1575416617.0,0.0,2545.0,6082012.0,4663.0,285109.0,29164.0,0.0,0.0,3559.0,0.0
1787907092.970537,2026-08-28T08:51:32+00:00,http_log_5m_x7,2363720.0,2409.0,1895132800.0,1964685901.0,300.0,1961.0,775449816.0,945805.0,2119.0,1.0,0.0,0.0,0.0,11.0,27.0,1155972352.0,2643470848.0,9344798720.0,47125.0,40793325568.0,1575416617.0,0.0,2545.0,6082012.0,4663.0,285109.0,29164.0,0.0,0.0,3559.0,0.0
1787907093.975631,2026-08-28T08:51:33+00:00,http_log_5m_x7,2363720.0,2409.0,1895132800.0,1964685901.0,300.0,1961.0,775449816.0,945805.0,2119.0,1.0,0.0,0.0,0.0,11.0,27.0,1155972352.0,2643470848.0,9344798720.0,47125.0,40793325568.0,1575416617.0,0.0,2545.0,6082012.0,4663.0,285109.0,29164.0,0.0,0.0,3559.0,0.0
1787907094.9757938,2026-08-28T08:51:34+00:00,http_log_5m_x7,2363720.0,2409.0,1895132800.0,1964685901.0,300.0,1961.0,775449816.0,945805.0,2119.0,1.0,0.0,0.0,0.0,11.0,27.0,1155972352.0,2643470848.0,9344798720.0,47125.0,40793325568.0,1575416617.0,0.0,2545.0,6082012.0,4663.0,285109.0,29164.0,0.0,0.0,3559.0,0.0
1787907095.9808981,2026-08-28T08:51:35+00:00,http_log_5m_x7,2363720.0,2409.0,1895132800.0,1964685901.0,300.0,1961.0,775449816.0,945805.0,2119.0,1.0,0.0,0.0,0.0,11.0,27.0,1155972352.0,2643470848.0,9344798720.0,47125.0,40793325568.0,1575416617.0,0.0,2545.0,6082012.0,4663.0,285109.0,29164.0,0.0,0.0,3559.0,0.0
1787907096.985976,2026-08-28T08:51:36+00:00,http_log_5m_x7,2363720.0,2409.0,1895132800.0,1964685901.0,300.0,1961.0,775449816.0,945805.0,2119.0,1.0,1.0,0.0,0.0,11.0,31.0,1155972352.0,2643470848.0,9344798720.0,47125.0,40793325568.0,1575416617.0,0.0,2545.0,6082012.0,4663.0,285109.0,29164.0,0.0,0.0,3559.0,0.0
1787907097.991071,2026-08-28T08:51:38+00:00,http_log_5m_x7,2363720.0,2409.0,1895132800.0,1964685901.0,300.0,1961.0,1335304104.0,945805.0,2119.0,1.0,1.0,0.0,0.0,11.0,31.0,1716091272.0,2643470848.0,9388154880.0,47212.0,40793325568.0,1575416617.0,0.0,2563.0,6091187.0,4672.0,287835.0,29239.0,0.0,0.0,3577.0,0.0
1787907098.996162,2026-08-28T08:51:39+00:00,http_log_5m_x7,2363720.0,2409.0,1895132800.0,1964685901.0,300.0,1961.0,1335304104.0,945805.0,2119.0,1.0,1.0,0.0,0.0,11.0,31.0,1716091272.0,2643470848.0,9388154880.0,47212.0,40793325568.0,1575416617.0,0.0,2563.0,6091187.0,4672.0,287835.0,29239.0,0.0,0.0,3577.0,0.0
1787907100.0012538,2026-08-28T08:51:40+00:00,http_log_5m_x7,2363720.0,2409.0,1895132800.0,1968242689.0,300.0,1967.0,1335304104.0,1086705.0,2273.0,1.0,0.0,0.0,0.0,11.0,31.0,1716091272.0,2643470848.0,9388154880.0,47212.0,40793325568.0,1575416617.0,0.0,2563.0,6091187.0,4672.0,287835.0,29239.0,0.0,0.0,3577.0,0.0
1787907101.005205,2026-08-28T08:51:41+00:00,http_log_5m_x7,2363720.0,2409.0,1895132800.0,1968242689.0,300.0,1967.0,1335304104.0,1086705.0,2273.0,1.0,0.0,0.0,0.0,11.0,31.0,1716091272.0,2643470848.0,9388154880.0,47212.0,40793325568.0,1575416617.0,0.0,2563.0,6091187.0,4672.0,287835.0,29239.0,0.0,0.0,3577.0,0.0
1787907102.008487,2026-08-28T08:51:42+00:00,http_log_5m_x7,2363720.0,2409.0,1895132800.0,1968242689.0,300.0,1967.0,1335304104.0,1086705.0,2273.0,1.0,1.0,0.0,0.0,11.0,30.0,1716091272.0,2643470848.0,9388154880.0,47212.0,40793325568.0,1575416617.0,0.0,2563.0,6091187.0,4672.0,287835.0,29239.0,0.0,0.0,3577.0,0.0
1787907103.0135849,2026-08-28T08:51:43+00:00,http_log_5m_x7,2363720.0,2409.0,1895132800.0,1968242689.0,300.0,1967.0,1335304104.0,1086705.0,2273.0,1.0,1.0,0.0,0.0,11.0,30.0,1716091272.0,2643470848.0,9388154880.0,47212.0,40793325568.0,1575416617.0,0.0,2563.0,6091187.0,4672.0,287835.0,29239.0,0.0,0.0,3577.0,0.0
1787907104.018702,2026-08-28T08:51:44+00:00,http_log_5m_x7,2363720.0,2409.0,1895132800.0,1971229233.0,300.0,1972.0,1335304104.0,958146.0,2117.0,1.0,0.0,0.0,0.0,11.0,30.0,1716091272.0,2643470848.0,9388154880.0,47212.0,40793325568.0,1575416617.0,0.0,2563.0,6091187.0,4672.0,287835.0,29239.0,0.0,0.0,3577.0,0.0
1787907105.023802,2026-08-28T08:51:45+00:00,http_log_5m_x7,2363720.0,2409.0,1895132800.0,1971229233.0,300.0,1972.0,1335304104.0,958146.0,2117.0,1.0,0.0,0.0,0.0,11.0,30.0,1716091272.0,2643470848.0,9388154880.0,47212.0,40793325568.0,1575416617.0,0.0,2563.0,6091187.0,4672.0,287835.0,29239.0,0.0,0.0,3577.0,0.0
1787907106.0255082,2026-08-28T08:51:46+00:00,http_log_5m_x7,2363720.0,2409.0,1895132800.0,1971229233.0,300.0,1972.0,1335304104.0,958146.0,2117.0,1.0,0.0,0.0,0.0,11.0,30.0,1716091272.0,2643470848.0,9388154880.0,47212.0,40793325568.0,1575416617.0,0.0,2563.0,6091187.0,4672.0,287835.0,29239.0,0.0,0.0,3577.0,0.0
1787907107.029588,2026-08-28T08:51:47+00:00,http_log_5m_x7,2363720.0,2409.0,1895132800.0,1971229233.0,300.0,1972.0,1335304104.0,958146.0,2117.0,1.0,0.0,0.0,0.0,11.0,30.0,1716091272.0,2643470848.0,9388154880.0,47212.0,40793325568.0,1575416617.0,0.0,2563.0,6091187.0,4672.0,287835.0,29239.0,0.0,0.0,3577.0,0.0
1787907108.034602,2026-08-28T08:51:48+00:00,http_log_5m_x7,2363720.0,2409.0,1895132800.0,1971229233.0,300.0,1972.0,1335304104.0,958146.0,2117.0,1.0,1.0,0.0,0.0,11.0,32.0,1716091272.0,2643470848.0,9388154880.0,47212.0,40793325568.0,1575416617.0,0.0,2563.0,6091187.0,4672.0,287835.0,29239.0,0.0,0.0,3577.0,0.0
1787907109.036421,2026-08-28T08:51:49+00:00,http_log_5m_x7,2363720.0,2409.0,1895132800.0,1971229233.0,300.0,1972.0,1335304104.0,958146.0,2117.0,1.0,1.0,0.0,0.0,11.0,32.0,1716091272.0,2643470848.0,9388154880.0,47212.0,40793325568.0,1575416617.0,0.0,2563.0,6091187.0,4672.0,287835.0,29239.0,0.0,0.0,3577.0,0.0
1787907110.04158,2026-08-28T08:51:50+00:00,http_log_5m_x7,2363720.0,2409.0,1895132800.0,1974207615.0,300.0,1977.0,1335304104.0,950648.0,2133.0,1.0,0.0,0.0,0.0,11.0,32.0,1716091272.0,2643470848.0,9388154880.0,47212.0,40793325568.0,1575416617.0,0.0,2563.0,6091187.0,4672.0,287835.0,29239.0,0.0,0.0,3577.0,0.0
1787907111.046651,2026-08-28T08:51:51+00:00,http_log_5m_x7,2363720.0,2409.0,1895132800.0,1974207615.0,300.0,1977.0,1335304104.0,950648.0,2133.0,1.0,0.0,0.0,0.0,11.0,32.0,1716091272.0,2643470848.0,9388154880.0,47212.0,40793325568.0,1575416617.0,0.0,2563.0,6091187.0,4672.0,287835.0,29239.0,0.0,0.0,3577.0,0.0
1787907112.051726,2026-08-28T08:51:52+00:00,http_log_5m_x7,2363720.0,2409.0,1895132800.0,1974207615.0,300.0,1977.0,1335304104.0,950648.0,2133.0,1.0,0.0,0.0,0.0,11.0,32.0,1716091272.0,2643470848.0,9388154880.0,47212.0,40793325568.0,1575416617.0,0.0,2563.0,6091187.0,4672.0,287835.0,29239.0,0.0,0.0,3577.0,0.0
1787907113.0568478,2026-08-28T08:51:53+00:00,http_log_5m_x7,2363720.0,2409.0,1895132800.0,1974207615.0,300.0,1977.0,1842370064.0,950648.0,2133.0,1.0,1.0,0.0,0.0,11.0,34.0,2222512664.0,2643483136.0,9507606528.0,47405.0,40793325568.0,1575416617.0,1.0,2580.0,6100345.0,4685.0,290552.0,29331.0,0.0,0.0,3594.0,0.0
1787907114.061961,2026-08-28T08:51:54+00:00,http_log_5m_x7,2363720.0,2409.0,1895132800.0,1974207615.0,300.0,1977.0,1842370064.0,950648.0,2133.0,2.0,1.0,0.0,0.0,21.0,34.0,2222512664.0,2643483136.0,9507606528.0,47405.0,40793325568.0,1575416617.0,1.0,2580.0,6100345.0,4685.0,290552.0,29331.0,0.0,0.0,3594.0,0.0
1787907115.067072,2026-08-28T08:51:55+00:00,http_log_5m_x7,2363720.0,2409.0,1895132800.0,1977204475.0,300.0,1982.0,1842370064.0,917031.0,2268.0,2.0,0.0,0.0,0.0,21.0,34.0,2222512664.0,2643483136.0,9507606528.0,47405.0,40793325568.0,1575416617.0,1.0,2580.0,6100345.0,4685.0,290552.0,29331.0,0.0,0.0,3594.0,0.0
1787907116.0712519,2026-08-28T08:51:56+00:00,http_log_5m_x7,2363720.0,2409.0,1895132800.0,1977204475.0,300.0,1982.0,1842370064.0,917031.0,2268.0,2.0,0.0,0.0,0.0,21.0,34.0,2222512664.0,2643483136.0,9507606528.0,47405.0,40793325568.0,1575416617.0,1.0,2580.0,6100345.0,4685.0,290552.0,29331.0,0.0,0.0,3594.0,0.0
1787907117.0763469,2026-08-28T08:51:57+00:00,http_log_5m_x7,3103013.0,50776.0,2055794415.0,1977204475.0,305.0,1982.0,1842370064.0,917031.0,2268.0,1.0,1.0,0.0,0.0,21.0,12.0,2222512664.0,2643483136.0,9507606528.0,47405.0,40793325568.0,1575416617.0,1.0,2580.0,6100345.0,4685.0,290552.0,29331.0,0.0,0.0,3594.0,0.0
1787907118.081429,2026-08-28T08:51:58+00:00,http_log_5m_x7,3103013.0,50776.0,2055794415.0,1977204475.0,305.0,1982.0,1842370064.0,917031.0,2268.0,1.0,1.0,0.0,0.0,21.0,12.0,2222512664.0,2643483136.0,9507606528.0,47405.0,40793325568.0,1575416617.0,1.0,2580.0,6100345.0,4685.0,290552.0,29331.0,0.0,0.0,3594.0,0.0
1787907119.084726,2026-08-28T08:51:59+00:00,http_log_5m_x7,3103013.0,50776.0,2055794415.0,1982491537.0,305.0,1987.0,1842370064.0,1986123.0,1662.0,1.0,0.0,0.0,0.0,21.0,12.0,2222512664.0,2643483136.0,9507606528.0,47405.0,40793325568.0,1575416617.0,1.0,2580.0,6100345.0,4685.0,290552.0,29331.0,0.0,0.0,3594.0,0.0
1787907120.0860941,2026-08-28T08:52:00+00:00,http_log_5m_x7,3103013.0,50776.0,2055794415.0,1982491537.0,305.0,1987.0,1842370064.0,1986123.0,1662.0,1.0,0.0,0.0,0.0,21.0,12.0,2222512664.0,2643483136.0,9507606528.0,47405.0,40793325568.0,1575416617.0,1.0,2580.0,6100345.0,4685.0,290552.0,29331.0,0.0,0.0,3594.0,0.0
1787907121.089696,2026-08-28T08:52:01+00:00,http_log_5m_x7,2625926.0,6548.0,2075614910.0,1982491537.0,310.0,1987.0,1842370064.0,1986123.0,1662.0,0.0,0.0,0.0,0.0,21.0,12.0,2222512664.0,2643483136.0,9507606528.0,47405.0,40793325568.0,1575416617.0,1.0,2580.0,6100345.0,4685.0,290552.0,29331.0,0.0,0.0,3594.0,0.0
1787907122.094759,2026-08-28T08:52:02+00:00,http_log_5m_x7,2625926.0,6548.0,2075614910.0,1982491537.0,310.0,1987.0,1842370064.0,1986123.0,1662.0,0.0,1.0,0.0,0.0,21.0,27.0,2222512664.0,2643483136.0,9507606528.0,47405.0,40793325568.0,1575416617.0,1.0,2580.0,6100345.0,4685.0,290552.0,29331.0,0.0,0.0,3594.0,0.0
1787907123.0998368,2026-08-28T08:52:03+00:00,http_log_5m_x7,2625926.0,6548.0,2075614910.0,1982491537.0,310.0,1987.0,1842370064.0,1986123.0,1662.0,0.0,1.0,0.0,0.0,21.0,27.0,2222512664.0,2643483136.0,9507606528.0,47405.0,40793325568.0,1575416617.0,1.0,2580.0,6100345.0,4685.0,290552.0,29331.0,0.0,0.0,3594.0,0.0
1787907124.1049118,2026-08-28T08:52:04+00:00,http_log_5m_x7,2625926.0,6548.0,2075614910.0,1985514647.0,310.0,1992.0,1842370064.0,1033541.0,1925.0,0.0,0.0,0.0,0.0,21.0,27.0,2222512664.0,2643483136.0,9507606528.0,47405.0,40793325568.0,1575416617.0,1.0,2580.0,6100345.0,4685.0,290552.0,29331.0,0.0,0.0,3594.0,0.0
1787907125.110021,2026-08-28T08:52:05+00:00,http_log_5m_x7,2625926.0,6548.0,2075614910.0,1985514647.0,310.0,1992.0,1842370064.0,1033541.0,1925.0,0.0,0.0,0.0,0.0,21.0,27.0,2222512664.0,2643483136.0,9507606528.0,47405.0,40793325568.0,1575416617.0,1.0,2580.0,6100345.0,4685.0,290552.0,29331.0,0.0,0.0,3594.0,0.0
1787907126.1129642,2026-08-28T08:52:06+00:00,http_log_5m_x7,2625926.0,6548.0,2075614910.0,1985514647.0,310.0,1992.0,1842370064.0,1033541.0,1925.0,0.0,1.0,0.0,0.0,21.0,28.0,2222512664.0,2643483136.0,9507606528.0,47405.0,40793325568.0,1575416617.0,1.0,2580.0,6100345.0,4685.0,290552.0,29331.0,0.0,0.0,3594.0,0.0
1787907127.118029,2026-08-28T08:52:07+00:00,http_log_5m_x7,2625926.0,6548.0,2075614910.0,1985514647.0,310.0,1992.0,1842370064.0,1033541.0,1925.0,0.0,1.0,0.0,0.0,21.0,28.0,2222512664.0,2643483136.0,9507606528.0,47405.0,40793325568.0,1575416617.0,1.0,2580.0,6100345.0,4685.0,290552.0,29331.0,0.0,0.0,3594.0,0.0
1787907128.11836,2026-08-28T08:52:08+00:00,http_log_5m_x7,2625926.0,6548.0,2075614910.0,1988445996.0,310.0,1997.0,58572200.0,1006644.0,1912.0,0.0,0.0,0.0,0.0,21.0,28.0,446870400.0,2643483136.0,9735655424.0,47603.0,40793325568.0,1575416617.0,1.0,2600.0,6109721.0,4701.0,293007.0,29456.0,0.0,0.0,3612.0,0.0
1787907129.123452,2026-08-28T08:52:09+00:00,http_log_5m_x7,2625926.0,6548.0,2075614910.0,1988445996.0,310.0,1997.0,58572200.0,1006644.0,1912.0,0.0,0.0,0.0,0.0,21.0,28.0,446870400.0,2643483136.0,9735655424.0,47603.0,40458350592.0,1627300324.0,1.0,2600.0,6109721.0,4701.0,293007.0,29456.0,0.0,0.0,3612.0,0.0
1787907130.1285172,2026-08-28T08:52:10+00:00,http_log_5m_x7,2625926.0,6548.0,2075614910.0,1988445996.0,310.0,1997.0,58572200.0,1006644.0,1912.0,0.0,0.0,0.0,0.0,21.0,28.0,446870400.0,2643483136.0,9735655424.0,47603.0,40458350592.0,1627300324.0,1.0,2600.0,6109721.0,4701.0,293007.0,29456.0,0.0,0.0,3612.0,0.0
1787907131.133612,2026-08-28T08:52:11+00:00,http_log_5m_x7,2625926.0,6548.0,2075614910.0,1988445996.0,310.0,1997.0,58572200.0,1006644.0,1912.0,0.0,0.0,0.0,0.0,21.0,28.0,446870400.0,2643483136.0,9735655424.0,47603.0,40458350592.0,1627300324.0,1.0,2600.0,6109721.0,4701.0,293007.0,29456.0,0.0,0.0,3612.0,0.0
1787907132.138701,2026-08-28T08:52:12+00:00,http_log_5m_x7,2625926.0,6548.0,2075614910.0,1988445996.0,310.0,1997.0,58572200.0,1006644.0,1912.0,0.0,1.0,0.0,0.0,21.0,30.0,446870400.0,2643483136.0,9735655424.0,47603.0,40458350592.0,1627300324.0,1.0,2600.0,6109721.0,4701.0,293007.0,29456.0,0.0,0.0,3612.0,0.0
1787907133.143766,2026-08-28T08:52:13+00:00,http_log_5m_x7,2625926.0,6548.0,2075614910.0,1988445996.0,310.0,1997.0,58572200.0,1006644.0,1912.0,0.0,1.0,0.0,0.0,21.0,30.0,446870400.0,2643483136.0,9735655424.0,47603.0,40458350592.0,1627300324.0,1.0,2600.0,6109721.0,4701.0,293007.0,29456.0,0.0,0.0,3612.0,0.0
1787907134.148872,2026-08-28T08:52:14+00:00,http_log_5m_x7,2625926.0,6548.0,2075614910.0,1991461456.0,310.0,2002.0,58572200.0,1007167.0,1994.0,1.0,0.0,0.0,0.0,22.0,30.0,446870400.0,2643483136.0,9735655424.0,47603.0,40458350592.0,1627300324.0,1.0,2600.0,6109721.0,4701.0,293007.0,29456.0,0.0,0.0,3612.0,0.0
1787907135.153931,2026-08-28T08:52:15+00:00,http_log_5m_x7,2625926.0,6548.0,2075614910.0,1991461456.0,310.0,2002.0,58572200.0,1007167.0,1994.0,1.0,0.0,0.0,0.0,22.0,30.0,446870400.0,2643483136.0,9735655424.0,47603.0,40458350592.0,1627300324.0,1.0,2600.0,6109721.0,4701.0,293007.0,29456.0,0.0,0.0,3612.0,0.0
1787907136.1540911,2026-08-28T08:52:16+00:00,http_log_5m_x7,2625926.0,6548.0,2075614910.0,1991461456.0,310.0,2002.0,58572200.0,1007167.0,1994.0,1.0,0.0,0.0,0.0,22.0,30.0,446870400.0,2643483136.0,9735655424.0,47603.0,40458350592.0,1627300324.0,1.0,2600.0,6109721.0,4701.0,293007.0,29456.0,0.0,0.0,3612.0,0.0
1787907137.159169,2026-08-28T08:52:17+00:00,http_log_5m_x7,2625926.0,6548.0,2075614910.0,1991461456.0,310.0,2002.0,58572200.0,1007167.0,1994.0,1.0,1.0,0.0,0.0,22.0,19.0,446870400.0,2643483136.0,9735655424.0,47603.0,40458350592.0,1627300324.0,1.0,2600.0,6109721.0,4701.0,293007.0,29456.0,0.0,0.0,3612.0,0.0
1787907138.164237,2026-08-28T08:52:18+00:00,http_log_5m_x7,2625926.0,6548.0,2075614910.0,1991461456.0,310.0,2002.0,58572200.0,1007167.0,1994.0,1.0,1.0,0.0,0.0,22.0,19.0,446870400.0,2643483136.0,9735655424.0,47603.0,40458350592.0,1627300324.0,1.0,2600.0,6109721.0,4701.0,293007.0,29456.0,0.0,0.0,3612.0,0.0
1787907139.169313,2026-08-28T08:52:19+00:00,http_log_5m_x7,2625926.0,6548.0,2075614910.0,1994476443.0,310.0,2007.0,58572200.0,954411.0,2159.0,1.0,0.0,0.0,0.0,22.0,19.0,446870400.0,2643483136.0,9735655424.0,47603.0,40458350592.0,1627300324.0,1.0,2600.0,6109721.0,4701.0,293007.0,29456.0,0.0,0.0,3612.0,0.0
1787907140.17438,2026-08-28T08:52:20+00:00,http_log_5m_x7,2625926.0,6548.0,2075614910.0,1994476443.0,310.0,2007.0,58572200.0,954411.0,2159.0,1.0,0.0,0.0,0.0,22.0,19.0,446870400.0,2643483136.0,9735655424.0,47603.0,40458350592.0,1627300324.0,1.0,2600.0,6109721.0,4701.0,293007.0,29456.0,0.0,0.0,3612.0,0.0
1787907141.179466,2026-08-28T08:52:21+00:00,http_log_5m_x7,2625926.0,6548.0,2075614910.0,1994476443.0,310.0,2007.0,58572200.0,954411.0,2159.0,1.0,1.0,0.0,0.0,22.0,12.0,446870400.0,2643483136.0,9735655424.0,47603.0,40458350592.0,1627300324.0,1.0,2600.0,6109721.0,4701.0,293007.0,29456.0,0.0,0.0,3612.0,0.0
1787907142.18459,2026-08-28T08:52:22+00:00,http_log_5m_x7,2625926.0,6548.0,2075614910.0,1999773110.0,310.0,2012.0,393584552.0,2038747.0,1598.0,1.0,0.0,0.0,0.0,22.0,12.0,782261216.0,2643483136.0,9769066496.0,47694.0,40458350592.0,1627300324.0,0.0,2619.0,6119598.0,4710.0,295058.0,29506.0,0.0,0.0,3630.0,0.0
1787907143.1896708,2026-08-28T08:52:23+00:00,http_log_5m_x7,2625926.0,6548.0,2075614910.0,1999773110.0,310.0,2012.0,393584552.0,2038747.0,1598.0,1.0,0.0,0.0,0.0,22.0,12.0,782261216.0,2643483136.0,9769066496.0,47694.0,40458350592.0,1627300324.0,0.0,2619.0,6119598.0,4710.0,295058.0,29506.0,0.0,0.0,3630.0,0.0
1787907144.192571,2026-08-28T08:52:24+00:00,http_log_5m_x7,3017618.0,10086.0,2109068232.0,1999773110.0,315.0,2012.0,393584552.0,2038747.0,1598.0,0.0,0.0,0.0,0.0,22.0,12.0,782261216.0,2643483136.0,9769066496.0,47694.0,40458350592.0,1627300324.0,0.0,2619.0,6119598.0,4710.0,295058.0,29506.0,0.0,0.0,3630.0,0.0
1787907145.197642,2026-08-28T08:52:25+00:00,http_log_5m_x7,3017618.0,10086.0,2109068232.0,1999773110.0,315.0,2012.0,393584552.0,2038747.0,1598.0,0.0,0.0,0.0,0.0,22.0,12.0,782261216.0,2643483136.0,9769066496.0,47694.0,40458350592.0,1627300324.0,0.0,2619.0,6119598.0,4710.0,295058.0,29506.0,0.0,0.0,3630.0,0.0
1787907146.202711,2026-08-28T08:52:26+00:00,http_log_5m_x7,3017618.0,10086.0,2109068232.0,1999773110.0,315.0,2012.0,393584552.0,2038747.0,1598.0,0.0,1.0,0.0,0.0,22.0,26.0,782261216.0,2643483136.0,9769066496.0,47694.0,40458350592.0,1627300324.0,0.0,2619.0,6119598.0,4710.0,295058.0,29506.0,0.0,0.0,3630.0,0.0
1787907147.207805,2026-08-28T08:52:27+00:00,http_log_5m_x7,3017618.0,10086.0,2109068232.0,1999773110.0,315.0,2012.0,393584552.0,2038747.0,1598.0,0.0,1.0,0.0,0.0,22.0,26.0,782261216.0,2643483136.0,9769066496.0,47694.0,40458350592.0,1627300324.0,0.0,2619.0,6119598.0,4710.0,295058.0,29506.0,0.0,0.0,3630.0,0.0
1787907148.209288,2026-08-28T08:52:28+00:00,http_log_5m_x7,3017618.0,10086.0,2109068232.0,2002741930.0,315.0,2017.0,393584552.0,999602.0,1970.0,0.0,0.0,0.0,0.0,22.0,26.0,782261216.0,2643483136.0,9769066496.0,47694.0,40458350592.0,1627300324.0,0.0,2619.0,6119598.0,4710.0,295058.0,29506.0,0.0,0.0,3630.0,0.0
1787907149.214348,2026-08-28T08:52:29+00:00,http_log_5m_x7,3017618.0,10086.0,2109068232.0,2002741930.0,315.0,2017.0,393584552.0,999602.0,1970.0,0.0,0.0,0.0,0.0,22.0,26.0,782261216.0,2643483136.0,9769066496.0,47694.0,40458350592.0,1627300324.0,0.0,2619.0,6119598.0,4710.0,295058.0,29506.0,0.0,0.0,3630.0,0.0
1787907150.2194061,2026-08-28T08:52:30+00:00,http_log_5m_x7,3017618.0,10086.0,2109068232.0,2002741930.0,315.0,2017.0,393584552.0,999602.0,1970.0,0.0,1.0,0.0,0.0,22.0,19.0,782261216.0,2643483136.0,9769066496.0,47694.0,40458350592.0,1627300324.0,0.0,2619.0,6119598.0,4710.0,295058.0,29506.0,0.0,0.0,3630.0,0.0
1787907151.224509,2026-08-28T08:52:31+00:00,http_log_5m_x7,3017618.0,10086.0,2109068232.0,2007964439.0,315.0,2022.0,393584552.0,2122108.0,1461.0,0.0,0.0,0.0,0.0,22.0,19.0,782261216.0,2643483136.0,9769066496.0,47694.0,40458350592.0,1627300324.0,0.0,2619.0,6119598.0,4710.0,295058.0,29506.0,0.0,0.0,3630.0,0.0
1787907152.229567,2026-08-28T08:52:32+00:00,http_log_5m_x7,3017618.0,10086.0,2109068232.0,2007964439.0,315.0,2022.0,393584552.0,2122108.0,1461.0,0.0,0.0,0.0,0.0,22.0,19.0,782261216.0,2643483136.0,9769066496.0,47694.0,40458350592.0,1627300324.0,0.0,2619.0,6119598.0,4710.0,295058.0,29506.0,0.0,0.0,3630.0,0.0
1787907153.234306,2026-08-28T08:52:33+00:00,http_log_5m_x7,3017618.0,10086.0,2109068232.0,2007964439.0,315.0,2022.0,393584552.0,2122108.0,1461.0,0.0,0.0,0.0,0.0,22.0,19.0,782261216.0,2643483136.0,9769066496.0,47694.0,40458350592.0,1627300324.0,0.0,2619.0,6119598.0,4710.0,295058.0,29506.0,0.0,0.0,3630.0,0.0
1787907154.239362,2026-08-28T08:52:34+00:00,http_log_5m_x7,3017618.0,10086.0,2109068232.0,2007964439.0,315.0,2022.0,393584552.0,2122108.0,1461.0,0.0,0.0,0.0,0.0,22.0,19.0,782261216.0,2643483136.0,9769066496.0,47694.0,40458350592.0,1627300324.0,0.0,2619.0,6119598.0,4710.0,295058.0,29506.0,0.0,0.0,3630.0,0.0
1787907155.241364,2026-08-28T08:52:35+00:00,http_log_5m_x7,3017618.0,10086.0,2109068232.0,2007964439.0,315.0,2022.0,393584552.0,2122108.0,1461.0,0.0,1.0,0.0,0.0,22.0,28.0,782261216.0,2643483136.0,9769066496.0,47694.0,40458350592.0,1627300324.0,0.0,2619.0,6119598.0,4710.0,295058.0,29506.0,0.0,0.0,3630.0,0.0
1787907156.246432,2026-08-28T08:52:36+00:00,http_log_5m_x7,3017618.0,10086.0,2109068232.0,2007964439.0,315.0,2022.0,393584552.0,2122108.0,1461.0,0.0,1.0,0.0,0.0,22.0,28.0,782261216.0,2643483136.0,9769066496.0,47694.0,40458350592.0,1627300324.0,0.0,2619.0,6119598.0,4710.0,295058.0,29506.0,0.0,0.0,3630.0,0.0
1787907157.2515242,2026-08-28T08:52:37+00:00,http_log_5m_x7,3017618.0,10086.0,2109068232.0,2010951485.0,315.0,2027.0,0.0,1033937.0,1889.0,0.0,0.0,0.0,0.0,22.0,28.0,385047016.0,2643483136.0,9864224768.0,47803.0,40458350592.0,1627300324.0,0.0,2637.0,6130253.0,4722.0,296317.0,29560.0,0.0,0.0,3646.0,0.0
1787907158.256584,2026-08-28T08:52:38+00:00,http_log_5m_x7,3017618.0,10086.0,2109068232.0,2010951485.0,315.0,2027.0,0.0,1033937.0,1889.0,0.0,0.0,0.0,0.0,22.0,28.0,385047016.0,2643483136.0,9864224768.0,47803.0,40458350592.0,1627300324.0,0.0,2637.0,6130253.0,4722.0,296317.0,29560.0,0.0,0.0,3646.0,0.0
1787907159.2616708,2026-08-28T08:52:39+00:00,http_log_5m_x7,3017618.0,10086.0,2109068232.0,2010951485.0,315.0,2027.0,0.0,1033937.0,1889.0,0.0,1.0,0.0,0.0,22.0,21.0,385047016.0,2643483136.0,9864224768.0,47803.0,40458350592.0,1627300324.0,0.0,2637.0,6130253.0,4722.0,296317.0,29560.0,0.0,0.0,3646.0,0.0
1787907160.2667599,2026-08-28T08:52:40+00:00,http_log_5m_x7,3017618.0,10086.0,2109068232.0,2016191649.0,315.0,2032.0,0.0,2043745.0,1564.0,0.0,0.0,0.0,0.0,22.0,21.0,385047016.0,2643483136.0,9864224768.0,47803.0,40458350592.0,1627300324.0,0.0,2637.0,6130253.0,4722.0,296317.0,29560.0,0.0,0.0,3646.0,0.0
1787907161.26878,2026-08-28T08:52:41+00:00,http_log_5m_x7,3017618.0,10086.0,2109068232.0,2016191649.0,315.0,2032.0,0.0,2043745.0,1564.0,0.0,0.0,0.0,0.0,22.0,21.0,385047016.0,2643483136.0,9864224768.0,47803.0,40458350592.0,1627300324.0,0.0,2637.0,6130253.0,4722.0,296317.0,29560.0,0.0,0.0,3646.0,0.0
1787907162.271379,2026-08-28T08:52:42+00:00,http_log_5m_x7,3017618.0,10086.0,2109068232.0,2016191649.0,315.0,2032.0,0.0,2043745.0,1564.0,0.0,0.0,0.0,0.0,22.0,21.0,385047016.0,2643483136.0,9864224768.0,47803.0,40458350592.0,1627300324.0,0.0,2637.0,6130253.0,4722.0,296317.0,29560.0,0.0,0.0,3646.0,0.0
1787907163.2736719,2026-08-28T08:52:43+00:00,http_log_5m_x7,3017618.0,10086.0,2109068232.0,2016191649.0,315.0,2032.0,0.0,2043745.0,1564.0,0.0,0.0,0.0,0.0,22.0,21.0,385047016.0,2643483136.0,9864224768.0,47803.0,40458350592.0,1627300324.0,0.0,2637.0,6130253.0,4722.0,296317.0,29560.0,0.0,0.0,3646.0,0.0
1787907164.2787762,2026-08-28T08:52:44+00:00,http_log_5m_x7,3017618.0,10086.0,2109068232.0,2016191649.0,315.0,2032.0,0.0,2043745.0,1564.0,0.0,1.0,0.0,0.0,22.0,29.0,385047016.0,2643483136.0,9864224768.0,47803.0,40458350592.0,1627300324.0,0.0,2637.0,6130253.0,4722.0,296317.0,29560.0,0.0,0.0,3646.0,0.0
1787907165.283861,2026-08-28T08:52:45+00:00,http_log_5m_x7,3017618.0,10086.0,2109068232.0,2016191649.0,315.0,2032.0,0.0,2043745.0,1564.0,0.0,1.0,0.0,0.0,22.0,29.0,385047016.0,2643483136.0,9864224768.0,47803.0,40458350592.0,1627300324.0,0.0,2637.0,6130253.0,4722.0,296317.0,29560.0,0.0,0.0,3646.0,0.0
1787907166.288955,2026-08-28T08:52:46+00:00,http_log_5m_x7,3017618.0,10086.0,2109068232.0,2019178655.0,315.0,2037.0,0.0,907352.0,2292.0,0.0,0.0,0.0,0.0,22.0,29.0,385047016.0,2643483136.0,9864224768.0,47803.0,40458350592.0,1627300324.0,0.0,2637.0,6130253.0,4722.0,296317.0,29560.0,0.0,0.0,3646.0,0.0
1787907167.294017,2026-08-28T08:52:47+00:00,http_log_5m_x7,3017618.0,10086.0,2109068232.0,2019178655.0,315.0,2037.0,0.0,907352.0,2292.0,0.0,0.0,0.0,0.0,22.0,29.0,385047016.0,2643483136.0,9864224768.0,47803.0,40458350592.0,1627300324.0,0.0,2637.0,6130253.0,4722.0,296317.0,29560.0,0.0,0.0,3646.0,0.0
1787907168.299087,2026-08-28T08:52:48+00:00,http_log_5m_x7,3017618.0,10086.0,2109068232.0,2019178655.0,315.0,2037.0,0.0,907352.0,2292.0,0.0,1.0,0.0,0.0,22.0,22.0,385047016.0,2643483136.0,9864224768.0,47803.0,40458350592.0,1627300324.0,0.0,2637.0,6130253.0,4722.0,296317.0,29560.0,0.0,0.0,3646.0,0.0
1787907169.3018398,2026-08-28T08:52:49+00:00,http_log_5m_x7,3017618.0,10086.0,2109068232.0,2024427984.0,315.0,2042.0,0.0,1994425.0,1632.0,0.0,0.0,0.0,0.0,22.0,22.0,385047016.0,2643483136.0,9864224768.0,47803.0,40458350592.0,1627300324.0,0.0,2637.0,6130253.0,4722.0,296317.0,29560.0,0.0,0.0,3646.0,0.0
1787907170.3040252,2026-08-28T08:52:50+00:00,http_log_5m_x7,3017618.0,10086.0,2109068232.0,2024427984.0,315.0,2042.0,0.0,1994425.0,1632.0,1.0,0.0,0.0,0.0,22.0,22.0,385047016.0,2643483136.0,9864224768.0,47803.0,40458350592.0,1627300324.0,0.0,2637.0,6130253.0,4722.0,296317.0,29560.0,0.0,0.0,3646.0,0.0
1787907171.305352,2026-08-28T08:52:51+00:00,http_log_5m_x7,3017618.0,10086.0,2109068232.0,2024427984.0,315.0,2042.0,0.0,1994425.0,1632.0,1.0,0.0,0.0,0.0,22.0,22.0,385047016.0,2643483136.0,9864224768.0,47803.0,40458350592.0,1627300324.0,0.0,2637.0,6130253.0,4722.0,296317.0,29560.0,0.0,0.0,3646.0,0.0
1787907172.310427,2026-08-28T08:52:52+00:00,http_log_5m_x7,3017618.0,10086.0,2109068232.0,2024427984.0,315.0,2042.0,115623496.0,1994425.0,1632.0,1.0,0.0,0.0,0.0,22.0,22.0,502981024.0,2643483136.0,9903484928.0,47889.0,40458350592.0,1627300324.0,0.0,2656.0,6140689.0,4731.0,297771.0,29616.0,0.0,0.0,3661.0,0.0
1787907173.314875,2026-08-28T08:52:53+00:00,http_log_5m_x7,3017618.0,10086.0,2109068232.0,2024427984.0,315.0,2042.0,115623496.0,1994425.0,1632.0,1.0,1.0,0.0,0.0,22.0,20.0,502981024.0,2643483136.0,9903484928.0,47889.0,40458350592.0,1627300324.0,0.0,2656.0,6140689.0,4731.0,297771.0,29616.0,0.0,0.0,3661.0,0.0
1787907174.319938,2026-08-28T08:52:54+00:00,http_log_5m_x7,3017618.0,10086.0,2109068232.0,2024427984.0,315.0,2042.0,115623496.0,1994425.0,1632.0,1.0,1.0,0.0,0.0,22.0,20.0,502981024.0,2643483136.0,9903484928.0,47889.0,40458350592.0,1627300324.0,0.0,2656.0,6140689.0,4731.0,297771.0,29616.0,0.0,0.0,3661.0,0.0
1787907175.325001,2026-08-28T08:52:55+00:00,http_log_5m_x7,3017618.0,10086.0,2109068232.0,2027396718.0,315.0,2047.0,115623496.0,888842.0,2340.0,1.0,0.0,0.0,0.0,22.0,20.0,502981024.0,2643483136.0,9903484928.0,47889.0,40458350592.0,1627300324.0,0.0,2656.0,6140689.0,4731.0,297771.0,29616.0,0.0,0.0,3661.0,0.0
1787907176.33007,2026-08-28T08:52:56+00:00,http_log_5m_x7,3017618.0,10086.0,2109068232.0,2027396718.0,315.0,2047.0,115623496.0,888842.0,2340.0,1.0,1.0,0.0,0.0,22.0,12.0,502981024.0,2643483136.0,9903484928.0,47889.0,40458350592.0,1627300324.0,0.0,2656.0,6140689.0,4731.0,297771.0,29616.0,0.0,0.0,3661.0,0.0
1787907177.335129,2026-08-28T08:52:57+00:00,http_log_5m_x7,3017618.0,10086.0,2109068232.0,2027396718.0,315.0,2047.0,115623496.0,888842.0,2340.0,1.0,1.0,0.0,0.0,22.0,12.0,502981024.0,2643483136.0,9903484928.0,47889.0,40458350592.0,1627300324.0,0.0,2656.0,6140689.0,4731.0,297771.0,29616.0,0.0,0.0,3661.0,0.0
1787907178.340344,2026-08-28T08:52:58+00:00,http_log_5m_x7,3017618.0,10086.0,2109068232.0,2032609742.0,315.0,2052.0,115623496.0,1975378.0,1639.0,1.0,0.0,0.0,0.0,22.0,12.0,502981024.0,2643483136.0,9903484928.0,47889.0,40458350592.0,1627300324.0,0.0,2656.0,6140689.0,4731.0,297771.0,29616.0,0.0,0.0,3661.0,0.0
1787907179.3432388,2026-08-28T08:52:59+00:00,http_log_5m_x7,3017618.0,10086.0,2109068232.0,2032609742.0,315.0,2052.0,115623496.0,1975378.0,1639.0,1.0,0.0,0.0,0.0,22.0,12.0,502981024.0,2643483136.0,9903484928.0,47889.0,40458350592.0,1627300324.0,0.0,2656.0,6140689.0,4731.0,297771.0,29616.0,0.0,0.0,3661.0,0.0
1787907180.346897,2026-08-28T08:53:00+00:00,http_log_5m_x7,3017618.0,10086.0,2109068232.0,2032609742.0,315.0,2052.0,115623496.0,1975378.0,1639.0,1.0,1.0,0.0,0.0,22.0,11.0,502981024.0,2643483136.0,9903484928.0,47889.0,40458350592.0,1627300324.0,0.0,2656.0,6140689.0,4731.0,297771.0,29616.0,0.0,0.0,3661.0,0.0
1787907181.350595,2026-08-28T08:53:01+00:00,http_log_5m_x7,3017618.0,10086.0,2109068232.0,2032609742.0,315.0,2052.0,115623496.0,1975378.0,1639.0,1.0,1.0,0.0,0.0,22.0,11.0,502981024.0,2643483136.0,9903484928.0,47889.0,40458350592.0,1627300324.0,0.0,2656.0,6140689.0,4731.0,297771.0,29616.0,0.0,0.0,3661.0,0.0
1787907182.352173,2026-08-28T08:53:02+00:00,http_log_5m_x7,3017618.0,10086.0,2109068232.0,2032609742.0,315.0,2052.0,115623496.0,1975378.0,1639.0,1.0,1.0,0.0,0.0,22.0,11.0,502981024.0,2643483136.0,9903484928.0,47889.0,40458350592.0,1627300324.0,0.0,2656.0,6140689.0,4731.0,297771.0,29616.0,0.0,0.0,3661.0,0.0
1787907183.3572538,2026-08-28T08:53:03+00:00,http_log_5m_x7,3017618.0,10086.0,2109068232.0,2040072413.0,315.0,2057.0,115623496.0,1956139.0,2815.0,1.0,0.0,0.0,0.0,22.0,11.0,502981024.0,2643483136.0,9903484928.0,47889.0,40458350592.0,1627300324.0,0.0,2656.0,6140689.0,4731.0,297771.0,29616.0,0.0,0.0,3661.0,0.0
1787907184.362335,2026-08-28T08:53:04+00:00,http_log_5m_x7,3017618.0,10086.0,2109068232.0,2040072413.0,315.0,2057.0,115623496.0,1956139.0,2815.0,1.0,0.0,0.0,0.0,22.0,11.0,502981024.0,2643483136.0,9903484928.0,47889.0,40458350592.0,1627300324.0,0.0,2656.0,6140689.0,4731.0,297771.0,29616.0,0.0,0.0,3661.0,0.0
1787907185.367399,2026-08-28T08:53:05+00:00,http_log_5m_x7,3017618.0,10086.0,2109068232.0,2040072413.0,315.0,2057.0,115623496.0,1956139.0,2815.0,1.0,1.0,0.0,0.0,22.0,27.0,502981024.0,2643483136.0,9903484928.0,47889.0,40458350592.0,1627300324.0,0.0,2656.0,6140689.0,4731.0,297771.0,29616.0,0.0,0.0,3661.0,0.0
1787907186.367527,2026-08-28T08:53:06+00:00,http_log_5m_x7,3017618.0,10086.0,2109068232.0,2040072413.0,315.0,2057.0,115623496.0,1956139.0,2815.0,1.0,1.0,0.0,0.0,22.0,27.0,502981024.0,2643483136.0,9903484928.0,47889.0,40458350592.0,1627300324.0,0.0,2656.0,6140689.0,4731.0,297771.0,29616.0,0.0,0.0,3661.0,0.0
1787907187.370943,2026-08-28T08:53:07+00:00,http_log_5m_x7,3017618.0,10086.0,2109068232.0,2040072413.0,315.0,2057.0,672286504.0,1956139.0,2815.0,1.0,1.0,0.0,0.0,22.0,27.0,1060661424.0,2643483136.0,9945321472.0,47993.0,40458350592.0,1627300324.0,0.0,2675.0,6149514.0,4741.0,300784.0,29710.0,0.0,0.0,3679.0,0.0
1787907188.3760362,2026-08-28T08:53:08+00:00,http_log_5m_x7,2795780.0,18271.0,2162945724.0,2043086992.0,320.0,2062.0,672286504.0,914340.0,2297.0,0.0,0.0,0.0,0.0,22.0,27.0,1060661424.0,2643483136.0,9945321472.0,47993.0,40176611328.0,1679283486.0,0.0,2675.0,6149514.0,4741.0,300784.0,29710.0,0.0,0.0,3679.0,0.0
1787907189.3811269,2026-08-28T08:53:09+00:00,http_log_5m_x7,2795780.0,18271.0,2162945724.0,2043086992.0,320.0,2062.0,672286504.0,914340.0,2297.0,0.0,1.0,0.0,0.0,22.0,19.0,1060661424.0,2643483136.0,9945321472.0,47993.0,40176611328.0,1679283486.0,0.0,2675.0,6149514.0,4741.0,300784.0,29710.0,0.0,0.0,3679.0,0.0
1787907190.3861902,2026-08-28T08:53:10+00:00,http_log_5m_x7,2795780.0,18271.0,2162945724.0,2043086992.0,320.0,2062.0,672286504.0,914340.0,2297.0,0.0,1.0,0.0,0.0,22.0,19.0,1060661424.0,2643483136.0,9945321472.0,47993.0,40176611328.0,1679283486.0,0.0,2675.0,6149514.0,4741.0,300784.0,29710.0,0.0,0.0,3679.0,0.0
1787907191.3912692,2026-08-28T08:53:11+00:00,http_log_5m_x7,2795780.0,18271.0,2162945724.0,2048272118.0,320.0,2067.0,672286504.0,2030993.0,1553.0,0.0,0.0,0.0,0.0,22.0,19.0,1060661424.0,2643483136.0,9945321472.0,47993.0,40176611328.0,1679283486.0,0.0,2675.0,6149514.0,4741.0,300784.0,29710.0,0.0,0.0,3679.0,0.0
1787907192.396331,2026-08-28T08:53:12+00:00,http_log_5m_x7,2795780.0,18271.0,2162945724.0,2048272118.0,320.0,2067.0,672286504.0,2030993.0,1553.0,0.0,0.0,0.0,0.0,22.0,19.0,1060661424.0,2643483136.0,9945321472.0,47993.0,40176611328.0,1679283486.0,0.0,2675.0,6149514.0,4741.0,300784.0,29710.0,0.0,0.0,3679.0,0.0
1787907193.398815,2026-08-28T08:53:13+00:00,http_log_5m_x7,2795780.0,18271.0,2162945724.0,2048272118.0,320.0,2067.0,672286504.0,2030993.0,1553.0,0.0,1.0,0.0,0.0,22.0,19.0,1060661424.0,2643483136.0,9945321472.0,47993.0,40176611328.0,1679283486.0,0.0,2675.0,6149514.0,4741.0,300784.0,29710.0,0.0,0.0,3679.0,0.0
1787907194.40389,2026-08-28T08:53:14+00:00,http_log_5m_x7,2795780.0,18271.0,2162945724.0,2048272118.0,320.0,2067.0,672286504.0,2030993.0,1553.0,0.0,1.0,0.0,0.0,22.0,19.0,1060661424.0,2643483136.0,9945321472.0,47993.0,40176611328.0,1679283486.0,0.0,2675.0,6149514.0,4741.0,300784.0,29710.0,0.0,0.0,3679.0,0.0
1787907195.408973,2026-08-28T08:53:15+00:00,http_log_5m_x7,2795780.0,18271.0,2162945724.0,2048272118.0,320.0,2067.0,672286504.0,2030993.0,1553.0,0.0,1.0,0.0,0.0,22.0,19.0,1060661424.0,2643483136.0,9945321472.0,47993.0,40176611328.0,1679283486.0,0.0,2675.0,6149514.0,4741.0,300784.0,29710.0,0.0,0.0,3679.0,0.0
1787907196.4129632,2026-08-28T08:53:16+00:00,http_log_5m_x7,2795780.0,18271.0,2162945724.0,2055724539.0,320.0,2072.0,672286504.0,2413348.0,2088.0,0.0,0.0,0.0,0.0,22.0,19.0,1060661424.0,2643483136.0,9945321472.0,47993.0,40176611328.0,1679283486.0,0.0,2675.0,6149514.0,4741.0,300784.0,29710.0,0.0,0.0,3679.0,0.0
1787907197.4180639,2026-08-28T08:53:17+00:00,http_log_5m_x7,2795780.0,18271.0,2162945724.0,2055724539.0,320.0,2072.0,672286504.0,2413348.0,2088.0,0.0,0.0,0.0,0.0,22.0,19.0,1060661424.0,2643483136.0,9945321472.0,47993.0,40176611328.0,1679283486.0,0.0,2675.0,6149514.0,4741.0,300784.0,29710.0,0.0,0.0,3679.0,0.0
1787907198.4254742,2026-08-28T08:53:18+00:00,http_log_5m_x7,2795780.0,18271.0,2162945724.0,2055724539.0,320.0,2072.0,672286504.0,2413348.0,2088.0,0.0,1.0,0.0,0.0,22.0,28.0,1060661424.0,2643483136.0,9945321472.0,47993.0,40176611328.0,1679283486.0,0.0,2675.0,6149514.0,4741.0,300784.0,29710.0,0.0,0.0,3679.0,0.0
1787907199.425612,2026-08-28T08:53:19+00:00,http_log_5m_x7,2795780.0,18271.0,2162945724.0,2055724539.0,320.0,2072.0,672286504.0,2413348.0,2088.0,0.0,1.0,0.0,0.0,22.0,28.0,1060661424.0,2643483136.0,9945321472.0,47993.0,40176611328.0,1679283486.0,0.0,2675.0,6149514.0,4741.0,300784.0,29710.0,0.0,0.0,3679.0,0.0
1787907200.429333,2026-08-28T08:53:20+00:00,http_log_5m_x7,2795780.0,18271.0,2162945724.0,2058712223.0,320.0,2077.0,672286504.0,948170.0,2151.0,0.0,0.0,0.0,0.0,22.0,28.0,1060661424.0,2643483136.0,9945321472.0,47993.0,40176611328.0,1679283486.0,0.0,2675.0,6149514.0,4741.0,300784.0,29710.0,0.0,0.0,3679.0,0.0
1787907201.432466,2026-08-28T08:53:21+00:00,http_log_5m_x7,2795780.0,18271.0,2162945724.0,2058712223.0,320.0,2077.0,672286504.0,948170.0,2151.0,0.0,0.0,0.0,0.0,22.0,28.0,1060661424.0,2643483136.0,9945321472.0,47993.0,40176611328.0,1679283486.0,0.0,2675.0,6149514.0,4741.0,300784.0,29710.0,0.0,0.0,3679.0,0.0
1787907202.4372559,2026-08-28T08:53:22+00:00,http_log_5m_x7,2795780.0,18271.0,2162945724.0,2058712223.0,320.0,2077.0,0.0,948170.0,2151.0,0.0,1.0,0.0,0.0,22.0,21.0,387323104.0,2643483136.0,10075742208.0,48170.0,40176611328.0,1679283486.0,1.0,2693.0,6160068.0,4757.0,302123.0,29777.0,0.0,0.0,3694.0,0.0
1787907203.4407942,2026-08-28T08:53:23+00:00,http_log_5m_x7,2795780.0,18271.0,2162945724.0,2058712223.0,320.0,2077.0,0.0,948170.0,2151.0,0.0,1.0,0.0,0.0,22.0,21.0,387323104.0,2643483136.0,10075742208.0,48170.0,40176611328.0,1679283486.0,1.0,2693.0,6160068.0,4757.0,302123.0,29777.0,0.0,0.0,3694.0,0.0
1787907204.445854,2026-08-28T08:53:24+00:00,http_log_5m_x7,2795780.0,18271.0,2162945724.0,2063961922.0,320.0,2082.0,0.0,2011378.0,1610.0,0.0,0.0,0.0,0.0,22.0,21.0,387323104.0,2643483136.0,10075742208.0,48170.0,40176611328.0,1679283486.0,1.0,2693.0,6160068.0,4757.0,302123.0,29777.0,0.0,0.0,3694.0,0.0
1787907205.446035,2026-08-28T08:53:25+00:00,http_log_5m_x7,2795780.0,18271.0,2162945724.0,2063961922.0,320.0,2082.0,0.0,2011378.0,1610.0,0.0,0.0,0.0,0.0,22.0,21.0,387323104.0,2643483136.0,10075742208.0,48170.0,40176611328.0,1679283486.0,1.0,2693.0,6160068.0,4757.0,302123.0,29777.0,0.0,0.0,3694.0,0.0
1787907206.451139,2026-08-28T08:53:26+00:00,http_log_5m_x7,2795780.0,18271.0,2162945724.0,2063961922.0,320.0,2082.0,0.0,2011378.0,1610.0,0.0,1.0,0.0,0.0,22.0,20.0,387323104.0,2643483136.0,10075742208.0,48170.0,40176611328.0,1679283486.0,1.0,2693.0,6160068.0,4757.0,302123.0,29777.0,0.0,0.0,3694.0,0.0
1787907207.456204,2026-08-28T08:53:27+00:00,http_log_5m_x7,2795780.0,18271.0,2162945724.0,2063961922.0,320.0,2082.0,0.0,2011378.0,1610.0,0.0,1.0,0.0,0.0,22.0,20.0,387323104.0,2643483136.0,10075742208.0,48170.0,40176611328.0,1679283486.0,1.0,2693.0,6160068.0,4757.0,302123.0,29777.0,0.0,0.0,3694.0,0.0
1787907208.4612658,2026-08-28T08:53:28+00:00,http_log_5m_x7,2795780.0,18271.0,2162945724.0,2071491144.0,320.0,2087.0,0.0,2335366.0,2224.0,0.0,0.0,0.0,0.0,22.0,20.0,387323104.0,2643483136.0,10075742208.0,48170.0,40176611328.0,1679283486.0,1.0,2693.0,6160068.0,4757.0,302123.0,29777.0,0.0,0.0,3694.0,0.0
1787907209.4663281,2026-08-28T08:53:29+00:00,http_log_5m_x7,2795780.0,18271.0,2162945724.0,2071491144.0,320.0,2087.0,0.0,2335366.0,2224.0,0.0,0.0,0.0,0.0,22.0,20.0,387323104.0,2643483136.0,10075742208.0,48170.0,40176611328.0,1679283486.0,1.0,2693.0,6160068.0,4757.0,302123.0,29777.0,0.0,0.0,3694.0,0.0
1787907210.467333,2026-08-28T08:53:30+00:00,http_log_5m_x7,2795780.0,18271.0,2162945724.0,2071491144.0,320.0,2087.0,0.0,2335366.0,2224.0,0.0,0.0,0.0,0.0,22.0,20.0,387323104.0,2643483136.0,10075742208.0,48170.0,40176611328.0,1679283486.0,1.0,2693.0,6160068.0,4757.0,302123.0,29777.0,0.0,0.0,3694.0,0.0
1787907211.472329,2026-08-28T08:53:31+00:00,http_log_5m_x7,2795780.0,18271.0,2162945724.0,2071491144.0,320.0,2087.0,0.0,2335366.0,2224.0,0.0,1.0,0.0,0.0,22.0,29.0,387323104.0,2643483136.0,10075742208.0,48170.0,40176611328.0,1679283486.0,1.0,2693.0,6160068.0,4757.0,302123.0,29777.0,0.0,0.0,3694.0,0.0
1787907212.4773939,2026-08-28T08:53:32+00:00,http_log_5m_x7,2795780.0,18271.0,2162945724.0,2071491144.0,320.0,2087.0,0.0,2335366.0,2224.0,0.0,1.0,0.0,0.0,22.0,29.0,387323104.0,2643483136.0,10075742208.0,48170.0,40176611328.0,1679283486.0,1.0,2693.0,6160068.0,4757.0,302123.0,29777.0,0.0,0.0,3694.0,0.0
1787907213.482483,2026-08-28T08:53:33+00:00,http_log_5m_x7,2795780.0,18271.0,2162945724.0,2074505962.0,320.0,2092.0,0.0,995317.0,2029.0,0.0,0.0,0.0,0.0,22.0,29.0,387323104.0,2643483136.0,10075742208.0,48170.0,40176611328.0,1679283486.0,1.0,2693.0,6160068.0,4757.0,302123.0,29777.0,0.0,0.0,3694.0,0.0
1787907214.487541,2026-08-28T08:53:34+00:00,http_log_5m_x7,2795780.0,18271.0,2162945724.0,2074505962.0,320.0,2092.0,0.0,995317.0,2029.0,0.0,0.0,0.0,0.0,22.0,29.0,387323104.0,2643483136.0,10075742208.0,48170.0,40176611328.0,1679283486.0,1.0,2693.0,6160068.0,4757.0,302123.0,29777.0,0.0,0.0,3694.0,0.0
1787907215.4926112,2026-08-28T08:53:35+00:00,http_log_5m_x7,2795780.0,18271.0,2162945724.0,2074505962.0,320.0,2092.0,0.0,995317.0,2029.0,0.0,1.0,0.0,0.0,22.0,22.0,387323104.0,2643483136.0,10075742208.0,48170.0,40176611328.0,1679283486.0,1.0,2693.0,6160068.0,4757.0,302123.0,29777.0,0.0,0.0,3694.0,0.0
1787907216.497609,2026-08-28T08:53:36+00:00,http_log_5m_x7,2795780.0,18271.0,2162945724.0,2074505962.0,320.0,2092.0,0.0,995317.0,2029.0,0.0,1.0,0.0,0.0,22.0,22.0,387323104.0,2643483136.0,10075742208.0,48170.0,40176611328.0,1679283486.0,1.0,2693.0,6160068.0,4757.0,302123.0,29777.0,0.0,0.0,3694.0,0.0
1787907217.502671,2026-08-28T08:53:37+00:00,http_log_5m_x7,2795780.0,18271.0,2162945724.0,2079774439.0,320.0,2097.0,0.0,2098994.0,1510.0,0.0,0.0,0.0,0.0,22.0,22.0,419809272.0,2643483136.0,10124804096.0,48272.0,40176611328.0,1679283486.0,0.0,2718.0,6170647.0,4767.0,303468.0,29827.0,0.0,0.0,3710.0,0.0
1787907218.5053399,2026-08-28T08:53:38+00:00,http_log_5m_x7,2795780.0,18271.0,2162945724.0,2079774439.0,320.0,2097.0,0.0,2098994.0,1510.0,0.0,0.0,0.0,0.0,22.0,22.0,419809272.0,2643483136.0,10124804096.0,48272.0,40176611328.0,1679283486.0,0.0,2718.0,6170647.0,4767.0,303468.0,29827.0,0.0,0.0,3710.0,0.0
1787907219.510411,2026-08-28T08:53:39+00:00,http_log_5m_x7,2795780.0,18271.0,2162945724.0,2079774439.0,320.0,2097.0,0.0,2098994.0,1510.0,0.0,1.0,0.0,0.0,22.0,21.0,419809272.0,2643483136.0,10124804096.0,48272.0,40176611328.0,1679283486.0,0.0,2718.0,6170647.0,4767.0,303468.0,29827.0,0.0,0.0,3710.0,0.0
1787907220.5154781,2026-08-28T08:53:40+00:00,http_log_5m_x7,2795780.0,18271.0,2162945724.0,2079774439.0,320.0,2097.0,0.0,2098994.0,1510.0,0.0,1.0,0.0,0.0,22.0,21.0,419809272.0,2643483136.0,10124804096.0,48272.0,40176611328.0,1679283486.0,0.0,2718.0,6170647.0,4767.0,303468.0,29827.0,0.0,0.0,3710.0,0.0
1787907221.520521,2026-08-28T08:53:41+00:00,http_log_5m_x7,2795780.0,18271.0,2162945724.0,2087256629.0,320.0,2102.0,0.0,2293743.0,2262.0,0.0,0.0,0.0,0.0,22.0,21.0,419809272.0,2643483136.0,10124804096.0,48272.0,40176611328.0,1679283486.0,0.0,2718.0,6170647.0,4767.0,303468.0,29827.0,0.0,0.0,3710.0,0.0
1787907222.524832,2026-08-28T08:53:42+00:00,http_log_5m_x7,2795780.0,18271.0,2162945724.0,2087256629.0,320.0,2102.0,0.0,2293743.0,2262.0,0.0,0.0,0.0,0.0,22.0,21.0,419809272.0,2643483136.0,10124804096.0,48272.0,40176611328.0,1679283486.0,0.0,2718.0,6170647.0,4767.0,303468.0,29827.0,0.0,0.0,3710.0,0.0
1787907223.5295098,2026-08-28T08:53:43+00:00,http_log_5m_x7,2795780.0,18271.0,2162945724.0,2087256629.0,320.0,2102.0,0.0,2293743.0,2262.0,0.0,0.0,0.0,0.0,22.0,21.0,419809272.0,2643483136.0,10124804096.0,48272.0,40176611328.0,1679283486.0,0.0,2718.0,6170647.0,4767.0,303468.0,29827.0,0.0,0.0,3710.0,0.0
1787907224.5345721,2026-08-28T08:53:44+00:00,http_log_5m_x7,2795780.0,18271.0,2162945724.0,2087256629.0,320.0,2102.0,0.0,2293743.0,2262.0,0.0,1.0,0.0,0.0,22.0,31.0,419809272.0,2643483136.0,10124804096.0,48272.0,40176611328.0,1679283486.0,0.0,2718.0,6170647.0,4767.0,303468.0,29827.0,0.0,0.0,3710.0,0.0
1787907225.539659,2026-08-28T08:53:45+00:00,http_log_5m_x7,2795780.0,18271.0,2162945724.0,2087256629.0,320.0,2102.0,0.0,2293743.0,2262.0,1.0,1.0,0.0,0.0,19.0,31.0,419809272.0,2643483136.0,10124804096.0,48272.0,40176611328.0,1679283486.0,0.0,2718.0,6170647.0,4767.0,303468.0,29827.0,0.0,0.0,3710.0,0.0
1787907226.543914,2026-08-28T08:53:46+00:00,http_log_5m_x7,2795780.0,18271.0,2162945724.0,2090253473.0,320.0,2107.0,0.0,998282.0,2002.0,1.0,0.0,0.0,0.0,19.0,31.0,419809272.0,2643483136.0,10124804096.0,48272.0,40176611328.0,1679283486.0,0.0,2718.0,6170647.0,4767.0,303468.0,29827.0,0.0,0.0,3710.0,0.0
1787907227.5489879,2026-08-28T08:53:47+00:00,http_log_5m_x7,2795780.0,18271.0,2162945724.0,2090253473.0,320.0,2107.0,0.0,998282.0,2002.0,1.0,0.0,0.0,0.0,19.0,31.0,419809272.0,2643483136.0,10124804096.0,48272.0,40176611328.0,1679283486.0,0.0,2718.0,6170647.0,4767.0,303468.0,29827.0,0.0,0.0,3710.0,0.0
1787907228.554057,2026-08-28T08:53:48+00:00,http_log_5m_x7,2795780.0,18271.0,2162945724.0,2090253473.0,320.0,2107.0,0.0,998282.0,2002.0,1.0,1.0,0.0,0.0,19.0,12.0,419809272.0,2643483136.0,10124804096.0,48272.0,40176611328.0,1679283486.0,0.0,2718.0,6170647.0,4767.0,303468.0,29827.0,0.0,0.0,3710.0,0.0
1787907229.5591319,2026-08-28T08:53:49+00:00,http_log_5m_x7,2795780.0,18271.0,2162945724.0,2090253473.0,320.0,2107.0,0.0,998282.0,2002.0,1.0,1.0,0.0,0.0,19.0,12.0,419809272.0,2643483136.0,10124804096.0,48272.0,40176611328.0,1679283486.0,0.0,2718.0,6170647.0,4767.0,303468.0,29827.0,0.0,0.0,3710.0,0.0
1787907230.564214,2026-08-28T08:53:50+00:00,http_log_5m_x7,2795780.0,18271.0,2162945724.0,2095437569.0,320.0,2112.0,0.0,1985482.0,1611.0,1.0,0.0,0.0,0.0,19.0,12.0,419809272.0,2643483136.0,10124804096.0,48272.0,40176611328.0,1679283486.0,0.0,2718.0,6170647.0,4767.0,303468.0,29827.0,0.0,0.0,3710.0,0.0
1787907231.567382,2026-08-28T08:53:51+00:00,http_log_5m_x7,2795780.0,18271.0,2162945724.0,2095437569.0,320.0,2112.0,0.0,1985482.0,1611.0,1.0,0.0,0.0,0.0,19.0,12.0,419809272.0,2643483136.0,10124804096.0,48272.0,40176611328.0,1679283486.0,0.0,2718.0,6170647.0,4767.0,303468.0,29827.0,0.0,0.0,3710.0,0.0
1787907232.574344,2026-08-28T08:53:52+00:00,http_log_5m_x7,2795780.0,18271.0,2162945724.0,2095437569.0,320.0,2112.0,318845840.0,1985482.0,1611.0,1.0,1.0,0.0,0.0,19.0,11.0,733764240.0,2643483136.0,10166530048.0,48367.0,40176611328.0,1679283486.0,0.0,2737.0,6180683.0,4776.0,305349.0,29894.0,0.0,0.0,3725.0,0.0
1787907233.5766778,2026-08-28T08:53:53+00:00,http_log_5m_x7,2795780.0,18271.0,2162945724.0,2095437569.0,320.0,2112.0,318845840.0,1985482.0,1611.0,1.0,1.0,0.0,0.0,19.0,11.0,733764240.0,2643483136.0,10166530048.0,48367.0,40176611328.0,1679283486.0,0.0,2737.0,6180683.0,4776.0,305349.0,29894.0,0.0,0.0,3725.0,0.0
1787907234.5808709,2026-08-28T08:53:54+00:00,http_log_5m_x7,2795780.0,18271.0,2162945724.0,2095437569.0,320.0,2112.0,318845840.0,1985482.0,1611.0,1.0,1.0,0.0,0.0,19.0,11.0,733764240.0,2643483136.0,10166530048.0,48367.0,40176611328.0,1679283486.0,0.0,2737.0,6180683.0,4776.0,305349.0,29894.0,0.0,0.0,3725.0,0.0
1787907235.5859962,2026-08-28T08:53:55+00:00,http_log_5m_x7,2795780.0,18271.0,2162945724.0,2102825525.0,320.0,2117.0,318845840.0,1913978.0,2860.0,1.0,0.0,0.0,0.0,19.0,11.0,733764240.0,2643483136.0,10166530048.0,48367.0,40176611328.0,1679283486.0,0.0,2737.0,6180683.0,4776.0,305349.0,29894.0,0.0,0.0,3725.0,0.0
1787907236.588626,2026-08-28T08:53:56+00:00,http_log_5m_x7,2795780.0,18271.0,2162945724.0,2102825525.0,320.0,2117.0,318845840.0,1913978.0,2860.0,1.0,0.0,0.0,0.0,19.0,11.0,733764240.0,2643483136.0,10166530048.0,48367.0,40176611328.0,1679283486.0,0.0,2737.0,6180683.0,4776.0,305349.0,29894.0,0.0,0.0,3725.0,0.0
1787907237.592191,2026-08-28T08:53:57+00:00,http_log_5m_x7,2795780.0,18271.0,2162945724.0,2102825525.0,320.0,2117.0,318845840.0,1913978.0,2860.0,1.0,1.0,0.0,0.0,19.0,26.0,733764240.0,2643483136.0,10166530048.0,48367.0,40176611328.0,1679283486.0,0.0,2737.0,6180683.0,4776.0,305349.0,29894.0,0.0,0.0,3725.0,0.0
1787907238.592374,2026-08-28T08:53:58+00:00,http_log_5m_x7,2795780.0,18271.0,2162945724.0,2102825525.0,320.0,2117.0,318845840.0,1913978.0,2860.0,1.0,1.0,0.0,0.0,19.0,26.0,733764240.0,2643483136.0,10166530048.0,48367.0,40176611328.0,1679283486.0,0.0,2737.0,6180683.0,4776.0,305349.0,29894.0,0.0,0.0,3725.0,0.0
1787907239.597461,2026-08-28T08:53:59+00:00,http_log_5m_x7,2795780.0,18271.0,2162945724.0,2105867624.0,320.0,2122.0,318845840.0,952740.0,2193.0,1.0,0.0,0.0,0.0,19.0,26.0,733764240.0,2643483136.0,10166530048.0,48367.0,40176611328.0,1679283486.0,0.0,2737.0,6180683.0,4776.0,305349.0,29894.0,0.0,0.0,3725.0,0.0
1787907240.602548,2026-08-28T08:54:00+00:00,http_log_5m_x7,2795780.0,18271.0,2162945724.0,2105867624.0,320.0,2122.0,318845840.0,952740.0,2193.0,1.0,0.0,0.0,0.0,19.0,26.0,733764240.0,2643483136.0,10166530048.0,48367.0,40176611328.0,1679283486.0,0.0,2737.0,6180683.0,4776.0,305349.0,29894.0,0.0,0.0,3725.0,0.0
1787907241.6076229,2026-08-28T08:54:01+00:00,http_log_5m_x7,2795780.0,18271.0,2162945724.0,2105867624.0,320.0,2122.0,318845840.0,952740.0,2193.0,1.0,0.0,0.0,0.0,19.0,26.0,733764240.0,2643483136.0,10166530048.0,48367.0,40176611328.0,1679283486.0,0.0,2737.0,6180683.0,4776.0,305349.0,29894.0,0.0,0.0,3725.0,0.0
1787907242.6126862,2026-08-28T08:54:02+00:00,http_log_5m_x7,2795780.0,18271.0,2162945724.0,2105867624.0,320.0,2122.0,318845840.0,952740.0,2193.0,1.0,1.0,0.0,0.0,19.0,28.0,733764240.0,2643483136.0,10166530048.0,48367.0,40176611328.0,1679283486.0,0.0,2737.0,6180683.0,4776.0,305349.0,29894.0,0.0,0.0,3725.0,0.0
1787907243.61776,2026-08-28T08:54:03+00:00,http_log_5m_x7,2795780.0,18271.0,2162945724.0,2105867624.0,320.0,2122.0,318845840.0,952740.0,2193.0,1.0,1.0,0.0,0.0,19.0,28.0,733764240.0,2643483136.0,10166530048.0,48367.0,40176611328.0,1679283486.0,0.0,2737.0,6180683.0,4776.0,305349.0,29894.0,0.0,0.0,3725.0,0.0
1787907244.622871,2026-08-28T08:54:04+00:00,http_log_5m_x7,2795780.0,18271.0,2162945724.0,2108798732.0,320.0,2127.0,318845840.0,926100.0,2165.0,1.0,0.0,0.0,0.0,19.0,28.0,733764240.0,2643483136.0,10166530048.0,48367.0,40176611328.0,1679283486.0,0.0,2737.0,6180683.0,4776.0,305349.0,29894.0,0.0,0.0,3725.0,0.0
1787907245.6251788,2026-08-28T08:54:05+00:00,http_log_5m_x7,2795780.0,18271.0,2162945724.0,2108798732.0,320.0,2127.0,318845840.0,926100.0,2165.0,1.0,0.0,0.0,0.0,19.0,28.0,733764240.0,2643483136.0,10166530048.0,48367.0,40176611328.0,1679283486.0,0.0,2737.0,6180683.0,4776.0,305349.0,29894.0,0.0,0.0,3725.0,0.0
1787907246.63027,2026-08-28T08:54:06+00:00,http_log_5m_x7,2795780.0,18271.0,2162945724.0,2108798732.0,320.0,2127.0,823843696.0,926100.0,2165.0,1.0,0.0,0.0,0.0,19.0,28.0,1235910872.0,2643483136.0,10204393472.0,48453.0,40176611328.0,1679283486.0,0.0,2755.0,6189650.0,4785.0,308239.0,29970.0,0.0,0.0,3744.0,0.0
1787907247.635324,2026-08-28T08:54:07+00:00,http_log_5m_x7,2795780.0,18271.0,2162945724.0,2108798732.0,320.0,2127.0,823843696.0,926100.0,2165.0,1.0,1.0,0.0,0.0,19.0,30.0,1235910872.0,2643483136.0,10204393472.0,48453.0,40176611328.0,1679283486.0,0.0,2755.0,6189650.0,4785.0,308239.0,29970.0,0.0,0.0,3744.0,0.0
1787907248.640396,2026-08-28T08:54:08+00:00,http_log_5m_x7,2795780.0,18271.0,2162945724.0,2108798732.0,320.0,2127.0,823843696.0,926100.0,2165.0,1.0,1.0,0.0,0.0,19.0,30.0,1235910872.0,2643483136.0,10204393472.0,48453.0,39969284096.0,1731586178.0,0.0,2755.0,6189650.0,4785.0,308239.0,29970.0,0.0,0.0,3744.0,0.0
1787907249.642724,2026-08-28T08:54:09+00:00,http_log_5m_x7,2795780.0,18271.0,2162945724.0,2111776949.0,320.0,2132.0,823843696.0,849947.0,2504.0,1.0,0.0,0.0,0.0,19.0,30.0,1235910872.0,2643483136.0,10204393472.0,48453.0,39969284096.0,1731586178.0,0.0,2755.0,6189650.0,4785.0,308239.0,29970.0,0.0,0.0,3744.0,0.0
1787907250.647829,2026-08-28T08:54:10+00:00,http_log_5m_x7,2795780.0,18271.0,2162945724.0,2111776949.0,320.0,2132.0,823843696.0,849947.0,2504.0,1.0,0.0,0.0,0.0,19.0,30.0,1235910872.0,2643483136.0,10204393472.0,48453.0,39969284096.0,1731586178.0,0.0,2755.0,6189650.0,4785.0,308239.0,29970.0,0.0,0.0,3744.0,0.0
1787907251.6529212,2026-08-28T08:54:11+00:00,http_log_5m_x7,2795780.0,18271.0,2162945724.0,2111776949.0,320.0,2132.0,823843696.0,849947.0,2504.0,1.0,0.0,0.0,0.0,19.0,30.0,1235910872.0,2643483136.0,10204393472.0,48453.0,39969284096.0,1731586178.0,0.0,2755.0,6189650.0,4785.0,308239.0,29970.0,0.0,0.0,3744.0,0.0
1787907252.6579862,2026-08-28T08:54:12+00:00,http_log_5m_x7,2795780.0,18271.0,2162945724.0,2111776949.0,320.0,2132.0,823843696.0,849947.0,2504.0,1.0,1.0,0.0,0.0,19.0,32.0,1235910872.0,2643483136.0,10204393472.0,48453.0,39969284096.0,1731586178.0,0.0,2755.0,6189650.0,4785.0,308239.0,29970.0,0.0,0.0,3744.0,0.0
1787907253.662763,2026-08-28T08:54:13+00:00,http_log_5m_x7,2894677.0,27731.0,2246112716.0,2111776949.0,325.0,2132.0,823843696.0,849947.0,2504.0,0.0,1.0,0.0,0.0,19.0,32.0,1235910872.0,2643483136.0,10204393472.0,48453.0,39969284096.0,1731586178.0,0.0,2755.0,6189650.0,4785.0,308239.0,29970.0,0.0,0.0,3744.0,0.0
1787907254.667833,2026-08-28T08:54:14+00:00,http_log_5m_x7,2894677.0,27731.0,2246112716.0,2114792204.0,325.0,2137.0,823843696.0,949387.0,2176.0,0.0,0.0,0.0,0.0,19.0,32.0,1235910872.0,2643483136.0,10204393472.0,48453.0,39969284096.0,1731586178.0,0.0,2755.0,6189650.0,4785.0,308239.0,29970.0,0.0,0.0,3744.0,0.0
1787907255.672908,2026-08-28T08:54:15+00:00,http_log_5m_x7,2894677.0,27731.0,2246112716.0,2114792204.0,325.0,2137.0,823843696.0,949387.0,2176.0,0.0,1.0,0.0,0.0,19.0,34.0,1235910872.0,2643483136.0,10204393472.0,48453.0,39969284096.0,1731586178.0,0.0,2755.0,6189650.0,4785.0,308239.0,29970.0,0.0,0.0,3744.0,0.0
1787907256.675503,2026-08-28T08:54:16+00:00,http_log_5m_x7,2894677.0,27731.0,2246112716.0,2114792204.0,325.0,2137.0,823843696.0,949387.0,2176.0,0.0,1.0,0.0,0.0,19.0,34.0,1235910872.0,2643483136.0,10204393472.0,48453.0,39969284096.0,1731586178.0,0.0,2755.0,6189650.0,4785.0,308239.0,29970.0,0.0,0.0,3744.0,0.0
1787907257.680397,2026-08-28T08:54:17+00:00,http_log_5m_x7,2894677.0,27731.0,2246112716.0,2114792204.0,325.0,2137.0,823843696.0,949387.0,2176.0,0.0,1.0,0.0,0.0,19.0,34.0,1235910872.0,2643483136.0,10204393472.0,48453.0,39969284096.0,1731586178.0,0.0,2755.0,6189650.0,4785.0,308239.0,29970.0,0.0,0.0,3744.0,0.0
1787907258.683661,2026-08-28T08:54:18+00:00,http_log_5m_x7,2894677.0,27731.0,2246112716.0,2114792204.0,325.0,2137.0,823843696.0,949387.0,2176.0,0.0,2.0,0.0,0.0,19.0,25.0,1235910872.0,2643483136.0,10204393472.0,48453.0,39969284096.0,1731586178.0,0.0,2755.0,6189650.0,4785.0,308239.0,29970.0,0.0,0.0,3744.0,0.0
1787907259.686733,2026-08-28T08:54:19+00:00,http_log_5m_x7,2894677.0,27731.0,2246112716.0,2114792204.0,325.0,2137.0,823843696.0,949387.0,2176.0,0.0,2.0,0.0,0.0,19.0,25.0,1235910872.0,2643483136.0,10204393472.0,48453.0,39969284096.0,1731586178.0,0.0,2755.0,6189650.0,4785.0,308239.0,29970.0,0.0,0.0,3744.0,0.0
1787907260.6879969,2026-08-28T08:54:20+00:00,http_log_5m_x7,2894677.0,27731.0,2246112716.0,2117816825.0,325.0,2142.0,823843696.0,939031.0,2221.0,0.0,1.0,0.0,0.0,19.0,25.0,1235910872.0,2643483136.0,10204393472.0,48453.0,39969284096.0,1731586178.0,0.0,2755.0,6189650.0,4785.0,308239.0,29970.0,0.0,0.0,3744.0,0.0
1787907261.6930912,2026-08-28T08:54:21+00:00,http_log_5m_x7,2894677.0,27731.0,2246112716.0,2136496016.0,325.0,2147.0,0.0,2630131.0,6102.0,0.0,0.0,0.0,0.0,19.0,25.0,397011488.0,2643483136.0,10394943488.0,48656.0,39969284096.0,1731586178.0,1.0,2767.0,6198914.0,4804.0,310797.0,30076.0,0.0,0.0,3763.0,0.0
1787907262.69699,2026-08-28T08:54:22+00:00,http_log_5m_x7,2894677.0,27731.0,2246112716.0,2136496016.0,325.0,2147.0,0.0,2630131.0,6102.0,0.0,1.0,0.0,0.0,19.0,21.0,397011488.0,2643483136.0,10394943488.0,48656.0,39969284096.0,1731586178.0,1.0,2767.0,6198914.0,4804.0,310797.0,30076.0,0.0,0.0,3763.0,0.0
1787907263.702058,2026-08-28T08:54:23+00:00,http_log_5m_x7,2894677.0,27731.0,2246112716.0,2142334332.0,325.0,2153.0,0.0,2171992.0,1688.0,0.0,0.0,0.0,0.0,19.0,21.0,397011488.0,2643483136.0,10394943488.0,48656.0,39969284096.0,1731586178.0,1.0,2767.0,6198914.0,4804.0,310797.0,30076.0,0.0,0.0,3763.0,0.0
1787907264.707114,2026-08-28T08:54:24+00:00,http_log_5m_x7,2894677.0,27731.0,2246112716.0,2142334332.0,325.0,2153.0,0.0,2171992.0,1688.0,0.0,0.0,0.0,0.0,19.0,21.0,397011488.0,2643483136.0,10394943488.0,48656.0,39969284096.0,1731586178.0,1.0,2767.0,6198914.0,4804.0,310797.0,30076.0,0.0,0.0,3763.0,0.0
1787907265.707776,2026-08-28T08:54:25+00:00,http_log_5m_x7,2894677.0,27731.0,2246112716.0,2142334332.0,325.0,2153.0,0.0,2171992.0,1688.0,0.0,0.0,0.0,0.0,19.0,21.0,397011488.0,2643483136.0,10394943488.0,48656.0,39969284096.0,1731586178.0,1.0,2767.0,6198914.0,4804.0,310797.0,30076.0,0.0,0.0,3763.0,0.0
1787907266.712776,2026-08-28T08:54:26+00:00,http_log_5m_x7,2894677.0,27731.0,2246112716.0,2142334332.0,325.0,2153.0,0.0,2171992.0,1688.0,0.0,1.0,0.0,0.0,19.0,19.0,397011488.0,2643483136.0,10394943488.0,48656.0,39969284096.0,1731586178.0,1.0,2767.0,6198914.0,4804.0,310797.0,30076.0,0.0,0.0,3763.0,0.0
1787907267.7176352,2026-08-28T08:54:27+00:00,http_log_5m_x7,2894677.0,27731.0,2246112716.0,2142334332.0,325.0,2153.0,0.0,2171992.0,1688.0,0.0,1.0,0.0,0.0,19.0,19.0,397011488.0,2643483136.0,10394943488.0,48656.0,39969284096.0,1731586178.0,1.0,2767.0,6198914.0,4804.0,310797.0,30076.0,0.0,0.0,3763.0,0.0
1787907268.7180438,2026-08-28T08:54:28+00:00,http_log_5m_x7,2894677.0,27731.0,2246112716.0,2150409354.0,325.0,2158.0,0.0,2407579.0,2354.0,0.0,0.0,0.0,0.0,19.0,19.0,397011488.0,2643483136.0,10394943488.0,48656.0,39969284096.0,1731586178.0,1.0,2767.0,6198914.0,4804.0,310797.0,30076.0,0.0,0.0,3763.0,0.0
1787907269.723095,2026-08-28T08:54:29+00:00,http_log_5m_x7,2894677.0,27731.0,2246112716.0,2150409354.0,325.0,2158.0,0.0,2407579.0,2354.0,0.0,0.0,0.0,0.0,19.0,19.0,397011488.0,2643483136.0,10394943488.0,48656.0,39969284096.0,1731586178.0,1.0,2767.0,6198914.0,4804.0,310797.0,30076.0,0.0,0.0,3763.0,0.0
1787907270.72817,2026-08-28T08:54:30+00:00,http_log_5m_x7,2894677.0,27731.0,2246112716.0,2150409354.0,325.0,2158.0,0.0,2407579.0,2354.0,0.0,0.0,0.0,0.0,19.0,19.0,397011488.0,2643483136.0,10394943488.0,48656.0,39969284096.0,1731586178.0,1.0,2767.0,6198914.0,4804.0,310797.0,30076.0,0.0,0.0,3763.0,0.0
1787907271.7333372,2026-08-28T08:54:31+00:00,http_log_5m_x7,2894677.0,27731.0,2246112716.0,2150409354.0,325.0,2158.0,0.0,2407579.0,2354.0,0.0,1.0,0.0,0.0,19.0,34.0,397011488.0,2643483136.0,10394943488.0,48656.0,39969284096.0,1731586178.0,1.0,2767.0,6198914.0,4804.0,310797.0,30076.0,0.0,0.0,3763.0,0.0
1787907272.738396,2026-08-28T08:54:32+00:00,http_log_5m_x7,2894677.0,27731.0,2246112716.0,2150409354.0,325.0,2158.0,0.0,2407579.0,2354.0,0.0,1.0,0.0,0.0,19.0,34.0,397011488.0,2643483136.0,10394943488.0,48656.0,39969284096.0,1731586178.0,1.0,2767.0,6198914.0,4804.0,310797.0,30076.0,0.0,0.0,3763.0,0.0
1787907273.743482,2026-08-28T08:54:33+00:00,http_log_5m_x7,2894677.0,27731.0,2246112716.0,2153396572.0,325.0,2163.0,0.0,991114.0,2014.0,0.0,0.0,0.0,0.0,19.0,34.0,397011488.0,2643483136.0,10394943488.0,48656.0,39969284096.0,1731586178.0,1.0,2767.0,6198914.0,4804.0,310797.0,30076.0,0.0,0.0,3763.0,0.0
1787907274.7452219,2026-08-28T08:54:34+00:00,http_log_5m_x7,2894677.0,27731.0,2246112716.0,2153396572.0,325.0,2163.0,0.0,991114.0,2014.0,0.0,0.0,0.0,0.0,19.0,34.0,397011488.0,2643483136.0,10394943488.0,48656.0,39969284096.0,1731586178.0,1.0,2767.0,6198914.0,4804.0,310797.0,30076.0,0.0,0.0,3763.0,0.0
1787907275.750292,2026-08-28T08:54:35+00:00,http_log_5m_x7,2894677.0,27731.0,2246112716.0,2153396572.0,325.0,2163.0,0.0,991114.0,2014.0,0.0,0.0,0.0,0.0,19.0,34.0,397011488.0,2643483136.0,10394943488.0,48656.0,39969284096.0,1731586178.0,1.0,2767.0,6198914.0,4804.0,310797.0,30076.0,0.0,0.0,3763.0,0.0
1787907276.755378,2026-08-28T08:54:36+00:00,http_log_5m_x7,2894677.0,27731.0,2246112716.0,2153396572.0,325.0,2163.0,0.0,991114.0,2014.0,0.0,1.0,0.0,0.0,19.0,36.0,391083592.0,2643487232.0,10438696960.0,48745.0,39969284096.0,1731586178.0,0.0,2785.0,6209666.0,4812.0,311967.0,30127.0,0.0,0.0,3777.0,0.0
1787907277.76047,2026-08-28T08:54:37+00:00,http_log_5m_x7,2894677.0,27731.0,2246112716.0,2153396572.0,325.0,2163.0,0.0,991114.0,2014.0,0.0,1.0,0.0,0.0,19.0,36.0,391083592.0,2643487232.0,10438696960.0,48745.0,39969284096.0,1731586178.0,0.0,2785.0,6209666.0,4812.0,311967.0,30127.0,0.0,0.0,3777.0,0.0
1787907278.761373,2026-08-28T08:54:38+00:00,http_log_5m_x7,2894677.0,27731.0,2246112716.0,2156356296.0,325.0,2168.0,0.0,989543.0,1991.0,0.0,0.0,0.0,0.0,19.0,36.0,391083592.0,2643487232.0,10438696960.0,48745.0,39969284096.0,1731586178.0,0.0,2785.0,6209666.0,4812.0,311967.0,30127.0,0.0,0.0,3777.0,0.0
1787907279.761996,2026-08-28T08:54:39+00:00,http_log_5m_x7,2894677.0,27731.0,2246112716.0,2156356296.0,325.0,2168.0,0.0,989543.0,1991.0,0.0,0.0,0.0,0.0,19.0,36.0,391083592.0,2643487232.0,10438696960.0,48745.0,39969284096.0,1731586178.0,0.0,2785.0,6209666.0,4812.0,311967.0,30127.0,0.0,0.0,3777.0,0.0
1787907280.763326,2026-08-28T08:54:40+00:00,http_log_5m_x7,2894677.0,27731.0,2246112716.0,2156356296.0,325.0,2168.0,0.0,989543.0,1991.0,0.0,0.0,0.0,0.0,19.0,36.0,391083592.0,2643487232.0,10438696960.0,48745.0,39969284096.0,1731586178.0,0.0,2785.0,6209666.0,4812.0,311967.0,30127.0,0.0,0.0,3777.0,0.0
1787907281.768379,2026-08-28T08:54:41+00:00,http_log_5m_x7,2894677.0,27731.0,2246112716.0,2156356296.0,325.0,2168.0,0.0,989543.0,1991.0,0.0,1.0,0.0,0.0,19.0,38.0,391083592.0,2643487232.0,10438696960.0,48745.0,39969284096.0,1731586178.0,0.0,2785.0,6209666.0,4812.0,311967.0,30127.0,0.0,0.0,3777.0,0.0
1787907282.769825,2026-08-28T08:54:42+00:00,http_log_5m_x7,2894677.0,27731.0,2246112716.0,2156356296.0,325.0,2168.0,0.0,989543.0,1991.0,0.0,1.0,0.0,0.0,19.0,38.0,391083592.0,2643487232.0,10438696960.0,48745.0,39969284096.0,1731586178.0,0.0,2785.0,6209666.0,4812.0,311967.0,30127.0,0.0,0.0,3777.0,0.0
1787907283.770506,2026-08-28T08:54:43+00:00,http_log_5m_x7,2894677.0,27731.0,2246112716.0,2159334557.0,325.0,2173.0,0.0,1005829.0,1961.0,0.0,0.0,0.0,0.0,19.0,38.0,391083592.0,2643487232.0,10438696960.0,48745.0,39969284096.0,1731586178.0,0.0,2785.0,6209666.0,4812.0,311967.0,30127.0,0.0,0.0,3777.0,0.0
1787907284.771531,2026-08-28T08:54:44+00:00,http_log_5m_x7,2894677.0,27731.0,2246112716.0,2159334557.0,325.0,2173.0,0.0,1005829.0,1961.0,0.0,0.0,0.0,0.0,19.0,38.0,391083592.0,2643487232.0,10438696960.0,48745.0,39969284096.0,1731586178.0,0.0,2785.0,6209666.0,4812.0,311967.0,30127.0,0.0,0.0,3777.0,0.0
1787907285.771779,2026-08-28T08:54:45+00:00,http_log_5m_x7,2894677.0,27731.0,2246112716.0,2159334557.0,325.0,2173.0,0.0,1005829.0,1961.0,0.0,0.0,0.0,0.0,19.0,38.0,391083592.0,2643487232.0,10438696960.0,48745.0,39969284096.0,1731586178.0,0.0,2785.0,6209666.0,4812.0,311967.0,30127.0,0.0,0.0,3777.0,0.0
1787907286.775815,2026-08-28T08:54:46+00:00,http_log_5m_x7,2894677.0,27731.0,2246112716.0,2159334557.0,325.0,2173.0,0.0,1005829.0,1961.0,0.0,1.0,0.0,0.0,19.0,39.0,391083592.0,2643487232.0,10438696960.0,48745.0,39969284096.0,1731586178.0,0.0,2785.0,6209666.0,4812.0,311967.0,30127.0,0.0,0.0,3777.0,0.0
1787907287.779548,2026-08-28T08:54:47+00:00,http_log_5m_x7,2894677.0,27731.0,2246112716.0,2159334557.0,325.0,2173.0,0.0,1005829.0,1961.0,0.0,1.0,0.0,0.0,19.0,39.0,391083592.0,2643487232.0,10438696960.0,48745.0,39969284096.0,1731586178.0,0.0,2785.0,6209666.0,4812.0,311967.0,30127.0,0.0,0.0,3777.0,0.0
1787907288.7836769,2026-08-28T08:54:48+00:00,http_log_5m_x7,2894677.0,27731.0,2246112716.0,2162340463.0,325.0,2178.0,0.0,964668.0,2116.0,0.0,0.0,0.0,0.0,19.0,39.0,391083592.0,2643487232.0,10438696960.0,48745.0,39969284096.0,1731586178.0,0.0,2785.0,6209666.0,4812.0,311967.0,30127.0,0.0,0.0,3777.0,0.0
1787907289.7887712,2026-08-28T08:54:49+00:00,http_log_5m_x7,2894677.0,27731.0,2246112716.0,2162340463.0,325.0,2178.0,0.0,964668.0,2116.0,0.0,0.0,0.0,0.0,19.0,39.0,391083592.0,2643487232.0,10438696960.0,48745.0,39969284096.0,1731586178.0,0.0,2785.0,6209666.0,4812.0,311967.0,30127.0,0.0,0.0,3777.0,0.0
1787907290.7904582,2026-08-28T08:54:50+00:00,http_log_5m_x7,2894677.0,27731.0,2246112716.0,2162340463.0,325.0,2178.0,0.0,964668.0,2116.0,0.0,0.0,0.0,0.0,19.0,39.0,391083592.0,2643487232.0,10438696960.0,48745.0,39969284096.0,1731586178.0,0.0,2785.0,6209666.0,4812.0,311967.0,30127.0,0.0,0.0,3777.0,0.0
1787907291.7947361,2026-08-28T08:54:51+00:00,http_log_5m_x7,2894677.0,27731.0,2246112716.0,2162340463.0,325.0,2178.0,0.0,964668.0,2116.0,0.0,1.0,0.0,0.0,19.0,41.0,387630048.0,2643491328.0,10470727680.0,48846.0,39969284096.0,1731586178.0,0.0,2803.0,6220387.0,4822.0,313168.0,30174.0,0.0,0.0,3794.0,0.0
1787907292.7979589,2026-08-28T08:54:52+00:00,http_log_5m_x7,2894677.0,27731.0,2246112716.0,2162340463.0,325.0,2178.0,0.0,964668.0,2116.0,0.0,2.0,0.0,0.0,19.0,29.0,387630048.0,2643491328.0,10470727680.0,48846.0,39969284096.0,1731586178.0,0.0,2803.0,6220387.0,4822.0,313168.0,30174.0,0.0,0.0,3794.0,0.0
1787907293.801502,2026-08-28T08:54:53+00:00,http_log_5m_x7,2894677.0,27731.0,2246112716.0,2162340463.0,325.0,2178.0,0.0,964668.0,2116.0,0.0,2.0,0.0,0.0,19.0,29.0,387630048.0,2643491328.0,10470727680.0,48846.0,39969284096.0,1731586178.0,0.0,2803.0,6220387.0,4822.0,313168.0,30174.0,0.0,0.0,3794.0,0.0
1787907294.805069,2026-08-28T08:54:54+00:00,http_log_5m_x7,2894677.0,27731.0,2246112716.0,2165290345.0,325.0,2183.0,0.0,863043.0,2418.0,0.0,1.0,0.0,0.0,19.0,29.0,387630048.0,2643491328.0,10470727680.0,48846.0,39969284096.0,1731586178.0,0.0,2803.0,6220387.0,4822.0,313168.0,30174.0,0.0,0.0,3794.0,0.0
1787907295.807907,2026-08-28T08:54:55+00:00,http_log_5m_x7,2894677.0,27731.0,2246112716.0,2165290345.0,325.0,2183.0,0.0,863043.0,2418.0,0.0,2.0,0.0,0.0,19.0,20.0,387630048.0,2643491328.0,10470727680.0,48846.0,39969284096.0,1731586178.0,0.0,2803.0,6220387.0,4822.0,313168.0,30174.0,0.0,0.0,3794.0,0.0
1787907296.80896,2026-08-28T08:54:56+00:00,http_log_5m_x7,2894677.0,27731.0,2246112716.0,2165290345.0,325.0,2183.0,0.0,863043.0,2418.0,0.0,2.0,0.0,0.0,19.0,20.0,387630048.0,2643491328.0,10470727680.0,48846.0,39969284096.0,1731586178.0,0.0,2803.0,6220387.0,4822.0,313168.0,30174.0,0.0,0.0,3794.0,0.0
1787907297.813167,2026-08-28T08:54:57+00:00,http_log_5m_x7,2894677.0,27731.0,2246112716.0,2170539495.0,325.0,2188.0,0.0,1832164.0,1865.0,0.0,1.0,0.0,0.0,19.0,20.0,387630048.0,2643491328.0,10470727680.0,48846.0,39969284096.0,1731586178.0,0.0,2803.0,6220387.0,4822.0,313168.0,30174.0,0.0,0.0,3794.0,0.0
1787907298.818264,2026-08-28T08:54:58+00:00,http_log_5m_x7,2894677.0,27731.0,2246112716.0,2170539495.0,325.0,2188.0,0.0,1832164.0,1865.0,0.0,1.0,0.0,0.0,19.0,20.0,387630048.0,2643491328.0,10470727680.0,48846.0,39969284096.0,1731586178.0,0.0,2803.0,6220387.0,4822.0,313168.0,30174.0,0.0,0.0,3794.0,0.0
1787907299.823339,2026-08-28T08:54:59+00:00,http_log_5m_x7,2894677.0,27731.0,2246112716.0,2189868898.0,325.0,2193.0,0.0,2441814.0,6916.0,0.0,1.0,0.0,0.0,19.0,19.0,387630048.0,2643491328.0,10470727680.0,48846.0,39969284096.0,1731586178.0,0.0,2803.0,6220387.0,4822.0,313168.0,30174.0,0.0,0.0,3794.0,0.0
1787907300.8284218,2026-08-28T08:55:00+00:00,http_log_5m_x7,2894677.0,27731.0,2246112716.0,2189868898.0,325.0,2193.0,0.0,2441814.0,6916.0,0.0,1.0,0.0,0.0,19.0,19.0,387630048.0,2643491328.0,10470727680.0,48846.0,39969284096.0,1731586178.0,0.0,2803.0,6220387.0,4822.0,313168.0,30174.0,0.0,0.0,3794.0,0.0
1787907301.8335402,2026-08-28T08:55:01+00:00,http_log_5m_x7,2894677.0,27731.0,2246112716.0,2197398665.0,325.0,2198.0,0.0,2296360.0,2279.0,0.0,0.0,0.0,0.0,19.0,19.0,387630048.0,2643491328.0,10470727680.0,48846.0,39969284096.0,1731586178.0,0.0,2803.0,6220387.0,4822.0,313168.0,30174.0,0.0,0.0,3794.0,0.0
1787907302.834691,2026-08-28T08:55:02+00:00,http_log_5m_x7,2894677.0,27731.0,2246112716.0,2197398665.0,325.0,2198.0,0.0,2296360.0,2279.0,0.0,0.0,0.0,0.0,19.0,19.0,387630048.0,2643491328.0,10470727680.0,48846.0,39969284096.0,1731586178.0,0.0,2803.0,6220387.0,4822.0,313168.0,30174.0,0.0,0.0,3794.0,0.0
1787907303.839146,2026-08-28T08:55:03+00:00,http_log_5m_x7,2894677.0,27731.0,2246112716.0,2197398665.0,325.0,2198.0,0.0,2296360.0,2279.0,0.0,0.0,0.0,0.0,19.0,19.0,387630048.0,2643491328.0,10470727680.0,48846.0,39969284096.0,1731586178.0,0.0,2803.0,6220387.0,4822.0,313168.0,30174.0,0.0,0.0,3794.0,0.0
1787907304.8398569,2026-08-28T08:55:04+00:00,http_log_5m_x7,2894677.0,27731.0,2246112716.0,2197398665.0,325.0,2198.0,0.0,2296360.0,2279.0,0.0,1.0,0.0,0.0,19.0,35.0,387630048.0,2643491328.0,10470727680.0,48846.0,39969284096.0,1731586178.0,0.0,2803.0,6220387.0,4822.0,313168.0,30174.0,0.0,0.0,3794.0,0.0
1787907305.844918,2026-08-28T08:55:05+00:00,http_log_5m_x7,2894677.0,27731.0,2246112716.0,2197398665.0,325.0,2198.0,0.0,2296360.0,2279.0,0.0,1.0,0.0,0.0,19.0,35.0,387630048.0,2643491328.0,10470727680.0,48846.0,39969284096.0,1731586178.0,0.0,2803.0,6220387.0,4822.0,313168.0,30174.0,0.0,0.0,3794.0,0.0
1787907306.84656,2026-08-28T08:55:06+00:00,http_log_5m_x7,2894677.0,27731.0,2246112716.0,2200367160.0,325.0,2203.0,58545352.0,970096.0,2060.0,0.0,0.0,0.0,0.0,19.0,35.0,448988456.0,2643491328.0,10543587328.0,48951.0,39969284096.0,1731586178.0,0.0,2823.0,6230034.0,4833.0,315387.0,30257.0,0.0,0.0,3812.0,0.0
1787907307.850934,2026-08-28T08:55:07+00:00,http_log_5m_x7,2894677.0,27731.0,2246112716.0,2200367160.0,325.0,2203.0,58545352.0,970096.0,2060.0,0.0,0.0,0.0,0.0,19.0,35.0,448988456.0,2643491328.0,10543587328.0,48951.0,39683936256.0,1783505248.0,0.0,2823.0,6230034.0,4833.0,315387.0,30257.0,0.0,0.0,3812.0,0.0
1787907308.855941,2026-08-28T08:55:08+00:00,http_log_5m_x7,2894677.0,27731.0,2246112716.0,2200367160.0,325.0,2203.0,58545352.0,970096.0,2060.0,0.0,0.0,0.0,0.0,19.0,35.0,448988456.0,2643491328.0,10543587328.0,48951.0,39683936256.0,1783505248.0,0.0,2823.0,6230034.0,4833.0,315387.0,30257.0,0.0,0.0,3812.0,0.0
1787907309.8609889,2026-08-28T08:55:09+00:00,http_log_5m_x7,2894677.0,27731.0,2246112716.0,2200367160.0,325.0,2203.0,58545352.0,970096.0,2060.0,0.0,1.0,0.0,0.0,19.0,37.0,448988456.0,2643491328.0,10543587328.0,48951.0,39683936256.0,1783505248.0,0.0,2823.0,6230034.0,4833.0,315387.0,30257.0,0.0,0.0,3812.0,0.0
1787907310.863872,2026-08-28T08:55:10+00:00,http_log_5m_x7,2894677.0,27731.0,2246112716.0,2200367160.0,325.0,2203.0,58545352.0,970096.0,2060.0,0.0,1.0,0.0,0.0,19.0,37.0,448988456.0,2643491328.0,10543587328.0,48951.0,39683936256.0,1783505248.0,0.0,2823.0,6230034.0,4833.0,315387.0,30257.0,0.0,0.0,3812.0,0.0
1787907311.868948,2026-08-28T08:55:11+00:00,http_log_5m_x7,2894677.0,27731.0,2246112716.0,2203437810.0,325.0,2208.0,58545352.0,956588.0,2210.0,0.0,0.0,0.0,0.0,19.0,37.0,448988456.0,2643491328.0,10543587328.0,48951.0,39683936256.0,1783505248.0,0.0,2823.0,6230034.0,4833.0,315387.0,30257.0,0.0,0.0,3812.0,0.0
1787907312.870084,2026-08-28T08:55:12+00:00,http_log_5m_x7,2894677.0,27731.0,2246112716.0,2203437810.0,325.0,2208.0,58545352.0,956588.0,2210.0,0.0,0.0,0.0,0.0,19.0,37.0,448988456.0,2643491328.0,10543587328.0,48951.0,39683936256.0,1783505248.0,0.0,2823.0,6230034.0,4833.0,315387.0,30257.0,0.0,0.0,3812.0,0.0
1787907313.872572,2026-08-28T08:55:13+00:00,http_log_5m_x7,2894677.0,27731.0,2246112716.0,2203437810.0,325.0,2208.0,58545352.0,956588.0,2210.0,0.0,0.0,0.0,0.0,19.0,37.0,448988456.0,2643491328.0,10543587328.0,48951.0,39683936256.0,1783505248.0,0.0,2823.0,6230034.0,4833.0,315387.0,30257.0,0.0,0.0,3812.0,0.0
1787907314.8739479,2026-08-28T08:55:14+00:00,http_log_5m_x7,2894677.0,27731.0,2246112716.0,2203437810.0,325.0,2208.0,58545352.0,956588.0,2210.0,0.0,1.0,0.0,0.0,19.0,39.0,448988456.0,2643491328.0,10543587328.0,48951.0,39683936256.0,1783505248.0,0.0,2823.0,6230034.0,4833.0,315387.0,30257.0,0.0,0.0,3812.0,0.0
1787907315.874301,2026-08-28T08:55:15+00:00,http_log_5m_x7,2894677.0,27731.0,2246112716.0,2203437810.0,325.0,2208.0,58545352.0,956588.0,2210.0,0.0,1.0,0.0,0.0,19.0,39.0,448988456.0,2643491328.0,10543587328.0,48951.0,39683936256.0,1783505248.0,0.0,2823.0,6230034.0,4833.0,315387.0,30257.0,0.0,0.0,3812.0,0.0
1787907316.878572,2026-08-28T08:55:16+00:00,http_log_5m_x7,2894677.0,27731.0,2246112716.0,2206461521.0,325.0,2213.0,58545352.0,966659.0,2128.0,0.0,0.0,0.0,0.0,19.0,39.0,448988456.0,2643491328.0,10543587328.0,48951.0,39683936256.0,1783505248.0,0.0,2823.0,6230034.0,4833.0,315387.0,30257.0,0.0,0.0,3812.0,0.0
1787907317.880523,2026-08-28T08:55:17+00:00,http_log_5m_x7,2894677.0,27731.0,2246112716.0,2206461521.0,325.0,2213.0,58545352.0,966659.0,2128.0,0.0,0.0,0.0,0.0,19.0,39.0,448988456.0,2643491328.0,10543587328.0,48951.0,39683936256.0,1783505248.0,0.0,2823.0,6230034.0,4833.0,315387.0,30257.0,0.0,0.0,3812.0,0.0
1787907318.8856041,2026-08-28T08:55:18+00:00,http_log_5m_x7,2894677.0,27731.0,2246112716.0,2206461521.0,325.0,2213.0,58545352.0,966659.0,2128.0,0.0,0.0,0.0,0.0,19.0,39.0,448988456.0,2643491328.0,10543587328.0,48951.0,39683936256.0,1783505248.0,0.0,2823.0,6230034.0,4833.0,315387.0,30257.0,0.0,0.0,3812.0,0.0
1787907319.888577,2026-08-28T08:55:19+00:00,http_log_5m_x7,2894677.0,27731.0,2246112716.0,2206461521.0,325.0,2213.0,58545352.0,966659.0,2128.0,0.0,1.0,0.0,0.0,19.0,41.0,448988456.0,2643491328.0,10543587328.0,48951.0,39683936256.0,1783505248.0,0.0,2823.0,6230034.0,4833.0,315387.0,30257.0,0.0,0.0,3812.0,0.0
1787907320.8896441,2026-08-28T08:55:20+00:00,http_log_5m_x7,2894677.0,27731.0,2246112716.0,2206461521.0,325.0,2213.0,58545352.0,966659.0,2128.0,0.0,1.0,0.0,0.0,19.0,41.0,448988456.0,2643491328.0,10543587328.0,48951.0,39683936256.0,1783505248.0,0.0,2823.0,6230034.0,4833.0,315387.0,30257.0,0.0,0.0,3812.0,0.0
1787907321.894598,2026-08-28T08:55:21+00:00,http_log_5m_x7,2894677.0,27731.0,2246112716.0,2209430518.0,325.0,2218.0,58560440.0,946746.0,2136.0,0.0,0.0,0.0,0.0,19.0,41.0,449339376.0,2643495424.0,10576891904.0,49053.0,39683936256.0,1783505248.0,0.0,2841.0,6240651.0,4842.0,316690.0,30307.0,0.0,0.0,3827.0,0.0
1787907322.8996658,2026-08-28T08:55:22+00:00,http_log_5m_x7,2894677.0,27731.0,2246112716.0,2209430518.0,325.0,2218.0,58560440.0,946746.0,2136.0,0.0,1.0,0.0,0.0,19.0,37.0,449339376.0,2643495424.0,10576891904.0,49053.0,39683936256.0,1783505248.0,0.0,2841.0,6240651.0,4842.0,316690.0,30307.0,0.0,0.0,3827.0,0.0
1787907323.904746,2026-08-28T08:55:23+00:00,http_log_5m_x7,2894677.0,27731.0,2246112716.0,2209430518.0,325.0,2218.0,58560440.0,946746.0,2136.0,0.0,1.0,0.0,0.0,19.0,37.0,449339376.0,2643495424.0,10576891904.0,49053.0,39683936256.0,1783505248.0,0.0,2841.0,6240651.0,4842.0,316690.0,30307.0,0.0,0.0,3827.0,0.0
1787907324.909795,2026-08-28T08:55:24+00:00,http_log_5m_x7,2894677.0,27731.0,2246112716.0,2209430518.0,325.0,2218.0,58560440.0,946746.0,2136.0,0.0,2.0,0.0,0.0,19.0,29.0,449339376.0,2643495424.0,10576891904.0,49053.0,39683936256.0,1783505248.0,0.0,2841.0,6240651.0,4842.0,316690.0,30307.0,0.0,0.0,3827.0,0.0
1787907325.912788,2026-08-28T08:55:25+00:00,http_log_5m_x7,2894677.0,27731.0,2246112716.0,2209430518.0,325.0,2218.0,58560440.0,946746.0,2136.0,0.0,2.0,0.0,0.0,19.0,29.0,449339376.0,2643495424.0,10576891904.0,49053.0,39683936256.0,1783505248.0,0.0,2841.0,6240651.0,4842.0,316690.0,30307.0,0.0,0.0,3827.0,0.0
1787907326.9143481,2026-08-28T08:55:26+00:00,http_log_5m_x7,2894677.0,27731.0,2246112716.0,2212371475.0,325.0,2223.0,58560440.0,949308.0,2098.0,0.0,1.0,0.0,0.0,19.0,29.0,449339376.0,2643495424.0,10576891904.0,49053.0,39683936256.0,1783505248.0,0.0,2841.0,6240651.0,4842.0,316690.0,30307.0,0.0,0.0,3827.0,0.0
1787907327.919444,2026-08-28T08:55:27+00:00,http_log_5m_x7,2894677.0,27731.0,2246112716.0,2212371475.0,325.0,2223.0,58560440.0,949308.0,2098.0,0.0,1.0,0.0,0.0,19.0,29.0,449339376.0,2643495424.0,10576891904.0,49053.0,39683936256.0,1783505248.0,0.0,2841.0,6240651.0,4842.0,316690.0,30307.0,0.0,0.0,3827.0,0.0
1787907328.9201632,2026-08-28T08:55:28+00:00,http_log_5m_x7,2894677.0,27731.0,2246112716.0,2231259189.0,325.0,2228.0,58560440.0,2782925.0,5787.0,0.0,1.0,0.0,0.0,19.0,23.0,449339376.0,2643495424.0,10576891904.0,49053.0,39683936256.0,1783505248.0,0.0,2841.0,6240651.0,4842.0,316690.0,30307.0,0.0,0.0,3827.0,0.0
1787907329.925283,2026-08-28T08:55:29+00:00,http_log_5m_x7,2894677.0,27731.0,2246112716.0,2236443532.0,325.0,2233.0,58560440.0,2053205.0,1525.0,0.0,0.0,0.0,0.0,19.0,23.0,449339376.0,2643495424.0,10576891904.0,49053.0,39683936256.0,1783505248.0,0.0,2841.0,6240651.0,4842.0,316690.0,30307.0,0.0,0.0,3827.0,0.0
1787907330.930382,2026-08-28T08:55:30+00:00,http_log_5m_x7,2894677.0,27731.0,2246112716.0,2236443532.0,325.0,2233.0,58560440.0,2053205.0,1525.0,0.0,0.0,0.0,0.0,19.0,23.0,449339376.0,2643495424.0,10576891904.0,49053.0,39683936256.0,1783505248.0,0.0,2841.0,6240651.0,4842.0,316690.0,30307.0,0.0,0.0,3827.0,0.0
1787907331.93546,2026-08-28T08:55:31+00:00,http_log_5m_x7,2894677.0,27731.0,2246112716.0,2236443532.0,325.0,2233.0,58560440.0,2053205.0,1525.0,0.0,0.0,0.0,0.0,19.0,23.0,449339376.0,2643495424.0,10576891904.0,49053.0,39683936256.0,1783505248.0,0.0,2841.0,6240651.0,4842.0,316690.0,30307.0,0.0,0.0,3827.0,0.0
1787907332.93898,2026-08-28T08:55:32+00:00,http_log_5m_x7,2894677.0,27731.0,2246112716.0,2236443532.0,325.0,2233.0,58560440.0,2053205.0,1525.0,0.0,1.0,0.0,0.0,19.0,22.0,449339376.0,2643495424.0,10576891904.0,49053.0,39683936256.0,1783505248.0,0.0,2841.0,6240651.0,4842.0,316690.0,30307.0,0.0,0.0,3827.0,0.0
1787907333.9440808,2026-08-28T08:55:33+00:00,http_log_5m_x7,2894677.0,27731.0,2246112716.0,2236443532.0,325.0,2233.0,58560440.0,2053205.0,1525.0,0.0,1.0,0.0,0.0,19.0,22.0,449339376.0,2643495424.0,10576891904.0,49053.0,39683936256.0,1783505248.0,0.0,2841.0,6240651.0,4842.0,316690.0,30307.0,0.0,0.0,3827.0,0.0
1787907334.9484649,2026-08-28T08:55:34+00:00,http_log_5m_x7,2894677.0,27731.0,2246112716.0,2243915898.0,325.0,2238.0,58560440.0,2363177.0,2162.0,0.0,0.0,0.0,0.0,19.0,22.0,449339376.0,2643495424.0,10576891904.0,49053.0,39683936256.0,1783505248.0,0.0,2841.0,6240651.0,4842.0,316690.0,30307.0,0.0,0.0,3827.0,0.0
1787907335.953564,2026-08-28T08:55:35+00:00,http_log_5m_x7,2894677.0,27731.0,2246112716.0,2243915898.0,325.0,2238.0,58560440.0,2363177.0,2162.0,0.0,0.0,0.0,0.0,19.0,22.0,449339376.0,2643495424.0,10576891904.0,49053.0,39683936256.0,1783505248.0,0.0,2841.0,6240651.0,4842.0,316690.0,30307.0,0.0,0.0,3827.0,0.0
1787907336.955746,2026-08-28T08:55:36+00:00,http_log_5m_x7,2894677.0,27731.0,2246112716.0,2243915898.0,325.0,2238.0,0.0,2363177.0,2162.0,0.0,0.0,0.0,0.0,19.0,22.0,389439936.0,2643495424.0,10652786688.0,49164.0,39683936256.0,1783505248.0,0.0,2860.0,6250716.0,4852.0,318534.0,30365.0,0.0,0.0,3843.0,0.0
1787907337.956735,2026-08-28T08:55:37+00:00,http_log_5m_x7,2894677.0,27731.0,2246112716.0,2243915898.0,325.0,2238.0,0.0,2363177.0,2162.0,0.0,1.0,0.0,0.0,19.0,37.0,389439936.0,2643495424.0,10652786688.0,49164.0,39683936256.0,1783505248.0,0.0,2860.0,6250716.0,4852.0,318534.0,30365.0,0.0,0.0,3843.0,0.0
1787907338.961823,2026-08-28T08:55:38+00:00,http_log_5m_x7,2894677.0,27731.0,2246112716.0,2243915898.0,325.0,2238.0,0.0,2363177.0,2162.0,0.0,1.0,0.0,0.0,19.0,37.0,389439936.0,2643495424.0,10652786688.0,49164.0,39683936256.0,1783505248.0,0.0,2860.0,6250716.0,4852.0,318534.0,30365.0,0.0,0.0,3843.0,0.0
1787907339.962697,2026-08-28T08:55:39+00:00,http_log_5m_x7,2894677.0,27731.0,2246112716.0,2246930857.0,325.0,2243.0,0.0,974138.0,2095.0,0.0,0.0,0.0,0.0,19.0,37.0,389439936.0,2643495424.0,10652786688.0,49164.0,39683936256.0,1783505248.0,0.0,2860.0,6250716.0,4852.0,318534.0,30365.0,0.0,0.0,3843.0,0.0
1787907340.967802,2026-08-28T08:55:40+00:00,http_log_5m_x7,2894677.0,27731.0,2246112716.0,2246930857.0,325.0,2243.0,0.0,974138.0,2095.0,0.0,0.0,0.0,0.0,19.0,37.0,389439936.0,2643495424.0,10652786688.0,49164.0,39683936256.0,1783505248.0,0.0,2860.0,6250716.0,4852.0,318534.0,30365.0,0.0,0.0,3843.0,0.0
1787907341.972894,2026-08-28T08:55:41+00:00,http_log_5m_x7,2894677.0,27731.0,2246112716.0,2246930857.0,325.0,2243.0,0.0,974138.0,2095.0,0.0,0.0,0.0,0.0,19.0,37.0,389439936.0,2643495424.0,10652786688.0,49164.0,39683936256.0,1783505248.0,0.0,2860.0,6250716.0,4852.0,318534.0,30365.0,0.0,0.0,3843.0,0.0
1787907342.974564,2026-08-28T08:55:42+00:00,http_log_5m_x7,2894677.0,27731.0,2246112716.0,2246930857.0,325.0,2243.0,0.0,974138.0,2095.0,0.0,1.0,0.0,0.0,19.0,38.0,389439936.0,2643495424.0,10652786688.0,49164.0,39683936256.0,1783505248.0,0.0,2860.0,6250716.0,4852.0,318534.0,30365.0,0.0,0.0,3843.0,0.0
1787907343.9796522,2026-08-28T08:55:43+00:00,http_log_5m_x7,2894677.0,27731.0,2246112716.0,2246930857.0,325.0,2243.0,0.0,974138.0,2095.0,0.0,1.0,0.0,0.0,19.0,38.0,389439936.0,2643495424.0,10652786688.0,49164.0,39683936256.0,1783505248.0,0.0,2860.0,6250716.0,4852.0,318534.0,30365.0,0.0,0.0,3843.0,0.0
1787907344.984725,2026-08-28T08:55:44+00:00,http_log_5m_x7,2894677.0,27731.0,2246112716.0,2249927643.0,325.0,2248.0,0.0,964837.0,2106.0,0.0,0.0,0.0,0.0,19.0,38.0,389439936.0,2643495424.0,10652786688.0,49164.0,39683936256.0,1783505248.0,0.0,2860.0,6250716.0,4852.0,318534.0,30365.0,0.0,0.0,3843.0,0.0
1787907345.98979,2026-08-28T08:55:45+00:00,http_log_5m_x7,2894677.0,27731.0,2246112716.0,2249927643.0,325.0,2248.0,0.0,964837.0,2106.0,0.0,0.0,0.0,0.0,19.0,38.0,389439936.0,2643495424.0,10652786688.0,49164.0,39683936256.0,1783505248.0,0.0,2860.0,6250716.0,4852.0,318534.0,30365.0,0.0,0.0,3843.0,0.0
1787907346.993098,2026-08-28T08:55:47+00:00,http_log_5m_x7,2894677.0,27731.0,2246112716.0,2249927643.0,325.0,2248.0,0.0,964837.0,2106.0,0.0,0.0,0.0,0.0,19.0,38.0,389439936.0,2643495424.0,10652786688.0,49164.0,39683936256.0,1783505248.0,0.0,2860.0,6250716.0,4852.0,318534.0,30365.0,0.0,0.0,3843.0,0.0
1787907347.997321,2026-08-28T08:55:48+00:00,http_log_5m_x7,2894677.0,27731.0,2246112716.0,2249927643.0,325.0,2248.0,0.0,964837.0,2106.0,0.0,1.0,0.0,0.0,19.0,40.0,389439936.0,2643495424.0,10652786688.0,49164.0,39683936256.0,1783505248.0,0.0,2860.0,6250716.0,4852.0,318534.0,30365.0,0.0,0.0,3843.0,0.0
1787907349.0024269,2026-08-28T08:55:49+00:00,http_log_5m_x7,2894677.0,27731.0,2246112716.0,2249927643.0,325.0,2248.0,0.0,964837.0,2106.0,0.0,1.0,0.0,0.0,19.0,40.0,389439936.0,2643495424.0,10652786688.0,49164.0,39683936256.0,1783505248.0,0.0,2860.0,6250716.0,4852.0,318534.0,30365.0,0.0,0.0,3843.0,0.0
1787907350.004867,2026-08-28T08:55:50+00:00,http_log_5m_x7,2894677.0,27731.0,2246112716.0,2252924353.0,325.0,2253.0,0.0,997241.0,2005.0,0.0,0.0,0.0,0.0,19.0,40.0,389439936.0,2643495424.0,10652786688.0,49164.0,39683936256.0,1783505248.0,0.0,2860.0,6250716.0,4852.0,318534.0,30365.0,0.0,0.0,3843.0,0.0
1787907351.009938,2026-08-28T08:55:51+00:00,http_log_5m_x7,2894677.0,27731.0,2246112716.0,2252924353.0,325.0,2253.0,0.0,997241.0,2005.0,0.0,0.0,0.0,0.0,19.0,40.0,389439936.0,2643495424.0,10652786688.0,49164.0,39683936256.0,1783505248.0,0.0,2860.0,6250716.0,4852.0,318534.0,30365.0,0.0,0.0,3843.0,0.0
1787907352.015018,2026-08-28T08:55:52+00:00,http_log_5m_x7,2894677.0,27731.0,2246112716.0,2252924353.0,325.0,2253.0,0.0,997241.0,2005.0,0.0,0.0,0.0,0.0,19.0,40.0,389937584.0,2643495424.0,10684633088.0,49273.0,39683936256.0,1783505248.0,0.0,2878.0,6261423.0,4862.0,319751.0,30411.0,0.0,0.0,3856.0,0.0
1787907353.018819,2026-08-28T08:55:53+00:00,http_log_5m_x7,2894677.0,27731.0,2246112716.0,2252924353.0,325.0,2253.0,0.0,997241.0,2005.0,0.0,1.0,0.0,0.0,19.0,42.0,389937584.0,2643495424.0,10684633088.0,49273.0,39683936256.0,1783505248.0,0.0,2878.0,6261423.0,4862.0,319751.0,30411.0,0.0,0.0,3856.0,0.0
1787907354.023914,2026-08-28T08:55:54+00:00,http_log_5m_x7,2894677.0,27731.0,2246112716.0,2252924353.0,325.0,2253.0,0.0,997241.0,2005.0,0.0,1.0,0.0,0.0,19.0,42.0,389937584.0,2643495424.0,10684633088.0,49273.0,39683936256.0,1783505248.0,0.0,2878.0,6261423.0,4862.0,319751.0,30411.0,0.0,0.0,3856.0,0.0
1787907355.029024,2026-08-28T08:55:55+00:00,http_log_5m_x7,2894677.0,27731.0,2246112716.0,2255874454.0,325.0,2258.0,0.0,987646.0,1987.0,0.0,1.0,0.0,0.0,19.0,35.0,389937584.0,2643495424.0,10684633088.0,49273.0,39683936256.0,1783505248.0,0.0,2878.0,6261423.0,4862.0,319751.0,30411.0,0.0,0.0,3856.0,0.0
1787907356.034079,2026-08-28T08:55:56+00:00,http_log_5m_x7,2894677.0,27731.0,2246112716.0,2255874454.0,325.0,2258.0,0.0,987646.0,1987.0,0.0,1.0,0.0,0.0,19.0,35.0,389937584.0,2643495424.0,10684633088.0,49273.0,39683936256.0,1783505248.0,0.0,2878.0,6261423.0,4862.0,319751.0,30411.0,0.0,0.0,3856.0,0.0
1787907357.039194,2026-08-28T08:55:57+00:00,http_log_5m_x7,2894677.0,27731.0,2246112716.0,2255874454.0,325.0,2258.0,0.0,987646.0,1987.0,0.0,1.0,0.0,0.0,19.0,35.0,389937584.0,2643495424.0,10684633088.0,49273.0,39683936256.0,1783505248.0,0.0,2878.0,6261423.0,4862.0,319751.0,30411.0,0.0,0.0,3856.0,0.0
1787907358.0443158,2026-08-28T08:55:58+00:00,http_log_5m_x7,2894677.0,27731.0,2246112716.0,2255874454.0,325.0,2258.0,0.0,987646.0,1987.0,0.0,2.0,0.0,0.0,19.0,30.0,389937584.0,2643495424.0,10684633088.0,49273.0,39683936256.0,1783505248.0,0.0,2878.0,6261423.0,4862.0,319751.0,30411.0,0.0,0.0,3856.0,0.0
1787907359.047374,2026-08-28T08:55:59+00:00,http_log_5m_x7,2894677.0,27731.0,2246112716.0,2255874454.0,325.0,2258.0,0.0,987646.0,1987.0,0.0,2.0,0.0,0.0,19.0,30.0,389937584.0,2643495424.0,10684633088.0,49273.0,39683936256.0,1783505248.0,0.0,2878.0,6261423.0,4862.0,319751.0,30411.0,0.0,0.0,3856.0,0.0
1787907360.0518951,2026-08-28T08:56:00+00:00,http_log_5m_x7,2894677.0,27731.0,2246112716.0,2258805491.0,325.0,2263.0,0.0,928718.0,2156.0,0.0,1.0,0.0,0.0,19.0,30.0,389937584.0,2643495424.0,10684633088.0,49273.0,39683936256.0,1783505248.0,0.0,2878.0,6261423.0,4862.0,319751.0,30411.0,0.0,0.0,3856.0,0.0
1787907361.055639,2026-08-28T08:56:01+00:00,http_log_5m_x7,2894677.0,27731.0,2246112716.0,2277559375.0,325.0,2268.0,0.0,2745006.0,5832.0,1.0,0.0,0.0,0.0,23.0,30.0,389937584.0,2643495424.0,10684633088.0,49273.0,39683936256.0,1783505248.0,0.0,2878.0,6261423.0,4862.0,319751.0,30411.0,0.0,0.0,3856.0,0.0
1787907362.0591302,2026-08-28T08:56:02+00:00,http_log_5m_x7,2894677.0,27731.0,2246112716.0,2277559375.0,325.0,2268.0,0.0,2745006.0,5832.0,1.0,1.0,0.0,0.0,23.0,12.0,389937584.0,2643495424.0,10684633088.0,49273.0,39683936256.0,1783505248.0,0.0,2878.0,6261423.0,4862.0,319751.0,30411.0,0.0,0.0,3856.0,0.0
1787907363.064238,2026-08-28T08:56:03+00:00,http_log_5m_x7,2894677.0,27731.0,2246112716.0,2282734002.0,325.0,2273.0,0.0,1934440.0,1675.0,1.0,0.0,0.0,0.0,23.0,12.0,389937584.0,2643495424.0,10684633088.0,49273.0,39683936256.0,1783505248.0,0.0,2878.0,6261423.0,4862.0,319751.0,30411.0,0.0,0.0,3856.0,0.0
1787907364.0692961,2026-08-28T08:56:04+00:00,http_log_5m_x7,2894677.0,27731.0,2246112716.0,2282734002.0,325.0,2273.0,0.0,1934440.0,1675.0,1.0,0.0,0.0,0.0,23.0,12.0,389937584.0,2643495424.0,10684633088.0,49273.0,39683936256.0,1783505248.0,0.0,2878.0,6261423.0,4862.0,319751.0,30411.0,0.0,0.0,3856.0,0.0
1787907365.074359,2026-08-28T08:56:05+00:00,http_log_5m_x7,2894677.0,27731.0,2246112716.0,2282734002.0,325.0,2273.0,0.0,1934440.0,1675.0,1.0,0.0,0.0,0.0,23.0,12.0,389937584.0,2643495424.0,10684633088.0,49273.0,39683936256.0,1783505248.0,0.0,2878.0,6261423.0,4862.0,319751.0,30411.0,0.0,0.0,3856.0,0.0
1787907366.079444,2026-08-28T08:56:06+00:00,http_log_5m_x7,2894677.0,27731.0,2246112716.0,2282734002.0,325.0,2273.0,397059624.0,1934440.0,1675.0,1.0,1.0,0.0,0.0,23.0,11.0,789023288.0,2643495424.0,10747793408.0,49371.0,39683936256.0,1783505248.0,0.0,2899.0,6270878.0,4872.0,322160.0,30507.0,0.0,0.0,3875.0,0.0
1787907367.0843918,2026-08-28T08:56:07+00:00,http_log_5m_x7,2894677.0,27731.0,2246112716.0,2282734002.0,325.0,2273.0,397059624.0,1934440.0,1675.0,1.0,1.0,0.0,0.0,23.0,11.0,789023288.0,2643495424.0,10747793408.0,49371.0,39683936256.0,1783505248.0,0.0,2899.0,6270878.0,4872.0,322160.0,30507.0,0.0,0.0,3875.0,0.0
1787907368.089459,2026-08-28T08:56:08+00:00,http_log_5m_x7,2894677.0,27731.0,2246112716.0,2290149455.0,325.0,2278.0,397059624.0,2276774.0,2257.0,1.0,0.0,0.0,0.0,23.0,11.0,789023288.0,2643495424.0,10747793408.0,49371.0,39407271936.0,1835490744.0,0.0,2899.0,6270878.0,4872.0,322160.0,30507.0,0.0,0.0,3875.0,0.0
1787907369.09452,2026-08-28T08:56:09+00:00,http_log_5m_x7,2894677.0,27731.0,2246112716.0,2290149455.0,325.0,2278.0,397059624.0,2276774.0,2257.0,1.0,0.0,0.0,0.0,23.0,11.0,789023288.0,2643495424.0,10747793408.0,49371.0,39407271936.0,1835490744.0,0.0,2899.0,6270878.0,4872.0,322160.0,30507.0,0.0,0.0,3875.0,0.0
1787907370.099593,2026-08-28T08:56:10+00:00,http_log_5m_x7,2894677.0,27731.0,2246112716.0,2290149455.0,325.0,2278.0,397059624.0,2276774.0,2257.0,1.0,0.0,0.0,0.0,23.0,11.0,789023288.0,2643495424.0,10747793408.0,49371.0,39407271936.0,1835490744.0,0.0,2899.0,6270878.0,4872.0,322160.0,30507.0,0.0,0.0,3875.0,0.0
1787907371.1046941,2026-08-28T08:56:11+00:00,http_log_5m_x7,2894677.0,27731.0,2246112716.0,2290149455.0,325.0,2278.0,397059624.0,2276774.0,2257.0,1.0,1.0,0.0,0.0,23.0,26.0,789023288.0,2643495424.0,10747793408.0,49371.0,39407271936.0,1835490744.0,0.0,2899.0,6270878.0,4872.0,322160.0,30507.0,0.0,0.0,3875.0,0.0
1787907372.105655,2026-08-28T08:56:12+00:00,http_log_5m_x7,2894677.0,27731.0,2246112716.0,2290149455.0,325.0,2278.0,397059624.0,2276774.0,2257.0,1.0,1.0,0.0,0.0,23.0,26.0,789023288.0,2643495424.0,10747793408.0,49371.0,39407271936.0,1835490744.0,0.0,2899.0,6270878.0,4872.0,322160.0,30507.0,0.0,0.0,3875.0,0.0
1787907373.106133,2026-08-28T08:56:13+00:00,http_log_5m_x7,2894677.0,27731.0,2246112716.0,2293090269.0,325.0,2283.0,397059624.0,871610.0,2374.0,1.0,0.0,0.0,0.0,23.0,26.0,789023288.0,2643495424.0,10747793408.0,49371.0,39407271936.0,1835490744.0,0.0,2899.0,6270878.0,4872.0,322160.0,30507.0,0.0,0.0,3875.0,0.0
1787907374.111263,2026-08-28T08:56:14+00:00,http_log_5m_x7,2894677.0,27731.0,2246112716.0,2293090269.0,325.0,2283.0,397059624.0,871610.0,2374.0,1.0,0.0,0.0,0.0,23.0,26.0,789023288.0,2643495424.0,10747793408.0,49371.0,39407271936.0,1835490744.0,0.0,2899.0,6270878.0,4872.0,322160.0,30507.0,0.0,0.0,3875.0,0.0
1787907375.1163409,2026-08-28T08:56:15+00:00,http_log_5m_x7,2894677.0,27731.0,2246112716.0,2293090269.0,325.0,2283.0,397059624.0,871610.0,2374.0,1.0,0.0,0.0,0.0,23.0,26.0,789023288.0,2643495424.0,10747793408.0,49371.0,39407271936.0,1835490744.0,0.0,2899.0,6270878.0,4872.0,322160.0,30507.0,0.0,0.0,3875.0,0.0
1787907376.121403,2026-08-28T08:56:16+00:00,http_log_5m_x7,2894677.0,27731.0,2246112716.0,2293090269.0,325.0,2283.0,397059624.0,871610.0,2374.0,1.0,0.0,0.0,0.0,23.0,26.0,789023288.0,2643495424.0,10747793408.0,49371.0,39407271936.0,1835490744.0,0.0,2899.0,6270878.0,4872.0,322160.0,30507.0,0.0,0.0,3875.0,0.0
1787907377.1265311,2026-08-28T08:56:17+00:00,http_log_5m_x7,2894677.0,27731.0,2246112716.0,2293090269.0,325.0,2283.0,397059624.0,871610.0,2374.0,1.0,0.0,0.0,0.0,23.0,26.0,789023288.0,2643495424.0,10747793408.0,49371.0,39407271936.0,1835490744.0,0.0,2899.0,6270878.0,4872.0,322160.0,30507.0,0.0,0.0,3875.0,0.0
1787907378.1278741,2026-08-28T08:56:18+00:00,http_log_5m_x7,2894677.0,27731.0,2246112716.0,2293090269.0,325.0,2283.0,397059624.0,871610.0,2374.0,1.0,0.0,0.0,0.0,23.0,26.0,789023288.0,2643495424.0,10747793408.0,49371.0,39407271936.0,1835490744.0,0.0,2899.0,6270878.0,4872.0,322160.0,30507.0,0.0,0.0,3875.0,0.0
1787907379.13065,2026-08-28T08:56:19+00:00,http_log_5m_x7,2894677.0,27731.0,2246112716.0,2293090269.0,325.0,2283.0,397059624.0,871610.0,2374.0,1.0,0.0,0.0,0.0,23.0,26.0,789023288.0,2643495424.0,10747793408.0,49371.0,39407271936.0,1835490744.0,0.0,2899.0,6270878.0,4872.0,322160.0,30507.0,0.0,0.0,3875.0,0.0
1787907380.1357381,2026-08-28T08:56:20+00:00,http_log_5m_x7,2894677.0,27731.0,2246112716.0,2293090269.0,325.0,2283.0,397059624.0,871610.0,2374.0,1.0,0.0,0.0,0.0,23.0,26.0,789023288.0,2643495424.0,10747793408.0,49371.0,39407271936.0,1835490744.0,0.0,2899.0,6270878.0,4872.0,322160.0,30507.0,0.0,0.0,3875.0,0.0
1787907381.138987,2026-08-28T08:56:21+00:00,http_log_5m_x7,2894677.0,27731.0,2246112716.0,2293090269.0,325.0,2283.0,911520984.0,871610.0,2374.0,1.0,0.0,0.0,0.0,23.0,26.0,1302952736.0,2643495424.0,10770673664.0,49438.0,39407271936.0,1835490744.0,0.0,2906.0,6280652.0,4877.0,324288.0,30575.0,0.0,0.0,3885.0,0.0
1787907382.144084,2026-08-28T08:56:22+00:00,http_log_5m_x7,2894677.0,27731.0,2246112716.0,2293090269.0,325.0,2283.0,911520984.0,871610.0,2374.0,1.0,0.0,0.0,0.0,23.0,26.0,1302952736.0,2643495424.0,10770673664.0,49438.0,39407271936.0,1835490744.0,0.0,2906.0,6280652.0,4877.0,324288.0,30575.0,0.0,0.0,3885.0,0.0
1787907383.147001,2026-08-28T08:56:23+00:00,http_log_5m_x7,2894677.0,27731.0,2246112716.0,2293090269.0,325.0,2283.0,911520984.0,871610.0,2374.0,1.0,0.0,0.0,0.0,23.0,26.0,1302952736.0,2643495424.0,10770673664.0,49438.0,39407271936.0,1835490744.0,0.0,2906.0,6280652.0,4877.0,324288.0,30575.0,0.0,0.0,3885.0,0.0
1787907384.15205,2026-08-28T08:56:24+00:00,http_log_5m_x7,2894677.0,27731.0,2246112716.0,2293090269.0,325.0,2283.0,911520984.0,871610.0,2374.0,1.0,0.0,0.0,0.0,23.0,26.0,1302952736.0,2643495424.0,10770673664.0,49438.0,39407271936.0,1835490744.0,0.0,2906.0,6280652.0,4877.0,324288.0,30575.0,0.0,0.0,3885.0,0.0
1787907385.1571121,2026-08-28T08:56:25+00:00,http_log_5m_x7,2894677.0,27731.0,2246112716.0,2293090269.0,325.0,2283.0,911520984.0,871610.0,2374.0,1.0,0.0,0.0,0.0,23.0,26.0,1302952736.0,2643495424.0,10770673664.0,49438.0,39407271936.0,1835490744.0,0.0,2906.0,6280652.0,4877.0,324288.0,30575.0,0.0,0.0,3885.0,0.0
1787907386.162171,2026-08-28T08:56:26+00:00,http_log_5m_x7,2894677.0,27731.0,2246112716.0,2293090269.0,325.0,2283.0,911520984.0,871610.0,2374.0,1.0,0.0,0.0,0.0,23.0,26.0,1302952736.0,2643495424.0,10770673664.0,49438.0,39407271936.0,1835490744.0,0.0,2906.0,6280652.0,4877.0,324288.0,30575.0,0.0,0.0,3885.0,0.0
1787907387.1640131,2026-08-28T08:56:27+00:00,http_log_5m_x7,2894677.0,27731.0,2246112716.0,2293090269.0,325.0,2283.0,911520984.0,871610.0,2374.0,1.0,0.0,0.0,0.0,23.0,26.0,1302952736.0,2643495424.0,10770673664.0,49438.0,39407271936.0,1835490744.0,0.0,2906.0,6280652.0,4877.0,324288.0,30575.0,0.0,0.0,3885.0,0.0
1787907388.169062,2026-08-28T08:56:28+00:00,http_log_5m_x7,2894677.0,27731.0,2246112716.0,2293090269.0,325.0,2283.0,911520984.0,871610.0,2374.0,1.0,0.0,0.0,0.0,23.0,26.0,1302952736.0,2643495424.0,10770673664.0,49438.0,39407271936.0,1835490744.0,0.0,2906.0,6280652.0,4877.0,324288.0,30575.0,0.0,0.0,3885.0,0.0
1787907389.174148,2026-08-28T08:56:29+00:00,http_log_5m_x7,2894677.0,27731.0,2246112716.0,2293090269.0,325.0,2283.0,911520984.0,871610.0,2374.0,1.0,0.0,0.0,0.0,23.0,26.0,1302952736.0,2643495424.0,10770673664.0,49438.0,39407271936.0,1835490744.0,0.0,2906.0,6280652.0,4877.0,324288.0,30575.0,0.0,0.0,3885.0,0.0
1787907390.17683,2026-08-28T08:56:30+00:00,http_log_5m_x7,2894677.0,27731.0,2246112716.0,2293090269.0,325.0,2283.0,911520984.0,871610.0,2374.0,1.0,0.0,0.0,0.0,23.0,26.0,1302952736.0,2643495424.0,10770673664.0,49438.0,39407271936.0,1835490744.0,0.0,2906.0,6280652.0,4877.0,324288.0,30575.0,0.0,0.0,3885.0,0.0
1787907391.1818821,2026-08-28T08:56:31+00:00,http_log_5m_x7,2894677.0,27731.0,2246112716.0,2293090269.0,325.0,2283.0,911520984.0,871610.0,2374.0,1.0,0.0,0.0,0.0,23.0,26.0,1302952736.0,2643495424.0,10770673664.0,49438.0,39407271936.0,1835490744.0,0.0,2906.0,6280652.0,4877.0,324288.0,30575.0,0.0,0.0,3885.0,0.0
1787907392.187001,2026-08-28T08:56:32+00:00,http_log_5m_x7,2894677.0,27731.0,2246112716.0,2293090269.0,325.0,2283.0,911520984.0,871610.0,2374.0,1.0,0.0,0.0,0.0,23.0,26.0,1302952736.0,2643495424.0,10770673664.0,49438.0,39407271936.0,1835490744.0,0.0,2906.0,6280652.0,4877.0,324288.0,30575.0,0.0,0.0,3885.0,0.0
1787907393.1917179,2026-08-28T08:56:33+00:00,http_log_5m_x7,2894677.0,27731.0,2246112716.0,2293090269.0,325.0,2283.0,911520984.0,871610.0,2374.0,1.0,0.0,0.0,0.0,23.0,26.0,1302952736.0,2643495424.0,10770673664.0,49438.0,39407271936.0,1835490744.0,0.0,2906.0,6280652.0,4877.0,324288.0,30575.0,0.0,0.0,3885.0,0.0
1787907394.192655,2026-08-28T08:56:34+00:00,http_log_5m_x7,2894677.0,27731.0,2246112716.0,2293090269.0,325.0,2283.0,911520984.0,871610.0,2374.0,1.0,0.0,0.0,0.0,23.0,26.0,1302952736.0,2643495424.0,10770673664.0,49438.0,39407271936.0,1835490744.0,0.0,2906.0,6280652.0,4877.0,324288.0,30575.0,0.0,0.0,3885.0,0.0
1787907395.1977549,2026-08-28T08:56:35+00:00,http_log_5m_x7,2894677.0,27731.0,2246112716.0,2293090269.0,325.0,2283.0,911520984.0,871610.0,2374.0,1.0,0.0,0.0,0.0,23.0,26.0,1302952736.0,2643495424.0,10770673664.0,49438.0,39407271936.0,1835490744.0,0.0,2906.0,6280652.0,4877.0,324288.0,30575.0,0.0,0.0,3885.0,0.0
1787907396.202817,2026-08-28T08:56:36+00:00,http_log_5m_x7,2894677.0,27731.0,2246112716.0,2293090269.0,325.0,2283.0,1478934424.0,871610.0,2374.0,1.0,0.0,0.0,0.0,23.0,26.0,1871318888.0,2643495424.0,10855772160.0,49481.0,39407271936.0,1835490744.0,0.0,2906.0,6291030.0,4880.0,325807.0,30666.0,0.0,0.0,3891.0,0.0
1787907397.2057211,2026-08-28T08:56:37+00:00,http_log_5m_x7,2894677.0,27731.0,2246112716.0,2293090269.0,325.0,2283.0,1478934424.0,871610.0,2374.0,1.0,0.0,0.0,0.0,23.0,26.0,1871318888.0,2643495424.0,10855772160.0,49481.0,39407271936.0,1835490744.0,0.0,2906.0,6291030.0,4880.0,325807.0,30666.0,0.0,0.0,3891.0,0.0
1787907398.210837,2026-08-28T08:56:38+00:00,http_log_5m_x7,2894677.0,27731.0,2246112716.0,2293090269.0,325.0,2283.0,1478934424.0,871610.0,2374.0,1.0,0.0,0.0,0.0,23.0,26.0,1871318888.0,2643495424.0,10855772160.0,49481.0,39407271936.0,1835490744.0,0.0,2906.0,6291030.0,4880.0,325807.0,30666.0,0.0,0.0,3891.0,0.0
1787907399.213591,2026-08-28T08:56:39+00:00,http_log_5m_x7,2894677.0,27731.0,2246112716.0,2293090269.0,325.0,2283.0,1478934424.0,871610.0,2374.0,1.0,0.0,0.0,0.0,23.0,26.0,1871318888.0,2643495424.0,10855772160.0,49481.0,39407271936.0,1835490744.0,0.0,2906.0,6291030.0,4880.0,325807.0,30666.0,0.0,0.0,3891.0,0.0
1787907400.2186508,2026-08-28T08:56:40+00:00,http_log_5m_x7,2894677.0,27731.0,2246112716.0,2293090269.0,325.0,2283.0,1478934424.0,871610.0,2374.0,1.0,0.0,0.0,0.0,23.0,26.0,1871318888.0,2643495424.0,10855772160.0,49481.0,39407271936.0,1835490744.0,0.0,2906.0,6291030.0,4880.0,325807.0,30666.0,0.0,0.0,3891.0,0.0
1787907401.2237031,2026-08-28T08:56:41+00:00,http_log_5m_x7,2894677.0,27731.0,2246112716.0,2293090269.0,325.0,2283.0,1478934424.0,871610.0,2374.0,1.0,0.0,0.0,0.0,23.0,26.0,1871318888.0,2643495424.0,10855772160.0,49481.0,39407271936.0,1835490744.0,0.0,2906.0,6291030.0,4880.0,325807.0,30666.0,0.0,0.0,3891.0,0.0
1787907402.2287831,2026-08-28T08:56:42+00:00,http_log_5m_x7,2894677.0,27731.0,2246112716.0,2293090269.0,325.0,2283.0,1478934424.0,871610.0,2374.0,1.0,0.0,0.0,0.0,23.0,26.0,1871318888.0,2643495424.0,10855772160.0,49481.0,39407271936.0,1835490744.0,0.0,2906.0,6291030.0,4880.0,325807.0,30666.0,0.0,0.0,3891.0,0.0
1787907403.233869,2026-08-28T08:56:43+00:00,http_log_5m_x7,2894677.0,27731.0,2246112716.0,2293090269.0,325.0,2283.0,1478934424.0,871610.0,2374.0,1.0,0.0,0.0,0.0,23.0,26.0,1871318888.0,2643495424.0,10855772160.0,49481.0,39407271936.0,1835490744.0,0.0,2906.0,6291030.0,4880.0,325807.0,30666.0,0.0,0.0,3891.0,0.0
1787907404.238941,2026-08-28T08:56:44+00:00,http_log_5m_x7,2894677.0,27731.0,2246112716.0,2293090269.0,325.0,2283.0,1478934424.0,871610.0,2374.0,1.0,0.0,0.0,0.0,23.0,26.0,1871318888.0,2643495424.0,10855772160.0,49481.0,39407271936.0,1835490744.0,0.0,2906.0,6291030.0,4880.0,325807.0,30666.0,0.0,0.0,3891.0,0.0
1787907405.243993,2026-08-28T08:56:45+00:00,http_log_5m_x7,2894677.0,27731.0,2246112716.0,2293090269.0,325.0,2283.0,1478934424.0,871610.0,2374.0,1.0,0.0,0.0,0.0,23.0,26.0,1871318888.0,2643495424.0,10855772160.0,49481.0,39407271936.0,1835490744.0,0.0,2906.0,6291030.0,4880.0,325807.0,30666.0,0.0,0.0,3891.0,0.0
1787907406.2537432,2026-08-28T08:56:46+00:00,http_log_5m_x7,2894677.0,27731.0,2246112716.0,2293090269.0,325.0,2283.0,1478934424.0,871610.0,2374.0,1.0,0.0,0.0,0.0,23.0,26.0,1871318888.0,2643495424.0,10855772160.0,49481.0,39407271936.0,1835490744.0,0.0,2906.0,6291030.0,4880.0,325807.0,30666.0,0.0,0.0,3891.0,0.0
1787907407.258854,2026-08-28T08:56:47+00:00,http_log_5m_x7,2894677.0,27731.0,2246112716.0,2293090269.0,325.0,2283.0,1478934424.0,871610.0,2374.0,1.0,0.0,0.0,0.0,23.0,26.0,1871318888.0,2643495424.0,10855772160.0,49481.0,39407271936.0,1835490744.0,0.0,2906.0,6291030.0,4880.0,325807.0,30666.0,0.0,0.0,3891.0,0.0
1787907408.263942,2026-08-28T08:56:48+00:00,http_log_5m_x7,2894677.0,27731.0,2246112716.0,2293090269.0,325.0,2283.0,1478934424.0,871610.0,2374.0,1.0,0.0,0.0,0.0,23.0,26.0,1871318888.0,2643495424.0,10855772160.0,49481.0,39407271936.0,1835490744.0,0.0,2906.0,6291030.0,4880.0,325807.0,30666.0,0.0,0.0,3891.0,0.0
1787907409.267796,2026-08-28T08:56:49+00:00,http_log_5m_x7,2894677.0,27731.0,2246112716.0,2293090269.0,325.0,2283.0,1478934424.0,871610.0,2374.0,1.0,0.0,0.0,0.0,23.0,26.0,1871318888.0,2643495424.0,10855772160.0,49481.0,39407271936.0,1835490744.0,0.0,2906.0,6291030.0,4880.0,325807.0,30666.0,0.0,0.0,3891.0,0.0
1787907410.272842,2026-08-28T08:56:50+00:00,http_log_5m_x7,3129864.0,49584.0,2404433781.0,2293090269.0,330.0,2283.0,1478934424.0,871610.0,2374.0,0.0,0.0,0.0,0.0,23.0,26.0,1871318888.0,2643495424.0,10855772160.0,49481.0,39407271936.0,1835490744.0,0.0,2906.0,6291030.0,4880.0,325807.0,30666.0,0.0,0.0,3891.0,0.0
1787907411.277926,2026-08-28T08:56:51+00:00,http_log_5m_x7,3129864.0,49584.0,2404433781.0,2293090269.0,330.0,2283.0,0.0,871610.0,2374.0,0.0,0.0,0.0,0.0,23.0,26.0,392894264.0,2643495424.0,11015786496.0,49587.0,39407271936.0,1835490744.0,0.0,2906.0,6301539.0,4889.0,327158.0,30787.0,0.0,0.0,3898.0,0.0
1787907412.283023,2026-08-28T08:56:52+00:00,http_log_5m_x7,3129864.0,49584.0,2404433781.0,2293090269.0,330.0,2283.0,0.0,871610.0,2374.0,0.0,0.0,0.0,0.0,23.0,26.0,392894264.0,2643495424.0,11015786496.0,49587.0,39407271936.0,1835490744.0,0.0,2906.0,6301539.0,4889.0,327158.0,30787.0,0.0,0.0,3898.0,0.0
1787907413.288207,2026-08-28T08:56:53+00:00,http_log_5m_x7,3129864.0,49584.0,2404433781.0,2293090269.0,330.0,2283.0,0.0,871610.0,2374.0,0.0,0.0,0.0,0.0,23.0,26.0,392894264.0,2643495424.0,11015786496.0,49587.0,39407271936.0,1835490744.0,0.0,2906.0,6301539.0,4889.0,327158.0,30787.0,0.0,0.0,3898.0,0.0
1787907414.292821,2026-08-28T08:56:54+00:00,http_log_5m_x7,3129864.0,49584.0,2404433781.0,2293090269.0,330.0,2283.0,0.0,871610.0,2374.0,0.0,0.0,0.0,0.0,23.0,26.0,392894264.0,2643495424.0,11015786496.0,49587.0,39407271936.0,1835490744.0,0.0,2906.0,6301539.0,4889.0,327158.0,30787.0,0.0,0.0,3898.0,0.0
1787907415.297894,2026-08-28T08:56:55+00:00,http_log_5m_x7,3129864.0,49584.0,2404433781.0,2293090269.0,330.0,2283.0,0.0,871610.0,2374.0,0.0,0.0,0.0,0.0,23.0,26.0,392894264.0,2643495424.0,11015786496.0,49587.0,39407271936.0,1835490744.0,0.0,2906.0,6301539.0,4889.0,327158.0,30787.0,0.0,0.0,3898.0,0.0
1787907416.2984881,2026-08-28T08:56:56+00:00,http_log_5m_x7,3129864.0,49584.0,2404433781.0,2293090269.0,330.0,2283.0,0.0,871610.0,2374.0,0.0,0.0,0.0,0.0,23.0,26.0,392894264.0,2643495424.0,11015786496.0,49587.0,39407271936.0,1835490744.0,0.0,2906.0,6301539.0,4889.0,327158.0,30787.0,0.0,0.0,3898.0,0.0
1787907417.3017962,2026-08-28T08:56:57+00:00,http_log_5m_x7,3129864.0,49584.0,2404433781.0,2293090269.0,330.0,2283.0,0.0,871610.0,2374.0,0.0,0.0,0.0,0.0,23.0,26.0,392894264.0,2643495424.0,11015786496.0,49587.0,39407271936.0,1835490744.0,0.0,2906.0,6301539.0,4889.0,327158.0,30787.0,0.0,0.0,3898.0,0.0
1787907418.3068428,2026-08-28T08:56:58+00:00,http_log_5m_x7,3129864.0,49584.0,2404433781.0,2293090269.0,330.0,2283.0,0.0,871610.0,2374.0,0.0,0.0,0.0,0.0,23.0,26.0,392894264.0,2643495424.0,11015786496.0,49587.0,39407271936.0,1835490744.0,0.0,2906.0,6301539.0,4889.0,327158.0,30787.0,0.0,0.0,3898.0,0.0
1787907419.311888,2026-08-28T08:56:59+00:00,http_log_5m_x7,3129864.0,49584.0,2404433781.0,2293090269.0,330.0,2283.0,0.0,871610.0,2374.0,0.0,0.0,0.0,0.0,23.0,26.0,392894264.0,2643495424.0,11015786496.0,49587.0,39407271936.0,1835490744.0,0.0,2906.0,6301539.0,4889.0,327158.0,30787.0,0.0,0.0,3898.0,0.0
1787907420.316938,2026-08-28T08:57:00+00:00,http_log_5m_x7,3129864.0,49584.0,2404433781.0,2293090269.0,330.0,2283.0,0.0,871610.0,2374.0,0.0,0.0,0.0,0.0,23.0,26.0,392894264.0,2643495424.0,11015786496.0,49587.0,39407271936.0,1835490744.0,0.0,2906.0,6301539.0,4889.0,327158.0,30787.0,0.0,0.0,3898.0,0.0
1787907421.321988,2026-08-28T08:57:01+00:00,http_log_5m_x7,3129864.0,49584.0,2404433781.0,2293090269.0,330.0,2283.0,0.0,871610.0,2374.0,0.0,0.0,0.0,0.0,23.0,26.0,392894264.0,2643495424.0,11015786496.0,49587.0,39407271936.0,1835490744.0,0.0,2906.0,6301539.0,4889.0,327158.0,30787.0,0.0,0.0,3898.0,0.0
1787907422.3271449,2026-08-28T08:57:02+00:00,http_log_5m_x7,3129864.0,49584.0,2404433781.0,2293090269.0,330.0,2283.0,0.0,871610.0,2374.0,0.0,0.0,0.0,0.0,23.0,26.0,392894264.0,2643495424.0,11015786496.0,49587.0,39407271936.0,1835490744.0,0.0,2906.0,6301539.0,4889.0,327158.0,30787.0,0.0,0.0,3898.0,0.0
1787907423.332246,2026-08-28T08:57:03+00:00,http_log_5m_x7,3129864.0,49584.0,2404433781.0,2293090269.0,330.0,2283.0,0.0,871610.0,2374.0,0.0,0.0,0.0,0.0,23.0,26.0,392894264.0,2643495424.0,11015786496.0,49587.0,39407271936.0,1835490744.0,0.0,2906.0,6301539.0,4889.0,327158.0,30787.0,0.0,0.0,3898.0,0.0
1787907424.337294,2026-08-28T08:57:04+00:00,http_log_5m_x7,3129864.0,49584.0,2404433781.0,2293090269.0,330.0,2283.0,0.0,871610.0,2374.0,0.0,0.0,0.0,0.0,23.0,26.0,392894264.0,2643495424.0,11015786496.0,49587.0,39407271936.0,1835490744.0,0.0,2906.0,6301539.0,4889.0,327158.0,30787.0,0.0,0.0,3898.0,0.0
1787907425.342365,2026-08-28T08:57:05+00:00,http_log_5m_x7,3129864.0,49584.0,2404433781.0,2293090269.0,330.0,2283.0,0.0,871610.0,2374.0,0.0,0.0,0.0,0.0,23.0,26.0,392894264.0,2643495424.0,11015786496.0,49587.0,39407271936.0,1835490744.0,0.0,2906.0,6301539.0,4889.0,327158.0,30787.0,0.0,0.0,3898.0,0.0
1787907426.34366,2026-08-28T08:57:06+00:00,http_log_5m_x7,3129864.0,49584.0,2404433781.0,2293090269.0,330.0,2283.0,0.0,871610.0,2374.0,0.0,0.0,0.0,0.0,23.0,26.0,393266872.0,2643495424.0,11016364032.0,49600.0,39407271936.0,1835490744.0,0.0,2906.0,6313410.0,4891.0,327238.0,30843.0,0.0,0.0,3905.0,0.0
1787907427.348614,2026-08-28T08:57:07+00:00,http_log_5m_x7,3129864.0,49584.0,2404433781.0,2293090269.0,330.0,2283.0,0.0,871610.0,2374.0,0.0,0.0,0.0,0.0,23.0,26.0,393266872.0,2643495424.0,11016364032.0,49600.0,39231070208.0,1839155337.0,0.0,2906.0,6313410.0,4891.0,327238.0,30843.0,0.0,0.0,3905.0,0.0
1787907428.349432,2026-08-28T08:57:08+00:00,http_log_5m_x7,3129864.0,49584.0,2404433781.0,2293090269.0,330.0,2283.0,0.0,871610.0,2374.0,0.0,0.0,0.0,0.0,23.0,26.0,393266872.0,2643495424.0,11016364032.0,49600.0,39231070208.0,1839155337.0,0.0,2906.0,6313410.0,4891.0,327238.0,30843.0,0.0,0.0,3905.0,0.0
1787907429.354484,2026-08-28T08:57:09+00:00,http_log_5m_x7,3129864.0,49584.0,2404433781.0,2293090269.0,330.0,2283.0,0.0,871610.0,2374.0,0.0,0.0,0.0,0.0,23.0,26.0,393266872.0,2643495424.0,11016364032.0,49600.0,39231070208.0,1839155337.0,0.0,2906.0,6313410.0,4891.0,327238.0,30843.0,0.0,0.0,3905.0,0.0
1787907430.3567061,2026-08-28T08:57:10+00:00,http_log_5m_x7,3129864.0,49584.0,2404433781.0,2293090269.0,330.0,2283.0,0.0,871610.0,2374.0,0.0,0.0,0.0,0.0,23.0,26.0,393266872.0,2643495424.0,11016364032.0,49600.0,39231070208.0,1839155337.0,0.0,2906.0,6313410.0,4891.0,327238.0,30843.0,0.0,0.0,3905.0,0.0
1787907431.3617668,2026-08-28T08:57:11+00:00,http_log_5m_x7,3129864.0,49584.0,2404433781.0,2293090269.0,330.0,2283.0,0.0,871610.0,2374.0,0.0,0.0,0.0,0.0,23.0,26.0,393266872.0,2643495424.0,11016364032.0,49600.0,39231070208.0,1839155337.0,0.0,2906.0,6313410.0,4891.0,327238.0,30843.0,0.0,0.0,3905.0,0.0
1787907432.366838,2026-08-28T08:57:12+00:00,http_log_5m_x7,3129864.0,49584.0,2404433781.0,2293090269.0,330.0,2283.0,0.0,871610.0,2374.0,0.0,0.0,0.0,0.0,23.0,26.0,393266872.0,2643495424.0,11016364032.0,49600.0,39231070208.0,1839155337.0,0.0,2906.0,6313410.0,4891.0,327238.0,30843.0,0.0,0.0,3905.0,0.0
1787907433.371976,2026-08-28T08:57:13+00:00,http_log_5m_x7,3129864.0,49584.0,2404433781.0,2293090269.0,330.0,2283.0,0.0,871610.0,2374.0,0.0,0.0,0.0,0.0,23.0,26.0,393266872.0,2643495424.0,11016364032.0,49600.0,39231070208.0,1839155337.0,0.0,2906.0,6313410.0,4891.0,327238.0,30843.0,0.0,0.0,3905.0,0.0
1787907434.376559,2026-08-28T08:57:14+00:00,http_log_5m_x7,3129864.0,49584.0,2404433781.0,2293090269.0,330.0,2283.0,0.0,871610.0,2374.0,0.0,0.0,0.0,0.0,23.0,26.0,393266872.0,2643495424.0,11016364032.0,49600.0,39231070208.0,1839155337.0,0.0,2906.0,6313410.0,4891.0,327238.0,30843.0,0.0,0.0,3905.0,0.0
1787907435.381608,2026-08-28T08:57:15+00:00,http_log_5m_x7,3129864.0,49584.0,2404433781.0,2293090269.0,330.0,2283.0,0.0,871610.0,2374.0,0.0,0.0,0.0,0.0,23.0,26.0,393266872.0,2643495424.0,11016364032.0,49600.0,39231070208.0,1839155337.0,0.0,2906.0,6313410.0,4891.0,327238.0,30843.0,0.0,0.0,3905.0,0.0
1787907436.3866692,2026-08-28T08:57:16+00:00,http_log_5m_x7,3129864.0,49584.0,2404433781.0,2293090269.0,330.0,2283.0,0.0,871610.0,2374.0,0.0,0.0,0.0,0.0,23.0,26.0,393266872.0,2643495424.0,11016364032.0,49600.0,39231070208.0,1839155337.0,0.0,2906.0,6313410.0,4891.0,327238.0,30843.0,0.0,0.0,3905.0,0.0
1787907437.3891609,2026-08-28T08:57:17+00:00,http_log_5m_x7,3129864.0,49584.0,2404433781.0,2293090269.0,330.0,2283.0,0.0,871610.0,2374.0,0.0,0.0,0.0,0.0,23.0,26.0,393266872.0,2643495424.0,11016364032.0,49600.0,39231070208.0,1839155337.0,0.0,2906.0,6313410.0,4891.0,327238.0,30843.0,0.0,0.0,3905.0,0.0
1787907438.394238,2026-08-28T08:57:18+00:00,http_log_5m_x7,3129864.0,49584.0,2404433781.0,2293090269.0,330.0,2283.0,0.0,871610.0,2374.0,0.0,0.0,0.0,0.0,23.0,26.0,393266872.0,2643495424.0,11016364032.0,49600.0,39231070208.0,1839155337.0,0.0,2906.0,6313410.0,4891.0,327238.0,30843.0,0.0,0.0,3905.0,0.0
1787907439.399322,2026-08-28T08:57:19+00:00,http_log_5m_x7,3129864.0,49584.0,2404433781.0,2293090269.0,330.0,2283.0,0.0,871610.0,2374.0,0.0,0.0,0.0,0.0,23.0,26.0,393266872.0,2643495424.0,11016364032.0,49600.0,39231070208.0,1839155337.0,0.0,2906.0,6313410.0,4891.0,327238.0,30843.0,0.0,0.0,3905.0,0.0
1787907440.404393,2026-08-28T08:57:20+00:00,http_log_5m_x7,3129864.0,49584.0,2404433781.0,2293090269.0,330.0,2283.0,0.0,871610.0,2374.0,0.0,0.0,0.0,0.0,23.0,26.0,393266872.0,2643495424.0,11016364032.0,49600.0,39231070208.0,1839155337.0,0.0,2906.0,6313410.0,4891.0,327238.0,30843.0,0.0,0.0,3905.0,0.0
1787907441.407367,2026-08-28T08:57:21+00:00,http_log_5m_x7,3129864.0,49584.0,2404433781.0,2293090269.0,330.0,2283.0,0.0,871610.0,2374.0,0.0,0.0,0.0,0.0,23.0,26.0,392805128.0,2643495424.0,11016769536.0,49619.0,39231070208.0,1839155337.0,0.0,2906.0,6325331.0,4893.0,327289.0,30867.0,0.0,0.0,3910.0,0.0
1787907442.41247,2026-08-28T08:57:22+00:00,http_log_5m_x7,3129864.0,49584.0,2404433781.0,2293090269.0,330.0,2283.0,0.0,871610.0,2374.0,0.0,0.0,0.0,0.0,23.0,26.0,392805128.0,2643495424.0,11016769536.0,49619.0,39231070208.0,1839155337.0,0.0,2906.0,6325331.0,4893.0,327289.0,30867.0,0.0,0.0,3910.0,0.0
1787907443.417619,2026-08-28T08:57:23+00:00,http_log_5m_x7,3129864.0,49584.0,2404433781.0,2293090269.0,330.0,2283.0,0.0,871610.0,2374.0,0.0,0.0,0.0,0.0,23.0,26.0,392805128.0,2643495424.0,11016769536.0,49619.0,39231070208.0,1839155337.0,0.0,2906.0,6325331.0,4893.0,327289.0,30867.0,0.0,0.0,3910.0,0.0
1787907444.42266,2026-08-28T08:57:24+00:00,http_log_5m_x7,3129864.0,49584.0,2404433781.0,2293090269.0,330.0,2283.0,0.0,871610.0,2374.0,0.0,0.0,0.0,0.0,23.0,26.0,392805128.0,2643495424.0,11016769536.0,49619.0,39231070208.0,1839155337.0,0.0,2906.0,6325331.0,4893.0,327289.0,30867.0,0.0,0.0,3910.0,0.0
1787907445.427731,2026-08-28T08:57:25+00:00,http_log_5m_x7,3129864.0,49584.0,2404433781.0,2293090269.0,330.0,2283.0,0.0,871610.0,2374.0,0.0,0.0,0.0,0.0,23.0,26.0,392805128.0,2643495424.0,11016769536.0,49619.0,39231070208.0,1839155337.0,0.0,2906.0,6325331.0,4893.0,327289.0,30867.0,0.0,0.0,3910.0,0.0
1787907446.430121,2026-08-28T08:57:26+00:00,http_log_5m_x7,3129864.0,49584.0,2404433781.0,2293090269.0,330.0,2283.0,0.0,871610.0,2374.0,0.0,0.0,0.0,0.0,23.0,26.0,392805128.0,2643495424.0,11016769536.0,49619.0,39231070208.0,1839155337.0,0.0,2906.0,6325331.0,4893.0,327289.0,30867.0,0.0,0.0,3910.0,0.0
1787907447.4308832,2026-08-28T08:57:27+00:00,http_log_5m_x7,3129864.0,49584.0,2404433781.0,2293090269.0,330.0,2283.0,0.0,871610.0,2374.0,0.0,0.0,0.0,0.0,23.0,26.0,392805128.0,2643495424.0,11016769536.0,49619.0,39231070208.0,1839155337.0,0.0,2906.0,6325331.0,4893.0,327289.0,30867.0,0.0,0.0,3910.0,0.0
1787907448.431318,2026-08-28T08:57:28+00:00,http_log_5m_x7,3129864.0,49584.0,2404433781.0,2293090269.0,330.0,2283.0,0.0,871610.0,2374.0,0.0,0.0,0.0,0.0,23.0,26.0,392805128.0,2643495424.0,11016769536.0,49619.0,39231070208.0,1839155337.0,0.0,2906.0,6325331.0,4893.0,327289.0,30867.0,0.0,0.0,3910.0,0.0
1787907449.4363751,2026-08-28T08:57:29+00:00,http_log_5m_x7,3129864.0,49584.0,2404433781.0,2293090269.0,330.0,2283.0,0.0,871610.0,2374.0,0.0,0.0,0.0,0.0,23.0,26.0,392805128.0,2643495424.0,11016769536.0,49619.0,39231070208.0,1839155337.0,0.0,2906.0,6325331.0,4893.0,327289.0,30867.0,0.0,0.0,3910.0,0.0
1787907450.441431,2026-08-28T08:57:30+00:00,http_log_5m_x7,3129864.0,49584.0,2404433781.0,2293090269.0,330.0,2283.0,0.0,871610.0,2374.0,0.0,0.0,0.0,0.0,23.0,26.0,392805128.0,2643495424.0,11016769536.0,49619.0,39231070208.0,1839155337.0,0.0,2906.0,6325331.0,4893.0,327289.0,30867.0,0.0,0.0,3910.0,0.0
1787907451.44651,2026-08-28T08:57:31+00:00,http_log_5m_x7,3129864.0,49584.0,2404433781.0,2293090269.0,330.0,2283.0,0.0,871610.0,2374.0,0.0,0.0,0.0,0.0,23.0,26.0,392805128.0,2643495424.0,11016769536.0,49619.0,39231070208.0,1839155337.0,0.0,2906.0,6325331.0,4893.0,327289.0,30867.0,0.0,0.0,3910.0,0.0
1787907452.4475908,2026-08-28T08:57:32+00:00,http_log_5m_x7,3129864.0,49584.0,2404433781.0,2293090269.0,330.0,2283.0,0.0,871610.0,2374.0,0.0,0.0,0.0,0.0,23.0,26.0,392805128.0,2643495424.0,11016769536.0,49619.0,39231070208.0,1839155337.0,0.0,2906.0,6325331.0,4893.0,327289.0,30867.0,0.0,0.0,3910.0,0.0
1787907453.4526951,2026-08-28T08:57:33+00:00,http_log_5m_x7,3129864.0,49584.0,2404433781.0,2293090269.0,330.0,2283.0,0.0,871610.0,2374.0,0.0,0.0,0.0,0.0,23.0,26.0,392805128.0,2643495424.0,11016769536.0,49619.0,39231070208.0,1839155337.0,0.0,2906.0,6325331.0,4893.0,327289.0,30867.0,0.0,0.0,3910.0,0.0
1787907454.455817,2026-08-28T08:57:34+00:00,http_log_5m_x7,3129864.0,49584.0,2404433781.0,2293090269.0,330.0,2283.0,0.0,871610.0,2374.0,0.0,0.0,0.0,0.0,23.0,26.0,392805128.0,2643495424.0,11016769536.0,49619.0,39231070208.0,1839155337.0,0.0,2906.0,6325331.0,4893.0,327289.0,30867.0,0.0,0.0,3910.0,0.0
1787907455.459583,2026-08-28T08:57:35+00:00,http_log_5m_x7,3129864.0,49584.0,2404433781.0,2293090269.0,330.0,2283.0,0.0,871610.0,2374.0,0.0,0.0,0.0,0.0,23.0,26.0,392805128.0,2643495424.0,11016769536.0,49619.0,39231070208.0,1839155337.0,0.0,2906.0,6325331.0,4893.0,327289.0,30867.0,0.0,0.0,3910.0,0.0
1787907456.464654,2026-08-28T08:57:36+00:00,http_log_5m_x7,3129864.0,49584.0,2404433781.0,2293090269.0,330.0,2283.0,0.0,871610.0,2374.0,0.0,0.0,0.0,0.0,23.0,26.0,392711640.0,2643495424.0,11017543680.0,49638.0,39231070208.0,1839155337.0,0.0,2906.0,6337234.0,4894.0,327347.0,30897.0,0.0,0.0,3915.0,0.0
1787907457.4697459,2026-08-28T08:57:37+00:00,http_log_5m_x7,3129864.0,49584.0,2404433781.0,2293090269.0,330.0,2283.0,0.0,871610.0,2374.0,0.0,0.0,0.0,0.0,23.0,26.0,392711640.0,2643495424.0,11017543680.0,49638.0,39231070208.0,1839155337.0,0.0,2906.0,6337234.0,4894.0,327347.0,30897.0,0.0,0.0,3915.0,0.0
1787907458.474823,2026-08-28T08:57:38+00:00,http_log_5m_x7,3129864.0,49584.0,2404433781.0,2293090269.0,330.0,2283.0,0.0,871610.0,2374.0,0.0,0.0,0.0,0.0,23.0,26.0,392711640.0,2643495424.0,11017543680.0,49638.0,39231070208.0,1839155337.0,0.0,2906.0,6337234.0,4894.0,327347.0,30897.0,0.0,0.0,3915.0,0.0
1787907459.4798698,2026-08-28T08:57:39+00:00,http_log_5m_x7,3129864.0,49584.0,2404433781.0,2293090269.0,330.0,2283.0,0.0,871610.0,2374.0,0.0,0.0,0.0,0.0,23.0,26.0,392711640.0,2643495424.0,11017543680.0,49638.0,39231070208.0,1839155337.0,0.0,2906.0,6337234.0,4894.0,327347.0,30897.0,0.0,0.0,3915.0,0.0
1787907460.4849331,2026-08-28T08:57:40+00:00,http_log_5m_x7,3129864.0,49584.0,2404433781.0,2293090269.0,330.0,2283.0,0.0,871610.0,2374.0,0.0,0.0,0.0,0.0,23.0,26.0,392711640.0,2643495424.0,11017543680.0,49638.0,39231070208.0,1839155337.0,0.0,2906.0,6337234.0,4894.0,327347.0,30897.0,0.0,0.0,3915.0,0.0
1787907461.489999,2026-08-28T08:57:41+00:00,http_log_5m_x7,3129864.0,49584.0,2404433781.0,2293090269.0,330.0,2283.0,0.0,871610.0,2374.0,0.0,0.0,0.0,0.0,23.0,26.0,392711640.0,2643495424.0,11017543680.0,49638.0,39231070208.0,1839155337.0,0.0,2906.0,6337234.0,4894.0,327347.0,30897.0,0.0,0.0,3915.0,0.0
1787907462.492685,2026-08-28T08:57:42+00:00,http_log_5m_x7,3129864.0,49584.0,2404433781.0,2293090269.0,330.0,2283.0,0.0,871610.0,2374.0,0.0,0.0,0.0,0.0,23.0,26.0,392711640.0,2643495424.0,11017543680.0,49638.0,39231070208.0,1839155337.0,0.0,2906.0,6337234.0,4894.0,327347.0,30897.0,0.0,0.0,3915.0,0.0
1787907463.4966369,2026-08-28T08:57:43+00:00,http_log_5m_x7,3129864.0,49584.0,2404433781.0,2293090269.0,330.0,2283.0,0.0,871610.0,2374.0,0.0,0.0,0.0,0.0,23.0,26.0,392711640.0,2643495424.0,11017543680.0,49638.0,39231070208.0,1839155337.0,0.0,2906.0,6337234.0,4894.0,327347.0,30897.0,0.0,0.0,3915.0,0.0
1787907464.501708,2026-08-28T08:57:44+00:00,http_log_5m_x7,3129864.0,49584.0,2404433781.0,2293090269.0,330.0,2283.0,0.0,871610.0,2374.0,0.0,0.0,0.0,0.0,23.0,26.0,392711640.0,2643495424.0,11017543680.0,49638.0,39231070208.0,1839155337.0,0.0,2906.0,6337234.0,4894.0,327347.0,30897.0,0.0,0.0,3915.0,0.0
1787907465.506779,2026-08-28T08:57:45+00:00,http_log_5m_x7,3129864.0,49584.0,2404433781.0,2293090269.0,330.0,2283.0,0.0,871610.0,2374.0,0.0,0.0,0.0,0.0,23.0,26.0,392711640.0,2643495424.0,11017543680.0,49638.0,39231070208.0,1839155337.0,0.0,2906.0,6337234.0,4894.0,327347.0,30897.0,0.0,0.0,3915.0,0.0
1787907466.5074189,2026-08-28T08:57:46+00:00,http_log_5m_x7,3129864.0,49584.0,2404433781.0,2293090269.0,330.0,2283.0,0.0,871610.0,2374.0,0.0,0.0,0.0,0.0,23.0,26.0,392711640.0,2643495424.0,11017543680.0,49638.0,39231070208.0,1839155337.0,0.0,2906.0,6337234.0,4894.0,327347.0,30897.0,0.0,0.0,3915.0,0.0
1787907467.5125382,2026-08-28T08:57:47+00:00,http_log_5m_x7,3129864.0,49584.0,2404433781.0,2293090269.0,330.0,2283.0,0.0,871610.0,2374.0,0.0,0.0,0.0,0.0,23.0,26.0,392711640.0,2643495424.0,11017543680.0,49638.0,39231070208.0,1839155337.0,0.0,2906.0,6337234.0,4894.0,327347.0,30897.0,0.0,0.0,3915.0,0.0
1787907468.517622,2026-08-28T08:57:48+00:00,http_log_5m_x7,3129864.0,49584.0,2404433781.0,2293090269.0,330.0,2283.0,0.0,871610.0,2374.0,0.0,0.0,0.0,0.0,23.0,26.0,392711640.0,2643495424.0,11017543680.0,49638.0,39231070208.0,1839155337.0,0.0,2906.0,6337234.0,4894.0,327347.0,30897.0,0.0,0.0,3915.0,0.0
1787907469.522688,2026-08-28T08:57:49+00:00,http_log_5m_x7,3129864.0,49584.0,2404433781.0,2293090269.0,330.0,2283.0,0.0,871610.0,2374.0,0.0,0.0,0.0,0.0,23.0,26.0,392711640.0,2643495424.0,11017543680.0,49638.0,39231070208.0,1839155337.0,0.0,2906.0,6337234.0,4894.0,327347.0,30897.0,0.0,0.0,3915.0,0.0
1787907470.527772,2026-08-28T08:57:50+00:00,http_log_5m_x7,3129864.0,49584.0,2404433781.0,2293090269.0,330.0,2283.0,0.0,871610.0,2374.0,0.0,0.0,0.0,0.0,23.0,26.0,392711640.0,2643495424.0,11017543680.0,49638.0,39231070208.0,1839155337.0,0.0,2906.0,6337234.0,4894.0,327347.0,30897.0,0.0,0.0,3915.0,0.0
1787907471.532834,2026-08-28T08:57:51+00:00,http_log_5m_x7,3129864.0,49584.0,2404433781.0,2293090269.0,330.0,2283.0,0.0,871610.0,2374.0,0.0,0.0,0.0,0.0,23.0,26.0,392427240.0,2643495424.0,11018129408.0,49653.0,39231070208.0,1839155337.0,0.0,2906.0,6349166.0,4896.0,327399.0,30918.0,0.0,0.0,3920.0,0.0
1787907472.537932,2026-08-28T08:57:52+00:00,http_log_5m_x7,3129864.0,49584.0,2404433781.0,2293090269.0,330.0,2283.0,0.0,871610.0,2374.0,0.0,0.0,0.0,0.0,23.0,26.0,392427240.0,2643495424.0,11018129408.0,49653.0,39231070208.0,1839155337.0,0.0,2906.0,6349166.0,4896.0,327399.0,30918.0,0.0,0.0,3920.0,0.0
1787907473.543058,2026-08-28T08:57:53+00:00,http_log_5m_x7,3129864.0,49584.0,2404433781.0,2293090269.0,330.0,2283.0,0.0,871610.0,2374.0,0.0,0.0,0.0,0.0,23.0,26.0,392427240.0,2643495424.0,11018129408.0,49653.0,39231070208.0,1839155337.0,0.0,2906.0,6349166.0,4896.0,327399.0,30918.0,0.0,0.0,3920.0,0.0
1787907474.5481112,2026-08-28T08:57:54+00:00,http_log_5m_x7,3129864.0,49584.0,2404433781.0,2293090269.0,330.0,2283.0,0.0,871610.0,2374.0,0.0,0.0,0.0,0.0,23.0,26.0,392427240.0,2643495424.0,11018129408.0,49653.0,39231070208.0,1839155337.0,0.0,2906.0,6349166.0,4896.0,327399.0,30918.0,0.0,0.0,3920.0,0.0
1787907475.553161,2026-08-28T08:57:55+00:00,http_log_5m_x7,3129864.0,49584.0,2404433781.0,2293090269.0,330.0,2283.0,0.0,871610.0,2374.0,0.0,0.0,0.0,0.0,23.0,26.0,392427240.0,2643495424.0,11018129408.0,49653.0,39231070208.0,1839155337.0,0.0,2906.0,6349166.0,4896.0,327399.0,30918.0,0.0,0.0,3920.0,0.0
1787907476.558284,2026-08-28T08:57:56+00:00,http_log_5m_x7,3129864.0,49584.0,2404433781.0,2293090269.0,330.0,2283.0,0.0,871610.0,2374.0,0.0,0.0,0.0,0.0,23.0,26.0,392427240.0,2643495424.0,11018129408.0,49653.0,39231070208.0,1839155337.0,0.0,2906.0,6349166.0,4896.0,327399.0,30918.0,0.0,0.0,3920.0,0.0
1787907477.563324,2026-08-28T08:57:57+00:00,http_log_5m_x7,3129864.0,49584.0,2404433781.0,2293090269.0,330.0,2283.0,0.0,871610.0,2374.0,0.0,0.0,0.0,0.0,23.0,26.0,392427240.0,2643495424.0,11018129408.0,49653.0,39231070208.0,1839155337.0,0.0,2906.0,6349166.0,4896.0,327399.0,30918.0,0.0,0.0,3920.0,0.0
1787907478.568396,2026-08-28T08:57:58+00:00,http_log_5m_x7,3129864.0,49584.0,2404433781.0,2293090269.0,330.0,2283.0,0.0,871610.0,2374.0,0.0,0.0,0.0,0.0,23.0,26.0,392427240.0,2643495424.0,11018129408.0,49653.0,39231070208.0,1839155337.0,0.0,2906.0,6349166.0,4896.0,327399.0,30918.0,0.0,0.0,3920.0,0.0
1787907479.5734458,2026-08-28T08:57:59+00:00,http_log_5m_x7,3129864.0,49584.0,2404433781.0,2293090269.0,330.0,2283.0,0.0,871610.0,2374.0,0.0,0.0,0.0,0.0,23.0,26.0,392427240.0,2643495424.0,11018129408.0,49653.0,39231070208.0,1839155337.0,0.0,2906.0,6349166.0,4896.0,327399.0,30918.0,0.0,0.0,3920.0,0.0
1787907480.578521,2026-08-28T08:58:00+00:00,http_log_5m_x7,3129864.0,49584.0,2404433781.0,2293090269.0,330.0,2283.0,0.0,871610.0,2374.0,0.0,0.0,0.0,0.0,23.0,26.0,392427240.0,2643495424.0,11018129408.0,49653.0,39231070208.0,1839155337.0,0.0,2906.0,6349166.0,4896.0,327399.0,30918.0,0.0,0.0,3920.0,0.0
1787907481.583575,2026-08-28T08:58:01+00:00,http_log_5m_x7,3129864.0,49584.0,2404433781.0,2293090269.0,330.0,2283.0,0.0,871610.0,2374.0,0.0,0.0,0.0,0.0,23.0,26.0,392427240.0,2643495424.0,11018129408.0,49653.0,39231070208.0,1839155337.0,0.0,2906.0,6349166.0,4896.0,327399.0,30918.0,0.0,0.0,3920.0,0.0
1787907482.5887208,2026-08-28T08:58:02+00:00,http_log_5m_x7,3129864.0,49584.0,2404433781.0,2293090269.0,330.0,2283.0,0.0,871610.0,2374.0,0.0,0.0,0.0,0.0,23.0,26.0,392427240.0,2643495424.0,11018129408.0,49653.0,39231070208.0,1839155337.0,0.0,2906.0,6349166.0,4896.0,327399.0,30918.0,0.0,0.0,3920.0,0.0
1787907483.593003,2026-08-28T08:58:03+00:00,http_log_5m_x7,3129864.0,49584.0,2404433781.0,2293090269.0,330.0,2283.0,0.0,871610.0,2374.0,0.0,0.0,0.0,0.0,23.0,26.0,392427240.0,2643495424.0,11018129408.0,49653.0,39231070208.0,1839155337.0,0.0,2906.0,6349166.0,4896.0,327399.0,30918.0,0.0,0.0,3920.0,0.0
1787907484.598079,2026-08-28T08:58:04+00:00,http_log_5m_x7,3129864.0,49584.0,2404433781.0,2293090269.0,330.0,2283.0,0.0,871610.0,2374.0,0.0,0.0,0.0,0.0,23.0,26.0,392427240.0,2643495424.0,11018129408.0,49653.0,39231070208.0,1839155337.0,0.0,2906.0,6349166.0,4896.0,327399.0,30918.0,0.0,0.0,3920.0,0.0
1787907485.603177,2026-08-28T08:58:05+00:00,http_log_5m_x7,3129864.0,49584.0,2404433781.0,2293090269.0,330.0,2283.0,0.0,871610.0,2374.0,0.0,0.0,0.0,0.0,23.0,26.0,392427240.0,2643495424.0,11018129408.0,49653.0,39231070208.0,1839155337.0,0.0,2906.0,6349166.0,4896.0,327399.0,30918.0,0.0,0.0,3920.0,0.0
1787907486.6082299,2026-08-28T08:58:06+00:00,http_log_5m_x7,3129864.0,49584.0,2404433781.0,2293090269.0,330.0,2283.0,0.0,871610.0,2374.0,0.0,0.0,0.0,0.0,23.0,26.0,393934304.0,2643495424.0,11018829824.0,49676.0,39231070208.0,1839155337.0,0.0,2906.0,6361081.0,4898.0,327459.0,30945.0,0.0,0.0,3925.0,0.0
1787907487.613334,2026-08-28T08:58:07+00:00,http_log_5m_x7,3129864.0,49584.0,2404433781.0,2293090269.0,330.0,2283.0,0.0,871610.0,2374.0,0.0,0.0,0.0,0.0,23.0,26.0,393934304.0,2643495424.0,11018829824.0,49676.0,39230853120.0,1839155337.0,0.0,2906.0,6361081.0,4898.0,327459.0,30945.0,0.0,0.0,3925.0,0.0
1787907488.618061,2026-08-28T08:58:08+00:00,http_log_5m_x7,3129864.0,49584.0,2404433781.0,2293090269.0,330.0,2283.0,0.0,871610.0,2374.0,0.0,0.0,0.0,0.0,23.0,26.0,393934304.0,2643495424.0,11018829824.0,49676.0,39230853120.0,1839155337.0,0.0,2906.0,6361081.0,4898.0,327459.0,30945.0,0.0,0.0,3925.0,0.0
1787907489.6231198,2026-08-28T08:58:09+00:00,http_log_5m_x7,3129864.0,49584.0,2404433781.0,2293090269.0,330.0,2283.0,0.0,871610.0,2374.0,0.0,0.0,0.0,0.0,23.0,26.0,393934304.0,2643495424.0,11018829824.0,49676.0,39230853120.0,1839155337.0,0.0,2906.0,6361081.0,4898.0,327459.0,30945.0,0.0,0.0,3925.0,0.0
1787907490.628165,2026-08-28T08:58:10+00:00,http_log_5m_x7,3129864.0,49584.0,2404433781.0,2293090269.0,330.0,2283.0,0.0,871610.0,2374.0,0.0,0.0,0.0,0.0,23.0,26.0,393934304.0,2643495424.0,11018829824.0,49676.0,39230853120.0,1839155337.0,0.0,2906.0,6361081.0,4898.0,327459.0,30945.0,0.0,0.0,3925.0,0.0
1787907491.6332538,2026-08-28T08:58:11+00:00,http_log_5m_x7,3129864.0,49584.0,2404433781.0,2293090269.0,330.0,2283.0,0.0,871610.0,2374.0,0.0,0.0,0.0,0.0,23.0,26.0,393934304.0,2643495424.0,11018829824.0,49676.0,39230853120.0,1839155337.0,0.0,2906.0,6361081.0,4898.0,327459.0,30945.0,0.0,0.0,3925.0,0.0
1787907492.63639,2026-08-28T08:58:12+00:00,http_log_5m_x7,3129864.0,49584.0,2404433781.0,2293090269.0,330.0,2283.0,0.0,871610.0,2374.0,0.0,0.0,0.0,0.0,23.0,26.0,393934304.0,2643495424.0,11018829824.0,49676.0,39230853120.0,1839155337.0,0.0,2906.0,6361081.0,4898.0,327459.0,30945.0,0.0,0.0,3925.0,0.0
1787907493.641494,2026-08-28T08:58:13+00:00,http_log_5m_x7,3129864.0,49584.0,2404433781.0,2293090269.0,330.0,2283.0,0.0,871610.0,2374.0,0.0,0.0,0.0,0.0,23.0,26.0,393934304.0,2643495424.0,11018829824.0,49676.0,39230853120.0,1839155337.0,0.0,2906.0,6361081.0,4898.0,327459.0,30945.0,0.0,0.0,3925.0,0.0
1787907494.6465778,2026-08-28T08:58:14+00:00,http_log_5m_x7,3129864.0,49584.0,2404433781.0,2293090269.0,330.0,2283.0,0.0,871610.0,2374.0,0.0,0.0,0.0,0.0,23.0,26.0,393934304.0,2643495424.0,11018829824.0,49676.0,39230853120.0,1839155337.0,0.0,2906.0,6361081.0,4898.0,327459.0,30945.0,0.0,0.0,3925.0,0.0
1787907495.648267,2026-08-28T08:58:15+00:00,http_log_5m_x7,3129864.0,49584.0,2404433781.0,2293090269.0,330.0,2283.0,0.0,871610.0,2374.0,0.0,0.0,0.0,0.0,23.0,26.0,393934304.0,2643495424.0,11018829824.0,49676.0,39230853120.0,1839155337.0,0.0,2906.0,6361081.0,4898.0,327459.0,30945.0,0.0,0.0,3925.0,0.0
1787907496.653396,2026-08-28T08:58:16+00:00,http_log_5m_x7,3129864.0,49584.0,2404433781.0,2293090269.0,330.0,2283.0,0.0,871610.0,2374.0,0.0,0.0,0.0,0.0,23.0,26.0,393934304.0,2643495424.0,11018829824.0,49676.0,39230853120.0,1839155337.0,0.0,2906.0,6361081.0,4898.0,327459.0,30945.0,0.0,0.0,3925.0,0.0
1787907497.6559832,2026-08-28T08:58:17+00:00,http_log_5m_x7,3129864.0,49584.0,2404433781.0,2293090269.0,330.0,2283.0,0.0,871610.0,2374.0,0.0,0.0,0.0,0.0,23.0,26.0,393934304.0,2643495424.0,11018829824.0,49676.0,39230853120.0,1839155337.0,0.0,2906.0,6361081.0,4898.0,327459.0,30945.0,0.0,0.0,3925.0,0.0
1787907498.661056,2026-08-28T08:58:18+00:00,http_log_5m_x7,3129864.0,49584.0,2404433781.0,2293090269.0,330.0,2283.0,0.0,871610.0,2374.0,0.0,0.0,0.0,0.0,23.0,26.0,393934304.0,2643495424.0,11018829824.0,49676.0,39230853120.0,1839155337.0,0.0,2906.0,6361081.0,4898.0,327459.0,30945.0,0.0,0.0,3925.0,0.0
1787907499.6661131,2026-08-28T08:58:19+00:00,http_log_5m_x7,3129864.0,49584.0,2404433781.0,2293090269.0,330.0,2283.0,0.0,871610.0,2374.0,0.0,0.0,0.0,0.0,23.0,26.0,393934304.0,2643495424.0,11018829824.0,49676.0,39230853120.0,1839155337.0,0.0,2906.0,6361081.0,4898.0,327459.0,30945.0,0.0,0.0,3925.0,0.0
1787907500.66874,2026-08-28T08:58:20+00:00,http_log_5m_x7,3129864.0,49584.0,2404433781.0,2293090269.0,330.0,2283.0,0.0,871610.0,2374.0,0.0,0.0,0.0,0.0,23.0,26.0,403299112.0,2643499520.0,11021529088.0,49721.0,39230853120.0,1839155337.0,0.0,2916.0,6372458.0,4903.0,327914.0,31080.0,0.0,0.0,3935.0,0.0
1787907501.6738079,2026-08-28T08:58:21+00:00,http_log_5m_x7,3129864.0,49584.0,2404433781.0,2293090269.0,330.0,2283.0,0.0,871610.0,2374.0,0.0,0.0,0.0,0.0,23.0,26.0,403299112.0,2643499520.0,11021529088.0,49721.0,39230853120.0,1839155337.0,0.0,2916.0,6372458.0,4903.0,327914.0,31080.0,0.0,0.0,3935.0,0.0
1787907502.678913,2026-08-28T08:58:22+00:00,http_log_5m_x7,3129864.0,49584.0,2404433781.0,2293090269.0,330.0,2283.0,0.0,871610.0,2374.0,0.0,0.0,0.0,0.0,23.0,26.0,403299112.0,2643499520.0,11021529088.0,49721.0,39230853120.0,1839155337.0,0.0,2916.0,6372458.0,4903.0,327914.0,31080.0,0.0,0.0,3935.0,0.0
1787907503.681058,2026-08-28T08:58:23+00:00,http_log_5m_x7,3129864.0,49584.0,2404433781.0,2293090269.0,330.0,2283.0,0.0,871610.0,2374.0,0.0,0.0,0.0,0.0,23.0,26.0,403299112.0,2643499520.0,11021529088.0,49721.0,39230853120.0,1839155337.0,0.0,2916.0,6372458.0,4903.0,327914.0,31080.0,0.0,0.0,3935.0,0.0
1787907504.686122,2026-08-28T08:58:24+00:00,http_log_5m_x7,3129864.0,49584.0,2404433781.0,2293090269.0,330.0,2283.0,0.0,871610.0,2374.0,0.0,0.0,0.0,0.0,23.0,26.0,403299112.0,2643499520.0,11021529088.0,49721.0,39230853120.0,1839155337.0,0.0,2916.0,6372458.0,4903.0,327914.0,31080.0,0.0,0.0,3935.0,0.0
1787907505.691214,2026-08-28T08:58:25+00:00,http_log_5m_x7,3129864.0,49584.0,2404433781.0,2293090269.0,330.0,2283.0,0.0,871610.0,2374.0,0.0,0.0,0.0,0.0,23.0,26.0,403299112.0,2643499520.0,11021529088.0,49721.0,39230853120.0,1839155337.0,0.0,2916.0,6372458.0,4903.0,327914.0,31080.0,0.0,0.0,3935.0,0.0
1787907506.696264,2026-08-28T08:58:26+00:00,http_log_5m_x7,3129864.0,49584.0,2404433781.0,2293090269.0,330.0,2283.0,0.0,871610.0,2374.0,0.0,0.0,0.0,0.0,23.0,26.0,403299112.0,2643499520.0,11021529088.0,49721.0,39230853120.0,1839155337.0,0.0,2916.0,6372458.0,4903.0,327914.0,31080.0,0.0,0.0,3935.0,0.0
1787907507.6976268,2026-08-28T08:58:27+00:00,http_log_5m_x7,3129864.0,49584.0,2404433781.0,2293090269.0,330.0,2283.0,0.0,871610.0,2374.0,0.0,0.0,0.0,0.0,23.0,26.0,403299112.0,2643499520.0,11021529088.0,49721.0,39230853120.0,1839155337.0,0.0,2916.0,6372458.0,4903.0,327914.0,31080.0,0.0,0.0,3935.0,0.0
1787907508.702695,2026-08-28T08:58:28+00:00,http_log_5m_x7,3129864.0,49584.0,2404433781.0,2293090269.0,330.0,2283.0,0.0,871610.0,2374.0,0.0,0.0,0.0,0.0,23.0,26.0,403299112.0,2643499520.0,11021529088.0,49721.0,39230853120.0,1839155337.0,0.0,2916.0,6372458.0,4903.0,327914.0,31080.0,0.0,0.0,3935.0,0.0
1787907509.707765,2026-08-28T08:58:29+00:00,http_log_5m_x7,3129864.0,49584.0,2404433781.0,2293090269.0,330.0,2283.0,0.0,871610.0,2374.0,0.0,0.0,0.0,0.0,23.0,26.0,403299112.0,2643499520.0,11021529088.0,49721.0,39230853120.0,1839155337.0,0.0,2916.0,6372458.0,4903.0,327914.0,31080.0,0.0,0.0,3935.0,0.0
1787907510.712828,2026-08-28T08:58:30+00:00,http_log_5m_x7,3129864.0,49584.0,2404433781.0,2293090269.0,330.0,2283.0,0.0,871610.0,2374.0,0.0,0.0,0.0,0.0,23.0,26.0,403299112.0,2643499520.0,11021529088.0,49721.0,39230853120.0,1839155337.0,0.0,2916.0,6372458.0,4903.0,327914.0,31080.0,0.0,0.0,3935.0,0.0
1787907511.715791,2026-08-28T08:58:31+00:00,http_log_5m_x7,3129864.0,49584.0,2404433781.0,2293090269.0,330.0,2283.0,0.0,871610.0,2374.0,0.0,0.0,0.0,0.0,23.0,26.0,403299112.0,2643499520.0,11021529088.0,49721.0,39230853120.0,1839155337.0,0.0,2916.0,6372458.0,4903.0,327914.0,31080.0,0.0,0.0,3935.0,0.0
1787907512.717501,2026-08-28T08:58:32+00:00,http_log_5m_x7,3129864.0,49584.0,2404433781.0,2293090269.0,330.0,2283.0,0.0,871610.0,2374.0,0.0,0.0,0.0,0.0,23.0,26.0,403299112.0,2643499520.0,11021529088.0,49721.0,39230853120.0,1839155337.0,0.0,2916.0,6372458.0,4903.0,327914.0,31080.0,0.0,0.0,3935.0,0.0
1787907513.72261,2026-08-28T08:58:33+00:00,http_log_5m_x7,3129864.0,49584.0,2404433781.0,2293090269.0,330.0,2283.0,0.0,871610.0,2374.0,0.0,0.0,0.0,0.0,23.0,26.0,403299112.0,2643499520.0,11021529088.0,49721.0,39230853120.0,1839155337.0,0.0,2916.0,6372458.0,4903.0,327914.0,31080.0,0.0,0.0,3935.0,0.0
1787907514.722968,2026-08-28T08:58:34+00:00,http_log_5m_x7,3129864.0,49584.0,2404433781.0,2293090269.0,330.0,2283.0,0.0,871610.0,2374.0,0.0,0.0,0.0,0.0,23.0,26.0,403299112.0,2643499520.0,11021529088.0,49721.0,39230853120.0,1839155337.0,0.0,2916.0,6372458.0,4903.0,327914.0,31080.0,0.0,0.0,3935.0,0.0
1787907515.7280672,2026-08-28T08:58:35+00:00,http_log_5m_x7,3129864.0,49584.0,2404433781.0,2293090269.0,330.0,2283.0,0.0,871610.0,2374.0,0.0,0.0,0.0,0.0,23.0,26.0,403800352.0,2643499520.0,11025895424.0,49753.0,39230853120.0,1839155337.0,0.0,2926.0,6384355.0,4906.0,327972.0,31110.0,0.0,0.0,3940.0,0.0
1787907516.7331488,2026-08-28T08:58:36+00:00,http_log_5m_x7,3129864.0,49584.0,2404433781.0,2293090269.0,330.0,2283.0,0.0,871610.0,2374.0,0.0,0.0,0.0,0.0,23.0,26.0,403800352.0,2643499520.0,11025895424.0,49753.0,39230853120.0,1839155337.0,0.0,2926.0,6384355.0,4906.0,327972.0,31110.0,0.0,0.0,3940.0,0.0
1787907517.7382998,2026-08-28T08:58:37+00:00,http_log_5m_x7,3129864.0,49584.0,2404433781.0,2293090269.0,330.0,2283.0,0.0,871610.0,2374.0,0.0,0.0,0.0,0.0,23.0,26.0,403800352.0,2643499520.0,11025895424.0,49753.0,39230853120.0,1839155337.0,0.0,2926.0,6384355.0,4906.0,327972.0,31110.0,0.0,0.0,3940.0,0.0
1787907518.743402,2026-08-28T08:58:38+00:00,http_log_5m_x7,3129864.0,49584.0,2404433781.0,2293090269.0,330.0,2283.0,0.0,871610.0,2374.0,0.0,0.0,0.0,0.0,23.0,26.0,403800352.0,2643499520.0,11025895424.0,49753.0,39230853120.0,1839155337.0,0.0,2926.0,6384355.0,4906.0,327972.0,31110.0,0.0,0.0,3940.0,0.0
1787907519.7484741,2026-08-28T08:58:39+00:00,http_log_5m_x7,3129864.0,49584.0,2404433781.0,2293090269.0,330.0,2283.0,0.0,871610.0,2374.0,0.0,0.0,0.0,0.0,23.0,26.0,403800352.0,2643499520.0,11025895424.0,49753.0,39230853120.0,1839155337.0,0.0,2926.0,6384355.0,4906.0,327972.0,31110.0,0.0,0.0,3940.0,0.0
1787907520.753528,2026-08-28T08:58:40+00:00,http_log_5m_x7,3129864.0,49584.0,2404433781.0,2293090269.0,330.0,2283.0,0.0,871610.0,2374.0,0.0,0.0,0.0,0.0,23.0,26.0,403800352.0,2643499520.0,11025895424.0,49753.0,39230853120.0,1839155337.0,0.0,2926.0,6384355.0,4906.0,327972.0,31110.0,0.0,0.0,3940.0,0.0
1787907521.7585752,2026-08-28T08:58:41+00:00,http_log_5m_x7,3129864.0,49584.0,2404433781.0,2293090269.0,330.0,2283.0,0.0,871610.0,2374.0,0.0,0.0,0.0,0.0,23.0,26.0,403800352.0,2643499520.0,11025895424.0,49753.0,39230853120.0,1839155337.0,0.0,2926.0,6384355.0,4906.0,327972.0,31110.0,0.0,0.0,3940.0,0.0
1787907522.76109,2026-08-28T08:58:42+00:00,http_log_5m_x7,3129864.0,49584.0,2404433781.0,2293090269.0,330.0,2283.0,0.0,871610.0,2374.0,0.0,0.0,0.0,0.0,23.0,26.0,403800352.0,2643499520.0,11025895424.0,49753.0,39230853120.0,1839155337.0,0.0,2926.0,6384355.0,4906.0,327972.0,31110.0,0.0,0.0,3940.0,0.0
1787907523.7662,2026-08-28T08:58:43+00:00,http_log_5m_x7,3129864.0,49584.0,2404433781.0,2293090269.0,330.0,2283.0,0.0,871610.0,2374.0,0.0,0.0,0.0,0.0,23.0,26.0,403800352.0,2643499520.0,11025895424.0,49753.0,39230853120.0,1839155337.0,0.0,2926.0,6384355.0,4906.0,327972.0,31110.0,0.0,0.0,3940.0,0.0
1787907524.771289,2026-08-28T08:58:44+00:00,http_log_5m_x7,3129864.0,49584.0,2404433781.0,2293090269.0,330.0,2283.0,0.0,871610.0,2374.0,0.0,0.0,0.0,0.0,23.0,26.0,403800352.0,2643499520.0,11025895424.0,49753.0,39230853120.0,1839155337.0,0.0,2926.0,6384355.0,4906.0,327972.0,31110.0,0.0,0.0,3940.0,0.0
1787907525.7727811,2026-08-28T08:58:45+00:00,http_log_5m_x7,3129864.0,49584.0,2404433781.0,2293090269.0,330.0,2283.0,0.0,871610.0,2374.0,0.0,0.0,0.0,0.0,23.0,26.0,403800352.0,2643499520.0,11025895424.0,49753.0,39230853120.0,1839155337.0,0.0,2926.0,6384355.0,4906.0,327972.0,31110.0,0.0,0.0,3940.0,0.0
1787907526.777836,2026-08-28T08:58:46+00:00,http_log_5m_x7,3129864.0,49584.0,2404433781.0,2293090269.0,330.0,2283.0,0.0,871610.0,2374.0,0.0,0.0,0.0,0.0,23.0,26.0,403800352.0,2643499520.0,11025895424.0,49753.0,39230853120.0,1839155337.0,0.0,2926.0,6384355.0,4906.0,327972.0,31110.0,0.0,0.0,3940.0,0.0
1787907527.782933,2026-08-28T08:58:47+00:00,http_log_5m_x7,3129864.0,49584.0,2404433781.0,2293090269.0,330.0,2283.0,0.0,871610.0,2374.0,0.0,0.0,0.0,0.0,23.0,26.0,403800352.0,2643499520.0,11025895424.0,49753.0,39230853120.0,1839155337.0,0.0,2926.0,6384355.0,4906.0,327972.0,31110.0,0.0,0.0,3940.0,0.0
1787907528.785475,2026-08-28T08:58:48+00:00,http_log_5m_x7,3129864.0,49584.0,2404433781.0,2293090269.0,330.0,2283.0,0.0,871610.0,2374.0,0.0,0.0,0.0,0.0,23.0,26.0,403800352.0,2643499520.0,11025895424.0,49753.0,39230853120.0,1839155337.0,0.0,2926.0,6384355.0,4906.0,327972.0,31110.0,0.0,0.0,3940.0,0.0
1787907529.7905622,2026-08-28T08:58:49+00:00,http_log_5m_x7,3129864.0,49584.0,2404433781.0,2293090269.0,330.0,2283.0,0.0,871610.0,2374.0,0.0,0.0,0.0,0.0,23.0,26.0,403800352.0,2643499520.0,11025895424.0,49753.0,39230853120.0,1839155337.0,0.0,2926.0,6384355.0,4906.0,327972.0,31110.0,0.0,0.0,3940.0,0.0
1787907530.7956128,2026-08-28T08:58:50+00:00,http_log_5m_x7,3129864.0,49584.0,2404433781.0,2293090269.0,330.0,2283.0,0.0,871610.0,2374.0,0.0,0.0,0.0,0.0,23.0,26.0,403134536.0,2643499520.0,11026952192.0,49776.0,39230853120.0,1839155337.0,0.0,2926.0,6396256.0,4908.0,328026.0,31135.0,0.0,0.0,3944.0,0.0
1787907531.8007,2026-08-28T08:58:51+00:00,http_log_5m_x7,3129864.0,49584.0,2404433781.0,2293090269.0,330.0,2283.0,0.0,871610.0,2374.0,0.0,0.0,0.0,0.0,23.0,26.0,403134536.0,2643499520.0,11026952192.0,49776.0,39230853120.0,1839155337.0,0.0,2926.0,6396256.0,4908.0,328026.0,31135.0,0.0,0.0,3944.0,0.0
1787907532.8057768,2026-08-28T08:58:52+00:00,http_log_5m_x7,3129864.0,49584.0,2404433781.0,2293090269.0,330.0,2283.0,0.0,871610.0,2374.0,0.0,0.0,0.0,0.0,23.0,26.0,403134536.0,2643499520.0,11026952192.0,49776.0,39230853120.0,1839155337.0,0.0,2926.0,6396256.0,4908.0,328026.0,31135.0,0.0,0.0,3944.0,0.0
1787907533.810304,2026-08-28T08:58:53+00:00,http_log_5m_x7,3129864.0,49584.0,2404433781.0,2293090269.0,330.0,2283.0,0.0,871610.0,2374.0,0.0,0.0,0.0,0.0,23.0,26.0,403134536.0,2643499520.0,11026952192.0,49776.0,39230853120.0,1839155337.0,0.0,2926.0,6396256.0,4908.0,328026.0,31135.0,0.0,0.0,3944.0,0.0
1787907534.8144388,2026-08-28T08:58:54+00:00,http_log_5m_x7,3129864.0,49584.0,2404433781.0,2293090269.0,330.0,2283.0,0.0,871610.0,2374.0,0.0,0.0,0.0,0.0,23.0,26.0,403134536.0,2643499520.0,11026952192.0,49776.0,39230853120.0,1839155337.0,0.0,2926.0,6396256.0,4908.0,328026.0,31135.0,0.0,0.0,3944.0,0.0
1787907535.848454,2026-08-28T08:58:55+00:00,http_log_5m_x7,3129864.0,49584.0,2404433781.0,2293090269.0,330.0,2283.0,0.0,871610.0,2374.0,0.0,0.0,0.0,0.0,23.0,26.0,403134536.0,2643499520.0,11026952192.0,49776.0,39230853120.0,1839155337.0,0.0,2926.0,6396256.0,4908.0,328026.0,31135.0,0.0,0.0,3944.0,0.0
1787907536.853506,2026-08-28T08:58:56+00:00,http_log_5m_x7,3129864.0,49584.0,2404433781.0,2293090269.0,330.0,2283.0,0.0,871610.0,2374.0,0.0,0.0,0.0,0.0,23.0,26.0,403134536.0,2643499520.0,11026952192.0,49776.0,39230853120.0,1839155337.0,0.0,2926.0,6396256.0,4908.0,328026.0,31135.0,0.0,0.0,3944.0,0.0
1787907537.856162,2026-08-28T08:58:57+00:00,http_log_5m_x7,3129864.0,49584.0,2404433781.0,2293090269.0,330.0,2283.0,0.0,871610.0,2374.0,0.0,0.0,0.0,0.0,23.0,26.0,403134536.0,2643499520.0,11026952192.0,49776.0,39230853120.0,1839155337.0,0.0,2926.0,6396256.0,4908.0,328026.0,31135.0,0.0,0.0,3944.0,0.0
1787907538.856686,2026-08-28T08:58:58+00:00,http_log_5m_x7,3129864.0,49584.0,2404433781.0,2293090269.0,330.0,2283.0,0.0,871610.0,2374.0,0.0,0.0,0.0,0.0,23.0,26.0,403134536.0,2643499520.0,11026952192.0,49776.0,39230853120.0,1839155337.0,0.0,2926.0,6396256.0,4908.0,328026.0,31135.0,0.0,0.0,3944.0,0.0
1787907539.8602161,2026-08-28T08:58:59+00:00,http_log_5m_x7,3129864.0,49584.0,2404433781.0,2293090269.0,330.0,2283.0,0.0,871610.0,2374.0,0.0,0.0,0.0,0.0,23.0,26.0,403134536.0,2643499520.0,11026952192.0,49776.0,39230853120.0,1839155337.0,0.0,2926.0,6396256.0,4908.0,328026.0,31135.0,0.0,0.0,3944.0,0.0
1787907540.865265,2026-08-28T08:59:00+00:00,http_log_5m_x7,3129864.0,49584.0,2404433781.0,2293090269.0,330.0,2283.0,0.0,871610.0,2374.0,0.0,0.0,0.0,0.0,23.0,26.0,403134536.0,2643499520.0,11026952192.0,49776.0,39230853120.0,1839155337.0,0.0,2926.0,6396256.0,4908.0,328026.0,31135.0,0.0,0.0,3944.0,0.0
1787907541.870333,2026-08-28T08:59:01+00:00,http_log_5m_x7,3129864.0,49584.0,2404433781.0,2293090269.0,330.0,2283.0,0.0,871610.0,2374.0,0.0,0.0,0.0,0.0,23.0,26.0,403134536.0,2643499520.0,11026952192.0,49776.0,39230853120.0,1839155337.0,0.0,2926.0,6396256.0,4908.0,328026.0,31135.0,0.0,0.0,3944.0,0.0
1787907542.875443,2026-08-28T08:59:02+00:00,http_log_5m_x7,3129864.0,49584.0,2404433781.0,2293090269.0,330.0,2283.0,0.0,871610.0,2374.0,0.0,0.0,0.0,0.0,23.0,26.0,403134536.0,2643499520.0,11026952192.0,49776.0,39230853120.0,1839155337.0,0.0,2926.0,6396256.0,4908.0,328026.0,31135.0,0.0,0.0,3944.0,0.0
1787907543.8805199,2026-08-28T08:59:03+00:00,http_log_5m_x7,3129864.0,49584.0,2404433781.0,2293090269.0,330.0,2283.0,0.0,871610.0,2374.0,0.0,0.0,0.0,0.0,23.0,26.0,403134536.0,2643499520.0,11026952192.0,49776.0,39230853120.0,1839155337.0,0.0,2926.0,6396256.0,4908.0,328026.0,31135.0,0.0,0.0,3944.0,0.0
1787907544.885592,2026-08-28T08:59:04+00:00,http_log_5m_x7,3129864.0,49584.0,2404433781.0,2293090269.0,330.0,2283.0,0.0,871610.0,2374.0,0.0,0.0,0.0,0.0,23.0,26.0,403134536.0,2643499520.0,11026952192.0,49776.0,39230853120.0,1839155337.0,0.0,2926.0,6396256.0,4908.0,328026.0,31135.0,0.0,0.0,3944.0,0.0
1787907545.89072,2026-08-28T08:59:05+00:00,http_log_5m_x7,3129864.0,49584.0,2404433781.0,2293090269.0,330.0,2283.0,0.0,871610.0,2374.0,0.0,0.0,0.0,0.0,23.0,26.0,404193640.0,2643499520.0,11027496960.0,49791.0,39230853120.0,1839155337.0,0.0,2926.0,6408108.0,4909.0,328103.0,31168.0,0.0,0.0,3949.0,0.0
1787907546.893569,2026-08-28T08:59:06+00:00,http_log_5m_x7,3129864.0,49584.0,2404433781.0,2293090269.0,330.0,2283.0,0.0,871610.0,2374.0,0.0,0.0,0.0,0.0,23.0,26.0,404193640.0,2643499520.0,11027496960.0,49791.0,39226679296.0,1839542852.0,0.0,2926.0,6408108.0,4909.0,328103.0,31168.0,0.0,0.0,3949.0,0.0
1787907547.898721,2026-08-28T08:59:07+00:00,http_log_5m_x7,3129864.0,49584.0,2404433781.0,2293090269.0,330.0,2283.0,0.0,871610.0,2374.0,0.0,0.0,0.0,0.0,23.0,26.0,404193640.0,2643499520.0,11027496960.0,49791.0,39226679296.0,1839542852.0,0.0,2926.0,6408108.0,4909.0,328103.0,31168.0,0.0,0.0,3949.0,0.0
1787907548.9037912,2026-08-28T08:59:08+00:00,http_log_5m_x7,3129864.0,49584.0,2404433781.0,2293090269.0,330.0,2283.0,0.0,871610.0,2374.0,0.0,0.0,0.0,0.0,23.0,26.0,404193640.0,2643499520.0,11027496960.0,49791.0,39226679296.0,1839542852.0,0.0,2926.0,6408108.0,4909.0,328103.0,31168.0,0.0,0.0,3949.0,0.0
1787907549.908849,2026-08-28T08:59:09+00:00,http_log_5m_x7,3129864.0,49584.0,2404433781.0,2293090269.0,330.0,2283.0,0.0,871610.0,2374.0,0.0,0.0,0.0,0.0,23.0,26.0,404193640.0,2643499520.0,11027496960.0,49791.0,39226679296.0,1839542852.0,0.0,2926.0,6408108.0,4909.0,328103.0,31168.0,0.0,0.0,3949.0,0.0
1787907550.913901,2026-08-28T08:59:10+00:00,http_log_5m_x7,3129864.0,49584.0,2404433781.0,2293090269.0,330.0,2283.0,0.0,871610.0,2374.0,0.0,0.0,0.0,0.0,23.0,26.0,404193640.0,2643499520.0,11027496960.0,49791.0,39226679296.0,1839542852.0,0.0,2926.0,6408108.0,4909.0,328103.0,31168.0,0.0,0.0,3949.0,0.0
1787907551.918946,2026-08-28T08:59:11+00:00,http_log_5m_x7,3129864.0,49584.0,2404433781.0,2293090269.0,330.0,2283.0,0.0,871610.0,2374.0,0.0,0.0,0.0,0.0,23.0,26.0,404193640.0,2643499520.0,11027496960.0,49791.0,39226679296.0,1839542852.0,0.0,2926.0,6408108.0,4909.0,328103.0,31168.0,0.0,0.0,3949.0,0.0
1787907552.921637,2026-08-28T08:59:12+00:00,http_log_5m_x7,3129864.0,49584.0,2404433781.0,2293090269.0,330.0,2283.0,0.0,871610.0,2374.0,0.0,0.0,0.0,0.0,23.0,26.0,404193640.0,2643499520.0,11027496960.0,49791.0,39226679296.0,1839542852.0,0.0,2926.0,6408108.0,4909.0,328103.0,31168.0,0.0,0.0,3949.0,0.0
1787907553.92674,2026-08-28T08:59:13+00:00,http_log_5m_x7,3129864.0,49584.0,2404433781.0,2293090269.0,330.0,2283.0,0.0,871610.0,2374.0,0.0,0.0,0.0,0.0,23.0,26.0,404193640.0,2643499520.0,11027496960.0,49791.0,39226679296.0,1839542852.0,0.0,2926.0,6408108.0,4909.0,328103.0,31168.0,0.0,0.0,3949.0,0.0
1787907554.931793,2026-08-28T08:59:14+00:00,http_log_5m_x7,3129864.0,49584.0,2404433781.0,2293090269.0,330.0,2283.0,0.0,871610.0,2374.0,0.0,0.0,0.0,0.0,23.0,26.0,404193640.0,2643499520.0,11027496960.0,49791.0,39226679296.0,1839542852.0,0.0,2926.0,6408108.0,4909.0,328103.0,31168.0,0.0,0.0,3949.0,0.0
1787907555.936848,2026-08-28T08:59:15+00:00,http_log_5m_x7,3129864.0,49584.0,2404433781.0,2293090269.0,330.0,2283.0,0.0,871610.0,2374.0,0.0,0.0,0.0,0.0,23.0,26.0,404193640.0,2643499520.0,11027496960.0,49791.0,39226679296.0,1839542852.0,0.0,2926.0,6408108.0,4909.0,328103.0,31168.0,0.0,0.0,3949.0,0.0
1787907556.9419289,2026-08-28T08:59:16+00:00,http_log_5m_x7,3129864.0,49584.0,2404433781.0,2293090269.0,330.0,2283.0,0.0,871610.0,2374.0,0.0,0.0,0.0,0.0,23.0,26.0,404193640.0,2643499520.0,11027496960.0,49791.0,39226679296.0,1839542852.0,0.0,2926.0,6408108.0,4909.0,328103.0,31168.0,0.0,0.0,3949.0,0.0
1787907557.9436312,2026-08-28T08:59:17+00:00,http_log_5m_x7,3129864.0,49584.0,2404433781.0,2293090269.0,330.0,2283.0,0.0,871610.0,2374.0,0.0,0.0,0.0,0.0,23.0,26.0,404193640.0,2643499520.0,11027496960.0,49791.0,39226679296.0,1839542852.0,0.0,2926.0,6408108.0,4909.0,328103.0,31168.0,0.0,0.0,3949.0,0.0
1787907558.948714,2026-08-28T08:59:18+00:00,http_log_5m_x7,3129864.0,49584.0,2404433781.0,2293090269.0,330.0,2283.0,0.0,871610.0,2374.0,0.0,0.0,0.0,0.0,23.0,26.0,404193640.0,2643499520.0,11027496960.0,49791.0,39226679296.0,1839542852.0,0.0,2926.0,6408108.0,4909.0,328103.0,31168.0,0.0,0.0,3949.0,0.0
1787907559.9498172,2026-08-28T08:59:19+00:00,http_log_5m_x7,3129864.0,49584.0,2404433781.0,2293090269.0,330.0,2283.0,0.0,871610.0,2374.0,0.0,0.0,0.0,0.0,23.0,26.0,404193640.0,2643499520.0,11027496960.0,49791.0,39226679296.0,1839542852.0,0.0,2926.0,6408108.0,4909.0,328103.0,31168.0,0.0,0.0,3949.0,0.0
1787907560.950063,2026-08-28T08:59:20+00:00,http_log_5m_x7,3129864.0,49584.0,2404433781.0,2293090269.0,330.0,2283.0,0.0,871610.0,2374.0,0.0,0.0,0.0,0.0,23.0,26.0,403267640.0,2643536384.0,11029528576.0,49827.0,39226679296.0,1839542852.0,0.0,2942.0,6419995.0,4914.0,328167.0,31199.0,0.0,0.0,3954.0,0.0
1787907561.955133,2026-08-28T08:59:21+00:00,http_log_5m_x7,3129864.0,49584.0,2404433781.0,2293090269.0,330.0,2283.0,0.0,871610.0,2374.0,0.0,0.0,0.0,0.0,23.0,26.0,403267640.0,2643536384.0,11029528576.0,49827.0,39226679296.0,1839542852.0,0.0,2942.0,6419995.0,4914.0,328167.0,31199.0,0.0,0.0,3954.0,0.0
1787907562.9601269,2026-08-28T08:59:22+00:00,http_log_5m_x7,3129864.0,49584.0,2404433781.0,2293090269.0,330.0,2283.0,0.0,871610.0,2374.0,0.0,0.0,0.0,0.0,23.0,26.0,403267640.0,2643536384.0,11029528576.0,49827.0,39226679296.0,1839542852.0,0.0,2942.0,6419995.0,4914.0,328167.0,31199.0,0.0,0.0,3954.0,0.0
1787907563.96525,2026-08-28T08:59:23+00:00,http_log_5m_x7,3129864.0,49584.0,2404433781.0,2293090269.0,330.0,2283.0,0.0,871610.0,2374.0,0.0,0.0,0.0,0.0,23.0,26.0,403267640.0,2643536384.0,11029528576.0,49827.0,39226679296.0,1839542852.0,0.0,2942.0,6419995.0,4914.0,328167.0,31199.0,0.0,0.0,3954.0,0.0
1787907564.970325,2026-08-28T08:59:24+00:00,http_log_5m_x7,3129864.0,49584.0,2404433781.0,2293090269.0,330.0,2283.0,0.0,871610.0,2374.0,0.0,0.0,0.0,0.0,23.0,26.0,403267640.0,2643536384.0,11029528576.0,49827.0,39226679296.0,1839542852.0,0.0,2942.0,6419995.0,4914.0,328167.0,31199.0,0.0,0.0,3954.0,0.0
1787907565.972096,2026-08-28T08:59:25+00:00,http_log_5m_x7,3129864.0,49584.0,2404433781.0,2293090269.0,330.0,2283.0,0.0,871610.0,2374.0,0.0,0.0,0.0,0.0,23.0,26.0,403267640.0,2643536384.0,11029528576.0,49827.0,39226679296.0,1839542852.0,0.0,2942.0,6419995.0,4914.0,328167.0,31199.0,0.0,0.0,3954.0,0.0
1787907566.977163,2026-08-28T08:59:26+00:00,http_log_5m_x7,3129864.0,49584.0,2404433781.0,2293090269.0,330.0,2283.0,0.0,871610.0,2374.0,0.0,0.0,0.0,0.0,23.0,26.0,403267640.0,2643536384.0,11029528576.0,49827.0,39226679296.0,1839542852.0,0.0,2942.0,6419995.0,4914.0,328167.0,31199.0,0.0,0.0,3954.0,0.0
1787907567.9822772,2026-08-28T08:59:27+00:00,http_log_5m_x7,3129864.0,49584.0,2404433781.0,2293090269.0,330.0,2283.0,0.0,871610.0,2374.0,0.0,0.0,0.0,0.0,23.0,26.0,403267640.0,2643536384.0,11029528576.0,49827.0,39226679296.0,1839542852.0,0.0,2942.0,6419995.0,4914.0,328167.0,31199.0,0.0,0.0,3954.0,0.0
1787907568.9873312,2026-08-28T08:59:28+00:00,http_log_5m_x7,3129864.0,49584.0,2404433781.0,2293090269.0,330.0,2283.0,0.0,871610.0,2374.0,0.0,0.0,0.0,0.0,23.0,26.0,403267640.0,2643536384.0,11029528576.0,49827.0,39226679296.0,1839542852.0,0.0,2942.0,6419995.0,4914.0,328167.0,31199.0,0.0,0.0,3954.0,0.0
1787907569.992415,2026-08-28T08:59:30+00:00,http_log_5m_x7,3129864.0,49584.0,2404433781.0,2293090269.0,330.0,2283.0,0.0,871610.0,2374.0,0.0,0.0,0.0,0.0,23.0,26.0,403267640.0,2643536384.0,11029528576.0,49827.0,39226679296.0,1839542852.0,0.0,2942.0,6419995.0,4914.0,328167.0,31199.0,0.0,0.0,3954.0,0.0
1787907570.997487,2026-08-28T08:59:31+00:00,http_log_5m_x7,3129864.0,49584.0,2404433781.0,2293090269.0,330.0,2283.0,0.0,871610.0,2374.0,0.0,0.0,0.0,0.0,23.0,26.0,403267640.0,2643536384.0,11029528576.0,49827.0,39226679296.0,1839542852.0,0.0,2942.0,6419995.0,4914.0,328167.0,31199.0,0.0,0.0,3954.0,0.0
1787907571.997598,2026-08-28T08:59:32+00:00,http_log_5m_x7,3129864.0,49584.0,2404433781.0,2293090269.0,330.0,2283.0,0.0,871610.0,2374.0,0.0,0.0,0.0,0.0,23.0,26.0,403267640.0,2643536384.0,11029528576.0,49827.0,39226679296.0,1839542852.0,0.0,2942.0,6419995.0,4914.0,328167.0,31199.0,0.0,0.0,3954.0,0.0
1787907573.0027049,2026-08-28T08:59:33+00:00,http_log_5m_x7,3129864.0,49584.0,2404433781.0,2293090269.0,330.0,2283.0,0.0,871610.0,2374.0,0.0,0.0,0.0,0.0,23.0,26.0,403267640.0,2643536384.0,11029528576.0,49827.0,39226679296.0,1839542852.0,0.0,2942.0,6419995.0,4914.0,328167.0,31199.0,0.0,0.0,3954.0,0.0
1787907574.0056489,2026-08-28T08:59:34+00:00,http_log_5m_x7,3129864.0,49584.0,2404433781.0,2293090269.0,330.0,2283.0,0.0,871610.0,2374.0,0.0,0.0,0.0,0.0,23.0,26.0,403267640.0,2643536384.0,11029528576.0,49827.0,39226679296.0,1839542852.0,0.0,2942.0,6419995.0,4914.0,328167.0,31199.0,0.0,0.0,3954.0,0.0
1787907575.01074,2026-08-28T08:59:35+00:00,http_log_5m_x7,3129864.0,49584.0,2404433781.0,2293090269.0,330.0,2283.0,0.0,871610.0,2374.0,0.0,0.0,0.0,0.0,23.0,26.0,403267640.0,2643536384.0,11029528576.0,49827.0,39226679296.0,1839542852.0,0.0,2942.0,6419995.0,4914.0,328167.0,31199.0,0.0,0.0,3954.0,0.0
1787907576.0158179,2026-08-28T08:59:36+00:00,http_log_5m_x7,3129864.0,49584.0,2404433781.0,2293090269.0,330.0,2283.0,0.0,871610.0,2374.0,0.0,0.0,0.0,0.0,23.0,26.0,403039440.0,2643536384.0,11029725184.0,49836.0,39226679296.0,1839542852.0,0.0,2942.0,6431895.0,4914.0,328221.0,31226.0,0.0,0.0,3959.0,0.0
1787907577.018739,2026-08-28T08:59:37+00:00,http_log_5m_x7,3129864.0,49584.0,2404433781.0,2293090269.0,330.0,2283.0,0.0,871610.0,2374.0,0.0,0.0,0.0,0.0,23.0,26.0,403039440.0,2643536384.0,11029725184.0,49836.0,39226679296.0,1839542852.0,0.0,2942.0,6431895.0,4914.0,328221.0,31226.0,0.0,0.0,3959.0,0.0
1787907578.022432,2026-08-28T08:59:38+00:00,http_log_5m_x7,3129864.0,49584.0,2404433781.0,2293090269.0,330.0,2283.0,0.0,871610.0,2374.0,0.0,0.0,0.0,0.0,23.0,26.0,403039440.0,2643536384.0,11029725184.0,49836.0,39226679296.0,1839542852.0,0.0,2942.0,6431895.0,4914.0,328221.0,31226.0,0.0,0.0,3959.0,0.0
1787907579.0260448,2026-08-28T08:59:39+00:00,http_log_5m_x7,3129864.0,49584.0,2404433781.0,2293090269.0,330.0,2283.0,0.0,871610.0,2374.0,0.0,0.0,0.0,0.0,23.0,26.0,403039440.0,2643536384.0,11029725184.0,49836.0,39226679296.0,1839542852.0,0.0,2942.0,6431895.0,4914.0,328221.0,31226.0,0.0,0.0,3959.0,0.0
1787907580.031116,2026-08-28T08:59:40+00:00,http_log_5m_x7,3129864.0,49584.0,2404433781.0,2293090269.0,330.0,2283.0,0.0,871610.0,2374.0,0.0,0.0,0.0,0.0,23.0,26.0,403039440.0,2643536384.0,11029725184.0,49836.0,39226679296.0,1839542852.0,0.0,2942.0,6431895.0,4914.0,328221.0,31226.0,0.0,0.0,3959.0,0.0
1787907581.035758,2026-08-28T08:59:41+00:00,http_log_5m_x7,3129864.0,49584.0,2404433781.0,2293090269.0,330.0,2283.0,0.0,871610.0,2374.0,0.0,0.0,0.0,0.0,23.0,26.0,403039440.0,2643536384.0,11029725184.0,49836.0,39226679296.0,1839542852.0,0.0,2942.0,6431895.0,4914.0,328221.0,31226.0,0.0,0.0,3959.0,0.0
1787907582.0408041,2026-08-28T08:59:42+00:00,http_log_5m_x7,3129864.0,49584.0,2404433781.0,2293090269.0,330.0,2283.0,0.0,871610.0,2374.0,0.0,0.0,0.0,0.0,23.0,26.0,403039440.0,2643536384.0,11029725184.0,49836.0,39226679296.0,1839542852.0,0.0,2942.0,6431895.0,4914.0,328221.0,31226.0,0.0,0.0,3959.0,0.0
1787907583.0458848,2026-08-28T08:59:43+00:00,http_log_5m_x7,3129864.0,49584.0,2404433781.0,2293090269.0,330.0,2283.0,0.0,871610.0,2374.0,1.0,0.0,0.0,0.0,14.0,26.0,403039440.0,2643536384.0,11029725184.0,49836.0,39226679296.0,1839542852.0,0.0,2942.0,6431895.0,4914.0,328221.0,31226.0,0.0,0.0,3959.0,0.0
1787907584.051014,2026-08-28T08:59:44+00:00,http_log_5m_x7,3129864.0,49584.0,2404433781.0,2293090269.0,330.0,2283.0,0.0,871610.0,2374.0,1.0,0.0,0.0,0.0,14.0,26.0,403039440.0,2643536384.0,11029725184.0,49836.0,39226679296.0,1839542852.0,0.0,2942.0,6431895.0,4914.0,328221.0,31226.0,0.0,0.0,3959.0,0.0
1787907585.0520341,2026-08-28T08:59:45+00:00,http_log_5m_x7,3129864.0,49584.0,2404433781.0,2293090269.0,330.0,2283.0,0.0,871610.0,2374.0,1.0,0.0,0.0,0.0,14.0,26.0,403039440.0,2643536384.0,11029725184.0,49836.0,39226679296.0,1839542852.0,0.0,2942.0,6431895.0,4914.0,328221.0,31226.0,0.0,0.0,3959.0,0.0
1787907586.057081,2026-08-28T08:59:46+00:00,http_log_5m_x7,3129864.0,49584.0,2404433781.0,2293090269.0,330.0,2283.0,0.0,871610.0,2374.0,2.0,0.0,0.0,0.0,14.0,26.0,403039440.0,2643536384.0,11029725184.0,49836.0,39226679296.0,1839542852.0,0.0,2942.0,6431895.0,4914.0,328221.0,31226.0,0.0,0.0,3959.0,0.0
1787907587.062164,2026-08-28T08:59:47+00:00,http_log_5m_x7,3129864.0,49584.0,2404433781.0,2293090269.0,330.0,2283.0,0.0,871610.0,2374.0,2.0,0.0,0.0,0.0,14.0,26.0,403039440.0,2643536384.0,11029725184.0,49836.0,39226679296.0,1839542852.0,0.0,2942.0,6431895.0,4914.0,328221.0,31226.0,0.0,0.0,3959.0,0.0
1787907588.0646908,2026-08-28T08:59:48+00:00,http_log_5m_x7,3129864.0,49584.0,2404433781.0,2293090269.0,330.0,2283.0,0.0,871610.0,2374.0,2.0,0.0,0.0,0.0,14.0,26.0,403039440.0,2643536384.0,11029725184.0,49836.0,39226679296.0,1839542852.0,0.0,2942.0,6431895.0,4914.0,328221.0,31226.0,0.0,0.0,3959.0,0.0
1787907589.069792,2026-08-28T08:59:49+00:00,http_log_5m_x7,3129864.0,49584.0,2404433781.0,2293090269.0,330.0,2283.0,0.0,871610.0,2374.0,3.0,0.0,0.0,0.0,11.0,26.0,403039440.0,2643536384.0,11029725184.0,49836.0,39226679296.0,1839542852.0,0.0,2942.0,6431895.0,4914.0,328221.0,31226.0,0.0,0.0,3959.0,0.0
1787907590.072452,2026-08-28T08:59:50+00:00,http_log_5m_x7,3129864.0,49584.0,2404433781.0,2293090269.0,330.0,2283.0,0.0,871610.0,2374.0,3.0,0.0,0.0,0.0,11.0,26.0,403039440.0,2643536384.0,11029725184.0,49836.0,39226679296.0,1839542852.0,0.0,2942.0,6431895.0,4914.0,328221.0,31226.0,0.0,0.0,3959.0,0.0
1787907591.0762,2026-08-28T08:59:51+00:00,http_log_5m_x7,3129864.0,49584.0,2404433781.0,2293090269.0,330.0,2283.0,957336104.0,871610.0,2374.0,3.0,0.0,0.0,0.0,11.0,26.0,1360362504.0,2695080448.0,11043033088.0,49895.0,39226679296.0,1839542852.0,0.0,2945.0,6442283.0,4917.0,329595.0,31441.0,0.0,0.0,3965.0,0.0
1787907592.0812511,2026-08-28T08:59:52+00:00,http_log_5m_x7,3129864.0,49584.0,2404433781.0,2293090269.0,330.0,2283.0,957336104.0,871610.0,2374.0,4.0,0.0,0.0,0.0,9.0,26.0,1360362504.0,2695080448.0,11043033088.0,49895.0,39226679296.0,1839542852.0,0.0,2945.0,6442283.0,4917.0,329595.0,31441.0,0.0,0.0,3965.0,0.0
1787907593.086383,2026-08-28T08:59:53+00:00,http_log_5m_x7,3129864.0,49584.0,2404433781.0,2293090269.0,330.0,2283.0,957336104.0,871610.0,2374.0,4.0,0.0,0.0,0.0,9.0,26.0,1360362504.0,2695080448.0,11043033088.0,49895.0,39226679296.0,1839542852.0,0.0,2945.0,6442283.0,4917.0,329595.0,31441.0,0.0,0.0,3965.0,0.0
1787907594.0890691,2026-08-28T08:59:54+00:00,http_log_5m_x7,3129864.0,49584.0,2404433781.0,2293090269.0,330.0,2283.0,957336104.0,871610.0,2374.0,4.0,0.0,0.0,0.0,9.0,26.0,1360362504.0,2695080448.0,11043033088.0,49895.0,39226679296.0,1839542852.0,0.0,2945.0,6442283.0,4917.0,329595.0,31441.0,0.0,0.0,3965.0,0.0
1787907595.0928938,2026-08-28T08:59:55+00:00,http_log_5m_x7,3129864.0,49584.0,2404433781.0,2293090269.0,330.0,2283.0,957336104.0,871610.0,2374.0,4.0,0.0,1.0,0.0,9.0,26.0,1360362504.0,2695080448.0,11043033088.0,49895.0,39226679296.0,1839542852.0,0.0,2945.0,6442283.0,4917.0,329595.0,31441.0,0.0,0.0,3965.0,0.0
1787907596.0953002,2026-08-28T08:59:56+00:00,http_log_5m_x7,3129864.0,49584.0,2404433781.0,2293090269.0,330.0,2283.0,957336104.0,871610.0,2374.0,4.0,0.0,1.0,0.0,9.0,26.0,1360362504.0,2695080448.0,11043033088.0,49895.0,39226679296.0,1839542852.0,0.0,2945.0,6442283.0,4917.0,329595.0,31441.0,0.0,0.0,3965.0,0.0
1787907597.10035,2026-08-28T08:59:57+00:00,http_log_5m_x7,3129864.0,49584.0,2404433781.0,2293090269.0,330.0,2283.0,957336104.0,871610.0,2374.0,4.0,0.0,1.0,0.0,9.0,26.0,1360362504.0,2695080448.0,11043033088.0,49895.0,39226679296.0,1839542852.0,0.0,2945.0,6442283.0,4917.0,329595.0,31441.0,0.0,0.0,3965.0,0.0
1787907598.105494,2026-08-28T08:59:58+00:00,http_log_5m_x7,3129864.0,49584.0,2404433781.0,2293090269.0,330.0,2283.0,957336104.0,871610.0,2374.0,4.0,0.0,2.0,0.0,9.0,26.0,1360362504.0,2695080448.0,11043033088.0,49895.0,39226679296.0,1839542852.0,0.0,2945.0,6442283.0,4917.0,329595.0,31441.0,0.0,0.0,3965.0,0.0
1787907599.109504,2026-08-28T08:59:59+00:00,http_log_5m_x7,3129864.0,49584.0,2404433781.0,2293090269.0,330.0,2283.0,957336104.0,871610.0,2374.0,4.0,0.0,2.0,0.0,9.0,26.0,1360362504.0,2695080448.0,11043033088.0,49895.0,39226679296.0,1839542852.0,0.0,2945.0,6442283.0,4917.0,329595.0,31441.0,0.0,0.0,3965.0,0.0
1787907600.110388,2026-08-28T09:00:00+00:00,http_log_5m_x7,3129864.0,49584.0,2404433781.0,2293090269.0,330.0,2283.0,957336104.0,871610.0,2374.0,4.0,0.0,2.0,0.0,9.0,26.0,1360362504.0,2695080448.0,11043033088.0,49895.0,39226679296.0,1839542852.0,0.0,2945.0,6442283.0,4917.0,329595.0,31441.0,0.0,0.0,3965.0,0.0
1787907601.115437,2026-08-28T09:00:01+00:00,http_log_5m_x7,3129864.0,49584.0,2404433781.0,2293090269.0,330.0,2283.0,957336104.0,871610.0,2374.0,4.0,0.0,2.0,0.0,9.0,26.0,1360362504.0,2695080448.0,11043033088.0,49895.0,39226679296.0,1839542852.0,0.0,2945.0,6442283.0,4917.0,329595.0,31441.0,0.0,0.0,3965.0,0.0
1787907602.120488,2026-08-28T09:00:02+00:00,http_log_5m_x7,3129864.0,49584.0,2404433781.0,2293090269.0,330.0,2283.0,957336104.0,871610.0,2374.0,4.0,0.0,2.0,0.0,9.0,26.0,1360362504.0,2695080448.0,11043033088.0,49895.0,39226679296.0,1839542852.0,0.0,2945.0,6442283.0,4917.0,329595.0,31441.0,0.0,0.0,3965.0,0.0
1787907603.125386,2026-08-28T09:00:03+00:00,http_log_5m_x7,3129864.0,49584.0,2404433781.0,2293090269.0,330.0,2283.0,957336104.0,871610.0,2374.0,4.0,0.0,2.0,0.0,9.0,26.0,1360362504.0,2695080448.0,11043033088.0,49895.0,39226679296.0,1839542852.0,0.0,2945.0,6442283.0,4917.0,329595.0,31441.0,0.0,0.0,3965.0,0.0
1787907604.130326,2026-08-28T09:00:04+00:00,http_log_5m_x7,3129864.0,49584.0,2404433781.0,2293090269.0,330.0,2283.0,957336104.0,871610.0,2374.0,4.0,0.0,2.0,0.0,9.0,26.0,1360362504.0,2695080448.0,11043033088.0,49895.0,39226679296.0,1839542852.0,0.0,2945.0,6442283.0,4917.0,329595.0,31441.0,0.0,0.0,3965.0,0.0
1787907605.135463,2026-08-28T09:00:05+00:00,http_log_5m_x7,3129864.0,49584.0,2404433781.0,2293090269.0,330.0,2283.0,2861708392.0,871610.0,2374.0,4.0,0.0,2.0,0.0,9.0,26.0,3265232536.0,2695080448.0,11303141376.0,50086.0,39226679296.0,1839542852.0,1.0,2946.0,6448177.0,4932.0,335401.0,31693.0,0.0,0.0,3974.0,0.0
1787907606.140516,2026-08-28T09:00:06+00:00,http_log_5m_x7,3129864.0,49584.0,2404433781.0,2293090269.0,330.0,2283.0,2861708392.0,871610.0,2374.0,4.0,0.0,2.0,0.0,9.0,26.0,3265232536.0,2695080448.0,11303141376.0,50086.0,38863421440.0,1839528046.0,1.0,2946.0,6448177.0,4932.0,335401.0,31693.0,0.0,0.0,3974.0,0.0
1787907607.1455941,2026-08-28T09:00:07+00:00,http_log_5m_x7,3129864.0,49584.0,2404433781.0,2293090269.0,330.0,2283.0,2861708392.0,871610.0,2374.0,4.0,0.0,2.0,0.0,9.0,26.0,3265232536.0,2695080448.0,11303141376.0,50086.0,38863421440.0,1839528046.0,1.0,2946.0,6448177.0,4932.0,335401.0,31693.0,0.0,0.0,3974.0,0.0
1787907608.148057,2026-08-28T09:00:08+00:00,http_log_5m_x7,3129864.0,49584.0,2404433781.0,2293090269.0,330.0,2283.0,2861708392.0,871610.0,2374.0,4.0,0.0,2.0,0.0,9.0,26.0,3265232536.0,2695080448.0,11303141376.0,50086.0,38863421440.0,1839528046.0,1.0,2946.0,6448177.0,4932.0,335401.0,31693.0,0.0,0.0,3974.0,0.0
1787907609.151218,2026-08-28T09:00:09+00:00,http_log_5m_x7,3129864.0,49584.0,2404433781.0,2293090269.0,330.0,2283.0,2861708392.0,871610.0,2374.0,4.0,0.0,2.0,0.0,9.0,26.0,3265232536.0,2695080448.0,11303141376.0,50086.0,38863421440.0,1839528046.0,1.0,2946.0,6448177.0,4932.0,335401.0,31693.0,0.0,0.0,3974.0,0.0
1787907610.1563,2026-08-28T09:00:10+00:00,http_log_5m_x7,3129864.0,49584.0,2404433781.0,2293090269.0,330.0,2283.0,2861708392.0,871610.0,2374.0,4.0,0.0,2.0,0.0,9.0,26.0,3265232536.0,2695080448.0,11303141376.0,50086.0,38863421440.0,1839528046.0,1.0,2946.0,6448177.0,4932.0,335401.0,31693.0,0.0,0.0,3974.0,0.0
1787907611.161356,2026-08-28T09:00:11+00:00,http_log_5m_x7,3129864.0,49584.0,2404433781.0,2293090269.0,330.0,2283.0,2861708392.0,871610.0,2374.0,4.0,0.0,2.0,0.0,9.0,26.0,3265232536.0,2695080448.0,11303141376.0,50086.0,38863421440.0,1839528046.0,1.0,2946.0,6448177.0,4932.0,335401.0,31693.0,0.0,0.0,3974.0,0.0
1787907612.166411,2026-08-28T09:00:12+00:00,http_log_5m_x7,3129864.0,49584.0,2404433781.0,2293090269.0,330.0,2283.0,2861708392.0,871610.0,2374.0,4.0,0.0,2.0,0.0,9.0,26.0,3265232536.0,2695080448.0,11303141376.0,50086.0,38863421440.0,1839528046.0,1.0,2946.0,6448177.0,4932.0,335401.0,31693.0,0.0,0.0,3974.0,0.0
1787907613.1714969,2026-08-28T09:00:13+00:00,http_log_5m_x7,3129864.0,49584.0,2404433781.0,2293090269.0,330.0,2283.0,2861708392.0,871610.0,2374.0,4.0,0.0,2.0,0.0,9.0,26.0,3265232536.0,2695080448.0,11303141376.0,50086.0,38863421440.0,1839528046.0,1.0,2946.0,6448177.0,4932.0,335401.0,31693.0,0.0,0.0,3974.0,0.0
1787907614.1761549,2026-08-28T09:00:14+00:00,http_log_5m_x7,3129864.0,49584.0,2404433781.0,2293090269.0,330.0,2283.0,2861708392.0,871610.0,2374.0,4.0,0.0,2.0,0.0,9.0,26.0,3265232536.0,2695080448.0,11303141376.0,50086.0,38863421440.0,1839528046.0,1.0,2946.0,6448177.0,4932.0,335401.0,31693.0,0.0,0.0,3974.0,0.0
1787907615.179308,2026-08-28T09:00:15+00:00,http_log_5m_x7,3129864.0,49584.0,2404433781.0,2293090269.0,330.0,2283.0,2861708392.0,871610.0,2374.0,4.0,0.0,2.0,0.0,9.0,26.0,3265232536.0,2695080448.0,11303141376.0,50086.0,38863421440.0,1839528046.0,1.0,2946.0,6448177.0,4932.0,335401.0,31693.0,0.0,0.0,3974.0,0.0
1787907616.1843772,2026-08-28T09:00:16+00:00,http_log_5m_x7,3129864.0,49584.0,2404433781.0,2293090269.0,330.0,2283.0,2861708392.0,871610.0,2374.0,4.0,0.0,2.0,0.0,9.0,26.0,3265232536.0,2695080448.0,11303141376.0,50086.0,38863421440.0,1839528046.0,1.0,2946.0,6448177.0,4932.0,335401.0,31693.0,0.0,0.0,3974.0,0.0
1787907617.185571,2026-08-28T09:00:17+00:00,http_log_5m_x7,3129864.0,49584.0,2404433781.0,2293090269.0,330.0,2283.0,2861708392.0,871610.0,2374.0,4.0,0.0,2.0,0.0,9.0,26.0,3265232536.0,2695080448.0,11303141376.0,50086.0,38863421440.0,1839528046.0,1.0,2946.0,6448177.0,4932.0,335401.0,31693.0,0.0,0.0,3974.0,0.0
1787907618.189458,2026-08-28T09:00:18+00:00,http_log_5m_x7,3129864.0,49584.0,2404433781.0,2293090269.0,330.0,2283.0,2861708392.0,871610.0,2374.0,4.0,0.0,2.0,0.0,9.0,26.0,3265232536.0,2695080448.0,11303141376.0,50086.0,38863421440.0,1839528046.0,1.0,2946.0,6448177.0,4932.0,335401.0,31693.0,0.0,0.0,3974.0,0.0
1787907619.194564,2026-08-28T09:00:19+00:00,http_log_5m_x7,3129864.0,49584.0,2404433781.0,2293090269.0,330.0,2283.0,2861708392.0,871610.0,2374.0,4.0,0.0,2.0,0.0,9.0,26.0,3265232536.0,2695080448.0,11303141376.0,50086.0,38863421440.0,1839528046.0,1.0,2946.0,6448177.0,4932.0,335401.0,31693.0,0.0,0.0,3974.0,0.0
1787907620.199645,2026-08-28T09:00:20+00:00,http_log_5m_x7,3129864.0,49584.0,2404433781.0,2293090269.0,330.0,2283.0,4563364056.0,871610.0,2374.0,4.0,0.0,2.0,0.0,9.0,26.0,4967388776.0,2695084544.0,11303534592.0,50099.0,38863421440.0,1839528046.0,0.0,2946.0,6453993.0,4935.0,341283.0,31952.0,0.0,0.0,3982.0,0.0
1787907621.203577,2026-08-28T09:00:21+00:00,http_log_5m_x7,3129864.0,49584.0,2404433781.0,2293090269.0,330.0,2283.0,4563364056.0,871610.0,2374.0,4.0,0.0,2.0,0.0,9.0,26.0,4967388776.0,2695084544.0,11303534592.0,50099.0,38863421440.0,1839528046.0,0.0,2946.0,6453993.0,4935.0,341283.0,31952.0,0.0,0.0,3982.0,0.0
1787907622.2086349,2026-08-28T09:00:22+00:00,http_log_5m_x7,3129864.0,49584.0,2404433781.0,2293090269.0,330.0,2283.0,4563364056.0,871610.0,2374.0,4.0,0.0,2.0,0.0,9.0,26.0,4967388776.0,2695084544.0,11303534592.0,50099.0,38863421440.0,1839528046.0,0.0,2946.0,6453993.0,4935.0,341283.0,31952.0,0.0,0.0,3982.0,0.0
1787907623.209676,2026-08-28T09:00:23+00:00,http_log_5m_x7,3129864.0,49584.0,2404433781.0,2293090269.0,330.0,2283.0,4563364056.0,871610.0,2374.0,4.0,0.0,2.0,0.0,9.0,26.0,4967388776.0,2695084544.0,11303534592.0,50099.0,38863421440.0,1839528046.0,0.0,2946.0,6453993.0,4935.0,341283.0,31952.0,0.0,0.0,3982.0,0.0
1787907624.2147572,2026-08-28T09:00:24+00:00,http_log_5m_x7,3129864.0,49584.0,2404433781.0,2293090269.0,330.0,2283.0,4563364056.0,871610.0,2374.0,4.0,0.0,2.0,0.0,9.0,26.0,4967388776.0,2695084544.0,11303534592.0,50099.0,38863421440.0,1839528046.0,0.0,2946.0,6453993.0,4935.0,341283.0,31952.0,0.0,0.0,3982.0,0.0
1787907625.219889,2026-08-28T09:00:25+00:00,http_log_5m_x7,3129864.0,49584.0,2404433781.0,2293090269.0,330.0,2283.0,4563364056.0,871610.0,2374.0,4.0,0.0,2.0,0.0,9.0,26.0,4967388776.0,2695084544.0,11303534592.0,50099.0,38863421440.0,1839528046.0,0.0,2946.0,6453993.0,4935.0,341283.0,31952.0,0.0,0.0,3982.0,0.0
1787907626.224968,2026-08-28T09:00:26+00:00,http_log_5m_x7,3129864.0,49584.0,2404433781.0,2293090269.0,330.0,2283.0,4563364056.0,871610.0,2374.0,4.0,0.0,2.0,0.0,9.0,26.0,4967388776.0,2695084544.0,11303534592.0,50099.0,38863421440.0,1839528046.0,0.0,2946.0,6453993.0,4935.0,341283.0,31952.0,0.0,0.0,3982.0,0.0
1787907627.229086,2026-08-28T09:00:27+00:00,http_log_5m_x7,3129864.0,49584.0,2404433781.0,2293090269.0,330.0,2283.0,4563364056.0,871610.0,2374.0,4.0,0.0,2.0,0.0,9.0,26.0,4967388776.0,2695084544.0,11303534592.0,50099.0,38863421440.0,1839528046.0,0.0,2946.0,6453993.0,4935.0,341283.0,31952.0,0.0,0.0,3982.0,0.0
1787907628.230876,2026-08-28T09:00:28+00:00,http_log_5m_x7,3129864.0,49584.0,2404433781.0,2293090269.0,330.0,2283.0,4563364056.0,871610.0,2374.0,4.0,0.0,2.0,0.0,9.0,26.0,4967388776.0,2695084544.0,11303534592.0,50099.0,38863421440.0,1839528046.0,0.0,2946.0,6453993.0,4935.0,341283.0,31952.0,0.0,0.0,3982.0,0.0
1787907629.235775,2026-08-28T09:00:29+00:00,http_log_5m_x7,3129864.0,49584.0,2404433781.0,2293090269.0,330.0,2283.0,4563364056.0,871610.0,2374.0,4.0,0.0,2.0,0.0,9.0,26.0,4967388776.0,2695084544.0,11303534592.0,50099.0,38863421440.0,1839528046.0,0.0,2946.0,6453993.0,4935.0,341283.0,31952.0,0.0,0.0,3982.0,0.0
1787907630.240832,2026-08-28T09:00:30+00:00,http_log_5m_x7,3129864.0,49584.0,2404433781.0,2293090269.0,330.0,2283.0,4563364056.0,871610.0,2374.0,4.0,0.0,2.0,0.0,9.0,26.0,4967388776.0,2695084544.0,11303534592.0,50099.0,38863421440.0,1839528046.0,0.0,2946.0,6453993.0,4935.0,341283.0,31952.0,0.0,0.0,3982.0,0.0
1787907631.245894,2026-08-28T09:00:31+00:00,http_log_5m_x7,3129864.0,49584.0,2404433781.0,2293090269.0,330.0,2283.0,4563364056.0,871610.0,2374.0,4.0,0.0,2.0,0.0,9.0,26.0,4967388776.0,2695084544.0,11303534592.0,50099.0,38863421440.0,1839528046.0,0.0,2946.0,6453993.0,4935.0,341283.0,31952.0,0.0,0.0,3982.0,0.0
1787907632.2491179,2026-08-28T09:00:32+00:00,http_log_5m_x7,3129864.0,49584.0,2404433781.0,2293090269.0,330.0,2283.0,4563364056.0,871610.0,2374.0,4.0,0.0,2.0,0.0,9.0,26.0,4967388776.0,2695084544.0,11303534592.0,50099.0,38863421440.0,1839528046.0,0.0,2946.0,6453993.0,4935.0,341283.0,31952.0,0.0,0.0,3982.0,0.0
1787907633.254197,2026-08-28T09:00:33+00:00,http_log_5m_x7,3129864.0,49584.0,2404433781.0,2293090269.0,330.0,2283.0,4563364056.0,871610.0,2374.0,4.0,0.0,2.0,0.0,9.0,26.0,4967388776.0,2695084544.0,11303534592.0,50099.0,38863421440.0,1839528046.0,0.0,2946.0,6453993.0,4935.0,341283.0,31952.0,0.0,0.0,3982.0,0.0
1787907634.259243,2026-08-28T09:00:34+00:00,http_log_5m_x7,3129864.0,49584.0,2404433781.0,2293090269.0,330.0,2283.0,4563364056.0,871610.0,2374.0,4.0,0.0,2.0,0.0,9.0,26.0,4967388776.0,2695084544.0,11303534592.0,50099.0,38863421440.0,1839528046.0,0.0,2946.0,6453993.0,4935.0,341283.0,31952.0,0.0,0.0,3982.0,0.0
1787907635.264446,2026-08-28T09:00:35+00:00,http_log_5m_x7,3129864.0,49584.0,2404433781.0,2293090269.0,330.0,2283.0,6298428248.0,871610.0,2374.0,4.0,0.0,2.0,0.0,9.0,26.0,6703281360.0,2695084544.0,11394789376.0,50206.0,38863421440.0,1839528046.0,0.0,2946.0,6459811.0,4944.0,347211.0,32191.0,0.0,0.0,3991.0,0.0
1787907636.265155,2026-08-28T09:00:36+00:00,http_log_5m_x7,3129864.0,49584.0,2404433781.0,2293090269.0,330.0,2283.0,6298428248.0,871610.0,2374.0,4.0,0.0,2.0,0.0,9.0,26.0,6703281360.0,2695084544.0,11394789376.0,50206.0,38863421440.0,1839528046.0,0.0,2946.0,6459811.0,4944.0,347211.0,32191.0,0.0,0.0,3991.0,0.0
1787907637.2702148,2026-08-28T09:00:37+00:00,http_log_5m_x7,3129864.0,49584.0,2404433781.0,2293090269.0,330.0,2283.0,6298428248.0,871610.0,2374.0,4.0,0.0,2.0,0.0,9.0,26.0,6703281360.0,2695084544.0,11394789376.0,50206.0,38863421440.0,1839528046.0,0.0,2946.0,6459811.0,4944.0,347211.0,32191.0,0.0,0.0,3991.0,0.0
1787907638.275318,2026-08-28T09:00:38+00:00,http_log_5m_x7,3129864.0,49584.0,2404433781.0,2293090269.0,330.0,2283.0,6298428248.0,871610.0,2374.0,4.0,0.0,2.0,0.0,9.0,26.0,6703281360.0,2695084544.0,11394789376.0,50206.0,38863421440.0,1839528046.0,0.0,2946.0,6459811.0,4944.0,347211.0,32191.0,0.0,0.0,3991.0,0.0
1787907639.280394,2026-08-28T09:00:39+00:00,http_log_5m_x7,3129864.0,49584.0,2404433781.0,2293090269.0,330.0,2283.0,6298428248.0,871610.0,2374.0,4.0,0.0,2.0,0.0,9.0,26.0,6703281360.0,2695084544.0,11394789376.0,50206.0,38863421440.0,1839528046.0,0.0,2946.0,6459811.0,4944.0,347211.0,32191.0,0.0,0.0,3991.0,0.0
1787907640.285442,2026-08-28T09:00:40+00:00,http_log_5m_x7,3129864.0,49584.0,2404433781.0,2293090269.0,330.0,2283.0,6298428248.0,871610.0,2374.0,4.0,0.0,2.0,0.0,9.0,26.0,6703281360.0,2695084544.0,11394789376.0,50206.0,38863421440.0,1839528046.0,0.0,2946.0,6459811.0,4944.0,347211.0,32191.0,0.0,0.0,3991.0,0.0
1787907641.290535,2026-08-28T09:00:41+00:00,http_log_5m_x7,3129864.0,49584.0,2404433781.0,2293090269.0,330.0,2283.0,6298428248.0,871610.0,2374.0,4.0,0.0,2.0,0.0,9.0,26.0,6703281360.0,2695084544.0,11394789376.0,50206.0,38863421440.0,1839528046.0,0.0,2946.0,6459811.0,4944.0,347211.0,32191.0,0.0,0.0,3991.0,0.0
1787907642.29559,2026-08-28T09:00:42+00:00,http_log_5m_x7,3129864.0,49584.0,2404433781.0,2293090269.0,330.0,2283.0,6298428248.0,871610.0,2374.0,4.0,0.0,2.0,0.0,9.0,26.0,6703281360.0,2695084544.0,11394789376.0,50206.0,38863421440.0,1839528046.0,0.0,2946.0,6459811.0,4944.0,347211.0,32191.0,0.0,0.0,3991.0,0.0
1787907643.300684,2026-08-28T09:00:43+00:00,http_log_5m_x7,3129864.0,49584.0,2404433781.0,2293090269.0,330.0,2283.0,6298428248.0,871610.0,2374.0,4.0,0.0,2.0,0.0,9.0,26.0,6703281360.0,2695084544.0,11394789376.0,50206.0,38863421440.0,1839528046.0,0.0,2946.0,6459811.0,4944.0,347211.0,32191.0,0.0,0.0,3991.0,0.0
1787907644.305778,2026-08-28T09:00:44+00:00,http_log_5m_x7,3129864.0,49584.0,2404433781.0,2293090269.0,330.0,2283.0,6298428248.0,871610.0,2374.0,4.0,0.0,2.0,0.0,9.0,26.0,6703281360.0,2695084544.0,11394789376.0,50206.0,38863421440.0,1839528046.0,0.0,2946.0,6459811.0,4944.0,347211.0,32191.0,0.0,0.0,3991.0,0.0
1787907645.310532,2026-08-28T09:00:45+00:00,http_log_5m_x7,3129864.0,49584.0,2404433781.0,2293090269.0,330.0,2283.0,6298428248.0,871610.0,2374.0,4.0,0.0,2.0,0.0,9.0,26.0,6703281360.0,2695084544.0,11394789376.0,50206.0,38863421440.0,1839528046.0,0.0,2946.0,6459811.0,4944.0,347211.0,32191.0,0.0,0.0,3991.0,0.0
1787907646.315583,2026-08-28T09:00:46+00:00,http_log_5m_x7,3129864.0,49584.0,2404433781.0,2293090269.0,330.0,2283.0,6298428248.0,871610.0,2374.0,4.0,0.0,2.0,0.0,9.0,26.0,6703281360.0,2695084544.0,11394789376.0,50206.0,38863421440.0,1839528046.0,0.0,2946.0,6459811.0,4944.0,347211.0,32191.0,0.0,0.0,3991.0,0.0
1787907647.318618,2026-08-28T09:00:47+00:00,http_log_5m_x7,3129864.0,49584.0,2404433781.0,2293090269.0,330.0,2283.0,6298428248.0,871610.0,2374.0,4.0,0.0,2.0,0.0,9.0,26.0,6703281360.0,2695084544.0,11394789376.0,50206.0,38863421440.0,1839528046.0,0.0,2946.0,6459811.0,4944.0,347211.0,32191.0,0.0,0.0,3991.0,0.0
1787907648.3188841,2026-08-28T09:00:48+00:00,http_log_5m_x7,2554587.0,65400.0,2574058419.0,2293090269.0,338.0,2283.0,6298428248.0,871610.0,2374.0,4.0,0.0,1.0,0.0,11.0,26.0,6703281360.0,2695084544.0,11394789376.0,50206.0,38863421440.0,1839528046.0,0.0,2946.0,6459811.0,4944.0,347211.0,32191.0,0.0,0.0,3991.0,0.0
1787907649.3208928,2026-08-28T09:00:49+00:00,http_log_5m_x7,2554587.0,65400.0,2574058419.0,2293090269.0,338.0,2283.0,6298428248.0,871610.0,2374.0,4.0,0.0,1.0,0.0,11.0,26.0,6703281360.0,2695084544.0,11394789376.0,50206.0,38863421440.0,1839528046.0,0.0,2946.0,6459811.0,4944.0,347211.0,32191.0,0.0,0.0,3991.0,0.0
1787907650.325995,2026-08-28T09:00:50+00:00,http_log_5m_x7,2554587.0,65400.0,2574058419.0,2293090269.0,338.0,2283.0,6071335208.0,871610.0,2374.0,4.0,0.0,1.0,0.0,11.0,26.0,6477278640.0,2695084544.0,11565858816.0,50310.0,38863421440.0,1839528046.0,0.0,2947.0,6465684.0,4952.0,353015.0,32499.0,0.0,0.0,3999.0,0.0
1787907651.3310668,2026-08-28T09:00:51+00:00,http_log_5m_x7,2540847.0,65616.0,2743319513.0,2293090269.0,346.0,2283.0,6071335208.0,871610.0,2374.0,4.0,0.0,0.0,0.0,9.0,26.0,6477278640.0,2695084544.0,11565858816.0,50310.0,38863421440.0,1839528046.0,0.0,2947.0,6465684.0,4952.0,353015.0,32499.0,0.0,0.0,3999.0,0.0
1787907652.334611,2026-08-28T09:00:52+00:00,http_log_5m_x7,2540847.0,65616.0,2743319513.0,2293090269.0,346.0,2283.0,6071335208.0,871610.0,2374.0,4.0,0.0,0.0,0.0,9.0,26.0,6477278640.0,2695084544.0,11565858816.0,50310.0,38863421440.0,1839528046.0,0.0,2947.0,6465684.0,4952.0,353015.0,32499.0,0.0,0.0,3999.0,0.0
1787907653.339266,2026-08-28T09:00:53+00:00,http_log_5m_x7,2540847.0,65616.0,2743319513.0,2293090269.0,346.0,2283.0,6071335208.0,871610.0,2374.0,4.0,0.0,0.0,0.0,9.0,26.0,6477278640.0,2695084544.0,11565858816.0,50310.0,38863421440.0,1839528046.0,0.0,2947.0,6465684.0,4952.0,353015.0,32499.0,0.0,0.0,3999.0,0.0
1787907654.344488,2026-08-28T09:00:54+00:00,http_log_5m_x7,2533414.0,65952.0,2912936685.0,2293090269.0,353.0,2283.0,6071335208.0,871610.0,2374.0,3.0,0.0,0.0,0.0,9.0,26.0,6477278640.0,2695084544.0,11565858816.0,50310.0,38863421440.0,1839528046.0,0.0,2947.0,6465684.0,4952.0,353015.0,32499.0,0.0,0.0,3999.0,0.0
1787907655.3496,2026-08-28T09:00:55+00:00,http_log_5m_x7,2533414.0,65952.0,2912936685.0,2293090269.0,353.0,2283.0,6071335208.0,871610.0,2374.0,3.0,0.0,0.0,0.0,9.0,26.0,6477278640.0,2695084544.0,11565858816.0,50310.0,38863421440.0,1839528046.0,0.0,2947.0,6465684.0,4952.0,353015.0,32499.0,0.0,0.0,3999.0,0.0
1787907656.353974,2026-08-28T09:00:56+00:00,http_log_5m_x7,2533414.0,65952.0,2912936685.0,2293090269.0,353.0,2283.0,6071335208.0,871610.0,2374.0,3.0,0.0,0.0,0.0,9.0,26.0,6477278640.0,2695084544.0,11565858816.0,50310.0,38863421440.0,1839528046.0,0.0,2947.0,6465684.0,4952.0,353015.0,32499.0,0.0,0.0,3999.0,0.0
1787907657.359042,2026-08-28T09:00:57+00:00,http_log_5m_x7,2533414.0,65952.0,2912936685.0,2293090269.0,353.0,2283.0,6071335208.0,871610.0,2374.0,3.0,0.0,0.0,0.0,9.0,26.0,6477278640.0,2695084544.0,11565858816.0,50310.0,38863421440.0,1839528046.0,0.0,2947.0,6465684.0,4952.0,353015.0,32499.0,0.0,0.0,3999.0,0.0
1787907658.3641331,2026-08-28T09:00:58+00:00,http_log_5m_x7,2517245.0,66276.0,3082286888.0,2293090269.0,358.0,2283.0,6071335208.0,871610.0,2374.0,2.0,0.0,0.0,0.0,9.0,26.0,6477278640.0,2695084544.0,11565858816.0,50310.0,38863421440.0,1839528046.0,0.0,2947.0,6465684.0,4952.0,353015.0,32499.0,0.0,0.0,3999.0,0.0
1787907659.3656461,2026-08-28T09:00:59+00:00,http_log_5m_x7,2517245.0,66276.0,3082286888.0,2293090269.0,358.0,2283.0,6071335208.0,871610.0,2374.0,2.0,0.0,0.0,0.0,9.0,26.0,6477278640.0,2695084544.0,11565858816.0,50310.0,38863421440.0,1839528046.0,0.0,2947.0,6465684.0,4952.0,353015.0,32499.0,0.0,0.0,3999.0,0.0
1787907660.370709,2026-08-28T09:01:00+00:00,http_log_5m_x7,2517245.0,66276.0,3082286888.0,2293090269.0,358.0,2283.0,6071335208.0,871610.0,2374.0,2.0,0.0,0.0,0.0,9.0,26.0,6477278640.0,2695084544.0,11565858816.0,50310.0,38863421440.0,1839528046.0,0.0,2947.0,6465684.0,4952.0,353015.0,32499.0,0.0,0.0,3999.0,0.0
1787907661.375545,2026-08-28T09:01:01+00:00,http_log_5m_x7,2517245.0,66276.0,3082286888.0,2293090269.0,358.0,2283.0,6071335208.0,871610.0,2374.0,2.0,0.0,0.0,0.0,9.0,26.0,6477278640.0,2695084544.0,11565858816.0,50310.0,38863421440.0,1839528046.0,0.0,2947.0,6465684.0,4952.0,353015.0,32499.0,0.0,0.0,3999.0,0.0
1787907662.38065,2026-08-28T09:01:02+00:00,http_log_5m_x7,2517245.0,66276.0,3082286888.0,2293090269.0,358.0,2283.0,6071335208.0,871610.0,2374.0,2.0,0.0,0.0,0.0,9.0,26.0,6477278640.0,2695084544.0,11565858816.0,50310.0,38863421440.0,1839528046.0,0.0,2947.0,6465684.0,4952.0,353015.0,32499.0,0.0,0.0,3999.0,0.0
1787907663.385727,2026-08-28T09:01:03+00:00,http_log_5m_x7,2517245.0,66276.0,3082286888.0,2293090269.0,358.0,2283.0,6071335208.0,871610.0,2374.0,2.0,0.0,0.0,0.0,9.0,26.0,6477278640.0,2695084544.0,11565858816.0,50310.0,38863421440.0,1839528046.0,0.0,2947.0,6465684.0,4952.0,353015.0,32499.0,0.0,0.0,3999.0,0.0
1787907664.3907819,2026-08-28T09:01:04+00:00,http_log_5m_x7,2517245.0,66276.0,3082286888.0,2293090269.0,358.0,2283.0,6071335208.0,871610.0,2374.0,2.0,0.0,0.0,0.0,9.0,26.0,6477278640.0,2695084544.0,11565858816.0,50310.0,38863421440.0,1839528046.0,0.0,2947.0,6465684.0,4952.0,353015.0,32499.0,0.0,0.0,3999.0,0.0
1787907665.395898,2026-08-28T09:01:05+00:00,http_log_5m_x7,2517245.0,66276.0,3082286888.0,2293090269.0,358.0,2283.0,1333596528.0,871610.0,2374.0,2.0,0.0,0.0,0.0,9.0,26.0,1737346032.0,2695084544.0,12077998080.0,50601.0,38863421440.0,1839528046.0,1.0,2948.0,6473363.0,4976.0,357116.0,32692.0,0.0,0.0,4009.0,0.0
1787907666.4009511,2026-08-28T09:01:06+00:00,http_log_5m_x7,2517245.0,66276.0,3082286888.0,2293090269.0,358.0,2283.0,1333596528.0,871610.0,2374.0,2.0,0.0,0.0,0.0,9.0,26.0,1737346032.0,2695084544.0,12077998080.0,50601.0,37999656960.0,1836473928.0,1.0,2948.0,6473363.0,4976.0,357116.0,32692.0,0.0,0.0,4009.0,0.0
1787907667.402216,2026-08-28T09:01:07+00:00,http_log_5m_x7,2517245.0,66276.0,3082286888.0,2293090269.0,358.0,2283.0,1333596528.0,871610.0,2374.0,2.0,0.0,0.0,0.0,9.0,26.0,1737346032.0,2695084544.0,12077998080.0,50601.0,37999656960.0,1836473928.0,1.0,2948.0,6473363.0,4976.0,357116.0,32692.0,0.0,0.0,4009.0,0.0
1787907668.4025521,2026-08-28T09:01:08+00:00,http_log_5m_x7,2517245.0,66276.0,3082286888.0,2293090269.0,358.0,2283.0,1333596528.0,871610.0,2374.0,2.0,0.0,0.0,0.0,9.0,26.0,1737346032.0,2695084544.0,12077998080.0,50601.0,37999656960.0,1836473928.0,1.0,2948.0,6473363.0,4976.0,357116.0,32692.0,0.0,0.0,4009.0,0.0
1787907669.407618,2026-08-28T09:01:09+00:00,http_log_5m_x7,2517245.0,66276.0,3082286888.0,2293090269.0,358.0,2283.0,1333596528.0,871610.0,2374.0,2.0,0.0,0.0,0.0,9.0,26.0,1737346032.0,2695084544.0,12077998080.0,50601.0,37999656960.0,1836473928.0,1.0,2948.0,6473363.0,4976.0,357116.0,32692.0,0.0,0.0,4009.0,0.0
1787907670.408032,2026-08-28T09:01:10+00:00,http_log_5m_x7,2517245.0,66276.0,3082286888.0,2293090269.0,358.0,2283.0,1333596528.0,871610.0,2374.0,2.0,0.0,0.0,0.0,9.0,26.0,1737346032.0,2695084544.0,12077998080.0,50601.0,37999656960.0,1836473928.0,1.0,2948.0,6473363.0,4976.0,357116.0,32692.0,0.0,0.0,4009.0,0.0
1787907671.409725,2026-08-28T09:01:11+00:00,http_log_5m_x7,2517245.0,66276.0,3082286888.0,2293090269.0,358.0,2283.0,1333596528.0,871610.0,2374.0,2.0,0.0,0.0,0.0,9.0,26.0,1737346032.0,2695084544.0,12077998080.0,50601.0,37999656960.0,1836473928.0,1.0,2948.0,6473363.0,4976.0,357116.0,32692.0,0.0,0.0,4009.0,0.0
1787907672.414774,2026-08-28T09:01:12+00:00,http_log_5m_x7,2517245.0,66276.0,3082286888.0,2293090269.0,358.0,2283.0,1333596528.0,871610.0,2374.0,2.0,0.0,0.0,0.0,9.0,26.0,1737346032.0,2695084544.0,12077998080.0,50601.0,37999656960.0,1836473928.0,1.0,2948.0,6473363.0,4976.0,357116.0,32692.0,0.0,0.0,4009.0,0.0
1787907673.415997,2026-08-28T09:01:13+00:00,http_log_5m_x7,2517245.0,66276.0,3082286888.0,2293090269.0,358.0,2283.0,1333596528.0,871610.0,2374.0,2.0,0.0,0.0,0.0,9.0,26.0,1737346032.0,2695084544.0,12077998080.0,50601.0,37999656960.0,1836473928.0,1.0,2948.0,6473363.0,4976.0,357116.0,32692.0,0.0,0.0,4009.0,0.0
1787907674.42107,2026-08-28T09:01:14+00:00,http_log_5m_x7,2517245.0,66276.0,3082286888.0,2293090269.0,358.0,2283.0,1333596528.0,871610.0,2374.0,2.0,0.0,0.0,0.0,9.0,26.0,1737346032.0,2695084544.0,12077998080.0,50601.0,37999656960.0,1836473928.0,1.0,2948.0,6473363.0,4976.0,357116.0,32692.0,0.0,0.0,4009.0,0.0
1787907675.422255,2026-08-28T09:01:15+00:00,http_log_5m_x7,2517245.0,66276.0,3082286888.0,2293090269.0,358.0,2283.0,1333596528.0,871610.0,2374.0,2.0,0.0,0.0,0.0,9.0,26.0,1737346032.0,2695084544.0,12077998080.0,50601.0,37999656960.0,1836473928.0,1.0,2948.0,6473363.0,4976.0,357116.0,32692.0,0.0,0.0,4009.0,0.0
1787907676.4239209,2026-08-28T09:01:16+00:00,http_log_5m_x7,2517245.0,66276.0,3082286888.0,2293090269.0,358.0,2283.0,1333596528.0,871610.0,2374.0,2.0,0.0,0.0,0.0,9.0,26.0,1737346032.0,2695084544.0,12077998080.0,50601.0,37999656960.0,1836473928.0,1.0,2948.0,6473363.0,4976.0,357116.0,32692.0,0.0,0.0,4009.0,0.0
1787907677.42902,2026-08-28T09:01:17+00:00,http_log_5m_x7,2517245.0,66276.0,3082286888.0,2293090269.0,358.0,2283.0,1333596528.0,871610.0,2374.0,2.0,0.0,0.0,0.0,9.0,26.0,1737346032.0,2695084544.0,12077998080.0,50601.0,37999656960.0,1836473928.0,1.0,2948.0,6473363.0,4976.0,357116.0,32692.0,0.0,0.0,4009.0,0.0
1787907678.431447,2026-08-28T09:01:18+00:00,http_log_5m_x7,2517245.0,66276.0,3082286888.0,2293090269.0,358.0,2283.0,1333596528.0,871610.0,2374.0,2.0,0.0,0.0,0.0,9.0,26.0,1737346032.0,2695084544.0,12077998080.0,50601.0,37999656960.0,1836473928.0,1.0,2948.0,6473363.0,4976.0,357116.0,32692.0,0.0,0.0,4009.0,0.0
1787907679.43649,2026-08-28T09:01:19+00:00,http_log_5m_x7,2517245.0,66276.0,3082286888.0,2293090269.0,358.0,2283.0,1333596528.0,871610.0,2374.0,2.0,0.0,0.0,0.0,9.0,26.0,1737346032.0,2695084544.0,12077998080.0,50601.0,37999656960.0,1836473928.0,1.0,2948.0,6473363.0,4976.0,357116.0,32692.0,0.0,0.0,4009.0,0.0
1787907680.4392161,2026-08-28T09:01:20+00:00,http_log_5m_x7,2517245.0,66276.0,3082286888.0,2293090269.0,358.0,2283.0,2401585328.0,871610.0,2374.0,2.0,0.0,0.0,0.0,9.0,26.0,2805479472.0,2695084544.0,12078456832.0,50611.0,37999656960.0,1836473928.0,0.0,2948.0,6482266.0,4977.0,360117.0,32772.0,0.0,0.0,4016.0,0.0
1787907681.443907,2026-08-28T09:01:21+00:00,http_log_5m_x7,2517245.0,66276.0,3082286888.0,2293090269.0,358.0,2283.0,2401585328.0,871610.0,2374.0,2.0,0.0,0.0,0.0,9.0,26.0,2805479472.0,2695084544.0,12078456832.0,50611.0,37999656960.0,1836473928.0,0.0,2948.0,6482266.0,4977.0,360117.0,32772.0,0.0,0.0,4016.0,0.0
1787907682.448965,2026-08-28T09:01:22+00:00,http_log_5m_x7,2517245.0,66276.0,3082286888.0,2293090269.0,358.0,2283.0,2401585328.0,871610.0,2374.0,2.0,0.0,0.0,0.0,9.0,26.0,2805479472.0,2695084544.0,12078456832.0,50611.0,37999656960.0,1836473928.0,0.0,2948.0,6482266.0,4977.0,360117.0,32772.0,0.0,0.0,4016.0,0.0
1787907683.4514759,2026-08-28T09:01:23+00:00,http_log_5m_x7,2517245.0,66276.0,3082286888.0,2293090269.0,358.0,2283.0,2401585328.0,871610.0,2374.0,2.0,0.0,0.0,0.0,9.0,26.0,2805479472.0,2695084544.0,12078456832.0,50611.0,37999656960.0,1836473928.0,0.0,2948.0,6482266.0,4977.0,360117.0,32772.0,0.0,0.0,4016.0,0.0
1787907684.4533818,2026-08-28T09:01:24+00:00,http_log_5m_x7,2517245.0,66276.0,3082286888.0,2293090269.0,358.0,2283.0,2401585328.0,871610.0,2374.0,2.0,0.0,0.0,0.0,9.0,26.0,2805479472.0,2695084544.0,12078456832.0,50611.0,37999656960.0,1836473928.0,0.0,2948.0,6482266.0,4977.0,360117.0,32772.0,0.0,0.0,4016.0,0.0
1787907685.458485,2026-08-28T09:01:25+00:00,http_log_5m_x7,2517245.0,66276.0,3082286888.0,2293090269.0,358.0,2283.0,2401585328.0,871610.0,2374.0,2.0,0.0,0.0,0.0,9.0,26.0,2805479472.0,2695084544.0,12078456832.0,50611.0,37999656960.0,1836473928.0,0.0,2948.0,6482266.0,4977.0,360117.0,32772.0,0.0,0.0,4016.0,0.0
1787907686.463574,2026-08-28T09:01:26+00:00,http_log_5m_x7,2517245.0,66276.0,3082286888.0,2293090269.0,358.0,2283.0,2401585328.0,871610.0,2374.0,2.0,0.0,0.0,0.0,9.0,26.0,2805479472.0,2695084544.0,12078456832.0,50611.0,37999656960.0,1836473928.0,0.0,2948.0,6482266.0,4977.0,360117.0,32772.0,0.0,0.0,4016.0,0.0
1787907687.46804,2026-08-28T09:01:27+00:00,http_log_5m_x7,2517245.0,66276.0,3082286888.0,2293090269.0,358.0,2283.0,2401585328.0,871610.0,2374.0,2.0,0.0,0.0,0.0,9.0,26.0,2805479472.0,2695084544.0,12078456832.0,50611.0,37999656960.0,1836473928.0,0.0,2948.0,6482266.0,4977.0,360117.0,32772.0,0.0,0.0,4016.0,0.0
1787907688.4693289,2026-08-28T09:01:28+00:00,http_log_5m_x7,2517245.0,66276.0,3082286888.0,2293090269.0,358.0,2283.0,2401585328.0,871610.0,2374.0,2.0,0.0,0.0,0.0,9.0,26.0,2805479472.0,2695084544.0,12078456832.0,50611.0,37999656960.0,1836473928.0,0.0,2948.0,6482266.0,4977.0,360117.0,32772.0,0.0,0.0,4016.0,0.0
1787907689.474387,2026-08-28T09:01:29+00:00,http_log_5m_x7,2517245.0,66276.0,3082286888.0,2293090269.0,358.0,2283.0,2401585328.0,871610.0,2374.0,2.0,0.0,0.0,0.0,9.0,26.0,2805479472.0,2695084544.0,12078456832.0,50611.0,37999656960.0,1836473928.0,0.0,2948.0,6482266.0,4977.0,360117.0,32772.0,0.0,0.0,4016.0,0.0
1787907690.4775739,2026-08-28T09:01:30+00:00,http_log_5m_x7,2517245.0,66276.0,3082286888.0,2293090269.0,358.0,2283.0,2401585328.0,871610.0,2374.0,2.0,0.0,0.0,0.0,9.0,26.0,2805479472.0,2695084544.0,12078456832.0,50611.0,37999656960.0,1836473928.0,0.0,2948.0,6482266.0,4977.0,360117.0,32772.0,0.0,0.0,4016.0,0.0
1787907691.4826188,2026-08-28T09:01:31+00:00,http_log_5m_x7,2517245.0,66276.0,3082286888.0,2293090269.0,358.0,2283.0,2401585328.0,871610.0,2374.0,2.0,0.0,0.0,0.0,9.0,26.0,2805479472.0,2695084544.0,12078456832.0,50611.0,37999656960.0,1836473928.0,0.0,2948.0,6482266.0,4977.0,360117.0,32772.0,0.0,0.0,4016.0,0.0
1787907692.487663,2026-08-28T09:01:32+00:00,http_log_5m_x7,2517245.0,66276.0,3082286888.0,2293090269.0,358.0,2283.0,2401585328.0,871610.0,2374.0,2.0,0.0,0.0,0.0,9.0,26.0,2805479472.0,2695084544.0,12078456832.0,50611.0,37999656960.0,1836473928.0,0.0,2948.0,6482266.0,4977.0,360117.0,32772.0,0.0,0.0,4016.0,0.0
1787907693.4927611,2026-08-28T09:01:33+00:00,http_log_5m_x7,2517245.0,66276.0,3082286888.0,2293090269.0,358.0,2283.0,2401585328.0,871610.0,2374.0,2.0,0.0,0.0,0.0,9.0,26.0,2805479472.0,2695084544.0,12078456832.0,50611.0,37999656960.0,1836473928.0,0.0,2948.0,6482266.0,4977.0,360117.0,32772.0,0.0,0.0,4016.0,0.0
1787907694.497818,2026-08-28T09:01:34+00:00,http_log_5m_x7,2517245.0,66276.0,3082286888.0,2293090269.0,358.0,2283.0,2401585328.0,871610.0,2374.0,2.0,0.0,0.0,0.0,9.0,26.0,2805479472.0,2695084544.0,12078456832.0,50611.0,37999656960.0,1836473928.0,0.0,2948.0,6482266.0,4977.0,360117.0,32772.0,0.0,0.0,4016.0,0.0
1787907695.502979,2026-08-28T09:01:35+00:00,http_log_5m_x7,2517245.0,66276.0,3082286888.0,2293090269.0,358.0,2283.0,3467645504.0,871610.0,2374.0,2.0,0.0,0.0,0.0,9.0,26.0,3871434784.0,2695084544.0,12260626432.0,50759.0,37999656960.0,1836473928.0,0.0,2948.0,6491161.0,4988.0,363117.0,32866.0,0.0,0.0,4023.0,0.0
1787907696.5080352,2026-08-28T09:01:36+00:00,http_log_5m_x7,2517245.0,66276.0,3082286888.0,2293090269.0,358.0,2283.0,3467645504.0,871610.0,2374.0,2.0,0.0,0.0,0.0,9.0,26.0,3871434784.0,2695084544.0,12260626432.0,50759.0,37999656960.0,1836473928.0,0.0,2948.0,6491161.0,4988.0,363117.0,32866.0,0.0,0.0,4023.0,0.0
1787907697.512872,2026-08-28T09:01:37+00:00,http_log_5m_x7,2517245.0,66276.0,3082286888.0,2293090269.0,358.0,2283.0,3467645504.0,871610.0,2374.0,2.0,0.0,0.0,0.0,9.0,26.0,3871434784.0,2695084544.0,12260626432.0,50759.0,37999656960.0,1836473928.0,0.0,2948.0,6491161.0,4988.0,363117.0,32866.0,0.0,0.0,4023.0,0.0
1787907698.517997,2026-08-28T09:01:38+00:00,http_log_5m_x7,2517245.0,66276.0,3082286888.0,2293090269.0,358.0,2283.0,3467645504.0,871610.0,2374.0,2.0,0.0,0.0,0.0,9.0,26.0,3871434784.0,2695084544.0,12260626432.0,50759.0,37999656960.0,1836473928.0,0.0,2948.0,6491161.0,4988.0,363117.0,32866.0,0.0,0.0,4023.0,0.0
1787907699.518965,2026-08-28T09:01:39+00:00,http_log_5m_x7,2517245.0,66276.0,3082286888.0,2293090269.0,358.0,2283.0,3467645504.0,871610.0,2374.0,2.0,0.0,0.0,0.0,9.0,26.0,3871434784.0,2695084544.0,12260626432.0,50759.0,37999656960.0,1836473928.0,0.0,2948.0,6491161.0,4988.0,363117.0,32866.0,0.0,0.0,4023.0,0.0
1787907700.523999,2026-08-28T09:01:40+00:00,http_log_5m_x7,2517245.0,66276.0,3082286888.0,2293090269.0,358.0,2283.0,3467645504.0,871610.0,2374.0,2.0,0.0,0.0,0.0,9.0,26.0,3871434784.0,2695084544.0,12260626432.0,50759.0,37999656960.0,1836473928.0,0.0,2948.0,6491161.0,4988.0,363117.0,32866.0,0.0,0.0,4023.0,0.0
1787907701.5290549,2026-08-28T09:01:41+00:00,http_log_5m_x7,2517245.0,66276.0,3082286888.0,2293090269.0,358.0,2283.0,3467645504.0,871610.0,2374.0,2.0,0.0,0.0,0.0,9.0,26.0,3871434784.0,2695084544.0,12260626432.0,50759.0,37999656960.0,1836473928.0,0.0,2948.0,6491161.0,4988.0,363117.0,32866.0,0.0,0.0,4023.0,0.0
1787907702.534142,2026-08-28T09:01:42+00:00,http_log_5m_x7,2517245.0,66276.0,3082286888.0,2293090269.0,358.0,2283.0,3467645504.0,871610.0,2374.0,2.0,0.0,0.0,0.0,9.0,26.0,3871434784.0,2695084544.0,12260626432.0,50759.0,37999656960.0,1836473928.0,0.0,2948.0,6491161.0,4988.0,363117.0,32866.0,0.0,0.0,4023.0,0.0
1787907703.539219,2026-08-28T09:01:43+00:00,http_log_5m_x7,2517245.0,66276.0,3082286888.0,2293090269.0,358.0,2283.0,3467645504.0,871610.0,2374.0,2.0,0.0,0.0,0.0,9.0,26.0,3871434784.0,2695084544.0,12260626432.0,50759.0,37999656960.0,1836473928.0,0.0,2948.0,6491161.0,4988.0,363117.0,32866.0,0.0,0.0,4023.0,0.0
1787907704.54429,2026-08-28T09:01:44+00:00,http_log_5m_x7,2978165.0,55827.0,3251527089.0,2293090269.0,365.0,2283.0,3467645504.0,871610.0,2374.0,1.0,0.0,0.0,0.0,9.0,26.0,3871434784.0,2695084544.0,12260626432.0,50759.0,37999656960.0,1836473928.0,0.0,2948.0,6491161.0,4988.0,363117.0,32866.0,0.0,0.0,4023.0,0.0
1787907705.544777,2026-08-28T09:01:45+00:00,http_log_5m_x7,3059271.0,54470.0,3421224868.0,2293090269.0,370.0,2283.0,3467645504.0,871610.0,2374.0,0.0,0.0,0.0,0.0,9.0,26.0,3871434784.0,2695084544.0,12260626432.0,50759.0,37999656960.0,1836473928.0,0.0,2948.0,6491161.0,4988.0,363117.0,32866.0,0.0,0.0,4023.0,0.0
1787907706.549854,2026-08-28T09:01:46+00:00,http_log_5m_x7,3059271.0,54470.0,3421224868.0,2293090269.0,370.0,2283.0,3467645504.0,871610.0,2374.0,0.0,0.0,0.0,0.0,9.0,26.0,3871434784.0,2695084544.0,12260626432.0,50759.0,37999656960.0,1836473928.0,0.0,2948.0,6491161.0,4988.0,363117.0,32866.0,0.0,0.0,4023.0,0.0
1787907707.554931,2026-08-28T09:01:47+00:00,http_log_5m_x7,3059271.0,54470.0,3421224868.0,2293090269.0,370.0,2283.0,3467645504.0,871610.0,2374.0,0.0,0.0,0.0,0.0,9.0,26.0,3871434784.0,2695084544.0,12260626432.0,50759.0,37999656960.0,1836473928.0,0.0,2948.0,6491161.0,4988.0,363117.0,32866.0,0.0,0.0,4023.0,0.0
1787907708.560089,2026-08-28T09:01:48+00:00,http_log_5m_x7,3059271.0,54470.0,3421224868.0,2293090269.0,370.0,2283.0,3467645504.0,871610.0,2374.0,0.0,0.0,0.0,0.0,9.0,26.0,3871434784.0,2695084544.0,12260626432.0,50759.0,37999656960.0,1836473928.0,0.0,2948.0,6491161.0,4988.0,363117.0,32866.0,0.0,0.0,4023.0,0.0
1787907709.561996,2026-08-28T09:01:49+00:00,http_log_5m_x7,3059271.0,54470.0,3421224868.0,2293090269.0,370.0,2283.0,3467645504.0,871610.0,2374.0,0.0,0.0,0.0,0.0,9.0,26.0,3871434784.0,2695084544.0,12260626432.0,50759.0,37999656960.0,1836473928.0,0.0,2948.0,6491161.0,4988.0,363117.0,32866.0,0.0,0.0,4023.0,0.0
1787907710.566158,2026-08-28T09:01:50+00:00,http_log_5m_x7,3059271.0,54470.0,3421224868.0,2293090269.0,370.0,2283.0,0.0,871610.0,2374.0,0.0,0.0,0.0,0.0,9.0,26.0,402265936.0,2695084544.0,12602253312.0,51058.0,37999656960.0,1836473928.0,1.0,2948.0,6501087.0,5015.0,365041.0,32991.0,0.0,0.0,4029.0,0.0
1787907711.571247,2026-08-28T09:01:51+00:00,http_log_5m_x7,3059271.0,54470.0,3421224868.0,2293090269.0,370.0,2283.0,0.0,871610.0,2374.0,0.0,0.0,0.0,0.0,9.0,26.0,402265936.0,2695084544.0,12602253312.0,51058.0,37999656960.0,1836473928.0,1.0,2948.0,6501087.0,5015.0,365041.0,32991.0,0.0,0.0,4029.0,0.0
1787907712.5722082,2026-08-28T09:01:52+00:00,http_log_5m_x7,3059271.0,54470.0,3421224868.0,2293090269.0,370.0,2283.0,0.0,871610.0,2374.0,0.0,0.0,0.0,0.0,9.0,26.0,402265936.0,2695084544.0,12602253312.0,51058.0,37999656960.0,1836473928.0,1.0,2948.0,6501087.0,5015.0,365041.0,32991.0,0.0,0.0,4029.0,0.0
1787907713.577336,2026-08-28T09:01:53+00:00,http_log_5m_x7,3059271.0,54470.0,3421224868.0,2293090269.0,370.0,2283.0,0.0,871610.0,2374.0,0.0,0.0,0.0,0.0,9.0,26.0,402265936.0,2695084544.0,12602253312.0,51058.0,37999656960.0,1836473928.0,1.0,2948.0,6501087.0,5015.0,365041.0,32991.0,0.0,0.0,4029.0,0.0
1787907714.582387,2026-08-28T09:01:54+00:00,http_log_5m_x7,3059271.0,54470.0,3421224868.0,2293090269.0,370.0,2283.0,0.0,871610.0,2374.0,0.0,0.0,0.0,0.0,9.0,26.0,402265936.0,2695084544.0,12602253312.0,51058.0,37999656960.0,1836473928.0,1.0,2948.0,6501087.0,5015.0,365041.0,32991.0,0.0,0.0,4029.0,0.0
1787907715.587471,2026-08-28T09:01:55+00:00,http_log_5m_x7,3059271.0,54470.0,3421224868.0,2293090269.0,370.0,2283.0,0.0,871610.0,2374.0,0.0,0.0,0.0,0.0,9.0,26.0,402265936.0,2695084544.0,12602253312.0,51058.0,37999656960.0,1836473928.0,1.0,2948.0,6501087.0,5015.0,365041.0,32991.0,0.0,0.0,4029.0,0.0
1787907716.589517,2026-08-28T09:01:56+00:00,http_log_5m_x7,3059271.0,54470.0,3421224868.0,2293090269.0,370.0,2283.0,0.0,871610.0,2374.0,0.0,0.0,0.0,0.0,9.0,26.0,402265936.0,2695084544.0,12602253312.0,51058.0,37999656960.0,1836473928.0,1.0,2948.0,6501087.0,5015.0,365041.0,32991.0,0.0,0.0,4029.0,0.0
1787907717.594597,2026-08-28T09:01:57+00:00,http_log_5m_x7,3059271.0,54470.0,3421224868.0,2293090269.0,370.0,2283.0,0.0,871610.0,2374.0,0.0,0.0,0.0,0.0,9.0,26.0,402265936.0,2695084544.0,12602253312.0,51058.0,37999656960.0,1836473928.0,1.0,2948.0,6501087.0,5015.0,365041.0,32991.0,0.0,0.0,4029.0,0.0
1787907718.597755,2026-08-28T09:01:58+00:00,http_log_5m_x7,3059271.0,54470.0,3421224868.0,2293090269.0,370.0,2283.0,0.0,871610.0,2374.0,0.0,0.0,0.0,0.0,9.0,26.0,402265936.0,2695084544.0,12602253312.0,51058.0,37999656960.0,1836473928.0,1.0,2948.0,6501087.0,5015.0,365041.0,32991.0,0.0,0.0,4029.0,0.0
1787907719.602679,2026-08-28T09:01:59+00:00,http_log_5m_x7,3059271.0,54470.0,3421224868.0,2293090269.0,370.0,2283.0,0.0,871610.0,2374.0,0.0,0.0,0.0,0.0,9.0,26.0,402265936.0,2695084544.0,12602253312.0,51058.0,37999656960.0,1836473928.0,1.0,2948.0,6501087.0,5015.0,365041.0,32991.0,0.0,0.0,4029.0,0.0
1787907720.605746,2026-08-28T09:02:00+00:00,http_log_5m_x7,3059271.0,54470.0,3421224868.0,2293090269.0,370.0,2283.0,0.0,871610.0,2374.0,0.0,0.0,0.0,0.0,9.0,26.0,402265936.0,2695084544.0,12602253312.0,51058.0,37999656960.0,1836473928.0,1.0,2948.0,6501087.0,5015.0,365041.0,32991.0,0.0,0.0,4029.0,0.0
1787907721.610794,2026-08-28T09:02:01+00:00,http_log_5m_x7,3059271.0,54470.0,3421224868.0,2293090269.0,370.0,2283.0,0.0,871610.0,2374.0,0.0,0.0,0.0,0.0,9.0,26.0,402265936.0,2695084544.0,12602253312.0,51058.0,37999656960.0,1836473928.0,1.0,2948.0,6501087.0,5015.0,365041.0,32991.0,0.0,0.0,4029.0,0.0
1787907722.615867,2026-08-28T09:02:02+00:00,http_log_5m_x7,3059271.0,54470.0,3421224868.0,2293090269.0,370.0,2283.0,0.0,871610.0,2374.0,0.0,0.0,0.0,0.0,9.0,26.0,402265936.0,2695084544.0,12602253312.0,51058.0,37999656960.0,1836473928.0,1.0,2948.0,6501087.0,5015.0,365041.0,32991.0,0.0,0.0,4029.0,0.0
1787907723.62096,2026-08-28T09:02:03+00:00,http_log_5m_x7,3059271.0,54470.0,3421224868.0,2293090269.0,370.0,2283.0,0.0,871610.0,2374.0,0.0,0.0,0.0,0.0,9.0,26.0,402265936.0,2695084544.0,12602253312.0,51058.0,37999656960.0,1836473928.0,1.0,2948.0,6501087.0,5015.0,365041.0,32991.0,0.0,0.0,4029.0,0.0
1787907724.626032,2026-08-28T09:02:04+00:00,http_log_5m_x7,3059271.0,54470.0,3421224868.0,2293090269.0,370.0,2283.0,0.0,871610.0,2374.0,0.0,0.0,0.0,0.0,9.0,26.0,402265936.0,2695084544.0,12602253312.0,51058.0,37999656960.0,1836473928.0,1.0,2948.0,6501087.0,5015.0,365041.0,32991.0,0.0,0.0,4029.0,0.0
1787907725.631135,2026-08-28T09:02:05+00:00,http_log_5m_x7,3059271.0,54470.0,3421224868.0,2293090269.0,370.0,2283.0,0.0,871610.0,2374.0,0.0,0.0,0.0,0.0,9.0,26.0,402542360.0,2695084544.0,12602585088.0,51070.0,37658304512.0,1835276797.0,0.0,2948.0,6512974.0,5016.0,365120.0,33024.0,0.0,0.0,4034.0,0.0
1787907726.631382,2026-08-28T09:02:06+00:00,http_log_5m_x7,3059271.0,54470.0,3421224868.0,2293090269.0,370.0,2283.0,0.0,871610.0,2374.0,0.0,0.0,0.0,0.0,9.0,26.0,402542360.0,2695084544.0,12602585088.0,51070.0,37658304512.0,1835276797.0,0.0,2948.0,6512974.0,5016.0,365120.0,33024.0,0.0,0.0,4034.0,0.0
1787907727.6364522,2026-08-28T09:02:07+00:00,http_log_5m_x7,3059271.0,54470.0,3421224868.0,2293090269.0,370.0,2283.0,0.0,871610.0,2374.0,0.0,0.0,0.0,0.0,9.0,26.0,402542360.0,2695084544.0,12602585088.0,51070.0,37658304512.0,1835276797.0,0.0,2948.0,6512974.0,5016.0,365120.0,33024.0,0.0,0.0,4034.0,0.0
1787907728.641551,2026-08-28T09:02:08+00:00,http_log_5m_x7,3059271.0,54470.0,3421224868.0,2293090269.0,370.0,2283.0,0.0,871610.0,2374.0,0.0,0.0,0.0,0.0,9.0,26.0,402542360.0,2695084544.0,12602585088.0,51070.0,37658304512.0,1835276797.0,0.0,2948.0,6512974.0,5016.0,365120.0,33024.0,0.0,0.0,4034.0,0.0
1787907729.6466,2026-08-28T09:02:09+00:00,http_log_5m_x7,3059271.0,54470.0,3421224868.0,2293090269.0,370.0,2283.0,0.0,871610.0,2374.0,0.0,0.0,0.0,0.0,9.0,26.0,402542360.0,2695084544.0,12602585088.0,51070.0,37658304512.0,1835276797.0,0.0,2948.0,6512974.0,5016.0,365120.0,33024.0,0.0,0.0,4034.0,0.0
1787907730.651645,2026-08-28T09:02:10+00:00,http_log_5m_x7,3059271.0,54470.0,3421224868.0,2293090269.0,370.0,2283.0,0.0,871610.0,2374.0,0.0,0.0,0.0,0.0,9.0,26.0,402542360.0,2695084544.0,12602585088.0,51070.0,37658304512.0,1835276797.0,0.0,2948.0,6512974.0,5016.0,365120.0,33024.0,0.0,0.0,4034.0,0.0
1787907731.656703,2026-08-28T09:02:11+00:00,http_log_5m_x7,3059271.0,54470.0,3421224868.0,2293090269.0,370.0,2283.0,0.0,871610.0,2374.0,0.0,0.0,0.0,0.0,9.0,26.0,402542360.0,2695084544.0,12602585088.0,51070.0,37658304512.0,1835276797.0,0.0,2948.0,6512974.0,5016.0,365120.0,33024.0,0.0,0.0,4034.0,0.0
1787907732.6577091,2026-08-28T09:02:12+00:00,http_log_5m_x7,3059271.0,54470.0,3421224868.0,2293090269.0,370.0,2283.0,0.0,871610.0,2374.0,0.0,0.0,0.0,0.0,9.0,26.0,402542360.0,2695084544.0,12602585088.0,51070.0,37658304512.0,1835276797.0,0.0,2948.0,6512974.0,5016.0,365120.0,33024.0,0.0,0.0,4034.0,0.0
1787907733.65959,2026-08-28T09:02:13+00:00,http_log_5m_x7,3059271.0,54470.0,3421224868.0,2293090269.0,370.0,2283.0,0.0,871610.0,2374.0,0.0,0.0,0.0,0.0,9.0,26.0,402542360.0,2695084544.0,12602585088.0,51070.0,37658304512.0,1835276797.0,0.0,2948.0,6512974.0,5016.0,365120.0,33024.0,0.0,0.0,4034.0,0.0
1787907734.664691,2026-08-28T09:02:14+00:00,http_log_5m_x7,3059271.0,54470.0,3421224868.0,2293090269.0,370.0,2283.0,0.0,871610.0,2374.0,0.0,0.0,0.0,0.0,9.0,26.0,402542360.0,2695084544.0,12602585088.0,51070.0,37658304512.0,1835276797.0,0.0,2948.0,6512974.0,5016.0,365120.0,33024.0,0.0,0.0,4034.0,0.0
1787907735.6682198,2026-08-28T09:02:15+00:00,http_log_5m_x7,3059271.0,54470.0,3421224868.0,2293090269.0,370.0,2283.0,0.0,871610.0,2374.0,0.0,0.0,0.0,0.0,9.0,26.0,402542360.0,2695084544.0,12602585088.0,51070.0,37658304512.0,1835276797.0,0.0,2948.0,6512974.0,5016.0,365120.0,33024.0,0.0,0.0,4034.0,0.0
1787907736.673274,2026-08-28T09:02:16+00:00,http_log_5m_x7,3059271.0,54470.0,3421224868.0,2293090269.0,370.0,2283.0,0.0,871610.0,2374.0,0.0,0.0,0.0,0.0,9.0,26.0,402542360.0,2695084544.0,12602585088.0,51070.0,37658304512.0,1835276797.0,0.0,2948.0,6512974.0,5016.0,365120.0,33024.0,0.0,0.0,4034.0,0.0
1787907737.678404,2026-08-28T09:02:17+00:00,http_log_5m_x7,3059271.0,54470.0,3421224868.0,2293090269.0,370.0,2283.0,0.0,871610.0,2374.0,0.0,0.0,0.0,0.0,9.0,26.0,402542360.0,2695084544.0,12602585088.0,51070.0,37658304512.0,1835276797.0,0.0,2948.0,6512974.0,5016.0,365120.0,33024.0,0.0,0.0,4034.0,0.0
1787907738.683485,2026-08-28T09:02:18+00:00,http_log_5m_x7,3059271.0,54470.0,3421224868.0,2293090269.0,370.0,2283.0,0.0,871610.0,2374.0,0.0,0.0,0.0,0.0,9.0,26.0,402542360.0,2695084544.0,12602585088.0,51070.0,37658304512.0,1835276797.0,0.0,2948.0,6512974.0,5016.0,365120.0,33024.0,0.0,0.0,4034.0,0.0
1787907739.688554,2026-08-28T09:02:19+00:00,http_log_5m_x7,3059271.0,54470.0,3421224868.0,2293090269.0,370.0,2283.0,0.0,871610.0,2374.0,0.0,0.0,0.0,0.0,9.0,26.0,402185704.0,2695084544.0,12603428864.0,51095.0,37658304512.0,1835276797.0,0.0,2948.0,6524903.0,5018.0,365176.0,33046.0,0.0,0.0,4037.0,0.0
1787907740.693661,2026-08-28T09:02:20+00:00,http_log_5m_x7,3059271.0,54470.0,3421224868.0,2293090269.0,370.0,2283.0,0.0,871610.0,2374.0,0.0,0.0,0.0,0.0,9.0,26.0,402185704.0,2695084544.0,12603428864.0,51095.0,37658304512.0,1835276797.0,0.0,2948.0,6524903.0,5018.0,365176.0,33046.0,0.0,0.0,4037.0,0.0
1787907741.698716,2026-08-28T09:02:21+00:00,http_log_5m_x7,3059271.0,54470.0,3421224868.0,2293090269.0,370.0,2283.0,0.0,871610.0,2374.0,0.0,0.0,0.0,0.0,9.0,26.0,402185704.0,2695084544.0,12603428864.0,51095.0,37658304512.0,1835276797.0,0.0,2948.0,6524903.0,5018.0,365176.0,33046.0,0.0,0.0,4037.0,0.0
1787907742.7011871,2026-08-28T09:02:22+00:00,http_log_5m_x7,3059271.0,54470.0,3421224868.0,2293090269.0,370.0,2283.0,0.0,871610.0,2374.0,0.0,0.0,0.0,0.0,9.0,26.0,402185704.0,2695084544.0,12603428864.0,51095.0,37658304512.0,1835276797.0,0.0,2948.0,6524903.0,5018.0,365176.0,33046.0,0.0,0.0,4037.0,0.0
1787907743.702475,2026-08-28T09:02:23+00:00,http_log_5m_x7,3059271.0,54470.0,3421224868.0,2293090269.0,370.0,2283.0,0.0,871610.0,2374.0,0.0,0.0,0.0,0.0,9.0,26.0,402185704.0,2695084544.0,12603428864.0,51095.0,37658304512.0,1835276797.0,0.0,2948.0,6524903.0,5018.0,365176.0,33046.0,0.0,0.0,4037.0,0.0
1787907744.707521,2026-08-28T09:02:24+00:00,http_log_5m_x7,3059271.0,54470.0,3421224868.0,2293090269.0,370.0,2283.0,0.0,871610.0,2374.0,0.0,0.0,0.0,0.0,9.0,26.0,402185704.0,2695084544.0,12603428864.0,51095.0,37658304512.0,1835276797.0,0.0,2948.0,6524903.0,5018.0,365176.0,33046.0,0.0,0.0,4037.0,0.0
1787907745.712613,2026-08-28T09:02:25+00:00,http_log_5m_x7,3059271.0,54470.0,3421224868.0,2293090269.0,370.0,2283.0,0.0,871610.0,2374.0,0.0,0.0,0.0,0.0,9.0,26.0,402185704.0,2695084544.0,12603428864.0,51095.0,37658304512.0,1835276797.0,0.0,2948.0,6524903.0,5018.0,365176.0,33046.0,0.0,0.0,4037.0,0.0
1787907746.714995,2026-08-28T09:02:26+00:00,http_log_5m_x7,3059271.0,54470.0,3421224868.0,2293090269.0,370.0,2283.0,0.0,871610.0,2374.0,0.0,0.0,0.0,0.0,9.0,26.0,402185704.0,2695084544.0,12603428864.0,51095.0,37658304512.0,1835276797.0,0.0,2948.0,6524903.0,5018.0,365176.0,33046.0,0.0,0.0,4037.0,0.0
1787907747.7198489,2026-08-28T09:02:27+00:00,http_log_5m_x7,3059271.0,54470.0,3421224868.0,2293090269.0,370.0,2283.0,0.0,871610.0,2374.0,0.0,0.0,0.0,0.0,9.0,26.0,402185704.0,2695084544.0,12603428864.0,51095.0,37658304512.0,1835276797.0,0.0,2948.0,6524903.0,5018.0,365176.0,33046.0,0.0,0.0,4037.0,0.0
1787907748.724923,2026-08-28T09:02:28+00:00,http_log_5m_x7,3059271.0,54470.0,3421224868.0,2293090269.0,370.0,2283.0,0.0,871610.0,2374.0,0.0,0.0,0.0,0.0,9.0,26.0,402185704.0,2695084544.0,12603428864.0,51095.0,37658304512.0,1835276797.0,0.0,2948.0,6524903.0,5018.0,365176.0,33046.0,0.0,0.0,4037.0,0.0
1787907749.730051,2026-08-28T09:02:29+00:00,http_log_5m_x7,3059271.0,54470.0,3421224868.0,2293090269.0,370.0,2283.0,0.0,871610.0,2374.0,0.0,0.0,0.0,0.0,9.0,26.0,402185704.0,2695084544.0,12603428864.0,51095.0,37658304512.0,1835276797.0,0.0,2948.0,6524903.0,5018.0,365176.0,33046.0,0.0,0.0,4037.0,0.0
1787907750.735102,2026-08-28T09:02:30+00:00,http_log_5m_x7,3059271.0,54470.0,3421224868.0,2293090269.0,370.0,2283.0,0.0,871610.0,2374.0,0.0,0.0,0.0,0.0,9.0,26.0,402185704.0,2695084544.0,12603428864.0,51095.0,37658304512.0,1835276797.0,0.0,2948.0,6524903.0,5018.0,365176.0,33046.0,0.0,0.0,4037.0,0.0
1787907751.7356951,2026-08-28T09:02:31+00:00,http_log_5m_x7,3059271.0,54470.0,3421224868.0,2293090269.0,370.0,2283.0,0.0,871610.0,2374.0,0.0,0.0,0.0,0.0,9.0,26.0,402185704.0,2695084544.0,12603428864.0,51095.0,37658304512.0,1835276797.0,0.0,2948.0,6524903.0,5018.0,365176.0,33046.0,0.0,0.0,4037.0,0.0
1787907752.740741,2026-08-28T09:02:32+00:00,http_log_5m_x7,3059271.0,54470.0,3421224868.0,2293090269.0,370.0,2283.0,0.0,871610.0,2374.0,0.0,0.0,0.0,0.0,9.0,26.0,402185704.0,2695084544.0,12603428864.0,51095.0,37658304512.0,1835276797.0,0.0,2948.0,6524903.0,5018.0,365176.0,33046.0,0.0,0.0,4037.0,0.0
1787907753.7430432,2026-08-28T09:02:33+00:00,http_log_5m_x7,3059271.0,54470.0,3421224868.0,2293090269.0,370.0,2283.0,0.0,871610.0,2374.0,0.0,0.0,0.0,0.0,9.0,26.0,402185704.0,2695084544.0,12603428864.0,51095.0,37658304512.0,1835276797.0,0.0,2948.0,6524903.0,5018.0,365176.0,33046.0,0.0,0.0,4037.0,0.0
1787907754.7444632,2026-08-28T09:02:34+00:00,http_log_5m_x7,3059271.0,54470.0,3421224868.0,2293090269.0,370.0,2283.0,0.0,871610.0,2374.0,0.0,0.0,0.0,0.0,9.0,26.0,402219200.0,2695084544.0,12603707392.0,51106.0,37658304512.0,1835276797.0,0.0,2948.0,6536814.0,5019.0,365245.0,33072.0,0.0,0.0,4041.0,0.0
1787907755.749562,2026-08-28T09:02:35+00:00,http_log_5m_x7,3059271.0,54470.0,3421224868.0,2293090269.0,370.0,2283.0,0.0,871610.0,2374.0,0.0,0.0,0.0,0.0,9.0,26.0,402219200.0,2695084544.0,12603707392.0,51106.0,37658304512.0,1835276797.0,0.0,2948.0,6536814.0,5019.0,365245.0,33072.0,0.0,0.0,4041.0,0.0
1787907756.754614,2026-08-28T09:02:36+00:00,http_log_5m_x7,3059271.0,54470.0,3421224868.0,2293090269.0,370.0,2283.0,0.0,871610.0,2374.0,0.0,0.0,0.0,0.0,9.0,26.0,402219200.0,2695084544.0,12603707392.0,51106.0,37658304512.0,1835276797.0,0.0,2948.0,6536814.0,5019.0,365245.0,33072.0,0.0,0.0,4041.0,0.0
1787907757.759687,2026-08-28T09:02:37+00:00,http_log_5m_x7,3059271.0,54470.0,3421224868.0,2293090269.0,370.0,2283.0,0.0,871610.0,2374.0,0.0,0.0,0.0,0.0,9.0,26.0,402219200.0,2695084544.0,12603707392.0,51106.0,37658304512.0,1835276797.0,0.0,2948.0,6536814.0,5019.0,365245.0,33072.0,0.0,0.0,4041.0,0.0
1787907758.763707,2026-08-28T09:02:38+00:00,http_log_5m_x7,3059271.0,54470.0,3421224868.0,2293090269.0,370.0,2283.0,0.0,871610.0,2374.0,0.0,0.0,0.0,0.0,9.0,26.0,402219200.0,2695084544.0,12603707392.0,51106.0,37658304512.0,1835276797.0,0.0,2948.0,6536814.0,5019.0,365245.0,33072.0,0.0,0.0,4041.0,0.0
1787907759.767075,2026-08-28T09:02:39+00:00,http_log_5m_x7,3059271.0,54470.0,3421224868.0,2293090269.0,370.0,2283.0,0.0,871610.0,2374.0,0.0,0.0,0.0,0.0,9.0,26.0,402219200.0,2695084544.0,12603707392.0,51106.0,37658304512.0,1835276797.0,0.0,2948.0,6536814.0,5019.0,365245.0,33072.0,0.0,0.0,4041.0,0.0
1787907760.77212,2026-08-28T09:02:40+00:00,http_log_5m_x7,3059271.0,54470.0,3421224868.0,2293090269.0,370.0,2283.0,0.0,871610.0,2374.0,0.0,0.0,0.0,0.0,9.0,26.0,402219200.0,2695084544.0,12603707392.0,51106.0,37658304512.0,1835276797.0,0.0,2948.0,6536814.0,5019.0,365245.0,33072.0,0.0,0.0,4041.0,0.0
1787907761.777178,2026-08-28T09:02:41+00:00,http_log_5m_x7,3059271.0,54470.0,3421224868.0,2293090269.0,370.0,2283.0,0.0,871610.0,2374.0,0.0,0.0,0.0,0.0,9.0,26.0,402219200.0,2695084544.0,12603707392.0,51106.0,37658304512.0,1835276797.0,0.0,2948.0,6536814.0,5019.0,365245.0,33072.0,0.0,0.0,4041.0,0.0
1787907762.782263,2026-08-28T09:02:42+00:00,http_log_5m_x7,3059271.0,54470.0,3421224868.0,2293090269.0,370.0,2283.0,0.0,871610.0,2374.0,0.0,0.0,0.0,0.0,9.0,26.0,402219200.0,2695084544.0,12603707392.0,51106.0,37658304512.0,1835276797.0,0.0,2948.0,6536814.0,5019.0,365245.0,33072.0,0.0,0.0,4041.0,0.0
1787907763.785834,2026-08-28T09:02:43+00:00,http_log_5m_x7,3059271.0,54470.0,3421224868.0,2293090269.0,370.0,2283.0,0.0,871610.0,2374.0,0.0,0.0,0.0,0.0,9.0,26.0,402219200.0,2695084544.0,12603707392.0,51106.0,37658304512.0,1835276797.0,0.0,2948.0,6536814.0,5019.0,365245.0,33072.0,0.0,0.0,4041.0,0.0
1787907764.786191,2026-08-28T09:02:44+00:00,http_log_5m_x7,3059271.0,54470.0,3421224868.0,2293090269.0,370.0,2283.0,0.0,871610.0,2374.0,0.0,0.0,0.0,0.0,9.0,26.0,402219200.0,2695084544.0,12603707392.0,51106.0,37658304512.0,1835276797.0,0.0,2948.0,6536814.0,5019.0,365245.0,33072.0,0.0,0.0,4041.0,0.0
