batch,logical_second,utc_time,label,payload_bytes,rows,latency_ms,status,loaded_rows,loaded_bytes,load_time_ms
0,0,2026-08-28T09:02:45+00:00,zc_cmp_full_zstd_single_bucket_20260828_35m_x1_00000,526647,31,439.596,Success,31,526647,431
1,1,2026-08-28T09:02:46+00:00,zc_cmp_full_zstd_single_bucket_20260828_35m_x1_00001,524862,31,377.388,Success,31,524862,372
2,2,2026-08-28T09:02:48+00:00,zc_cmp_full_zstd_single_bucket_20260828_35m_x1_00002,526101,31,516.788,Success,31,526101,512
3,3,2026-08-28T09:02:48+00:00,zc_cmp_full_zstd_single_bucket_20260828_35m_x1_00003,524883,31,347.551,Success,31,524883,342
4,4,2026-08-28T09:02:49+00:00,zc_cmp_full_zstd_single_bucket_20260828_35m_x1_00004,526009,31,383.229,Success,31,526009,377
5,5,2026-08-28T09:02:50+00:00,zc_cmp_full_zstd_single_bucket_20260828_35m_x1_00005,526680,31,310.503,Success,31,526680,305
6,6,2026-08-28T09:02:51+00:00,zc_cmp_full_zstd_single_bucket_20260828_35m_x1_00006,526424,31,397.129,Success,31,526424,392
7,7,2026-08-28T09:02:53+00:00,zc_cmp_full_zstd_single_bucket_20260828_35m_x1_00007,525782,31,526.098,Success,31,525782,521
8,8,2026-08-28T09:02:53+00:00,zc_cmp_full_zstd_single_bucket_20260828_35m_x1_00008,525637,31,315.915,Success,31,525637,311
9,9,2026-08-28T09:02:54+00:00,zc_cmp_full_zstd_single_bucket_20260828_35m_x1_00009,525785,31,353.971,Success,31,525785,348
10,10,2026-08-28T09:02:55+00:00,zc_cmp_full_zstd_single_bucket_20260828_35m_x1_00010,525560,31,354.609,Success,31,525560,348
11,11,2026-08-28T09:02:56+00:00,zc_cmp_full_zstd_single_bucket_20260828_35m_x1_00011,527298,31,458.577,Success,31,527298,454
12,12,2026-08-28T09:02:57+00:00,zc_cmp_full_zstd_single_bucket_20260828_35m_x1_00012,525854,31,351.176,Success,31,525854,350
13,13,2026-08-28T09:02:58+00:00,zc_cmp_full_zstd_single_bucket_20260828_35m_x1_00013,524887,31,454.614,Success,31,524887,454
14,14,2026-08-28T09:02:59+00:00,zc_cmp_full_zstd_single_bucket_20260828_35m_x1_00014,526969,31,347.833,Success,31,526969,346
15,15,2026-08-28T09:03:00+00:00,zc_cmp_full_zstd_single_bucket_20260828_35m_x1_00015,526807,31,427.287,Success,31,526807,424
16,16,2026-08-28T09:03:01+00:00,zc_cmp_full_zstd_single_bucket_20260828_35m_x1_00016,526348,31,481.991,Success,31,526348,480
17,17,2026-08-28T09:03:02+00:00,zc_cmp_full_zstd_single_bucket_20260828_35m_x1_00017,525702,31,344.468,Success,31,525702,341
18,18,2026-08-28T09:03:03+00:00,zc_cmp_full_zstd_single_bucket_20260828_35m_x1_00018,526002,31,354.92,Success,31,526002,351
19,19,2026-08-28T09:03:04+00:00,zc_cmp_full_zstd_single_bucket_20260828_35m_x1_00019,527589,31,426.572,Success,31,527589,423
20,20,2026-08-28T09:03:05+00:00,zc_cmp_full_zstd_single_bucket_20260828_35m_x1_00020,525788,31,381.819,Success,31,525788,377
21,21,2026-08-28T09:03:06+00:00,zc_cmp_full_zstd_single_bucket_20260828_35m_x1_00021,526108,31,379.258,Success,31,526108,375
22,22,2026-08-28T09:03:07+00:00,zc_cmp_full_zstd_single_bucket_20260828_35m_x1_00022,525473,31,432.614,Success,31,525473,428
23,23,2026-08-28T09:03:08+00:00,zc_cmp_full_zstd_single_bucket_20260828_35m_x1_00023,526527,31,411.333,Success,31,526527,407
24,24,2026-08-28T09:03:09+00:00,zc_cmp_full_zstd_single_bucket_20260828_35m_x1_00024,526260,31,405.866,Success,31,526260,400
25,25,2026-08-28T09:03:10+00:00,zc_cmp_full_zstd_single_bucket_20260828_35m_x1_00025,524945,31,417.885,Success,31,524945,413
26,26,2026-08-28T09:03:11+00:00,zc_cmp_full_zstd_single_bucket_20260828_35m_x1_00026,525554,31,390.267,Success,31,525554,384
27,27,2026-08-28T09:03:12+00:00,zc_cmp_full_zstd_single_bucket_20260828_35m_x1_00027,525462,31,417.556,Success,31,525462,412
28,28,2026-08-28T09:03:13+00:00,zc_cmp_full_zstd_single_bucket_20260828_35m_x1_00028,526235,31,454.704,Success,31,526235,449
29,29,2026-08-28T09:03:14+00:00,zc_cmp_full_zstd_single_bucket_20260828_35m_x1_00029,526623,31,427.723,Success,31,526623,422
30,30,2026-08-28T09:03:15+00:00,zc_cmp_full_zstd_single_bucket_20260828_35m_x1_00030,525790,31,327.676,Success,31,525790,321
31,31,2026-08-28T09:03:16+00:00,zc_cmp_full_zstd_single_bucket_20260828_35m_x1_00031,526905,31,338.366,Success,31,526905,338
32,32,2026-08-28T09:03:17+00:00,zc_cmp_full_zstd_single_bucket_20260828_35m_x1_00032,526170,31,408.982,Success,31,526170,409
33,33,2026-08-28T09:03:18+00:00,zc_cmp_full_zstd_single_bucket_20260828_35m_x1_00033,526858,31,455.961,Success,31,526858,456
34,34,2026-08-28T09:03:19+00:00,zc_cmp_full_zstd_single_bucket_20260828_35m_x1_00034,527207,31,473.631,Success,31,527207,473
35,35,2026-08-28T09:03:20+00:00,zc_cmp_full_zstd_single_bucket_20260828_35m_x1_00035,526577,31,364.775,Success,31,526577,362
36,36,2026-08-28T09:03:21+00:00,zc_cmp_full_zstd_single_bucket_20260828_35m_x1_00036,526169,31,328.721,Success,31,526169,326
37,37,2026-08-28T09:03:22+00:00,zc_cmp_full_zstd_single_bucket_20260828_35m_x1_00037,526295,31,416.339,Success,31,526295,414
38,38,2026-08-28T09:03:23+00:00,zc_cmp_full_zstd_single_bucket_20260828_35m_x1_00038,525925,31,371.047,Success,31,525925,367
39,39,2026-08-28T09:03:24+00:00,zc_cmp_full_zstd_single_bucket_20260828_35m_x1_00039,526825,31,424.493,Success,31,526825,420
40,40,2026-08-28T09:03:25+00:00,zc_cmp_full_zstd_single_bucket_20260828_35m_x1_00040,526997,31,443.095,Success,31,526997,437
41,41,2026-08-28T09:03:26+00:00,zc_cmp_full_zstd_single_bucket_20260828_35m_x1_00041,527174,31,461.987,Success,31,527174,464
42,42,2026-08-28T09:03:27+00:00,zc_cmp_full_zstd_single_bucket_20260828_35m_x1_00042,527570,31,427.254,Success,31,527570,427
43,43,2026-08-28T09:03:29+00:00,zc_cmp_full_zstd_single_bucket_20260828_35m_x1_00043,526601,31,512.702,Success,31,526601,513
44,44,2026-08-28T09:03:29+00:00,zc_cmp_full_zstd_single_bucket_20260828_35m_x1_00044,525107,31,470.212,Success,31,525107,469
45,45,2026-08-28T09:03:30+00:00,zc_cmp_full_zstd_single_bucket_20260828_35m_x1_00045,527173,31,430.182,Success,31,527173,429
46,46,2026-08-28T09:03:31+00:00,zc_cmp_full_zstd_single_bucket_20260828_35m_x1_00046,527551,31,438.012,Success,31,527551,435
47,47,2026-08-28T09:03:32+00:00,zc_cmp_full_zstd_single_bucket_20260828_35m_x1_00047,526309,31,355.74,Success,31,526309,352
48,48,2026-08-28T09:03:34+00:00,zc_cmp_full_zstd_single_bucket_20260828_35m_x1_00048,526452,31,564.49,Success,31,526452,561
49,49,2026-08-28T09:03:34+00:00,zc_cmp_full_zstd_single_bucket_20260828_35m_x1_00049,525562,31,456.679,Success,31,525562,453
50,50,2026-08-28T09:03:35+00:00,zc_cmp_full_zstd_single_bucket_20260828_35m_x1_00050,526777,31,470.582,Success,31,526777,464
51,51,2026-08-28T09:03:36+00:00,zc_cmp_full_zstd_single_bucket_20260828_35m_x1_00051,526168,31,333.27,Success,31,526168,330
52,52,2026-08-28T09:03:37+00:00,zc_cmp_full_zstd_single_bucket_20260828_35m_x1_00052,526458,31,407.637,Success,31,526458,405
53,53,2026-08-28T09:03:39+00:00,zc_cmp_full_zstd_single_bucket_20260828_35m_x1_00053,527476,31,675.588,Success,31,527476,627
54,54,2026-08-28T09:03:39+00:00,zc_cmp_full_zstd_single_bucket_20260828_35m_x1_00054,526386,31,382.55,Success,31,526386,377
55,55,2026-08-28T09:03:40+00:00,zc_cmp_full_zstd_single_bucket_20260828_35m_x1_00055,526353,31,385.324,Success,31,526353,381
56,56,2026-08-28T09:03:41+00:00,zc_cmp_full_zstd_single_bucket_20260828_35m_x1_00056,527644,31,325.531,Success,31,527644,321
57,57,2026-08-28T09:03:42+00:00,zc_cmp_full_zstd_single_bucket_20260828_35m_x1_00057,525922,31,387.817,Success,31,525922,383
58,58,2026-08-28T09:03:43+00:00,zc_cmp_full_zstd_single_bucket_20260828_35m_x1_00058,526925,31,434.184,Success,31,526925,430
59,59,2026-08-28T09:03:44+00:00,zc_cmp_full_zstd_single_bucket_20260828_35m_x1_00059,525628,31,487.049,Success,31,525628,482
60,60,2026-08-28T09:03:45+00:00,zc_cmp_full_zstd_single_bucket_20260828_35m_x1_00060,527219,31,439.56,Success,31,527219,434
61,61,2026-08-28T09:03:46+00:00,zc_cmp_full_zstd_single_bucket_20260828_35m_x1_00061,526902,31,367.198,Success,31,526902,362
62,62,2026-08-28T09:03:47+00:00,zc_cmp_full_zstd_single_bucket_20260828_35m_x1_00062,527856,31,335.747,Success,31,527856,330
63,63,2026-08-28T09:03:48+00:00,zc_cmp_full_zstd_single_bucket_20260828_35m_x1_00063,526526,31,456.478,Success,31,526526,452
64,64,2026-08-28T09:03:50+00:00,zc_cmp_full_zstd_single_bucket_20260828_35m_x1_00064,527155,31,505.015,Success,31,527155,500
65,65,2026-08-28T09:03:50+00:00,zc_cmp_full_zstd_single_bucket_20260828_35m_x1_00065,527511,31,501.624,Success,31,527511,495
66,66,2026-08-28T09:03:51+00:00,zc_cmp_full_zstd_single_bucket_20260828_35m_x1_00066,526749,31,434.945,Success,31,526749,429
67,67,2026-08-28T09:03:52+00:00,zc_cmp_full_zstd_single_bucket_20260828_35m_x1_00067,527378,31,449.327,Success,31,527378,443
68,68,2026-08-28T09:03:53+00:00,zc_cmp_full_zstd_single_bucket_20260828_35m_x1_00068,527087,31,489.431,Success,31,527087,483
69,69,2026-08-28T09:03:54+00:00,zc_cmp_full_zstd_single_bucket_20260828_35m_x1_00069,527044,31,488.05,Success,31,527044,482
70,70,2026-08-28T09:03:55+00:00,zc_cmp_full_zstd_single_bucket_20260828_35m_x1_00070,526414,31,474.92,Success,31,526414,469
71,71,2026-08-28T09:03:56+00:00,zc_cmp_full_zstd_single_bucket_20260828_35m_x1_00071,525422,31,475.247,Success,31,525422,470
72,72,2026-08-28T09:03:58+00:00,zc_cmp_full_zstd_single_bucket_20260828_35m_x1_00072,527556,31,530.982,Success,31,527556,525
73,73,2026-08-28T09:03:59+00:00,zc_cmp_full_zstd_single_bucket_20260828_35m_x1_00073,526758,31,514.522,Success,31,526758,508
74,74,2026-08-28T09:04:00+00:00,zc_cmp_full_zstd_single_bucket_20260828_35m_x1_00074,527387,31,506.011,Success,31,527387,500
75,75,2026-08-28T09:04:00+00:00,zc_cmp_full_zstd_single_bucket_20260828_35m_x1_00075,526527,31,476.576,Success,31,526527,470
76,76,2026-08-28T09:04:01+00:00,zc_cmp_full_zstd_single_bucket_20260828_35m_x1_00076,526841,31,457.904,Success,31,526841,451
77,77,2026-08-28T09:04:02+00:00,zc_cmp_full_zstd_single_bucket_20260828_35m_x1_00077,526211,31,433.036,Success,31,526211,427
78,78,2026-08-28T09:04:04+00:00,zc_cmp_full_zstd_single_bucket_20260828_35m_x1_00078,525601,31,505.967,Success,31,525601,500
79,79,2026-08-28T09:04:04+00:00,zc_cmp_full_zstd_single_bucket_20260828_35m_x1_00079,526461,31,395.198,Success,31,526461,389
80,80,2026-08-28T09:04:05+00:00,zc_cmp_full_zstd_single_bucket_20260828_35m_x1_00080,526908,31,489.468,Success,31,526908,483
81,81,2026-08-28T09:04:06+00:00,zc_cmp_full_zstd_single_bucket_20260828_35m_x1_00081,526331,31,389.67,Success,31,526331,383
82,82,2026-08-28T09:04:07+00:00,zc_cmp_full_zstd_single_bucket_20260828_35m_x1_00082,526262,31,402.775,Success,31,526262,397
83,83,2026-08-28T09:04:08+00:00,zc_cmp_full_zstd_single_bucket_20260828_35m_x1_00083,525975,31,329.33,Success,31,525975,324
84,84,2026-08-28T09:04:09+00:00,zc_cmp_full_zstd_single_bucket_20260828_35m_x1_00084,526078,31,389.749,Success,31,526078,385
85,85,2026-08-28T09:04:10+00:00,zc_cmp_full_zstd_single_bucket_20260828_35m_x1_00085,526829,31,428.744,Success,31,526829,423
86,86,2026-08-28T09:04:11+00:00,zc_cmp_full_zstd_single_bucket_20260828_35m_x1_00086,526147,31,449.862,Success,31,526147,445
87,87,2026-08-28T09:04:12+00:00,zc_cmp_full_zstd_single_bucket_20260828_35m_x1_00087,526087,31,468.256,Success,31,526087,463
88,88,2026-08-28T09:04:13+00:00,zc_cmp_full_zstd_single_bucket_20260828_35m_x1_00088,525364,31,394.845,Success,31,525364,389
89,89,2026-08-28T09:04:14+00:00,zc_cmp_full_zstd_single_bucket_20260828_35m_x1_00089,526207,31,408.09,Success,31,526207,403
90,90,2026-08-28T09:04:15+00:00,zc_cmp_full_zstd_single_bucket_20260828_35m_x1_00090,526381,31,448.287,Success,31,526381,442
91,91,2026-08-28T09:04:16+00:00,zc_cmp_full_zstd_single_bucket_20260828_35m_x1_00091,526178,31,369.828,Success,31,526178,370
92,92,2026-08-28T09:04:17+00:00,zc_cmp_full_zstd_single_bucket_20260828_35m_x1_00092,527203,31,364.479,Success,31,527203,363
93,93,2026-08-28T09:04:18+00:00,zc_cmp_full_zstd_single_bucket_20260828_35m_x1_00093,525914,31,345.237,Success,31,525914,344
94,94,2026-08-28T09:04:19+00:00,zc_cmp_full_zstd_single_bucket_20260828_35m_x1_00094,526201,31,418.29,Success,31,526201,417
95,95,2026-08-28T09:04:20+00:00,zc_cmp_full_zstd_single_bucket_20260828_35m_x1_00095,526230,31,492.709,Success,31,526230,491
96,96,2026-08-28T09:04:21+00:00,zc_cmp_full_zstd_single_bucket_20260828_35m_x1_00096,525732,31,416.122,Success,31,525732,413
97,97,2026-08-28T09:04:22+00:00,zc_cmp_full_zstd_single_bucket_20260828_35m_x1_00097,525862,31,353.271,Success,31,525862,350
98,98,2026-08-28T09:04:23+00:00,zc_cmp_full_zstd_single_bucket_20260828_35m_x1_00098,526305,31,434.846,Success,31,526305,432
99,99,2026-08-28T09:04:24+00:00,zc_cmp_full_zstd_single_bucket_20260828_35m_x1_00099,525964,31,405.037,Success,31,525964,401
100,100,2026-08-28T09:04:25+00:00,zc_cmp_full_zstd_single_bucket_20260828_35m_x1_00100,526722,31,421.664,Success,31,526722,415
101,101,2026-08-28T09:04:26+00:00,zc_cmp_full_zstd_single_bucket_20260828_35m_x1_00101,526269,31,388.999,Success,31,526269,389
102,102,2026-08-28T09:04:27+00:00,zc_cmp_full_zstd_single_bucket_20260828_35m_x1_00102,526889,31,392.528,Success,31,526889,392
103,103,2026-08-28T09:04:28+00:00,zc_cmp_full_zstd_single_bucket_20260828_35m_x1_00103,526848,31,494.787,Success,31,526848,493
104,104,2026-08-28T09:04:29+00:00,zc_cmp_full_zstd_single_bucket_20260828_35m_x1_00104,527309,31,450.358,Success,31,527309,448
105,105,2026-08-28T09:04:30+00:00,zc_cmp_full_zstd_single_bucket_20260828_35m_x1_00105,527753,31,415.668,Success,31,527753,412
106,106,2026-08-28T09:04:31+00:00,zc_cmp_full_zstd_single_bucket_20260828_35m_x1_00106,526948,31,403.904,Success,31,526948,401
107,107,2026-08-28T09:04:32+00:00,zc_cmp_full_zstd_single_bucket_20260828_35m_x1_00107,526199,31,441.866,Success,31,526199,439
108,108,2026-08-28T09:04:33+00:00,zc_cmp_full_zstd_single_bucket_20260828_35m_x1_00108,527845,31,410.469,Success,31,527845,407
109,109,2026-08-28T09:04:34+00:00,zc_cmp_full_zstd_single_bucket_20260828_35m_x1_00109,526753,31,457.484,Success,31,526753,454
110,110,2026-08-28T09:04:35+00:00,zc_cmp_full_zstd_single_bucket_20260828_35m_x1_00110,526229,31,439.253,Success,31,526229,435
111,111,2026-08-28T09:04:36+00:00,zc_cmp_full_zstd_single_bucket_20260828_35m_x1_00111,526831,31,430.198,Success,31,526831,426
112,112,2026-08-28T09:04:38+00:00,zc_cmp_full_zstd_single_bucket_20260828_35m_x1_00112,526171,31,533.394,Success,31,526171,529
113,113,2026-08-28T09:04:38+00:00,zc_cmp_full_zstd_single_bucket_20260828_35m_x1_00113,526651,31,500.24,Success,31,526651,495
114,114,2026-08-28T09:04:39+00:00,zc_cmp_full_zstd_single_bucket_20260828_35m_x1_00114,526367,31,401.902,Success,31,526367,397
115,115,2026-08-28T09:04:40+00:00,zc_cmp_full_zstd_single_bucket_20260828_35m_x1_00115,527006,31,371.297,Success,31,527006,366
116,116,2026-08-28T09:04:41+00:00,zc_cmp_full_zstd_single_bucket_20260828_35m_x1_00116,526844,31,391.026,Success,31,526844,385
117,117,2026-08-28T09:04:42+00:00,zc_cmp_full_zstd_single_bucket_20260828_35m_x1_00117,526828,31,448.56,Success,31,526828,443
118,118,2026-08-28T09:04:43+00:00,zc_cmp_full_zstd_single_bucket_20260828_35m_x1_00118,526219,31,377.087,Success,31,526219,372
119,119,2026-08-28T09:04:44+00:00,zc_cmp_full_zstd_single_bucket_20260828_35m_x1_00119,526381,31,352.628,Success,31,526381,347
120,120,2026-08-28T09:04:45+00:00,zc_cmp_full_zstd_single_bucket_20260828_35m_x1_00120,526411,31,398.204,Success,31,526411,392
121,121,2026-08-28T09:04:46+00:00,zc_cmp_full_zstd_single_bucket_20260828_35m_x1_00121,527322,31,380.888,Success,31,527322,380
122,122,2026-08-28T09:04:47+00:00,zc_cmp_full_zstd_single_bucket_20260828_35m_x1_00122,526578,31,390.904,Success,31,526578,390
123,123,2026-08-28T09:04:48+00:00,zc_cmp_full_zstd_single_bucket_20260828_35m_x1_00123,526365,31,354.529,Success,31,526365,352
124,124,2026-08-28T09:04:49+00:00,zc_cmp_full_zstd_single_bucket_20260828_35m_x1_00124,526812,31,416.571,Success,31,526812,414
125,125,2026-08-28T09:04:50+00:00,zc_cmp_full_zstd_single_bucket_20260828_35m_x1_00125,526135,31,412.222,Success,31,526135,410
126,126,2026-08-28T09:04:51+00:00,zc_cmp_full_zstd_single_bucket_20260828_35m_x1_00126,526826,31,335.986,Success,31,526826,332
127,127,2026-08-28T09:04:52+00:00,zc_cmp_full_zstd_single_bucket_20260828_35m_x1_00127,526824,31,311.193,Success,31,526824,307
128,128,2026-08-28T09:04:53+00:00,zc_cmp_full_zstd_single_bucket_20260828_35m_x1_00128,526993,31,313.314,Success,31,526993,309
129,129,2026-08-28T09:04:54+00:00,zc_cmp_full_zstd_single_bucket_20260828_35m_x1_00129,527032,31,470.505,Success,31,527032,466
130,130,2026-08-28T09:04:55+00:00,zc_cmp_full_zstd_single_bucket_20260828_35m_x1_00130,526371,31,470.719,Success,31,526371,467
131,131,2026-08-28T09:04:56+00:00,zc_cmp_full_zstd_single_bucket_20260828_35m_x1_00131,526883,31,307.931,Success,31,526883,303
132,132,2026-08-28T09:04:57+00:00,zc_cmp_full_zstd_single_bucket_20260828_35m_x1_00132,526721,31,349.579,Success,31,526721,345
133,133,2026-08-28T09:04:58+00:00,zc_cmp_full_zstd_single_bucket_20260828_35m_x1_00133,525622,31,439.866,Success,31,525622,435
134,134,2026-08-28T09:04:59+00:00,zc_cmp_full_zstd_single_bucket_20260828_35m_x1_00134,526302,31,392.902,Success,31,526302,388
135,135,2026-08-28T09:05:00+00:00,zc_cmp_full_zstd_single_bucket_20260828_35m_x1_00135,525492,31,380.651,Success,31,525492,375
136,136,2026-08-28T09:05:01+00:00,zc_cmp_full_zstd_single_bucket_20260828_35m_x1_00136,525758,31,342.546,Success,31,525758,338
137,137,2026-08-28T09:05:02+00:00,zc_cmp_full_zstd_single_bucket_20260828_35m_x1_00137,526041,31,392.198,Success,31,526041,387
138,138,2026-08-28T09:05:03+00:00,zc_cmp_full_zstd_single_bucket_20260828_35m_x1_00138,527090,31,384.351,Success,31,527090,379
139,139,2026-08-28T09:05:04+00:00,zc_cmp_full_zstd_single_bucket_20260828_35m_x1_00139,526924,31,368.364,Success,31,526924,363
140,140,2026-08-28T09:05:05+00:00,zc_cmp_full_zstd_single_bucket_20260828_35m_x1_00140,526824,31,486.019,Success,31,526824,459
141,141,2026-08-28T09:05:06+00:00,zc_cmp_full_zstd_single_bucket_20260828_35m_x1_00141,526880,31,304.883,Success,31,526880,302
142,142,2026-08-28T09:05:08+00:00,zc_cmp_full_zstd_single_bucket_20260828_35m_x1_00142,527266,31,538.887,Success,31,527266,535
143,143,2026-08-28T09:05:08+00:00,zc_cmp_full_zstd_single_bucket_20260828_35m_x1_00143,526723,31,494.609,Success,31,526723,493
144,144,2026-08-28T09:05:09+00:00,zc_cmp_full_zstd_single_bucket_20260828_35m_x1_00144,526633,31,354.023,Success,31,526633,350
145,145,2026-08-28T09:05:10+00:00,zc_cmp_full_zstd_single_bucket_20260828_35m_x1_00145,527133,31,379.501,Success,31,527133,376
146,146,2026-08-28T09:05:11+00:00,zc_cmp_full_zstd_single_bucket_20260828_35m_x1_00146,526872,31,396.231,Success,31,526872,391
147,147,2026-08-28T09:05:12+00:00,zc_cmp_full_zstd_single_bucket_20260828_35m_x1_00147,527550,31,456.178,Success,31,527550,452
148,148,2026-08-28T09:05:13+00:00,zc_cmp_full_zstd_single_bucket_20260828_35m_x1_00148,526139,31,318.687,Success,31,526139,313
149,149,2026-08-28T09:05:14+00:00,zc_cmp_full_zstd_single_bucket_20260828_35m_x1_00149,527374,31,334.699,Success,31,527374,330
150,150,2026-08-28T09:05:15+00:00,zc_cmp_full_zstd_single_bucket_20260828_35m_x1_00150,526837,31,431.03,Success,31,526837,426
151,151,2026-08-28T09:05:16+00:00,zc_cmp_full_zstd_single_bucket_20260828_35m_x1_00151,527131,31,418.5,Success,31,527131,413
152,152,2026-08-28T09:05:17+00:00,zc_cmp_full_zstd_single_bucket_20260828_35m_x1_00152,526065,31,371.667,Success,31,526065,366
153,153,2026-08-28T09:05:18+00:00,zc_cmp_full_zstd_single_bucket_20260828_35m_x1_00153,526939,31,399.432,Success,31,526939,393
154,154,2026-08-28T09:05:19+00:00,zc_cmp_full_zstd_single_bucket_20260828_35m_x1_00154,526754,31,476.985,Success,31,526754,471
155,155,2026-08-28T09:05:20+00:00,zc_cmp_full_zstd_single_bucket_20260828_35m_x1_00155,527038,31,484.413,Success,31,527038,479
156,156,2026-08-28T09:05:22+00:00,zc_cmp_full_zstd_single_bucket_20260828_35m_x1_00156,526161,31,559.307,Success,31,526161,553
157,157,2026-08-28T09:05:23+00:00,zc_cmp_full_zstd_single_bucket_20260828_35m_x1_00157,526649,31,536.738,Success,31,526649,531
158,158,2026-08-28T09:05:23+00:00,zc_cmp_full_zstd_single_bucket_20260828_35m_x1_00158,527005,31,451.565,Success,31,527005,446
159,159,2026-08-28T09:05:24+00:00,zc_cmp_full_zstd_single_bucket_20260828_35m_x1_00159,527032,31,449.221,Success,31,527032,443
160,160,2026-08-28T09:05:25+00:00,zc_cmp_full_zstd_single_bucket_20260828_35m_x1_00160,526278,31,462.196,Success,31,526278,456
161,161,2026-08-28T09:05:26+00:00,zc_cmp_full_zstd_single_bucket_20260828_35m_x1_00161,527162,31,365.974,Success,31,527162,360
162,162,2026-08-28T09:05:27+00:00,zc_cmp_full_zstd_single_bucket_20260828_35m_x1_00162,526995,31,454.182,Success,31,526995,448
163,163,2026-08-28T09:05:29+00:00,zc_cmp_full_zstd_single_bucket_20260828_35m_x1_00163,527090,31,584.765,Success,31,527090,579
164,164,2026-08-28T09:05:29+00:00,zc_cmp_full_zstd_single_bucket_20260828_35m_x1_00164,526929,31,433.306,Success,31,526929,426
165,165,2026-08-28T09:05:30+00:00,zc_cmp_full_zstd_single_bucket_20260828_35m_x1_00165,526678,31,338.993,Success,31,526678,332
166,166,2026-08-28T09:05:31+00:00,zc_cmp_full_zstd_single_bucket_20260828_35m_x1_00166,526253,31,478.835,Success,31,526253,472
167,167,2026-08-28T09:05:32+00:00,zc_cmp_full_zstd_single_bucket_20260828_35m_x1_00167,527175,31,458.658,Success,31,527175,452
168,168,2026-08-28T09:05:33+00:00,zc_cmp_full_zstd_single_bucket_20260828_35m_x1_00168,527738,31,461.855,Success,31,527738,455
169,169,2026-08-28T09:05:35+00:00,zc_cmp_full_zstd_single_bucket_20260828_35m_x1_00169,526589,31,525.045,Success,31,526589,518
170,170,2026-08-28T09:05:35+00:00,zc_cmp_full_zstd_single_bucket_20260828_35m_x1_00170,526105,31,394.637,Success,31,526105,388
171,171,2026-08-28T09:05:36+00:00,zc_cmp_full_zstd_single_bucket_20260828_35m_x1_00171,526679,31,452.91,Success,31,526679,446
172,172,2026-08-28T09:05:37+00:00,zc_cmp_full_zstd_single_bucket_20260828_35m_x1_00172,526032,31,443.386,Success,31,526032,438
173,173,2026-08-28T09:05:38+00:00,zc_cmp_full_zstd_single_bucket_20260828_35m_x1_00173,526534,31,481.882,Success,31,526534,477
174,174,2026-08-28T09:05:40+00:00,zc_cmp_full_zstd_single_bucket_20260828_35m_x1_00174,526564,31,509.335,Success,31,526564,503
175,175,2026-08-28T09:05:40+00:00,zc_cmp_full_zstd_single_bucket_20260828_35m_x1_00175,525573,31,459.342,Success,31,525573,452
176,176,2026-08-28T09:05:41+00:00,zc_cmp_full_zstd_single_bucket_20260828_35m_x1_00176,526748,31,379.881,Success,31,526748,374
177,177,2026-08-28T09:05:42+00:00,zc_cmp_full_zstd_single_bucket_20260828_35m_x1_00177,527045,31,414.878,Success,31,527045,409
178,178,2026-08-28T09:05:44+00:00,zc_cmp_full_zstd_single_bucket_20260828_35m_x1_00178,526941,31,544.78,Success,31,526941,539
179,179,2026-08-28T09:05:44+00:00,zc_cmp_full_zstd_single_bucket_20260828_35m_x1_00179,526320,31,458.329,Success,31,526320,452
180,180,2026-08-28T09:05:46+00:00,zc_cmp_full_zstd_single_bucket_20260828_35m_x1_00180,526548,31,531.203,Success,31,526548,523
181,181,2026-08-28T09:05:46+00:00,zc_cmp_full_zstd_single_bucket_20260828_35m_x1_00181,526103,31,364.461,Success,31,526103,364
182,182,2026-08-28T09:05:47+00:00,zc_cmp_full_zstd_single_bucket_20260828_35m_x1_00182,524581,31,450.853,Success,31,524581,451
183,183,2026-08-28T09:05:48+00:00,zc_cmp_full_zstd_single_bucket_20260828_35m_x1_00183,526540,31,504.318,Success,31,526540,503
184,184,2026-08-28T09:05:49+00:00,zc_cmp_full_zstd_single_bucket_20260828_35m_x1_00184,527588,31,474.915,Success,31,527588,474
185,185,2026-08-28T09:05:50+00:00,zc_cmp_full_zstd_single_bucket_20260828_35m_x1_00185,526811,31,424.855,Success,31,526811,423
186,186,2026-08-28T09:05:51+00:00,zc_cmp_full_zstd_single_bucket_20260828_35m_x1_00186,526700,31,422.308,Success,31,526700,419
187,187,2026-08-28T09:05:52+00:00,zc_cmp_full_zstd_single_bucket_20260828_35m_x1_00187,526293,31,450.064,Success,31,526293,447
188,188,2026-08-28T09:05:53+00:00,zc_cmp_full_zstd_single_bucket_20260828_35m_x1_00188,526002,31,478.674,Success,31,526002,475
189,189,2026-08-28T09:05:54+00:00,zc_cmp_full_zstd_single_bucket_20260828_35m_x1_00189,526706,31,452.787,Success,31,526706,448
190,190,2026-08-28T09:05:55+00:00,zc_cmp_full_zstd_single_bucket_20260828_35m_x1_00190,526131,31,435.648,Success,31,526131,432
191,191,2026-08-28T09:05:56+00:00,zc_cmp_full_zstd_single_bucket_20260828_35m_x1_00191,527255,31,439.334,Success,31,527255,434
192,192,2026-08-28T09:05:57+00:00,zc_cmp_full_zstd_single_bucket_20260828_35m_x1_00192,526854,31,335.616,Success,31,526854,331
193,193,2026-08-28T09:05:58+00:00,zc_cmp_full_zstd_single_bucket_20260828_35m_x1_00193,526721,31,404.784,Success,31,526721,401
194,194,2026-08-28T09:05:59+00:00,zc_cmp_full_zstd_single_bucket_20260828_35m_x1_00194,526580,31,374.509,Success,31,526580,369
195,195,2026-08-28T09:06:00+00:00,zc_cmp_full_zstd_single_bucket_20260828_35m_x1_00195,526286,31,323.037,Success,31,526286,318
196,196,2026-08-28T09:06:02+00:00,zc_cmp_full_zstd_single_bucket_20260828_35m_x1_00196,526199,31,607.144,Success,31,526199,602
197,197,2026-08-28T09:06:02+00:00,zc_cmp_full_zstd_single_bucket_20260828_35m_x1_00197,526819,31,414.797,Success,31,526819,410
198,198,2026-08-28T09:06:03+00:00,zc_cmp_full_zstd_single_bucket_20260828_35m_x1_00198,526078,31,361.008,Success,31,526078,354
199,199,2026-08-28T09:06:04+00:00,zc_cmp_full_zstd_single_bucket_20260828_35m_x1_00199,525597,31,473.231,Success,31,525597,468
200,200,2026-08-28T09:06:05+00:00,zc_cmp_full_zstd_single_bucket_20260828_35m_x1_00200,525943,31,364.04,Success,31,525943,358
201,201,2026-08-28T09:06:06+00:00,zc_cmp_full_zstd_single_bucket_20260828_35m_x1_00201,526331,31,462.854,Success,31,526331,465
202,202,2026-08-28T09:06:07+00:00,zc_cmp_full_zstd_single_bucket_20260828_35m_x1_00202,527613,31,455.47,Success,31,527613,455
203,203,2026-08-28T09:06:08+00:00,zc_cmp_full_zstd_single_bucket_20260828_35m_x1_00203,526280,31,376.498,Success,31,526280,376
204,204,2026-08-28T09:06:09+00:00,zc_cmp_full_zstd_single_bucket_20260828_35m_x1_00204,526468,31,333.172,Success,31,526468,331
205,205,2026-08-28T09:06:11+00:00,zc_cmp_full_zstd_single_bucket_20260828_35m_x1_00205,526108,31,560.392,Success,31,526108,559
206,206,2026-08-28T09:06:11+00:00,zc_cmp_full_zstd_single_bucket_20260828_35m_x1_00206,526359,31,336.582,Success,31,526359,334
207,207,2026-08-28T09:06:12+00:00,zc_cmp_full_zstd_single_bucket_20260828_35m_x1_00207,527509,31,443.085,Success,31,527509,440
208,208,2026-08-28T09:06:13+00:00,zc_cmp_full_zstd_single_bucket_20260828_35m_x1_00208,526840,31,304.355,Success,31,526840,301
209,209,2026-08-28T09:06:14+00:00,zc_cmp_full_zstd_single_bucket_20260828_35m_x1_00209,527718,31,335.9,Success,31,527718,332
210,210,2026-08-28T09:06:15+00:00,zc_cmp_full_zstd_single_bucket_20260828_35m_x1_00210,525881,31,395.399,Success,31,525881,392
211,211,2026-08-28T09:06:16+00:00,zc_cmp_full_zstd_single_bucket_20260828_35m_x1_00211,527060,31,455.853,Success,31,527060,452
212,212,2026-08-28T09:06:17+00:00,zc_cmp_full_zstd_single_bucket_20260828_35m_x1_00212,526351,31,490.869,Success,31,526351,486
213,213,2026-08-28T09:06:18+00:00,zc_cmp_full_zstd_single_bucket_20260828_35m_x1_00213,526518,31,303.189,Success,31,526518,298
214,214,2026-08-28T09:06:19+00:00,zc_cmp_full_zstd_single_bucket_20260828_35m_x1_00214,526976,31,357.575,Success,31,526976,353
215,215,2026-08-28T09:06:20+00:00,zc_cmp_full_zstd_single_bucket_20260828_35m_x1_00215,526115,31,365.405,Success,31,526115,361
216,216,2026-08-28T09:06:21+00:00,zc_cmp_full_zstd_single_bucket_20260828_35m_x1_00216,526444,31,419.873,Success,31,526444,415
217,217,2026-08-28T09:06:22+00:00,zc_cmp_full_zstd_single_bucket_20260828_35m_x1_00217,526350,31,451.312,Success,31,526350,446
218,218,2026-08-28T09:06:23+00:00,zc_cmp_full_zstd_single_bucket_20260828_35m_x1_00218,527382,31,385.231,Success,31,527382,380
219,219,2026-08-28T09:06:24+00:00,zc_cmp_full_zstd_single_bucket_20260828_35m_x1_00219,526164,31,483.817,Success,31,526164,479
220,220,2026-08-28T09:06:25+00:00,zc_cmp_full_zstd_single_bucket_20260828_35m_x1_00220,526620,31,450.808,Success,31,526620,445
221,221,2026-08-28T09:06:26+00:00,zc_cmp_full_zstd_single_bucket_20260828_35m_x1_00221,525834,31,504.822,Success,31,525834,507
222,222,2026-08-28T09:06:27+00:00,zc_cmp_full_zstd_single_bucket_20260828_35m_x1_00222,527467,31,469.755,Success,31,527467,470
223,223,2026-08-28T09:06:28+00:00,zc_cmp_full_zstd_single_bucket_20260828_35m_x1_00223,526912,31,395.348,Success,31,526912,394
224,224,2026-08-28T09:06:29+00:00,zc_cmp_full_zstd_single_bucket_20260828_35m_x1_00224,527640,31,397.43,Success,31,527640,395
225,225,2026-08-28T09:06:30+00:00,zc_cmp_full_zstd_single_bucket_20260828_35m_x1_00225,524469,31,439.853,Success,31,524469,438
226,226,2026-08-28T09:06:31+00:00,zc_cmp_full_zstd_single_bucket_20260828_35m_x1_00226,527305,31,404.205,Success,31,527305,402
227,227,2026-08-28T09:06:32+00:00,zc_cmp_full_zstd_single_bucket_20260828_35m_x1_00227,526381,31,382.637,Success,31,526381,380
228,228,2026-08-28T09:06:33+00:00,zc_cmp_full_zstd_single_bucket_20260828_35m_x1_00228,527079,31,415.902,Success,31,527079,412
229,229,2026-08-28T09:06:34+00:00,zc_cmp_full_zstd_single_bucket_20260828_35m_x1_00229,526363,31,442.532,Success,31,526363,439
230,230,2026-08-28T09:06:35+00:00,zc_cmp_full_zstd_single_bucket_20260828_35m_x1_00230,526625,31,379.441,Success,31,526625,375
231,231,2026-08-28T09:06:36+00:00,zc_cmp_full_zstd_single_bucket_20260828_35m_x1_00231,526848,31,373.088,Success,31,526848,369
232,232,2026-08-28T09:06:37+00:00,zc_cmp_full_zstd_single_bucket_20260828_35m_x1_00232,527399,31,380.336,Success,31,527399,376
233,233,2026-08-28T09:06:38+00:00,zc_cmp_full_zstd_single_bucket_20260828_35m_x1_00233,526950,31,302.991,Success,31,526950,298
234,234,2026-08-28T09:06:39+00:00,zc_cmp_full_zstd_single_bucket_20260828_35m_x1_00234,527304,31,423.217,Success,31,527304,419
235,235,2026-08-28T09:06:40+00:00,zc_cmp_full_zstd_single_bucket_20260828_35m_x1_00235,527357,31,456.144,Success,31,527357,450
236,236,2026-08-28T09:06:41+00:00,zc_cmp_full_zstd_single_bucket_20260828_35m_x1_00236,525872,31,401.723,Success,31,525872,397
237,237,2026-08-28T09:06:42+00:00,zc_cmp_full_zstd_single_bucket_20260828_35m_x1_00237,526552,31,331.337,Success,31,526552,326
238,238,2026-08-28T09:06:43+00:00,zc_cmp_full_zstd_single_bucket_20260828_35m_x1_00238,526835,31,293.669,Success,31,526835,289
239,239,2026-08-28T09:06:44+00:00,zc_cmp_full_zstd_single_bucket_20260828_35m_x1_00239,526455,31,414.249,Success,31,526455,408
240,240,2026-08-28T09:06:45+00:00,zc_cmp_full_zstd_single_bucket_20260828_35m_x1_00240,526676,31,421.113,Success,31,526676,415
241,241,2026-08-28T09:06:46+00:00,zc_cmp_full_zstd_single_bucket_20260828_35m_x1_00241,525577,31,387.912,Success,31,525577,386
242,242,2026-08-28T09:06:47+00:00,zc_cmp_full_zstd_single_bucket_20260828_35m_x1_00242,527087,31,317.435,Success,31,527087,315
243,243,2026-08-28T09:06:48+00:00,zc_cmp_full_zstd_single_bucket_20260828_35m_x1_00243,526524,31,381.787,Success,31,526524,381
244,244,2026-08-28T09:06:50+00:00,zc_cmp_full_zstd_single_bucket_20260828_35m_x1_00244,526668,31,537.879,Success,31,526668,537
245,245,2026-08-28T09:06:50+00:00,zc_cmp_full_zstd_single_bucket_20260828_35m_x1_00245,526604,31,339.645,Success,31,526604,337
246,246,2026-08-28T09:06:51+00:00,zc_cmp_full_zstd_single_bucket_20260828_35m_x1_00246,526127,31,333.029,Success,31,526127,329
247,247,2026-08-28T09:06:52+00:00,zc_cmp_full_zstd_single_bucket_20260828_35m_x1_00247,525965,31,339.243,Success,31,525965,332
248,248,2026-08-28T09:06:53+00:00,zc_cmp_full_zstd_single_bucket_20260828_35m_x1_00248,526193,31,347.048,Success,31,526193,342
249,249,2026-08-28T09:06:54+00:00,zc_cmp_full_zstd_single_bucket_20260828_35m_x1_00249,526592,31,418.513,Success,31,526592,414
250,250,2026-08-28T09:06:55+00:00,zc_cmp_full_zstd_single_bucket_20260828_35m_x1_00250,526803,31,456.013,Success,31,526803,452
251,251,2026-08-28T09:06:56+00:00,zc_cmp_full_zstd_single_bucket_20260828_35m_x1_00251,528058,31,409.261,Success,31,528058,405
252,252,2026-08-28T09:06:57+00:00,zc_cmp_full_zstd_single_bucket_20260828_35m_x1_00252,526527,31,373.019,Success,31,526527,367
253,253,2026-08-28T09:06:58+00:00,zc_cmp_full_zstd_single_bucket_20260828_35m_x1_00253,525550,31,420.414,Success,31,525550,415
254,254,2026-08-28T09:06:59+00:00,zc_cmp_full_zstd_single_bucket_20260828_35m_x1_00254,526509,31,423.856,Success,31,526509,418
255,255,2026-08-28T09:07:01+00:00,zc_cmp_full_zstd_single_bucket_20260828_35m_x1_00255,526963,31,518.029,Success,31,526963,513
256,256,2026-08-28T09:07:01+00:00,zc_cmp_full_zstd_single_bucket_20260828_35m_x1_00256,527519,31,423.333,Success,31,527519,415
257,257,2026-08-28T09:07:02+00:00,zc_cmp_full_zstd_single_bucket_20260828_35m_x1_00257,526893,31,339.981,Success,31,526893,335
258,258,2026-08-28T09:07:03+00:00,zc_cmp_full_zstd_single_bucket_20260828_35m_x1_00258,526207,31,447.7,Success,31,526207,442
259,259,2026-08-28T09:07:04+00:00,zc_cmp_full_zstd_single_bucket_20260828_35m_x1_00259,526970,31,328.792,Success,31,526970,323
260,260,2026-08-28T09:07:05+00:00,zc_cmp_full_zstd_single_bucket_20260828_35m_x1_00260,525883,31,331.982,Success,31,525883,325
261,261,2026-08-28T09:07:06+00:00,zc_cmp_full_zstd_single_bucket_20260828_35m_x1_00261,525722,31,349.721,Success,31,525722,349
262,262,2026-08-28T09:07:07+00:00,zc_cmp_full_zstd_single_bucket_20260828_35m_x1_00262,527056,31,417.312,Success,31,527056,417
263,263,2026-08-28T09:07:08+00:00,zc_cmp_full_zstd_single_bucket_20260828_35m_x1_00263,526801,31,392.856,Success,31,526801,392
264,264,2026-08-28T09:07:09+00:00,zc_cmp_full_zstd_single_bucket_20260828_35m_x1_00264,527150,31,376.599,Success,31,527150,375
265,265,2026-08-28T09:07:10+00:00,zc_cmp_full_zstd_single_bucket_20260828_35m_x1_00265,526311,31,332.191,Success,31,526311,330
266,266,2026-08-28T09:07:11+00:00,zc_cmp_full_zstd_single_bucket_20260828_35m_x1_00266,526862,31,357.048,Success,31,526862,354
267,267,2026-08-28T09:07:12+00:00,zc_cmp_full_zstd_single_bucket_20260828_35m_x1_00267,525377,31,353.712,Success,31,525377,350
268,268,2026-08-28T09:07:13+00:00,zc_cmp_full_zstd_single_bucket_20260828_35m_x1_00268,526781,31,398.822,Success,31,526781,395
269,269,2026-08-28T09:07:14+00:00,zc_cmp_full_zstd_single_bucket_20260828_35m_x1_00269,526923,31,380.499,Success,31,526923,376
270,270,2026-08-28T09:07:15+00:00,zc_cmp_full_zstd_single_bucket_20260828_35m_x1_00270,525994,31,374.763,Success,31,525994,369
271,271,2026-08-28T09:07:16+00:00,zc_cmp_full_zstd_single_bucket_20260828_35m_x1_00271,527143,31,396.703,Success,31,527143,397
272,272,2026-08-28T09:07:17+00:00,zc_cmp_full_zstd_single_bucket_20260828_35m_x1_00272,526368,31,415.783,Success,31,526368,416
273,273,2026-08-28T09:07:18+00:00,zc_cmp_full_zstd_single_bucket_20260828_35m_x1_00273,525378,31,414.358,Success,31,525378,414
274,274,2026-08-28T09:07:19+00:00,zc_cmp_full_zstd_single_bucket_20260828_35m_x1_00274,525896,31,428.451,Success,31,525896,426
275,275,2026-08-28T09:07:20+00:00,zc_cmp_full_zstd_single_bucket_20260828_35m_x1_00275,526683,31,314.389,Success,31,526683,311
276,276,2026-08-28T09:07:21+00:00,zc_cmp_full_zstd_single_bucket_20260828_35m_x1_00276,526631,31,369.589,Success,31,526631,367
277,277,2026-08-28T09:07:22+00:00,zc_cmp_full_zstd_single_bucket_20260828_35m_x1_00277,526669,31,389.108,Success,31,526669,386
278,278,2026-08-28T09:07:23+00:00,zc_cmp_full_zstd_single_bucket_20260828_35m_x1_00278,526222,31,448.951,Success,31,526222,446
279,279,2026-08-28T09:07:24+00:00,zc_cmp_full_zstd_single_bucket_20260828_35m_x1_00279,526953,31,304.153,Success,31,526953,300
280,280,2026-08-28T09:07:25+00:00,zc_cmp_full_zstd_single_bucket_20260828_35m_x1_00280,526742,31,389.593,Success,31,526742,385
281,281,2026-08-28T09:07:26+00:00,zc_cmp_full_zstd_single_bucket_20260828_35m_x1_00281,526739,31,382.686,Success,31,526739,378
282,282,2026-08-28T09:07:27+00:00,zc_cmp_full_zstd_single_bucket_20260828_35m_x1_00282,526293,31,415.057,Success,31,526293,410
283,283,2026-08-28T09:07:28+00:00,zc_cmp_full_zstd_single_bucket_20260828_35m_x1_00283,526273,31,490.621,Success,31,526273,486
284,284,2026-08-28T09:07:29+00:00,zc_cmp_full_zstd_single_bucket_20260828_35m_x1_00284,526858,31,377.578,Success,31,526858,372
285,285,2026-08-28T09:07:30+00:00,zc_cmp_full_zstd_single_bucket_20260828_35m_x1_00285,526090,31,451.576,Success,31,526090,446
286,286,2026-08-28T09:07:31+00:00,zc_cmp_full_zstd_single_bucket_20260828_35m_x1_00286,525685,31,463.026,Success,31,525685,458
287,287,2026-08-28T09:07:32+00:00,zc_cmp_full_zstd_single_bucket_20260828_35m_x1_00287,526678,31,481.985,Success,31,526678,476
288,288,2026-08-28T09:07:34+00:00,zc_cmp_full_zstd_single_bucket_20260828_35m_x1_00288,526871,31,608.746,Success,31,526871,596
289,289,2026-08-28T09:07:34+00:00,zc_cmp_full_zstd_single_bucket_20260828_35m_x1_00289,526290,31,487.662,Success,31,526290,482
290,290,2026-08-28T09:07:35+00:00,zc_cmp_full_zstd_single_bucket_20260828_35m_x1_00290,525773,31,448.247,Success,31,525773,442
291,291,2026-08-28T09:07:36+00:00,zc_cmp_full_zstd_single_bucket_20260828_35m_x1_00291,526513,31,468.458,Success,31,526513,470
292,292,2026-08-28T09:07:38+00:00,zc_cmp_full_zstd_single_bucket_20260828_35m_x1_00292,526760,31,515.568,Success,31,526760,517
293,293,2026-08-28T09:07:39+00:00,zc_cmp_full_zstd_single_bucket_20260828_35m_x1_00293,527103,31,505.631,Success,31,527103,505
294,294,2026-08-28T09:07:39+00:00,zc_cmp_full_zstd_single_bucket_20260828_35m_x1_00294,526968,31,381.425,Success,31,526968,380
295,295,2026-08-28T09:07:40+00:00,zc_cmp_full_zstd_single_bucket_20260828_35m_x1_00295,525935,31,442.466,Success,31,525935,441
296,296,2026-08-28T09:07:41+00:00,zc_cmp_full_zstd_single_bucket_20260828_35m_x1_00296,526320,31,445.831,Success,31,526320,442
297,297,2026-08-28T09:07:42+00:00,zc_cmp_full_zstd_single_bucket_20260828_35m_x1_00297,526056,31,467.19,Success,31,526056,464
298,298,2026-08-28T09:07:43+00:00,zc_cmp_full_zstd_single_bucket_20260828_35m_x1_00298,527321,31,409.467,Success,31,527321,406
299,299,2026-08-28T09:07:44+00:00,zc_cmp_full_zstd_single_bucket_20260828_35m_x1_00299,528204,31,399.957,Success,31,528204,395
300,300,2026-08-28T09:07:46+00:00,zc_cmp_full_zstd_single_bucket_20260828_35m_x1_00300,526602,31,557.044,Success,31,526602,553
301,301,2026-08-28T09:07:47+00:00,zc_cmp_full_zstd_single_bucket_20260828_35m_x1_00301,526379,31,651.052,Success,31,526379,620
302,302,2026-08-28T09:07:48+00:00,zc_cmp_full_zstd_single_bucket_20260828_35m_x1_00302,525538,31,529.043,Success,31,525538,524
303,303,2026-08-28T09:07:48+00:00,zc_cmp_full_zstd_single_bucket_20260828_35m_x1_00303,526517,31,392.917,Success,31,526517,388
304,304,2026-08-28T09:07:49+00:00,zc_cmp_full_zstd_single_bucket_20260828_35m_x1_00304,526403,31,485.101,Success,31,526403,480
305,305,2026-08-28T09:07:51+00:00,zc_cmp_full_zstd_single_bucket_20260828_35m_x1_00305,526422,31,597.381,Success,31,526422,592
306,306,2026-08-28T09:07:52+00:00,zc_cmp_full_zstd_single_bucket_20260828_35m_x1_00306,525936,31,564.768,Success,31,525936,559
307,307,2026-08-28T09:07:53+00:00,zc_cmp_full_zstd_single_bucket_20260828_35m_x1_00307,526212,31,640.624,Success,31,526212,633
308,308,2026-08-28T09:07:53+00:00,zc_cmp_full_zstd_single_bucket_20260828_35m_x1_00308,526293,31,402.104,Success,31,526293,397
309,309,2026-08-28T09:07:54+00:00,zc_cmp_full_zstd_single_bucket_20260828_35m_x1_00309,526741,31,344.1,Success,31,526741,339
310,310,2026-08-28T09:07:55+00:00,zc_cmp_full_zstd_single_bucket_20260828_35m_x1_00310,526945,31,470.633,Success,31,526945,464
311,311,2026-08-28T09:07:57+00:00,zc_cmp_full_zstd_single_bucket_20260828_35m_x1_00311,527052,31,510.715,Success,31,527052,512
312,312,2026-08-28T09:07:57+00:00,zc_cmp_full_zstd_single_bucket_20260828_35m_x1_00312,525524,31,431.102,Success,31,525524,430
313,313,2026-08-28T09:07:58+00:00,zc_cmp_full_zstd_single_bucket_20260828_35m_x1_00313,526728,31,390.846,Success,31,526728,388
314,314,2026-08-28T09:07:59+00:00,zc_cmp_full_zstd_single_bucket_20260828_35m_x1_00314,526860,31,423.408,Success,31,526860,421
315,315,2026-08-28T09:08:01+00:00,zc_cmp_full_zstd_single_bucket_20260828_35m_x1_00315,526804,31,523.585,Success,31,526804,521
316,316,2026-08-28T09:08:02+00:00,zc_cmp_full_zstd_single_bucket_20260828_35m_x1_00316,527273,31,556.985,Success,31,527273,554
317,317,2026-08-28T09:08:02+00:00,zc_cmp_full_zstd_single_bucket_20260828_35m_x1_00317,525903,31,411.701,Success,31,525903,407
318,318,2026-08-28T09:08:03+00:00,zc_cmp_full_zstd_single_bucket_20260828_35m_x1_00318,526489,31,480.452,Success,31,526489,475
319,319,2026-08-28T09:08:05+00:00,zc_cmp_full_zstd_single_bucket_20260828_35m_x1_00319,526659,31,586.69,Success,31,526659,582
320,320,2026-08-28T09:08:06+00:00,zc_cmp_full_zstd_single_bucket_20260828_35m_x1_00320,526638,31,609.544,Success,31,526638,606
321,321,2026-08-28T09:08:07+00:00,zc_cmp_full_zstd_single_bucket_20260828_35m_x1_00321,526798,31,518.125,Success,31,526798,512
322,322,2026-08-28T09:08:08+00:00,zc_cmp_full_zstd_single_bucket_20260828_35m_x1_00322,525906,31,546.049,Success,31,525906,540
323,323,2026-08-28T09:08:08+00:00,zc_cmp_full_zstd_single_bucket_20260828_35m_x1_00323,526549,31,409.085,Success,31,526549,403
324,324,2026-08-28T09:08:10+00:00,zc_cmp_full_zstd_single_bucket_20260828_35m_x1_00324,526393,31,625.362,Success,31,526393,620
325,325,2026-08-28T09:08:11+00:00,zc_cmp_full_zstd_single_bucket_20260828_35m_x1_00325,525658,31,528.654,Success,31,525658,523
326,326,2026-08-28T09:08:11+00:00,zc_cmp_full_zstd_single_bucket_20260828_35m_x1_00326,526003,31,475.237,Success,31,526003,470
327,327,2026-08-28T09:08:12+00:00,zc_cmp_full_zstd_single_bucket_20260828_35m_x1_00327,525777,31,458.485,Success,31,525777,453
328,328,2026-08-28T09:08:13+00:00,zc_cmp_full_zstd_single_bucket_20260828_35m_x1_00328,526062,31,460.854,Success,31,526062,454
329,329,2026-08-28T09:08:15+00:00,zc_cmp_full_zstd_single_bucket_20260828_35m_x1_00329,526316,31,1039.754,Success,31,526316,1027
330,330,2026-08-28T09:08:16+00:00,zc_cmp_full_zstd_single_bucket_20260828_35m_x1_00330,526715,31,613.046,Success,31,526715,599
331,331,2026-08-28T09:08:17+00:00,zc_cmp_full_zstd_single_bucket_20260828_35m_x1_00331,526017,31,622.577,Success,31,526017,603
332,332,2026-08-28T09:08:17+00:00,zc_cmp_full_zstd_single_bucket_20260828_35m_x1_00332,526023,31,462.869,Success,31,526023,461
333,333,2026-08-28T09:08:18+00:00,zc_cmp_full_zstd_single_bucket_20260828_35m_x1_00333,526383,31,454.027,Success,31,526383,452
334,334,2026-08-28T09:08:19+00:00,zc_cmp_full_zstd_single_bucket_20260828_35m_x1_00334,525988,31,490.785,Success,31,525988,489
335,335,2026-08-28T09:08:20+00:00,zc_cmp_full_zstd_single_bucket_20260828_35m_x1_00335,526497,31,477.963,Success,31,526497,476
336,336,2026-08-28T09:08:21+00:00,zc_cmp_full_zstd_single_bucket_20260828_35m_x1_00336,525735,31,457.747,Success,31,525735,455
337,337,2026-08-28T09:08:22+00:00,zc_cmp_full_zstd_single_bucket_20260828_35m_x1_00337,526042,31,414.971,Success,31,526042,412
338,338,2026-08-28T09:08:23+00:00,zc_cmp_full_zstd_single_bucket_20260828_35m_x1_00338,526638,31,387.196,Success,31,526638,383
339,339,2026-08-28T09:08:24+00:00,zc_cmp_full_zstd_single_bucket_20260828_35m_x1_00339,525237,31,468.383,Success,31,525237,464
340,340,2026-08-28T09:08:26+00:00,zc_cmp_full_zstd_single_bucket_20260828_35m_x1_00340,527382,31,506.262,Success,31,527382,501
341,341,2026-08-28T09:08:26+00:00,zc_cmp_full_zstd_single_bucket_20260828_35m_x1_00341,525987,31,462.647,Success,31,525987,458
342,342,2026-08-28T09:08:27+00:00,zc_cmp_full_zstd_single_bucket_20260828_35m_x1_00342,526276,31,393.877,Success,31,526276,389
343,343,2026-08-28T09:08:28+00:00,zc_cmp_full_zstd_single_bucket_20260828_35m_x1_00343,525936,31,458.304,Success,31,525936,453
344,344,2026-08-28T09:08:29+00:00,zc_cmp_full_zstd_single_bucket_20260828_35m_x1_00344,525874,31,434.062,Success,31,525874,428
345,345,2026-08-28T09:08:31+00:00,zc_cmp_full_zstd_single_bucket_20260828_35m_x1_00345,526204,31,610.849,Success,31,526204,598
346,346,2026-08-28T09:08:32+00:00,zc_cmp_full_zstd_single_bucket_20260828_35m_x1_00346,525585,31,667.649,Success,31,525585,662
347,347,2026-08-28T09:08:32+00:00,zc_cmp_full_zstd_single_bucket_20260828_35m_x1_00347,527181,31,470.224,Success,31,527181,465
348,348,2026-08-28T09:08:33+00:00,zc_cmp_full_zstd_single_bucket_20260828_35m_x1_00348,527293,31,497.989,Success,31,527293,492
349,349,2026-08-28T09:08:35+00:00,zc_cmp_full_zstd_single_bucket_20260828_35m_x1_00349,527347,31,516.156,Success,31,527347,510
350,350,2026-08-28T09:08:35+00:00,zc_cmp_full_zstd_single_bucket_20260828_35m_x1_00350,526975,31,404.462,Success,31,526975,395
351,351,2026-08-28T09:08:36+00:00,zc_cmp_full_zstd_single_bucket_20260828_35m_x1_00351,527496,31,425.253,Success,31,527496,423
352,352,2026-08-28T09:08:37+00:00,zc_cmp_full_zstd_single_bucket_20260828_35m_x1_00352,527159,31,426.977,Success,31,527159,425
353,353,2026-08-28T09:08:38+00:00,zc_cmp_full_zstd_single_bucket_20260828_35m_x1_00353,526651,31,440.578,Success,31,526651,438
354,354,2026-08-28T09:08:39+00:00,zc_cmp_full_zstd_single_bucket_20260828_35m_x1_00354,525695,31,467.999,Success,31,525695,466
355,355,2026-08-28T09:08:40+00:00,zc_cmp_full_zstd_single_bucket_20260828_35m_x1_00355,526050,31,459.64,Success,31,526050,457
356,356,2026-08-28T09:08:41+00:00,zc_cmp_full_zstd_single_bucket_20260828_35m_x1_00356,526551,31,405.056,Success,31,526551,402
357,357,2026-08-28T09:08:42+00:00,zc_cmp_full_zstd_single_bucket_20260828_35m_x1_00357,526108,31,482.131,Success,31,526108,479
358,358,2026-08-28T09:08:43+00:00,zc_cmp_full_zstd_single_bucket_20260828_35m_x1_00358,526649,31,476.751,Success,31,526649,473
359,359,2026-08-28T09:08:44+00:00,zc_cmp_full_zstd_single_bucket_20260828_35m_x1_00359,526328,31,368.548,Success,31,526328,364
360,360,2026-08-28T09:08:45+00:00,zc_cmp_full_zstd_single_bucket_20260828_35m_x1_00360,527037,31,374.034,Success,31,527037,370
361,361,2026-08-28T09:08:46+00:00,zc_cmp_full_zstd_single_bucket_20260828_35m_x1_00361,525459,31,405.674,Success,31,525459,401
362,362,2026-08-28T09:08:47+00:00,zc_cmp_full_zstd_single_bucket_20260828_35m_x1_00362,525910,31,493.136,Success,31,525910,487
363,363,2026-08-28T09:08:48+00:00,zc_cmp_full_zstd_single_bucket_20260828_35m_x1_00363,527283,31,466.329,Success,31,527283,462
364,364,2026-08-28T09:08:49+00:00,zc_cmp_full_zstd_single_bucket_20260828_35m_x1_00364,527091,31,451.099,Success,31,527091,432
365,365,2026-08-28T09:08:50+00:00,zc_cmp_full_zstd_single_bucket_20260828_35m_x1_00365,525894,31,336.95,Success,31,525894,332
366,366,2026-08-28T09:08:51+00:00,zc_cmp_full_zstd_single_bucket_20260828_35m_x1_00366,527288,31,399.286,Success,31,527288,394
367,367,2026-08-28T09:08:52+00:00,zc_cmp_full_zstd_single_bucket_20260828_35m_x1_00367,526460,31,468.129,Success,31,526460,463
368,368,2026-08-28T09:08:53+00:00,zc_cmp_full_zstd_single_bucket_20260828_35m_x1_00368,526042,31,445.342,Success,31,526042,440
369,369,2026-08-28T09:08:54+00:00,zc_cmp_full_zstd_single_bucket_20260828_35m_x1_00369,525254,31,323.818,Success,31,525254,318
370,370,2026-08-28T09:08:55+00:00,zc_cmp_full_zstd_single_bucket_20260828_35m_x1_00370,526456,31,423.822,Success,31,526456,417
371,371,2026-08-28T09:08:56+00:00,zc_cmp_full_zstd_single_bucket_20260828_35m_x1_00371,526529,31,369.757,Success,31,526529,370
372,372,2026-08-28T09:08:57+00:00,zc_cmp_full_zstd_single_bucket_20260828_35m_x1_00372,526470,31,425.983,Success,31,526470,426
373,373,2026-08-28T09:08:58+00:00,zc_cmp_full_zstd_single_bucket_20260828_35m_x1_00373,526970,31,455.896,Success,31,526970,455
374,374,2026-08-28T09:08:59+00:00,zc_cmp_full_zstd_single_bucket_20260828_35m_x1_00374,526380,31,364.259,Success,31,526380,362
375,375,2026-08-28T09:09:00+00:00,zc_cmp_full_zstd_single_bucket_20260828_35m_x1_00375,526404,31,394.231,Success,31,526404,392
376,376,2026-08-28T09:09:01+00:00,zc_cmp_full_zstd_single_bucket_20260828_35m_x1_00376,526951,31,401.669,Success,31,526951,399
377,377,2026-08-28T09:09:02+00:00,zc_cmp_full_zstd_single_bucket_20260828_35m_x1_00377,526458,31,381.594,Success,31,526458,378
378,378,2026-08-28T09:09:03+00:00,zc_cmp_full_zstd_single_bucket_20260828_35m_x1_00378,527053,31,461.033,Success,31,527053,457
379,379,2026-08-28T09:09:04+00:00,zc_cmp_full_zstd_single_bucket_20260828_35m_x1_00379,526167,31,404.311,Success,31,526167,400
380,380,2026-08-28T09:09:05+00:00,zc_cmp_full_zstd_single_bucket_20260828_35m_x1_00380,527903,31,414.426,Success,31,527903,411
381,381,2026-08-28T09:09:06+00:00,zc_cmp_full_zstd_single_bucket_20260828_35m_x1_00381,526173,31,488.217,Success,31,526173,484
382,382,2026-08-28T09:09:07+00:00,zc_cmp_full_zstd_single_bucket_20260828_35m_x1_00382,527326,31,414.194,Success,31,527326,409
383,383,2026-08-28T09:09:08+00:00,zc_cmp_full_zstd_single_bucket_20260828_35m_x1_00383,526497,31,391.701,Success,31,526497,387
384,384,2026-08-28T09:09:09+00:00,zc_cmp_full_zstd_single_bucket_20260828_35m_x1_00384,526835,31,389.136,Success,31,526835,385
385,385,2026-08-28T09:09:10+00:00,zc_cmp_full_zstd_single_bucket_20260828_35m_x1_00385,527086,31,472.512,Success,31,527086,467
386,386,2026-08-28T09:09:11+00:00,zc_cmp_full_zstd_single_bucket_20260828_35m_x1_00386,526237,31,388.945,Success,31,526237,384
387,387,2026-08-28T09:09:12+00:00,zc_cmp_full_zstd_single_bucket_20260828_35m_x1_00387,526484,31,331.209,Success,31,526484,326
388,388,2026-08-28T09:09:13+00:00,zc_cmp_full_zstd_single_bucket_20260828_35m_x1_00388,526495,31,400.672,Success,31,526495,395
389,389,2026-08-28T09:09:14+00:00,zc_cmp_full_zstd_single_bucket_20260828_35m_x1_00389,527537,31,276.462,Success,31,527537,270
390,390,2026-08-28T09:09:15+00:00,zc_cmp_full_zstd_single_bucket_20260828_35m_x1_00390,528041,31,405.432,Success,31,528041,399
391,391,2026-08-28T09:09:16+00:00,zc_cmp_full_zstd_single_bucket_20260828_35m_x1_00391,526297,31,331.968,Success,31,526297,329
392,392,2026-08-28T09:09:17+00:00,zc_cmp_full_zstd_single_bucket_20260828_35m_x1_00392,526307,31,373.805,Success,31,526307,371
393,393,2026-08-28T09:09:18+00:00,zc_cmp_full_zstd_single_bucket_20260828_35m_x1_00393,525200,31,365.14,Success,31,525200,362
394,394,2026-08-28T09:09:19+00:00,zc_cmp_full_zstd_single_bucket_20260828_35m_x1_00394,526951,31,389.196,Success,31,526951,385
395,395,2026-08-28T09:09:20+00:00,zc_cmp_full_zstd_single_bucket_20260828_35m_x1_00395,527565,31,409.148,Success,31,527565,405
396,396,2026-08-28T09:09:21+00:00,zc_cmp_full_zstd_single_bucket_20260828_35m_x1_00396,527245,31,441.708,Success,31,527245,437
397,397,2026-08-28T09:09:22+00:00,zc_cmp_full_zstd_single_bucket_20260828_35m_x1_00397,526616,31,344.3,Success,31,526616,340
398,398,2026-08-28T09:09:23+00:00,zc_cmp_full_zstd_single_bucket_20260828_35m_x1_00398,527885,31,380.99,Success,31,527885,377
399,399,2026-08-28T09:09:24+00:00,zc_cmp_full_zstd_single_bucket_20260828_35m_x1_00399,526588,31,361.667,Success,31,526588,357
400,400,2026-08-28T09:09:25+00:00,zc_cmp_full_zstd_single_bucket_20260828_35m_x1_00400,526529,31,451.162,Success,31,526529,447
401,401,2026-08-28T09:09:27+00:00,zc_cmp_full_zstd_single_bucket_20260828_35m_x1_00401,526328,31,627.255,Success,31,526328,623
402,402,2026-08-28T09:09:27+00:00,zc_cmp_full_zstd_single_bucket_20260828_35m_x1_00402,527599,31,383.008,Success,31,527599,378
403,403,2026-08-28T09:09:28+00:00,zc_cmp_full_zstd_single_bucket_20260828_35m_x1_00403,527437,31,414.577,Success,31,527437,409
404,404,2026-08-28T09:09:29+00:00,zc_cmp_full_zstd_single_bucket_20260828_35m_x1_00404,526484,31,330.819,Success,31,526484,325
405,405,2026-08-28T09:09:30+00:00,zc_cmp_full_zstd_single_bucket_20260828_35m_x1_00405,526224,31,492.14,Success,31,526224,485
406,406,2026-08-28T09:09:31+00:00,zc_cmp_full_zstd_single_bucket_20260828_35m_x1_00406,526456,31,483.096,Success,31,526456,477
407,407,2026-08-28T09:09:32+00:00,zc_cmp_full_zstd_single_bucket_20260828_35m_x1_00407,525997,31,359.631,Success,31,525997,354
408,408,2026-08-28T09:09:33+00:00,zc_cmp_full_zstd_single_bucket_20260828_35m_x1_00408,527639,31,447.487,Success,31,527639,441
409,409,2026-08-28T09:09:34+00:00,zc_cmp_full_zstd_single_bucket_20260828_35m_x1_00409,527222,31,326.463,Success,31,527222,321
410,410,2026-08-28T09:09:35+00:00,zc_cmp_full_zstd_single_bucket_20260828_35m_x1_00410,526195,31,466.442,Success,31,526195,461
411,411,2026-08-28T09:09:36+00:00,zc_cmp_full_zstd_single_bucket_20260828_35m_x1_00411,527274,31,430.772,Success,31,527274,425
412,412,2026-08-28T09:09:37+00:00,zc_cmp_full_zstd_single_bucket_20260828_35m_x1_00412,525471,31,372.416,Success,31,525471,367
413,413,2026-08-28T09:09:38+00:00,zc_cmp_full_zstd_single_bucket_20260828_35m_x1_00413,527800,31,344.775,Success,31,527800,339
414,414,2026-08-28T09:09:39+00:00,zc_cmp_full_zstd_single_bucket_20260828_35m_x1_00414,527061,31,380.858,Success,31,527061,375
415,415,2026-08-28T09:09:40+00:00,zc_cmp_full_zstd_single_bucket_20260828_35m_x1_00415,526607,31,346.425,Success,31,526607,340
416,416,2026-08-28T09:09:41+00:00,zc_cmp_full_zstd_single_bucket_20260828_35m_x1_00416,525759,31,304.555,Success,31,525759,299
417,417,2026-08-28T09:09:42+00:00,zc_cmp_full_zstd_single_bucket_20260828_35m_x1_00417,526141,31,315.415,Success,31,526141,310
418,418,2026-08-28T09:09:43+00:00,zc_cmp_full_zstd_single_bucket_20260828_35m_x1_00418,526109,31,377.486,Success,31,526109,372
419,419,2026-08-28T09:09:44+00:00,zc_cmp_full_zstd_single_bucket_20260828_35m_x1_00419,527219,31,359.835,Success,31,527219,354
420,420,2026-08-28T09:09:45+00:00,zc_cmp_full_zstd_single_bucket_20260828_35m_x1_00420,526372,31,371.519,Success,31,526372,365
421,421,2026-08-28T09:09:46+00:00,zc_cmp_full_zstd_single_bucket_20260828_35m_x1_00421,527848,31,336.231,Success,31,527848,330
422,422,2026-08-28T09:09:47+00:00,zc_cmp_full_zstd_single_bucket_20260828_35m_x1_00422,526450,31,370.406,Success,31,526450,364
423,423,2026-08-28T09:09:48+00:00,zc_cmp_full_zstd_single_bucket_20260828_35m_x1_00423,527216,31,481.294,Success,31,527216,477
424,424,2026-08-28T09:09:49+00:00,zc_cmp_full_zstd_single_bucket_20260828_35m_x1_00424,526402,31,364.068,Success,31,526402,359
425,425,2026-08-28T09:09:50+00:00,zc_cmp_full_zstd_single_bucket_20260828_35m_x1_00425,526856,31,341.855,Success,31,526856,337
426,426,2026-08-28T09:09:51+00:00,zc_cmp_full_zstd_single_bucket_20260828_35m_x1_00426,526077,31,301.95,Success,31,526077,297
427,427,2026-08-28T09:09:52+00:00,zc_cmp_full_zstd_single_bucket_20260828_35m_x1_00427,526577,31,423.231,Success,31,526577,418
428,428,2026-08-28T09:09:53+00:00,zc_cmp_full_zstd_single_bucket_20260828_35m_x1_00428,526851,31,447.891,Success,31,526851,443
429,429,2026-08-28T09:09:54+00:00,zc_cmp_full_zstd_single_bucket_20260828_35m_x1_00429,526863,31,368.297,Success,31,526863,364
430,430,2026-08-28T09:09:55+00:00,zc_cmp_full_zstd_single_bucket_20260828_35m_x1_00430,526493,31,370.189,Success,31,526493,364
431,431,2026-08-28T09:09:56+00:00,zc_cmp_full_zstd_single_bucket_20260828_35m_x1_00431,527582,31,339.104,Success,31,527582,339
432,432,2026-08-28T09:09:57+00:00,zc_cmp_full_zstd_single_bucket_20260828_35m_x1_00432,526380,31,362.927,Success,31,526380,362
433,433,2026-08-28T09:09:58+00:00,zc_cmp_full_zstd_single_bucket_20260828_35m_x1_00433,526156,31,466.169,Success,31,526156,466
434,434,2026-08-28T09:09:59+00:00,zc_cmp_full_zstd_single_bucket_20260828_35m_x1_00434,526432,31,339.288,Success,31,526432,337
435,435,2026-08-28T09:10:00+00:00,zc_cmp_full_zstd_single_bucket_20260828_35m_x1_00435,526666,31,377.503,Success,31,526666,375
436,436,2026-08-28T09:10:01+00:00,zc_cmp_full_zstd_single_bucket_20260828_35m_x1_00436,525463,31,281.158,Success,31,525463,278
437,437,2026-08-28T09:10:02+00:00,zc_cmp_full_zstd_single_bucket_20260828_35m_x1_00437,527118,31,333.772,Success,31,527118,331
438,438,2026-08-28T09:10:03+00:00,zc_cmp_full_zstd_single_bucket_20260828_35m_x1_00438,526417,31,332.271,Success,31,526417,328
439,439,2026-08-28T09:10:04+00:00,zc_cmp_full_zstd_single_bucket_20260828_35m_x1_00439,526755,31,391.833,Success,31,526755,388
440,440,2026-08-28T09:10:05+00:00,zc_cmp_full_zstd_single_bucket_20260828_35m_x1_00440,525227,31,400.01,Success,31,525227,394
441,441,2026-08-28T09:10:06+00:00,zc_cmp_full_zstd_single_bucket_20260828_35m_x1_00441,526471,31,468.62,Success,31,526471,470
442,442,2026-08-28T09:10:07+00:00,zc_cmp_full_zstd_single_bucket_20260828_35m_x1_00442,526615,31,460.399,Success,31,526615,461
443,443,2026-08-28T09:10:09+00:00,zc_cmp_full_zstd_single_bucket_20260828_35m_x1_00443,525545,31,509.257,Success,31,525545,509
444,444,2026-08-28T09:10:10+00:00,zc_cmp_full_zstd_single_bucket_20260828_35m_x1_00444,526047,31,625.21,Success,31,526047,625
445,445,2026-08-28T09:10:11+00:00,zc_cmp_full_zstd_single_bucket_20260828_35m_x1_00445,526454,31,515.303,Success,31,526454,513
446,446,2026-08-28T09:10:11+00:00,zc_cmp_full_zstd_single_bucket_20260828_35m_x1_00446,526047,31,403.603,Success,31,526047,400
447,447,2026-08-28T09:10:12+00:00,zc_cmp_full_zstd_single_bucket_20260828_35m_x1_00447,527021,31,342.531,Success,31,527021,339
448,448,2026-08-28T09:10:13+00:00,zc_cmp_full_zstd_single_bucket_20260828_35m_x1_00448,526431,31,416.532,Success,31,526431,413
449,449,2026-08-28T09:10:15+00:00,zc_cmp_full_zstd_single_bucket_20260828_35m_x1_00449,526970,31,524.579,Success,31,526970,521
450,450,2026-08-28T09:10:15+00:00,zc_cmp_full_zstd_single_bucket_20260828_35m_x1_00450,526730,31,461.606,Success,31,526730,457
451,451,2026-08-28T09:10:16+00:00,zc_cmp_full_zstd_single_bucket_20260828_35m_x1_00451,527461,31,478.829,Success,31,527461,475
452,452,2026-08-28T09:10:17+00:00,zc_cmp_full_zstd_single_bucket_20260828_35m_x1_00452,526711,31,470.446,Success,31,526711,466
453,453,2026-08-28T09:10:18+00:00,zc_cmp_full_zstd_single_bucket_20260828_35m_x1_00453,526423,31,451.315,Success,31,526423,446
454,454,2026-08-28T09:10:19+00:00,zc_cmp_full_zstd_single_bucket_20260828_35m_x1_00454,526935,31,393.678,Success,31,526935,385
455,455,2026-08-28T09:10:20+00:00,zc_cmp_full_zstd_single_bucket_20260828_35m_x1_00455,526367,31,383.986,Success,31,526367,379
456,456,2026-08-28T09:10:21+00:00,zc_cmp_full_zstd_single_bucket_20260828_35m_x1_00456,525607,31,479.855,Success,31,525607,474
457,457,2026-08-28T09:10:22+00:00,zc_cmp_full_zstd_single_bucket_20260828_35m_x1_00457,527034,31,498.56,Success,31,527034,493
458,458,2026-08-28T09:10:23+00:00,zc_cmp_full_zstd_single_bucket_20260828_35m_x1_00458,526240,31,421.723,Success,31,526240,416
459,459,2026-08-28T09:10:24+00:00,zc_cmp_full_zstd_single_bucket_20260828_35m_x1_00459,526329,31,424.213,Success,31,526329,419
460,460,2026-08-28T09:10:25+00:00,zc_cmp_full_zstd_single_bucket_20260828_35m_x1_00460,525974,31,421.321,Success,31,525974,415
461,461,2026-08-28T09:10:26+00:00,zc_cmp_full_zstd_single_bucket_20260828_35m_x1_00461,528199,31,419.196,Success,31,528199,418
462,462,2026-08-28T09:10:27+00:00,zc_cmp_full_zstd_single_bucket_20260828_35m_x1_00462,525433,31,464.868,Success,31,525433,462
463,463,2026-08-28T09:10:28+00:00,zc_cmp_full_zstd_single_bucket_20260828_35m_x1_00463,526058,31,383.825,Success,31,526058,380
464,464,2026-08-28T09:10:29+00:00,zc_cmp_full_zstd_single_bucket_20260828_35m_x1_00464,525479,31,360.516,Success,31,525479,357
465,465,2026-08-28T09:10:30+00:00,zc_cmp_full_zstd_single_bucket_20260828_35m_x1_00465,526111,31,423.025,Success,31,526111,414
466,466,2026-08-28T09:10:31+00:00,zc_cmp_full_zstd_single_bucket_20260828_35m_x1_00466,525906,31,460.428,Success,31,525906,457
467,467,2026-08-28T09:10:33+00:00,zc_cmp_full_zstd_single_bucket_20260828_35m_x1_00467,526600,31,537.819,Success,31,526600,533
468,468,2026-08-28T09:10:34+00:00,zc_cmp_full_zstd_single_bucket_20260828_35m_x1_00468,526055,31,621.869,Success,31,526055,588
469,469,2026-08-28T09:10:34+00:00,zc_cmp_full_zstd_single_bucket_20260828_35m_x1_00469,526374,31,429.653,Success,31,526374,424
470,470,2026-08-28T09:10:35+00:00,zc_cmp_full_zstd_single_bucket_20260828_35m_x1_00470,527386,31,360.311,Success,31,527386,355
471,471,2026-08-28T09:10:37+00:00,zc_cmp_full_zstd_single_bucket_20260828_35m_x1_00471,526892,31,936.872,Success,31,526892,932
472,472,2026-08-28T09:10:38+00:00,zc_cmp_full_zstd_single_bucket_20260828_35m_x1_00472,525844,31,508.784,Success,31,525844,503
473,473,2026-08-28T09:10:38+00:00,zc_cmp_full_zstd_single_bucket_20260828_35m_x1_00473,526926,31,491.147,Success,31,526926,486
474,474,2026-08-28T09:10:39+00:00,zc_cmp_full_zstd_single_bucket_20260828_35m_x1_00474,526216,31,473.06,Success,31,526216,468
475,475,2026-08-28T09:10:41+00:00,zc_cmp_full_zstd_single_bucket_20260828_35m_x1_00475,526891,31,501.554,Success,31,526891,492
476,476,2026-08-28T09:10:41+00:00,zc_cmp_full_zstd_single_bucket_20260828_35m_x1_00476,526229,31,456.414,Success,31,526229,450
477,477,2026-08-28T09:10:43+00:00,zc_cmp_full_zstd_single_bucket_20260828_35m_x1_00477,526517,31,624.634,Success,31,526517,609
478,478,2026-08-28T09:10:44+00:00,zc_cmp_full_zstd_single_bucket_20260828_35m_x1_00478,527128,31,568.091,Success,31,527128,561
479,479,2026-08-28T09:10:44+00:00,zc_cmp_full_zstd_single_bucket_20260828_35m_x1_00479,526648,31,429.042,Success,31,526648,423
480,480,2026-08-28T09:10:46+00:00,zc_cmp_full_zstd_single_bucket_20260828_35m_x1_00480,526038,31,576.99,Success,31,526038,571
481,481,2026-08-28T09:10:46+00:00,zc_cmp_full_zstd_single_bucket_20260828_35m_x1_00481,525960,31,494.428,Success,31,525960,489
482,482,2026-08-28T09:10:47+00:00,zc_cmp_full_zstd_single_bucket_20260828_35m_x1_00482,526688,31,444.816,Success,31,526688,436
483,483,2026-08-28T09:10:48+00:00,zc_cmp_full_zstd_single_bucket_20260828_35m_x1_00483,526588,31,417.814,Success,31,526588,412
484,484,2026-08-28T09:10:49+00:00,zc_cmp_full_zstd_single_bucket_20260828_35m_x1_00484,526741,31,492.586,Success,31,526741,486
485,485,2026-08-28T09:10:50+00:00,zc_cmp_full_zstd_single_bucket_20260828_35m_x1_00485,526131,31,377.014,Success,31,526131,371
486,486,2026-08-28T09:10:52+00:00,zc_cmp_full_zstd_single_bucket_20260828_35m_x1_00486,526135,31,559.038,Success,31,526135,549
487,487,2026-08-28T09:10:53+00:00,zc_cmp_full_zstd_single_bucket_20260828_35m_x1_00487,525745,31,505.082,Success,31,525745,498
488,488,2026-08-28T09:10:53+00:00,zc_cmp_full_zstd_single_bucket_20260828_35m_x1_00488,527537,31,391.501,Success,31,527537,385
489,489,2026-08-28T09:10:54+00:00,zc_cmp_full_zstd_single_bucket_20260828_35m_x1_00489,527151,31,284.271,Success,31,527151,277
490,490,2026-08-28T09:10:55+00:00,zc_cmp_full_zstd_single_bucket_20260828_35m_x1_00490,526671,31,462.239,Success,31,526671,456
491,491,2026-08-28T09:10:57+00:00,zc_cmp_full_zstd_single_bucket_20260828_35m_x1_00491,526772,31,556.757,Success,31,526772,559
492,492,2026-08-28T09:10:57+00:00,zc_cmp_full_zstd_single_bucket_20260828_35m_x1_00492,527852,31,416.107,Success,31,527852,415
493,493,2026-08-28T09:10:59+00:00,zc_cmp_full_zstd_single_bucket_20260828_35m_x1_00493,526461,31,535.67,Success,31,526461,536
494,494,2026-08-28T09:10:59+00:00,zc_cmp_full_zstd_single_bucket_20260828_35m_x1_00494,526644,31,443.184,Success,31,526644,442
495,495,2026-08-28T09:11:00+00:00,zc_cmp_full_zstd_single_bucket_20260828_35m_x1_00495,526336,31,425.058,Success,31,526336,423
496,496,2026-08-28T09:11:02+00:00,zc_cmp_full_zstd_single_bucket_20260828_35m_x1_00496,525780,31,531.332,Success,31,525780,528
497,497,2026-08-28T09:11:02+00:00,zc_cmp_full_zstd_single_bucket_20260828_35m_x1_00497,527466,31,456.926,Success,31,527466,453
498,498,2026-08-28T09:11:03+00:00,zc_cmp_full_zstd_single_bucket_20260828_35m_x1_00498,527610,31,459.269,Success,31,527610,455
499,499,2026-08-28T09:11:05+00:00,zc_cmp_full_zstd_single_bucket_20260828_35m_x1_00499,526344,31,558.393,Success,31,526344,543
500,500,2026-08-28T09:11:05+00:00,zc_cmp_full_zstd_single_bucket_20260828_35m_x1_00500,525972,31,499.095,Success,31,525972,494
501,501,2026-08-28T09:11:07+00:00,zc_cmp_full_zstd_single_bucket_20260828_35m_x1_00501,526074,31,545.976,Success,31,526074,542
502,502,2026-08-28T09:11:07+00:00,zc_cmp_full_zstd_single_bucket_20260828_35m_x1_00502,526452,31,464.213,Success,31,526452,459
503,503,2026-08-28T09:11:08+00:00,zc_cmp_full_zstd_single_bucket_20260828_35m_x1_00503,526782,31,451.662,Success,31,526782,446
504,504,2026-08-28T09:11:10+00:00,zc_cmp_full_zstd_single_bucket_20260828_35m_x1_00504,526900,31,532.946,Success,31,526900,527
505,505,2026-08-28T09:11:11+00:00,zc_cmp_full_zstd_single_bucket_20260828_35m_x1_00505,526557,31,501.398,Success,31,526557,495
506,506,2026-08-28T09:11:11+00:00,zc_cmp_full_zstd_single_bucket_20260828_35m_x1_00506,526865,31,379.661,Success,31,526865,372
507,507,2026-08-28T09:11:12+00:00,zc_cmp_full_zstd_single_bucket_20260828_35m_x1_00507,527367,31,493.752,Success,31,527367,488
508,508,2026-08-28T09:11:14+00:00,zc_cmp_full_zstd_single_bucket_20260828_35m_x1_00508,526365,31,572.282,Success,31,526365,566
509,509,2026-08-28T09:11:15+00:00,zc_cmp_full_zstd_single_bucket_20260828_35m_x1_00509,526495,31,557.447,Success,31,526495,551
510,510,2026-08-28T09:11:16+00:00,zc_cmp_full_zstd_single_bucket_20260828_35m_x1_00510,526328,31,573.849,Success,31,526328,567
511,511,2026-08-28T09:11:16+00:00,zc_cmp_full_zstd_single_bucket_20260828_35m_x1_00511,526560,31,416.009,Success,31,526560,415
512,512,2026-08-28T09:11:18+00:00,zc_cmp_full_zstd_single_bucket_20260828_35m_x1_00512,525332,31,553.119,Success,31,525332,554
513,513,2026-08-28T09:11:19+00:00,zc_cmp_full_zstd_single_bucket_20260828_35m_x1_00513,526922,31,569.666,Success,31,526922,570
514,514,2026-08-28T09:11:19+00:00,zc_cmp_full_zstd_single_bucket_20260828_35m_x1_00514,526537,31,479.621,Success,31,526537,479
515,515,2026-08-28T09:11:20+00:00,zc_cmp_full_zstd_single_bucket_20260828_35m_x1_00515,526712,31,474.222,Success,31,526712,472
516,516,2026-08-28T09:11:21+00:00,zc_cmp_full_zstd_single_bucket_20260828_35m_x1_00516,525454,31,443.545,Success,31,525454,441
517,517,2026-08-28T09:11:23+00:00,zc_cmp_full_zstd_single_bucket_20260828_35m_x1_00517,526434,31,527.623,Success,31,526434,524
518,518,2026-08-28T09:11:24+00:00,zc_cmp_full_zstd_single_bucket_20260828_35m_x1_00518,526764,31,507.589,Success,31,526764,504
519,519,2026-08-28T09:11:24+00:00,zc_cmp_full_zstd_single_bucket_20260828_35m_x1_00519,525992,31,406.054,Success,31,525992,401
520,520,2026-08-28T09:11:26+00:00,zc_cmp_full_zstd_single_bucket_20260828_35m_x1_00520,527521,31,533.185,Success,31,527521,529
521,521,2026-08-28T09:11:26+00:00,zc_cmp_full_zstd_single_bucket_20260828_35m_x1_00521,527216,31,429.102,Success,31,527216,423
522,522,2026-08-28T09:11:28+00:00,zc_cmp_full_zstd_single_bucket_20260828_35m_x1_00522,527219,31,571.575,Success,31,527219,567
523,523,2026-08-28T09:11:28+00:00,zc_cmp_full_zstd_single_bucket_20260828_35m_x1_00523,527083,31,496.02,Success,31,527083,489
524,524,2026-08-28T09:11:29+00:00,zc_cmp_full_zstd_single_bucket_20260828_35m_x1_00524,525364,31,486.441,Success,31,525364,480
525,525,2026-08-28T09:11:30+00:00,zc_cmp_full_zstd_single_bucket_20260828_35m_x1_00525,527099,31,383.066,Success,31,527099,376
526,526,2026-08-28T09:11:31+00:00,zc_cmp_full_zstd_single_bucket_20260828_35m_x1_00526,525912,31,465.898,Success,31,525912,459
527,527,2026-08-28T09:11:32+00:00,zc_cmp_full_zstd_single_bucket_20260828_35m_x1_00527,527065,31,469.826,Success,31,527065,464
528,528,2026-08-28T09:11:33+00:00,zc_cmp_full_zstd_single_bucket_20260828_35m_x1_00528,526112,31,427.748,Success,31,526112,422
529,529,2026-08-28T09:11:34+00:00,zc_cmp_full_zstd_single_bucket_20260828_35m_x1_00529,526490,31,398.238,Success,31,526490,393
530,530,2026-08-28T09:11:35+00:00,zc_cmp_full_zstd_single_bucket_20260828_35m_x1_00530,526327,31,450.165,Success,31,526327,445
531,531,2026-08-28T09:11:37+00:00,zc_cmp_full_zstd_single_bucket_20260828_35m_x1_00531,526207,31,534.285,Success,31,526207,538
532,532,2026-08-28T09:11:38+00:00,zc_cmp_full_zstd_single_bucket_20260828_35m_x1_00532,525973,31,584.428,Success,31,525973,581
533,533,2026-08-28T09:11:38+00:00,zc_cmp_full_zstd_single_bucket_20260828_35m_x1_00533,526588,31,444.345,Success,31,526588,442
534,534,2026-08-28T09:11:39+00:00,zc_cmp_full_zstd_single_bucket_20260828_35m_x1_00534,525968,31,414.815,Success,31,525968,413
535,535,2026-08-28T09:11:40+00:00,zc_cmp_full_zstd_single_bucket_20260828_35m_x1_00535,526871,31,469.019,Success,31,526871,467
536,536,2026-08-28T09:11:42+00:00,zc_cmp_full_zstd_single_bucket_20260828_35m_x1_00536,526273,31,554.378,Success,31,526273,553
537,537,2026-08-28T09:11:42+00:00,zc_cmp_full_zstd_single_bucket_20260828_35m_x1_00537,526248,31,474.537,Success,31,526248,470
538,538,2026-08-28T09:11:43+00:00,zc_cmp_full_zstd_single_bucket_20260828_35m_x1_00538,527041,31,362.097,Success,31,527041,358
539,539,2026-08-28T09:11:44+00:00,zc_cmp_full_zstd_single_bucket_20260828_35m_x1_00539,526406,31,436.957,Success,31,526406,432
540,540,2026-08-28T09:11:45+00:00,zc_cmp_full_zstd_single_bucket_20260828_35m_x1_00540,525956,31,387.147,Success,31,525956,381
541,541,2026-08-28T09:11:47+00:00,zc_cmp_full_zstd_single_bucket_20260828_35m_x1_00541,526188,31,609.86,Success,31,526188,614
542,542,2026-08-28T09:11:47+00:00,zc_cmp_full_zstd_single_bucket_20260828_35m_x1_00542,526681,31,473.03,Success,31,526681,474
543,543,2026-08-28T09:11:48+00:00,zc_cmp_full_zstd_single_bucket_20260828_35m_x1_00543,526209,31,444.526,Success,31,526209,445
544,544,2026-08-28T09:11:49+00:00,zc_cmp_full_zstd_single_bucket_20260828_35m_x1_00544,526546,31,412.293,Success,31,526546,410
545,545,2026-08-28T09:11:50+00:00,zc_cmp_full_zstd_single_bucket_20260828_35m_x1_00545,526858,31,494.234,Success,31,526858,493
546,546,2026-08-28T09:11:51+00:00,zc_cmp_full_zstd_single_bucket_20260828_35m_x1_00546,527506,31,412.71,Success,31,527506,410
547,547,2026-08-28T09:11:52+00:00,zc_cmp_full_zstd_single_bucket_20260828_35m_x1_00547,525866,31,393.436,Success,31,525866,390
548,548,2026-08-28T09:11:53+00:00,zc_cmp_full_zstd_single_bucket_20260828_35m_x1_00548,526141,31,398.293,Success,31,526141,394
549,549,2026-08-28T09:11:54+00:00,zc_cmp_full_zstd_single_bucket_20260828_35m_x1_00549,526014,31,401.876,Success,31,526014,398
550,550,2026-08-28T09:11:56+00:00,zc_cmp_full_zstd_single_bucket_20260828_35m_x1_00550,526360,31,517.492,Success,31,526360,510
551,551,2026-08-28T09:11:56+00:00,zc_cmp_full_zstd_single_bucket_20260828_35m_x1_00551,526924,31,404.796,Success,31,526924,404
552,552,2026-08-28T09:11:57+00:00,zc_cmp_full_zstd_single_bucket_20260828_35m_x1_00552,527015,31,459.48,Success,31,527015,459
553,553,2026-08-28T09:11:58+00:00,zc_cmp_full_zstd_single_bucket_20260828_35m_x1_00553,526270,31,369.978,Success,31,526270,368
554,554,2026-08-28T09:11:59+00:00,zc_cmp_full_zstd_single_bucket_20260828_35m_x1_00554,527949,31,365.895,Success,31,527949,363
555,555,2026-08-28T09:12:00+00:00,zc_cmp_full_zstd_single_bucket_20260828_35m_x1_00555,525729,31,463.713,Success,31,525729,461
556,556,2026-08-28T09:12:02+00:00,zc_cmp_full_zstd_single_bucket_20260828_35m_x1_00556,526830,31,517.317,Success,31,526830,515
557,557,2026-08-28T09:12:02+00:00,zc_cmp_full_zstd_single_bucket_20260828_35m_x1_00557,526119,31,413.331,Success,31,526119,410
558,558,2026-08-28T09:12:03+00:00,zc_cmp_full_zstd_single_bucket_20260828_35m_x1_00558,526961,31,344.44,Success,31,526961,341
559,559,2026-08-28T09:12:04+00:00,zc_cmp_full_zstd_single_bucket_20260828_35m_x1_00559,525976,31,329.666,Success,31,525976,325
560,560,2026-08-28T09:12:05+00:00,zc_cmp_full_zstd_single_bucket_20260828_35m_x1_00560,526768,31,448.865,Success,31,526768,445
561,561,2026-08-28T09:12:06+00:00,zc_cmp_full_zstd_single_bucket_20260828_35m_x1_00561,527247,31,412.642,Success,31,527247,408
562,562,2026-08-28T09:12:07+00:00,zc_cmp_full_zstd_single_bucket_20260828_35m_x1_00562,525989,31,414.02,Success,31,525989,409
563,563,2026-08-28T09:12:08+00:00,zc_cmp_full_zstd_single_bucket_20260828_35m_x1_00563,526833,31,325.564,Success,31,526833,320
564,564,2026-08-28T09:12:09+00:00,zc_cmp_full_zstd_single_bucket_20260828_35m_x1_00564,527399,31,376.469,Success,31,527399,371
565,565,2026-08-28T09:12:10+00:00,zc_cmp_full_zstd_single_bucket_20260828_35m_x1_00565,526410,31,471.139,Success,31,526410,466
566,566,2026-08-28T09:12:12+00:00,zc_cmp_full_zstd_single_bucket_20260828_35m_x1_00566,526239,31,546.717,Success,31,526239,541
567,567,2026-08-28T09:12:12+00:00,zc_cmp_full_zstd_single_bucket_20260828_35m_x1_00567,526245,31,366.611,Success,31,526245,360
568,568,2026-08-28T09:12:13+00:00,zc_cmp_full_zstd_single_bucket_20260828_35m_x1_00568,525730,31,469.553,Success,31,525730,465
569,569,2026-08-28T09:12:15+00:00,zc_cmp_full_zstd_single_bucket_20260828_35m_x1_00569,526534,31,531.006,Success,31,526534,524
570,570,2026-08-28T09:12:15+00:00,zc_cmp_full_zstd_single_bucket_20260828_35m_x1_00570,526049,31,445.724,Success,31,526049,439
571,571,2026-08-28T09:12:16+00:00,zc_cmp_full_zstd_single_bucket_20260828_35m_x1_00571,527555,31,496.868,Success,31,527555,497
572,572,2026-08-28T09:12:18+00:00,zc_cmp_full_zstd_single_bucket_20260828_35m_x1_00572,525904,31,526.765,Success,31,525904,528
573,573,2026-08-28T09:12:18+00:00,zc_cmp_full_zstd_single_bucket_20260828_35m_x1_00573,526162,31,452.482,Success,31,526162,451
574,574,2026-08-28T09:12:20+00:00,zc_cmp_full_zstd_single_bucket_20260828_35m_x1_00574,527652,31,587.93,Success,31,527652,587
575,575,2026-08-28T09:12:20+00:00,zc_cmp_full_zstd_single_bucket_20260828_35m_x1_00575,526056,31,409.911,Success,31,526056,407
576,576,2026-08-28T09:12:21+00:00,zc_cmp_full_zstd_single_bucket_20260828_35m_x1_00576,527508,31,422.732,Success,31,527508,419
577,577,2026-08-28T09:12:22+00:00,zc_cmp_full_zstd_single_bucket_20260828_35m_x1_00577,526923,31,403.546,Success,31,526923,399
578,578,2026-08-28T09:12:23+00:00,zc_cmp_full_zstd_single_bucket_20260828_35m_x1_00578,526967,31,456.44,Success,31,526967,453
579,579,2026-08-28T09:12:24+00:00,zc_cmp_full_zstd_single_bucket_20260828_35m_x1_00579,526970,31,441.675,Success,31,526970,438
580,580,2026-08-28T09:12:25+00:00,zc_cmp_full_zstd_single_bucket_20260828_35m_x1_00580,526460,31,428.214,Success,31,526460,424
581,581,2026-08-28T09:12:26+00:00,zc_cmp_full_zstd_single_bucket_20260828_35m_x1_00581,527081,31,322.523,Success,31,527081,318
582,582,2026-08-28T09:12:27+00:00,zc_cmp_full_zstd_single_bucket_20260828_35m_x1_00582,526535,31,409.75,Success,31,526535,405
583,583,2026-08-28T09:12:29+00:00,zc_cmp_full_zstd_single_bucket_20260828_35m_x1_00583,527946,31,518.963,Success,31,527946,514
584,584,2026-08-28T09:12:29+00:00,zc_cmp_full_zstd_single_bucket_20260828_35m_x1_00584,527147,31,469.179,Success,31,527147,464
585,585,2026-08-28T09:12:30+00:00,zc_cmp_full_zstd_single_bucket_20260828_35m_x1_00585,526218,31,323.409,Success,31,526218,318
586,586,2026-08-28T09:12:31+00:00,zc_cmp_full_zstd_single_bucket_20260828_35m_x1_00586,526359,31,459.963,Success,31,526359,455
587,587,2026-08-28T09:12:32+00:00,zc_cmp_full_zstd_single_bucket_20260828_35m_x1_00587,526502,31,405.371,Success,31,526502,399
588,588,2026-08-28T09:12:34+00:00,zc_cmp_full_zstd_single_bucket_20260828_35m_x1_00588,526708,31,661.343,Success,31,526708,652
589,589,2026-08-28T09:12:35+00:00,zc_cmp_full_zstd_single_bucket_20260828_35m_x1_00589,527269,31,512.023,Success,31,527269,504
590,590,2026-08-28T09:12:35+00:00,zc_cmp_full_zstd_single_bucket_20260828_35m_x1_00590,526200,31,385.088,Success,31,526200,378
591,591,2026-08-28T09:12:36+00:00,zc_cmp_full_zstd_single_bucket_20260828_35m_x1_00591,526788,31,372.225,Success,31,526788,373
592,592,2026-08-28T09:12:37+00:00,zc_cmp_full_zstd_single_bucket_20260828_35m_x1_00592,526566,31,422.801,Success,31,526566,423
593,593,2026-08-28T09:12:38+00:00,zc_cmp_full_zstd_single_bucket_20260828_35m_x1_00593,526245,31,459.898,Success,31,526245,460
594,594,2026-08-28T09:12:39+00:00,zc_cmp_full_zstd_single_bucket_20260828_35m_x1_00594,526688,31,441.129,Success,31,526688,439
595,595,2026-08-28T09:12:40+00:00,zc_cmp_full_zstd_single_bucket_20260828_35m_x1_00595,525643,31,458.116,Success,31,525643,457
596,596,2026-08-28T09:12:41+00:00,zc_cmp_full_zstd_single_bucket_20260828_35m_x1_00596,526424,31,483.713,Success,31,526424,482
597,597,2026-08-28T09:12:42+00:00,zc_cmp_full_zstd_single_bucket_20260828_35m_x1_00597,525963,31,433.19,Success,31,525963,430
598,598,2026-08-28T09:12:43+00:00,zc_cmp_full_zstd_single_bucket_20260828_35m_x1_00598,526458,31,485.637,Success,31,526458,482
599,599,2026-08-28T09:12:45+00:00,zc_cmp_full_zstd_single_bucket_20260828_35m_x1_00599,526344,31,553.248,Success,31,526344,549
600,600,2026-08-28T09:12:45+00:00,zc_cmp_full_zstd_single_bucket_20260828_35m_x1_00600,526693,31,464.09,Success,31,526693,457
601,601,2026-08-28T09:12:46+00:00,zc_cmp_full_zstd_single_bucket_20260828_35m_x1_00601,526325,31,421.112,Success,31,526325,423
602,602,2026-08-28T09:12:47+00:00,zc_cmp_full_zstd_single_bucket_20260828_35m_x1_00602,528340,31,300.898,Success,31,528340,299
603,603,2026-08-28T09:12:49+00:00,zc_cmp_full_zstd_single_bucket_20260828_35m_x1_00603,526079,31,537.429,Success,31,526079,538
604,604,2026-08-28T09:12:49+00:00,zc_cmp_full_zstd_single_bucket_20260828_35m_x1_00604,526683,31,414.106,Success,31,526683,412
605,605,2026-08-28T09:12:50+00:00,zc_cmp_full_zstd_single_bucket_20260828_35m_x1_00605,527312,31,391.55,Success,31,527312,390
606,606,2026-08-28T09:12:51+00:00,zc_cmp_full_zstd_single_bucket_20260828_35m_x1_00606,527272,31,378.043,Success,31,527272,375
607,607,2026-08-28T09:12:52+00:00,zc_cmp_full_zstd_single_bucket_20260828_35m_x1_00607,527744,31,449.418,Success,31,527744,447
608,608,2026-08-28T09:12:53+00:00,zc_cmp_full_zstd_single_bucket_20260828_35m_x1_00608,527542,31,312.837,Success,31,527542,309
609,609,2026-08-28T09:12:54+00:00,zc_cmp_full_zstd_single_bucket_20260828_35m_x1_00609,526931,31,435.116,Success,31,526931,431
610,610,2026-08-28T09:12:55+00:00,zc_cmp_full_zstd_single_bucket_20260828_35m_x1_00610,525972,31,398.304,Success,31,525972,392
611,611,2026-08-28T09:12:56+00:00,zc_cmp_full_zstd_single_bucket_20260828_35m_x1_00611,526365,31,394.493,Success,31,526365,395
612,612,2026-08-28T09:12:57+00:00,zc_cmp_full_zstd_single_bucket_20260828_35m_x1_00612,527243,31,320.836,Success,31,527243,318
613,613,2026-08-28T09:12:58+00:00,zc_cmp_full_zstd_single_bucket_20260828_35m_x1_00613,526620,31,386.314,Success,31,526620,385
614,614,2026-08-28T09:12:59+00:00,zc_cmp_full_zstd_single_bucket_20260828_35m_x1_00614,526619,31,441.849,Success,31,526619,440
615,615,2026-08-28T09:13:00+00:00,zc_cmp_full_zstd_single_bucket_20260828_35m_x1_00615,527647,31,430.396,Success,31,527647,427
616,616,2026-08-28T09:13:01+00:00,zc_cmp_full_zstd_single_bucket_20260828_35m_x1_00616,526265,31,398.643,Success,31,526265,396
617,617,2026-08-28T09:13:02+00:00,zc_cmp_full_zstd_single_bucket_20260828_35m_x1_00617,526198,31,347.034,Success,31,526198,343
618,618,2026-08-28T09:13:03+00:00,zc_cmp_full_zstd_single_bucket_20260828_35m_x1_00618,526280,31,398.854,Success,31,526280,395
619,619,2026-08-28T09:13:05+00:00,zc_cmp_full_zstd_single_bucket_20260828_35m_x1_00619,526370,31,565.992,Success,31,526370,562
620,620,2026-08-28T09:13:05+00:00,zc_cmp_full_zstd_single_bucket_20260828_35m_x1_00620,526103,31,426.356,Success,31,526103,421
621,621,2026-08-28T09:13:06+00:00,zc_cmp_full_zstd_single_bucket_20260828_35m_x1_00621,526542,31,485.013,Success,31,526542,478
622,622,2026-08-28T09:13:07+00:00,zc_cmp_full_zstd_single_bucket_20260828_35m_x1_00622,526370,31,487.876,Success,31,526370,483
623,623,2026-08-28T09:13:09+00:00,zc_cmp_full_zstd_single_bucket_20260828_35m_x1_00623,526647,31,620.789,Success,31,526647,615
624,624,2026-08-28T09:13:09+00:00,zc_cmp_full_zstd_single_bucket_20260828_35m_x1_00624,525725,31,382.398,Success,31,525725,376
625,625,2026-08-28T09:13:10+00:00,zc_cmp_full_zstd_single_bucket_20260828_35m_x1_00625,526205,31,463.291,Success,31,526205,448
626,626,2026-08-28T09:13:11+00:00,zc_cmp_full_zstd_single_bucket_20260828_35m_x1_00626,526571,31,465.287,Success,31,526571,460
627,627,2026-08-28T09:13:13+00:00,zc_cmp_full_zstd_single_bucket_20260828_35m_x1_00627,526509,31,523.823,Success,31,526509,518
628,628,2026-08-28T09:13:14+00:00,zc_cmp_full_zstd_single_bucket_20260828_35m_x1_00628,524774,31,642.58,Success,31,524774,588
629,629,2026-08-28T09:13:15+00:00,zc_cmp_full_zstd_single_bucket_20260828_35m_x1_00629,527602,31,522.967,Success,31,527602,517
630,630,2026-08-28T09:13:15+00:00,zc_cmp_full_zstd_single_bucket_20260828_35m_x1_00630,526474,31,315.42,Success,31,526474,308
631,631,2026-08-28T09:13:16+00:00,zc_cmp_full_zstd_single_bucket_20260828_35m_x1_00631,525888,31,432.656,Success,31,525888,433
632,632,2026-08-28T09:13:17+00:00,zc_cmp_full_zstd_single_bucket_20260828_35m_x1_00632,526721,31,465.34,Success,31,526721,464
633,633,2026-08-28T09:13:18+00:00,zc_cmp_full_zstd_single_bucket_20260828_35m_x1_00633,526502,31,455.092,Success,31,526502,454
634,634,2026-08-28T09:13:19+00:00,zc_cmp_full_zstd_single_bucket_20260828_35m_x1_00634,526694,31,432.715,Success,31,526694,431
635,635,2026-08-28T09:13:20+00:00,zc_cmp_full_zstd_single_bucket_20260828_35m_x1_00635,526426,31,365.409,Success,31,526426,362
636,636,2026-08-28T09:13:21+00:00,zc_cmp_full_zstd_single_bucket_20260828_35m_x1_00636,526470,31,447.007,Success,31,526470,444
637,637,2026-08-28T09:13:22+00:00,zc_cmp_full_zstd_single_bucket_20260828_35m_x1_00637,526595,31,443.768,Success,31,526595,440
638,638,2026-08-28T09:13:23+00:00,zc_cmp_full_zstd_single_bucket_20260828_35m_x1_00638,526898,31,430.065,Success,31,526898,426
639,639,2026-08-28T09:13:24+00:00,zc_cmp_full_zstd_single_bucket_20260828_35m_x1_00639,526619,31,413.719,Success,31,526619,410
640,640,2026-08-28T09:13:25+00:00,zc_cmp_full_zstd_single_bucket_20260828_35m_x1_00640,526681,31,411.219,Success,31,526681,406
641,641,2026-08-28T09:13:26+00:00,zc_cmp_full_zstd_single_bucket_20260828_35m_x1_00641,526482,31,456.569,Success,31,526482,452
642,642,2026-08-28T09:13:27+00:00,zc_cmp_full_zstd_single_bucket_20260828_35m_x1_00642,526860,31,470.885,Success,31,526860,466
643,643,2026-08-28T09:13:28+00:00,zc_cmp_full_zstd_single_bucket_20260828_35m_x1_00643,527493,31,413.659,Success,31,527493,407
644,644,2026-08-28T09:13:29+00:00,zc_cmp_full_zstd_single_bucket_20260828_35m_x1_00644,525632,31,428.332,Success,31,525632,423
645,645,2026-08-28T09:13:30+00:00,zc_cmp_full_zstd_single_bucket_20260828_35m_x1_00645,525435,31,348.259,Success,31,525435,342
646,646,2026-08-28T09:13:31+00:00,zc_cmp_full_zstd_single_bucket_20260828_35m_x1_00646,526215,31,414.792,Success,31,526215,409
647,647,2026-08-28T09:13:32+00:00,zc_cmp_full_zstd_single_bucket_20260828_35m_x1_00647,526646,31,475.785,Success,31,526646,470
648,648,2026-08-28T09:13:33+00:00,zc_cmp_full_zstd_single_bucket_20260828_35m_x1_00648,525485,31,418.067,Success,31,525485,412
649,649,2026-08-28T09:13:34+00:00,zc_cmp_full_zstd_single_bucket_20260828_35m_x1_00649,525916,31,429.043,Success,31,525916,423
650,650,2026-08-28T09:13:35+00:00,zc_cmp_full_zstd_single_bucket_20260828_35m_x1_00650,527380,31,430.603,Success,31,527380,425
651,651,2026-08-28T09:13:36+00:00,zc_cmp_full_zstd_single_bucket_20260828_35m_x1_00651,526841,31,474.295,Success,31,526841,474
652,652,2026-08-28T09:13:37+00:00,zc_cmp_full_zstd_single_bucket_20260828_35m_x1_00652,525896,31,497.261,Success,31,525896,497
653,653,2026-08-28T09:13:38+00:00,zc_cmp_full_zstd_single_bucket_20260828_35m_x1_00653,526306,31,489.302,Success,31,526306,487
654,654,2026-08-28T09:13:39+00:00,zc_cmp_full_zstd_single_bucket_20260828_35m_x1_00654,526761,31,461.92,Success,31,526761,459
655,655,2026-08-28T09:13:41+00:00,zc_cmp_full_zstd_single_bucket_20260828_35m_x1_00655,525833,31,524.016,Success,31,525833,522
656,656,2026-08-28T09:13:41+00:00,zc_cmp_full_zstd_single_bucket_20260828_35m_x1_00656,526837,31,495.097,Success,31,526837,491
657,657,2026-08-28T09:13:42+00:00,zc_cmp_full_zstd_single_bucket_20260828_35m_x1_00657,527112,31,401.141,Success,31,527112,397
658,658,2026-08-28T09:13:43+00:00,zc_cmp_full_zstd_single_bucket_20260828_35m_x1_00658,526886,31,478.721,Success,31,526886,475
659,659,2026-08-28T09:13:44+00:00,zc_cmp_full_zstd_single_bucket_20260828_35m_x1_00659,527093,31,383.031,Success,31,527093,379
660,660,2026-08-28T09:13:45+00:00,zc_cmp_full_zstd_single_bucket_20260828_35m_x1_00660,527034,31,458.172,Success,31,527034,454
661,661,2026-08-28T09:13:46+00:00,zc_cmp_full_zstd_single_bucket_20260828_35m_x1_00661,526202,31,444.954,Success,31,526202,439
662,662,2026-08-28T09:13:47+00:00,zc_cmp_full_zstd_single_bucket_20260828_35m_x1_00662,526349,31,459.757,Success,31,526349,455
663,663,2026-08-28T09:13:48+00:00,zc_cmp_full_zstd_single_bucket_20260828_35m_x1_00663,527098,31,422.117,Success,31,527098,417
664,664,2026-08-28T09:13:49+00:00,zc_cmp_full_zstd_single_bucket_20260828_35m_x1_00664,526772,31,350.906,Success,31,526772,346
665,665,2026-08-28T09:13:50+00:00,zc_cmp_full_zstd_single_bucket_20260828_35m_x1_00665,525900,31,391.506,Success,31,525900,387
666,666,2026-08-28T09:13:52+00:00,zc_cmp_full_zstd_single_bucket_20260828_35m_x1_00666,525740,31,534.947,Success,31,525740,488
667,667,2026-08-28T09:13:52+00:00,zc_cmp_full_zstd_single_bucket_20260828_35m_x1_00667,526775,31,493.428,Success,31,526775,487
668,668,2026-08-28T09:13:53+00:00,zc_cmp_full_zstd_single_bucket_20260828_35m_x1_00668,525014,31,346.741,Success,31,525014,341
669,669,2026-08-28T09:13:54+00:00,zc_cmp_full_zstd_single_bucket_20260828_35m_x1_00669,526318,31,425.779,Success,31,526318,420
670,670,2026-08-28T09:13:55+00:00,zc_cmp_full_zstd_single_bucket_20260828_35m_x1_00670,526236,31,491.853,Success,31,526236,486
671,671,2026-08-28T09:13:56+00:00,zc_cmp_full_zstd_single_bucket_20260828_35m_x1_00671,525459,31,459.945,Success,31,525459,461
672,672,2026-08-28T09:13:58+00:00,zc_cmp_full_zstd_single_bucket_20260828_35m_x1_00672,525719,31,546.421,Success,31,525719,513
673,673,2026-08-28T09:13:58+00:00,zc_cmp_full_zstd_single_bucket_20260828_35m_x1_00673,525691,31,291.007,Success,31,525691,289
674,674,2026-08-28T09:13:59+00:00,zc_cmp_full_zstd_single_bucket_20260828_35m_x1_00674,526353,31,397.646,Success,31,526353,396
675,675,2026-08-28T09:14:00+00:00,zc_cmp_full_zstd_single_bucket_20260828_35m_x1_00675,526579,31,436.831,Success,31,526579,435
676,676,2026-08-28T09:14:02+00:00,zc_cmp_full_zstd_single_bucket_20260828_35m_x1_00676,526653,31,594.227,Success,31,526653,593
677,677,2026-08-28T09:14:03+00:00,zc_cmp_full_zstd_single_bucket_20260828_35m_x1_00677,525889,31,508.486,Success,31,525889,506
678,678,2026-08-28T09:14:03+00:00,zc_cmp_full_zstd_single_bucket_20260828_35m_x1_00678,526353,31,456.707,Success,31,526353,454
679,679,2026-08-28T09:14:05+00:00,zc_cmp_full_zstd_single_bucket_20260828_35m_x1_00679,526428,31,521.213,Success,31,526428,518
680,680,2026-08-28T09:14:06+00:00,zc_cmp_full_zstd_single_bucket_20260828_35m_x1_00680,526272,31,541.866,Success,31,526272,538
681,681,2026-08-28T09:14:06+00:00,zc_cmp_full_zstd_single_bucket_20260828_35m_x1_00681,526418,31,465.995,Success,31,526418,460
682,682,2026-08-28T09:14:08+00:00,zc_cmp_full_zstd_single_bucket_20260828_35m_x1_00682,527125,31,546.614,Success,31,527125,541
683,683,2026-08-28T09:14:08+00:00,zc_cmp_full_zstd_single_bucket_20260828_35m_x1_00683,525685,31,490.175,Success,31,525685,485
684,684,2026-08-28T09:14:10+00:00,zc_cmp_full_zstd_single_bucket_20260828_35m_x1_00684,526687,31,522.064,Success,31,526687,515
685,685,2026-08-28T09:14:11+00:00,zc_cmp_full_zstd_single_bucket_20260828_35m_x1_00685,526849,31,510.552,Success,31,526849,505
686,686,2026-08-28T09:14:12+00:00,zc_cmp_full_zstd_single_bucket_20260828_35m_x1_00686,527520,31,684.727,Success,31,527520,674
687,687,2026-08-28T09:14:12+00:00,zc_cmp_full_zstd_single_bucket_20260828_35m_x1_00687,525834,31,459.525,Success,31,525834,454
688,688,2026-08-28T09:14:14+00:00,zc_cmp_full_zstd_single_bucket_20260828_35m_x1_00688,526212,31,531.069,Success,31,526212,525
689,689,2026-08-28T09:14:14+00:00,zc_cmp_full_zstd_single_bucket_20260828_35m_x1_00689,525609,31,486.354,Success,31,525609,480
690,690,2026-08-28T09:14:16+00:00,zc_cmp_full_zstd_single_bucket_20260828_35m_x1_00690,527023,31,627.27,Success,31,527023,622
691,691,2026-08-28T09:14:17+00:00,zc_cmp_full_zstd_single_bucket_20260828_35m_x1_00691,526298,31,553.394,Success,31,526298,555
692,692,2026-08-28T09:14:17+00:00,zc_cmp_full_zstd_single_bucket_20260828_35m_x1_00692,525711,31,483.586,Success,31,525711,484
693,693,2026-08-28T09:14:18+00:00,zc_cmp_full_zstd_single_bucket_20260828_35m_x1_00693,527007,31,445.412,Success,31,527007,442
694,694,2026-08-28T09:14:20+00:00,zc_cmp_full_zstd_single_bucket_20260828_35m_x1_00694,526122,31,607.348,Success,31,526122,602
695,695,2026-08-28T09:14:21+00:00,zc_cmp_full_zstd_single_bucket_20260828_35m_x1_00695,526683,31,539.458,Success,31,526683,538
696,696,2026-08-28T09:14:21+00:00,zc_cmp_full_zstd_single_bucket_20260828_35m_x1_00696,526396,31,477.195,Success,31,526396,474
697,697,2026-08-28T09:14:22+00:00,zc_cmp_full_zstd_single_bucket_20260828_35m_x1_00697,527302,31,487.592,Success,31,527302,484
698,698,2026-08-28T09:14:23+00:00,zc_cmp_full_zstd_single_bucket_20260828_35m_x1_00698,526352,31,495.124,Success,31,526352,491
699,699,2026-08-28T09:14:24+00:00,zc_cmp_full_zstd_single_bucket_20260828_35m_x1_00699,525406,31,499.928,Success,31,525406,496
700,700,2026-08-28T09:14:25+00:00,zc_cmp_full_zstd_single_bucket_20260828_35m_x1_00700,526357,31,439.086,Success,31,526357,435
701,701,2026-08-28T09:14:26+00:00,zc_cmp_full_zstd_single_bucket_20260828_35m_x1_00701,525876,31,498.379,Success,31,525876,493
702,702,2026-08-28T09:14:27+00:00,zc_cmp_full_zstd_single_bucket_20260828_35m_x1_00702,525416,31,360.923,Success,31,525416,357
703,703,2026-08-28T09:14:29+00:00,zc_cmp_full_zstd_single_bucket_20260828_35m_x1_00703,526461,31,559.928,Success,31,526461,554
704,704,2026-08-28T09:14:30+00:00,zc_cmp_full_zstd_single_bucket_20260828_35m_x1_00704,527070,31,505.615,Success,31,527070,499
705,705,2026-08-28T09:14:30+00:00,zc_cmp_full_zstd_single_bucket_20260828_35m_x1_00705,526023,31,465.331,Success,31,526023,460
706,706,2026-08-28T09:14:32+00:00,zc_cmp_full_zstd_single_bucket_20260828_35m_x1_00706,526048,31,557.285,Success,31,526048,553
707,707,2026-08-28T09:14:32+00:00,zc_cmp_full_zstd_single_bucket_20260828_35m_x1_00707,527478,31,438.882,Success,31,527478,433
708,708,2026-08-28T09:14:34+00:00,zc_cmp_full_zstd_single_bucket_20260828_35m_x1_00708,527304,31,544.622,Success,31,527304,538
709,709,2026-08-28T09:14:35+00:00,zc_cmp_full_zstd_single_bucket_20260828_35m_x1_00709,526849,31,504.879,Success,31,526849,493
710,710,2026-08-28T09:14:35+00:00,zc_cmp_full_zstd_single_bucket_20260828_35m_x1_00710,526480,31,446.384,Success,31,526480,439
711,711,2026-08-28T09:14:37+00:00,zc_cmp_full_zstd_single_bucket_20260828_35m_x1_00711,525760,31,509.597,Success,31,525760,511
712,712,2026-08-28T09:14:38+00:00,zc_cmp_full_zstd_single_bucket_20260828_35m_x1_00712,527083,31,506.39,Success,31,527083,506
713,713,2026-08-28T09:14:38+00:00,zc_cmp_full_zstd_single_bucket_20260828_35m_x1_00713,526133,31,476.464,Success,31,526133,476
714,714,2026-08-28T09:14:39+00:00,zc_cmp_full_zstd_single_bucket_20260828_35m_x1_00714,526419,31,335.048,Success,31,526419,333
715,715,2026-08-28T09:14:40+00:00,zc_cmp_full_zstd_single_bucket_20260828_35m_x1_00715,527419,31,459.471,Success,31,527419,456
716,716,2026-08-28T09:14:42+00:00,zc_cmp_full_zstd_single_bucket_20260828_35m_x1_00716,526189,31,504.141,Success,31,526189,502
717,717,2026-08-28T09:14:43+00:00,zc_cmp_full_zstd_single_bucket_20260828_35m_x1_00717,526487,31,509.781,Success,31,526487,507
718,718,2026-08-28T09:14:44+00:00,zc_cmp_full_zstd_single_bucket_20260828_35m_x1_00718,527344,31,522.503,Success,31,527344,519
719,719,2026-08-28T09:14:44+00:00,zc_cmp_full_zstd_single_bucket_20260828_35m_x1_00719,526354,31,488.117,Success,31,526354,484
720,720,2026-08-28T09:14:45+00:00,zc_cmp_full_zstd_single_bucket_20260828_35m_x1_00720,526843,31,424.293,Success,31,526843,420
721,721,2026-08-28T09:14:46+00:00,zc_cmp_full_zstd_single_bucket_20260828_35m_x1_00721,526654,31,367.502,Success,31,526654,362
722,722,2026-08-28T09:14:48+00:00,zc_cmp_full_zstd_single_bucket_20260828_35m_x1_00722,527210,31,546.437,Success,31,527210,542
723,723,2026-08-28T09:14:48+00:00,zc_cmp_full_zstd_single_bucket_20260828_35m_x1_00723,525958,31,451.049,Success,31,525958,446
724,724,2026-08-28T09:14:49+00:00,zc_cmp_full_zstd_single_bucket_20260828_35m_x1_00724,527107,31,499.594,Success,31,527107,491
725,725,2026-08-28T09:14:50+00:00,zc_cmp_full_zstd_single_bucket_20260828_35m_x1_00725,526234,31,425.859,Success,31,526234,419
726,726,2026-08-28T09:14:52+00:00,zc_cmp_full_zstd_single_bucket_20260828_35m_x1_00726,525765,31,537.2,Success,31,525765,529
727,727,2026-08-28T09:14:53+00:00,zc_cmp_full_zstd_single_bucket_20260828_35m_x1_00727,526334,31,611.459,Success,31,526334,555
728,728,2026-08-28T09:14:54+00:00,zc_cmp_full_zstd_single_bucket_20260828_35m_x1_00728,527219,31,694.21,Success,31,527219,688
729,729,2026-08-28T09:14:55+00:00,zc_cmp_full_zstd_single_bucket_20260828_35m_x1_00729,526993,31,508.806,Success,31,526993,502
730,730,2026-08-28T09:14:55+00:00,zc_cmp_full_zstd_single_bucket_20260828_35m_x1_00730,526857,31,455.119,Success,31,526857,448
731,731,2026-08-28T09:14:56+00:00,zc_cmp_full_zstd_single_bucket_20260828_35m_x1_00731,526362,31,429.445,Success,31,526362,430
732,732,2026-08-28T09:14:57+00:00,zc_cmp_full_zstd_single_bucket_20260828_35m_x1_00732,526493,31,491.092,Success,31,526493,491
733,733,2026-08-28T09:14:59+00:00,zc_cmp_full_zstd_single_bucket_20260828_35m_x1_00733,525998,31,502.283,Success,31,525998,501
734,734,2026-08-28T09:14:59+00:00,zc_cmp_full_zstd_single_bucket_20260828_35m_x1_00734,526420,31,493.68,Success,31,526420,491
735,735,2026-08-28T09:15:00+00:00,zc_cmp_full_zstd_single_bucket_20260828_35m_x1_00735,527001,31,469.413,Success,31,527001,467
736,736,2026-08-28T09:15:02+00:00,zc_cmp_full_zstd_single_bucket_20260828_35m_x1_00736,526644,31,533.814,Success,31,526644,530
737,737,2026-08-28T09:15:02+00:00,zc_cmp_full_zstd_single_bucket_20260828_35m_x1_00737,525295,31,467.753,Success,31,525295,460
738,738,2026-08-28T09:15:03+00:00,zc_cmp_full_zstd_single_bucket_20260828_35m_x1_00738,525925,31,445.238,Success,31,525925,441
739,739,2026-08-28T09:15:05+00:00,zc_cmp_full_zstd_single_bucket_20260828_35m_x1_00739,526120,31,600.688,Success,31,526120,596
740,740,2026-08-28T09:15:05+00:00,zc_cmp_full_zstd_single_bucket_20260828_35m_x1_00740,526556,31,462.749,Success,31,526556,458
741,741,2026-08-28T09:15:07+00:00,zc_cmp_full_zstd_single_bucket_20260828_35m_x1_00741,525842,31,530.56,Success,31,525842,526
742,742,2026-08-28T09:15:08+00:00,zc_cmp_full_zstd_single_bucket_20260828_35m_x1_00742,525091,31,522.925,Success,31,525091,518
743,743,2026-08-28T09:15:09+00:00,zc_cmp_full_zstd_single_bucket_20260828_35m_x1_00743,525845,31,511.692,Success,31,525845,506
744,744,2026-08-28T09:15:09+00:00,zc_cmp_full_zstd_single_bucket_20260828_35m_x1_00744,526008,31,454.324,Success,31,526008,447
745,745,2026-08-28T09:15:10+00:00,zc_cmp_full_zstd_single_bucket_20260828_35m_x1_00745,526564,31,465.087,Success,31,526564,460
746,746,2026-08-28T09:15:11+00:00,zc_cmp_full_zstd_single_bucket_20260828_35m_x1_00746,526084,31,496.2,Success,31,526084,491
747,747,2026-08-28T09:15:12+00:00,zc_cmp_full_zstd_single_bucket_20260828_35m_x1_00747,527474,31,468.356,Success,31,527474,462
748,748,2026-08-28T09:15:13+00:00,zc_cmp_full_zstd_single_bucket_20260828_35m_x1_00748,527298,31,443.987,Success,31,527298,438
749,749,2026-08-28T09:15:14+00:00,zc_cmp_full_zstd_single_bucket_20260828_35m_x1_00749,526320,31,388.781,Success,31,526320,383
750,750,2026-08-28T09:15:15+00:00,zc_cmp_full_zstd_single_bucket_20260828_35m_x1_00750,525395,31,472.023,Success,31,525395,466
751,751,2026-08-28T09:15:16+00:00,zc_cmp_full_zstd_single_bucket_20260828_35m_x1_00751,527094,31,453.322,Success,31,527094,453
752,752,2026-08-28T09:15:17+00:00,zc_cmp_full_zstd_single_bucket_20260828_35m_x1_00752,526585,31,469.794,Success,31,526585,467
753,753,2026-08-28T09:15:18+00:00,zc_cmp_full_zstd_single_bucket_20260828_35m_x1_00753,526235,31,383.278,Success,31,526235,380
754,754,2026-08-28T09:15:19+00:00,zc_cmp_full_zstd_single_bucket_20260828_35m_x1_00754,526148,31,480.127,Success,31,526148,478
755,755,2026-08-28T09:15:20+00:00,zc_cmp_full_zstd_single_bucket_20260828_35m_x1_00755,525823,31,480.593,Success,31,525823,478
756,756,2026-08-28T09:15:21+00:00,zc_cmp_full_zstd_single_bucket_20260828_35m_x1_00756,525546,31,492.177,Success,31,525546,489
757,757,2026-08-28T09:15:22+00:00,zc_cmp_full_zstd_single_bucket_20260828_35m_x1_00757,526824,31,479.174,Success,31,526824,475
758,758,2026-08-28T09:15:23+00:00,zc_cmp_full_zstd_single_bucket_20260828_35m_x1_00758,526403,31,438.4,Success,31,526403,434
759,759,2026-08-28T09:15:24+00:00,zc_cmp_full_zstd_single_bucket_20260828_35m_x1_00759,525476,31,486.108,Success,31,525476,482
760,760,2026-08-28T09:15:26+00:00,zc_cmp_full_zstd_single_bucket_20260828_35m_x1_00760,526620,31,522.867,Success,31,526620,518
761,761,2026-08-28T09:15:26+00:00,zc_cmp_full_zstd_single_bucket_20260828_35m_x1_00761,525921,31,397.401,Success,31,525921,393
762,762,2026-08-28T09:15:27+00:00,zc_cmp_full_zstd_single_bucket_20260828_35m_x1_00762,526558,31,376.01,Success,31,526558,369
763,763,2026-08-28T09:15:29+00:00,zc_cmp_full_zstd_single_bucket_20260828_35m_x1_00763,525594,31,526.452,Success,31,525594,520
764,764,2026-08-28T09:15:29+00:00,zc_cmp_full_zstd_single_bucket_20260828_35m_x1_00764,526156,31,471.117,Success,31,526156,466
765,765,2026-08-28T09:15:30+00:00,zc_cmp_full_zstd_single_bucket_20260828_35m_x1_00765,526640,31,425.013,Success,31,526640,419
766,766,2026-08-28T09:15:32+00:00,zc_cmp_full_zstd_single_bucket_20260828_35m_x1_00766,526058,31,610.442,Success,31,526058,605
767,767,2026-08-28T09:15:32+00:00,zc_cmp_full_zstd_single_bucket_20260828_35m_x1_00767,527159,31,460.331,Success,31,527159,455
768,768,2026-08-28T09:15:33+00:00,zc_cmp_full_zstd_single_bucket_20260828_35m_x1_00768,526381,31,423.363,Success,31,526381,418
769,769,2026-08-28T09:15:34+00:00,zc_cmp_full_zstd_single_bucket_20260828_35m_x1_00769,527110,31,435.444,Success,31,527110,430
770,770,2026-08-28T09:15:35+00:00,zc_cmp_full_zstd_single_bucket_20260828_35m_x1_00770,526904,31,429.054,Success,31,526904,423
771,771,2026-08-28T09:15:37+00:00,zc_cmp_full_zstd_single_bucket_20260828_35m_x1_00771,525895,31,552.017,Success,31,525895,544
772,772,2026-08-28T09:15:38+00:00,zc_cmp_full_zstd_single_bucket_20260828_35m_x1_00772,527211,31,531.994,Success,31,527211,526
773,773,2026-08-28T09:15:38+00:00,zc_cmp_full_zstd_single_bucket_20260828_35m_x1_00773,526489,31,466.071,Success,31,526489,460
774,774,2026-08-28T09:15:39+00:00,zc_cmp_full_zstd_single_bucket_20260828_35m_x1_00774,527417,31,391.057,Success,31,527417,385
775,775,2026-08-28T09:15:41+00:00,zc_cmp_full_zstd_single_bucket_20260828_35m_x1_00775,526674,31,609.462,Success,31,526674,602
776,776,2026-08-28T09:15:41+00:00,zc_cmp_full_zstd_single_bucket_20260828_35m_x1_00776,527153,31,457.151,Success,31,527153,450
777,777,2026-08-28T09:15:42+00:00,zc_cmp_full_zstd_single_bucket_20260828_35m_x1_00777,525958,31,473.422,Success,31,525958,467
778,778,2026-08-28T09:15:44+00:00,zc_cmp_full_zstd_single_bucket_20260828_35m_x1_00778,525258,31,596.3,Success,31,525258,590
779,779,2026-08-28T09:15:44+00:00,zc_cmp_full_zstd_single_bucket_20260828_35m_x1_00779,526277,31,497.197,Success,31,526277,490
780,780,2026-08-28T09:15:46+00:00,zc_cmp_full_zstd_single_bucket_20260828_35m_x1_00780,527173,31,508.107,Success,31,527173,501
781,781,2026-08-28T09:15:47+00:00,zc_cmp_full_zstd_single_bucket_20260828_35m_x1_00781,526199,31,558.496,Success,31,526199,557
782,782,2026-08-28T09:15:48+00:00,zc_cmp_full_zstd_single_bucket_20260828_35m_x1_00782,527026,31,519.51,Success,31,527026,518
783,783,2026-08-28T09:15:49+00:00,zc_cmp_full_zstd_single_bucket_20260828_35m_x1_00783,527126,31,503.602,Success,31,527126,500
784,784,2026-08-28T09:15:49+00:00,zc_cmp_full_zstd_single_bucket_20260828_35m_x1_00784,527985,31,445.336,Success,31,527985,439
785,785,2026-08-28T09:15:50+00:00,zc_cmp_full_zstd_single_bucket_20260828_35m_x1_00785,527101,31,451.129,Success,31,527101,447
786,786,2026-08-28T09:15:51+00:00,zc_cmp_full_zstd_single_bucket_20260828_35m_x1_00786,526058,31,456.212,Success,31,526058,452
787,787,2026-08-28T09:15:52+00:00,zc_cmp_full_zstd_single_bucket_20260828_35m_x1_00787,525793,31,449.219,Success,31,525793,445
788,788,2026-08-28T09:15:53+00:00,zc_cmp_full_zstd_single_bucket_20260828_35m_x1_00788,525676,31,403.255,Success,31,525676,394
789,789,2026-08-28T09:15:55+00:00,zc_cmp_full_zstd_single_bucket_20260828_35m_x1_00789,526376,31,520.212,Success,31,526376,516
790,790,2026-08-28T09:15:56+00:00,zc_cmp_full_zstd_single_bucket_20260828_35m_x1_00790,526804,31,588.049,Success,31,526804,583
791,791,2026-08-28T09:15:56+00:00,zc_cmp_full_zstd_single_bucket_20260828_35m_x1_00791,527070,31,445.422,Success,31,527070,439
792,792,2026-08-28T09:15:57+00:00,zc_cmp_full_zstd_single_bucket_20260828_35m_x1_00792,526175,31,412.326,Success,31,526175,407
793,793,2026-08-28T09:15:59+00:00,zc_cmp_full_zstd_single_bucket_20260828_35m_x1_00793,525899,31,571.471,Success,31,525899,566
794,794,2026-08-28T09:15:59+00:00,zc_cmp_full_zstd_single_bucket_20260828_35m_x1_00794,527102,31,419.055,Success,31,527102,414
795,795,2026-08-28T09:16:00+00:00,zc_cmp_full_zstd_single_bucket_20260828_35m_x1_00795,526816,31,406.259,Success,31,526816,401
796,796,2026-08-28T09:16:01+00:00,zc_cmp_full_zstd_single_bucket_20260828_35m_x1_00796,526948,31,436.329,Success,31,526948,431
797,797,2026-08-28T09:16:02+00:00,zc_cmp_full_zstd_single_bucket_20260828_35m_x1_00797,526711,31,489.14,Success,31,526711,483
798,798,2026-08-28T09:16:03+00:00,zc_cmp_full_zstd_single_bucket_20260828_35m_x1_00798,526033,31,475.896,Success,31,526033,470
799,799,2026-08-28T09:16:04+00:00,zc_cmp_full_zstd_single_bucket_20260828_35m_x1_00799,527234,31,479.106,Success,31,527234,473
800,800,2026-08-28T09:16:05+00:00,zc_cmp_full_zstd_single_bucket_20260828_35m_x1_00800,527386,31,413.72,Success,31,527386,408
801,801,2026-08-28T09:16:06+00:00,zc_cmp_full_zstd_single_bucket_20260828_35m_x1_00801,527412,31,420.219,Success,31,527412,414
802,802,2026-08-28T09:16:08+00:00,zc_cmp_full_zstd_single_bucket_20260828_35m_x1_00802,525031,31,559.808,Success,31,525031,554
803,803,2026-08-28T09:16:08+00:00,zc_cmp_full_zstd_single_bucket_20260828_35m_x1_00803,527065,31,418.398,Success,31,527065,411
804,804,2026-08-28T09:16:09+00:00,zc_cmp_full_zstd_single_bucket_20260828_35m_x1_00804,527484,31,452.801,Success,31,527484,447
805,805,2026-08-28T09:16:10+00:00,zc_cmp_full_zstd_single_bucket_20260828_35m_x1_00805,526330,31,487.177,Success,31,526330,481
806,806,2026-08-28T09:16:11+00:00,zc_cmp_full_zstd_single_bucket_20260828_35m_x1_00806,526847,31,472.443,Success,31,526847,466
807,807,2026-08-28T09:16:12+00:00,zc_cmp_full_zstd_single_bucket_20260828_35m_x1_00807,527030,31,456.606,Success,31,527030,451
808,808,2026-08-28T09:16:13+00:00,zc_cmp_full_zstd_single_bucket_20260828_35m_x1_00808,525482,31,482.727,Success,31,525482,476
809,809,2026-08-28T09:16:14+00:00,zc_cmp_full_zstd_single_bucket_20260828_35m_x1_00809,527261,31,423.494,Success,31,527261,418
810,810,2026-08-28T09:16:15+00:00,zc_cmp_full_zstd_single_bucket_20260828_35m_x1_00810,524701,31,399.937,Success,31,524701,393
811,811,2026-08-28T09:16:16+00:00,zc_cmp_full_zstd_single_bucket_20260828_35m_x1_00811,525855,31,479.314,Success,31,525855,481
812,812,2026-08-28T09:16:17+00:00,zc_cmp_full_zstd_single_bucket_20260828_35m_x1_00812,526002,31,428.792,Success,31,526002,429
813,813,2026-08-28T09:16:18+00:00,zc_cmp_full_zstd_single_bucket_20260828_35m_x1_00813,526386,31,420.24,Success,31,526386,419
814,814,2026-08-28T09:16:19+00:00,zc_cmp_full_zstd_single_bucket_20260828_35m_x1_00814,527306,31,428.092,Success,31,527306,426
815,815,2026-08-28T09:16:20+00:00,zc_cmp_full_zstd_single_bucket_20260828_35m_x1_00815,527111,31,462.226,Success,31,527111,461
816,816,2026-08-28T09:16:21+00:00,zc_cmp_full_zstd_single_bucket_20260828_35m_x1_00816,526807,31,466.92,Success,31,526807,464
817,817,2026-08-28T09:16:23+00:00,zc_cmp_full_zstd_single_bucket_20260828_35m_x1_00817,524725,31,482.939,Success,31,524725,478
818,818,2026-08-28T09:16:23+00:00,zc_cmp_full_zstd_single_bucket_20260828_35m_x1_00818,526887,31,410.868,Success,31,526887,407
819,819,2026-08-28T09:16:25+00:00,zc_cmp_full_zstd_single_bucket_20260828_35m_x1_00819,527054,31,585.632,Success,31,527054,583
820,820,2026-08-28T09:16:26+00:00,zc_cmp_full_zstd_single_bucket_20260828_35m_x1_00820,527441,31,684.596,Success,31,527441,679
821,821,2026-08-28T09:16:26+00:00,zc_cmp_full_zstd_single_bucket_20260828_35m_x1_00821,527150,31,397.534,Success,31,527150,393
822,822,2026-08-28T09:16:27+00:00,zc_cmp_full_zstd_single_bucket_20260828_35m_x1_00822,524843,31,356.667,Success,31,524843,352
823,823,2026-08-28T09:16:28+00:00,zc_cmp_full_zstd_single_bucket_20260828_35m_x1_00823,526701,31,452.024,Success,31,526701,448
824,824,2026-08-28T09:16:30+00:00,zc_cmp_full_zstd_single_bucket_20260828_35m_x1_00824,526631,31,600.31,Success,31,526631,595
825,825,2026-08-28T09:16:30+00:00,zc_cmp_full_zstd_single_bucket_20260828_35m_x1_00825,526274,31,367.248,Success,31,526274,362
826,826,2026-08-28T09:16:31+00:00,zc_cmp_full_zstd_single_bucket_20260828_35m_x1_00826,526798,31,446.245,Success,31,526798,441
827,827,2026-08-28T09:16:32+00:00,zc_cmp_full_zstd_single_bucket_20260828_35m_x1_00827,526853,31,460.458,Success,31,526853,454
828,828,2026-08-28T09:16:34+00:00,zc_cmp_full_zstd_single_bucket_20260828_35m_x1_00828,526569,31,541.742,Success,31,526569,536
829,829,2026-08-28T09:16:35+00:00,zc_cmp_full_zstd_single_bucket_20260828_35m_x1_00829,527268,31,546.214,Success,31,527268,541
830,830,2026-08-28T09:16:35+00:00,zc_cmp_full_zstd_single_bucket_20260828_35m_x1_00830,526512,31,417.654,Success,31,526512,410
831,831,2026-08-28T09:16:36+00:00,zc_cmp_full_zstd_single_bucket_20260828_35m_x1_00831,526240,31,369.635,Success,31,526240,370
832,832,2026-08-28T09:16:38+00:00,zc_cmp_full_zstd_single_bucket_20260828_35m_x1_00832,526394,31,557.969,Success,31,526394,559
833,833,2026-08-28T09:16:38+00:00,zc_cmp_full_zstd_single_bucket_20260828_35m_x1_00833,527177,31,462.662,Success,31,527177,463
834,834,2026-08-28T09:16:39+00:00,zc_cmp_full_zstd_single_bucket_20260828_35m_x1_00834,527294,31,376.486,Success,31,527294,375
835,835,2026-08-28T09:16:40+00:00,zc_cmp_full_zstd_single_bucket_20260828_35m_x1_00835,526546,31,399.073,Success,31,526546,398
836,836,2026-08-28T09:16:41+00:00,zc_cmp_full_zstd_single_bucket_20260828_35m_x1_00836,526456,31,441.305,Success,31,526456,440
837,837,2026-08-28T09:16:42+00:00,zc_cmp_full_zstd_single_bucket_20260828_35m_x1_00837,528127,31,432.858,Success,31,528127,430
838,838,2026-08-28T09:16:43+00:00,zc_cmp_full_zstd_single_bucket_20260828_35m_x1_00838,526611,31,345.307,Success,31,526611,341
839,839,2026-08-28T09:16:44+00:00,zc_cmp_full_zstd_single_bucket_20260828_35m_x1_00839,525941,31,387.053,Success,31,525941,383
840,840,2026-08-28T09:16:45+00:00,zc_cmp_full_zstd_single_bucket_20260828_35m_x1_00840,526721,31,374.52,Success,31,526721,369
841,841,2026-08-28T09:16:46+00:00,zc_cmp_full_zstd_single_bucket_20260828_35m_x1_00841,526028,31,383.372,Success,31,526028,384
842,842,2026-08-28T09:16:47+00:00,zc_cmp_full_zstd_single_bucket_20260828_35m_x1_00842,526388,31,480.888,Success,31,526388,479
843,843,2026-08-28T09:16:48+00:00,zc_cmp_full_zstd_single_bucket_20260828_35m_x1_00843,526181,31,383.515,Success,31,526181,383
844,844,2026-08-28T09:16:49+00:00,zc_cmp_full_zstd_single_bucket_20260828_35m_x1_00844,524994,31,323.595,Success,31,524994,321
845,845,2026-08-28T09:16:50+00:00,zc_cmp_full_zstd_single_bucket_20260828_35m_x1_00845,526044,31,404.334,Success,31,526044,403
846,846,2026-08-28T09:16:51+00:00,zc_cmp_full_zstd_single_bucket_20260828_35m_x1_00846,527129,31,433.144,Success,31,527129,430
847,847,2026-08-28T09:16:52+00:00,zc_cmp_full_zstd_single_bucket_20260828_35m_x1_00847,526493,31,389.991,Success,31,526493,387
848,848,2026-08-28T09:16:53+00:00,zc_cmp_full_zstd_single_bucket_20260828_35m_x1_00848,526148,31,291.936,Success,31,526148,289
849,849,2026-08-28T09:16:54+00:00,zc_cmp_full_zstd_single_bucket_20260828_35m_x1_00849,526640,31,343.519,Success,31,526640,340
850,850,2026-08-28T09:16:55+00:00,zc_cmp_full_zstd_single_bucket_20260828_35m_x1_00850,526638,31,483.286,Success,31,526638,478
851,851,2026-08-28T09:16:56+00:00,zc_cmp_full_zstd_single_bucket_20260828_35m_x1_00851,526015,31,403.025,Success,31,526015,405
852,852,2026-08-28T09:16:57+00:00,zc_cmp_full_zstd_single_bucket_20260828_35m_x1_00852,525930,31,394.301,Success,31,525930,395
853,853,2026-08-28T09:16:58+00:00,zc_cmp_full_zstd_single_bucket_20260828_35m_x1_00853,526665,31,376.509,Success,31,526665,376
854,854,2026-08-28T09:16:59+00:00,zc_cmp_full_zstd_single_bucket_20260828_35m_x1_00854,526668,31,422.179,Success,31,526668,421
855,855,2026-08-28T09:17:00+00:00,zc_cmp_full_zstd_single_bucket_20260828_35m_x1_00855,527169,31,419.753,Success,31,527169,418
856,856,2026-08-28T09:17:01+00:00,zc_cmp_full_zstd_single_bucket_20260828_35m_x1_00856,525613,31,405.342,Success,31,525613,403
857,857,2026-08-28T09:17:02+00:00,zc_cmp_full_zstd_single_bucket_20260828_35m_x1_00857,525846,31,319.768,Success,31,525846,317
858,858,2026-08-28T09:17:03+00:00,zc_cmp_full_zstd_single_bucket_20260828_35m_x1_00858,526074,31,352.313,Success,31,526074,349
859,859,2026-08-28T09:17:04+00:00,zc_cmp_full_zstd_single_bucket_20260828_35m_x1_00859,527429,31,459.227,Success,31,527429,455
860,860,2026-08-28T09:17:06+00:00,zc_cmp_full_zstd_single_bucket_20260828_35m_x1_00860,525652,31,602.73,Success,31,525652,599
861,861,2026-08-28T09:17:06+00:00,zc_cmp_full_zstd_single_bucket_20260828_35m_x1_00861,526259,31,487.735,Success,31,526259,490
862,862,2026-08-28T09:17:08+00:00,zc_cmp_full_zstd_single_bucket_20260828_35m_x1_00862,526838,31,655.888,Success,31,526838,660
863,863,2026-08-28T09:17:08+00:00,zc_cmp_full_zstd_single_bucket_20260828_35m_x1_00863,526759,31,385.257,Success,31,526759,383
864,864,2026-08-28T09:17:09+00:00,zc_cmp_full_zstd_single_bucket_20260828_35m_x1_00864,527115,31,470.838,Success,31,527115,471
865,865,2026-08-28T09:17:10+00:00,zc_cmp_full_zstd_single_bucket_20260828_35m_x1_00865,526139,31,490.257,Success,31,526139,490
866,866,2026-08-28T09:17:12+00:00,zc_cmp_full_zstd_single_bucket_20260828_35m_x1_00866,527630,31,517.396,Success,31,527630,516
867,867,2026-08-28T09:17:12+00:00,zc_cmp_full_zstd_single_bucket_20260828_35m_x1_00867,527448,31,466.665,Success,31,527448,465
868,868,2026-08-28T09:17:13+00:00,zc_cmp_full_zstd_single_bucket_20260828_35m_x1_00868,526302,31,485.466,Success,31,526302,483
869,869,2026-08-28T09:17:14+00:00,zc_cmp_full_zstd_single_bucket_20260828_35m_x1_00869,526928,31,484.454,Success,31,526928,481
870,870,2026-08-28T09:17:15+00:00,zc_cmp_full_zstd_single_bucket_20260828_35m_x1_00870,527654,31,461.199,Success,31,527654,456
871,871,2026-08-28T09:17:16+00:00,zc_cmp_full_zstd_single_bucket_20260828_35m_x1_00871,526518,31,425.636,Success,31,526518,427
872,872,2026-08-28T09:17:17+00:00,zc_cmp_full_zstd_single_bucket_20260828_35m_x1_00872,526483,31,485.156,Success,31,526483,486
873,873,2026-08-28T09:17:18+00:00,zc_cmp_full_zstd_single_bucket_20260828_35m_x1_00873,527464,31,450.328,Success,31,527464,450
874,874,2026-08-28T09:17:19+00:00,zc_cmp_full_zstd_single_bucket_20260828_35m_x1_00874,526402,31,394.778,Success,31,526402,393
875,875,2026-08-28T09:17:20+00:00,zc_cmp_full_zstd_single_bucket_20260828_35m_x1_00875,527005,31,432.523,Success,31,527005,431
876,876,2026-08-28T09:17:21+00:00,zc_cmp_full_zstd_single_bucket_20260828_35m_x1_00876,527104,31,417.436,Success,31,527104,415
877,877,2026-08-28T09:17:22+00:00,zc_cmp_full_zstd_single_bucket_20260828_35m_x1_00877,526116,31,442.203,Success,31,526116,439
878,878,2026-08-28T09:17:23+00:00,zc_cmp_full_zstd_single_bucket_20260828_35m_x1_00878,526736,31,391.069,Success,31,526736,387
879,879,2026-08-28T09:17:24+00:00,zc_cmp_full_zstd_single_bucket_20260828_35m_x1_00879,526900,31,395.42,Success,31,526900,392
880,880,2026-08-28T09:17:25+00:00,zc_cmp_full_zstd_single_bucket_20260828_35m_x1_00880,527508,31,428.004,Success,31,527508,424
881,881,2026-08-28T09:17:27+00:00,zc_cmp_full_zstd_single_bucket_20260828_35m_x1_00881,526771,31,546.178,Success,31,526771,542
882,882,2026-08-28T09:17:28+00:00,zc_cmp_full_zstd_single_bucket_20260828_35m_x1_00882,525264,31,545.271,Success,31,525264,536
883,883,2026-08-28T09:17:28+00:00,zc_cmp_full_zstd_single_bucket_20260828_35m_x1_00883,525773,31,430.906,Success,31,525773,425
884,884,2026-08-28T09:17:29+00:00,zc_cmp_full_zstd_single_bucket_20260828_35m_x1_00884,525814,31,344.286,Success,31,525814,338
885,885,2026-08-28T09:17:30+00:00,zc_cmp_full_zstd_single_bucket_20260828_35m_x1_00885,526164,31,353.982,Success,31,526164,349
886,886,2026-08-28T09:17:31+00:00,zc_cmp_full_zstd_single_bucket_20260828_35m_x1_00886,526779,31,448.185,Success,31,526779,443
887,887,2026-08-28T09:17:32+00:00,zc_cmp_full_zstd_single_bucket_20260828_35m_x1_00887,527426,31,432.152,Success,31,527426,427
888,888,2026-08-28T09:17:33+00:00,zc_cmp_full_zstd_single_bucket_20260828_35m_x1_00888,526741,31,344.401,Success,31,526741,339
889,889,2026-08-28T09:17:34+00:00,zc_cmp_full_zstd_single_bucket_20260828_35m_x1_00889,526072,31,416.656,Success,31,526072,411
890,890,2026-08-28T09:17:35+00:00,zc_cmp_full_zstd_single_bucket_20260828_35m_x1_00890,526542,31,362.891,Success,31,526542,358
891,891,2026-08-28T09:17:36+00:00,zc_cmp_full_zstd_single_bucket_20260828_35m_x1_00891,526765,31,474.572,Success,31,526765,477
892,892,2026-08-28T09:17:38+00:00,zc_cmp_full_zstd_single_bucket_20260828_35m_x1_00892,526297,31,537.744,Success,31,526297,540
893,893,2026-08-28T09:17:38+00:00,zc_cmp_full_zstd_single_bucket_20260828_35m_x1_00893,527319,31,324.963,Success,31,527319,323
894,894,2026-08-28T09:17:39+00:00,zc_cmp_full_zstd_single_bucket_20260828_35m_x1_00894,526049,31,301.033,Success,31,526049,299
895,895,2026-08-28T09:17:40+00:00,zc_cmp_full_zstd_single_bucket_20260828_35m_x1_00895,526033,31,333.976,Success,31,526033,331
896,896,2026-08-28T09:17:41+00:00,zc_cmp_full_zstd_single_bucket_20260828_35m_x1_00896,526026,31,430.377,Success,31,526026,428
897,897,2026-08-28T09:17:42+00:00,zc_cmp_full_zstd_single_bucket_20260828_35m_x1_00897,525643,31,412.772,Success,31,525643,409
898,898,2026-08-28T09:17:43+00:00,zc_cmp_full_zstd_single_bucket_20260828_35m_x1_00898,525886,31,424.983,Success,31,525886,422
899,899,2026-08-28T09:17:44+00:00,zc_cmp_full_zstd_single_bucket_20260828_35m_x1_00899,527959,31,409.911,Success,31,527959,406
900,900,2026-08-28T09:17:45+00:00,zc_cmp_full_zstd_single_bucket_20260828_35m_x1_00900,526207,31,390.061,Success,31,526207,386
901,901,2026-08-28T09:17:47+00:00,zc_cmp_full_zstd_single_bucket_20260828_35m_x1_00901,527187,31,528.778,Success,31,527187,525
902,902,2026-08-28T09:17:47+00:00,zc_cmp_full_zstd_single_bucket_20260828_35m_x1_00902,526273,31,479.979,Success,31,526273,476
903,903,2026-08-28T09:17:48+00:00,zc_cmp_full_zstd_single_bucket_20260828_35m_x1_00903,526863,31,356.864,Success,31,526863,352
904,904,2026-08-28T09:17:49+00:00,zc_cmp_full_zstd_single_bucket_20260828_35m_x1_00904,527262,31,382.031,Success,31,527262,378
905,905,2026-08-28T09:17:50+00:00,zc_cmp_full_zstd_single_bucket_20260828_35m_x1_00905,526407,31,361.873,Success,31,526407,356
906,906,2026-08-28T09:17:51+00:00,zc_cmp_full_zstd_single_bucket_20260828_35m_x1_00906,526661,31,443.211,Success,31,526661,438
907,907,2026-08-28T09:17:52+00:00,zc_cmp_full_zstd_single_bucket_20260828_35m_x1_00907,526211,31,476.357,Success,31,526211,472
908,908,2026-08-28T09:17:53+00:00,zc_cmp_full_zstd_single_bucket_20260828_35m_x1_00908,525961,31,390.776,Success,31,525961,386
909,909,2026-08-28T09:17:54+00:00,zc_cmp_full_zstd_single_bucket_20260828_35m_x1_00909,527446,31,379.787,Success,31,527446,375
910,910,2026-08-28T09:17:55+00:00,zc_cmp_full_zstd_single_bucket_20260828_35m_x1_00910,525691,31,404.929,Success,31,525691,399
911,911,2026-08-28T09:17:56+00:00,zc_cmp_full_zstd_single_bucket_20260828_35m_x1_00911,527530,31,422.389,Success,31,527530,424
912,912,2026-08-28T09:17:57+00:00,zc_cmp_full_zstd_single_bucket_20260828_35m_x1_00912,526912,31,372.399,Success,31,526912,372
913,913,2026-08-28T09:17:58+00:00,zc_cmp_full_zstd_single_bucket_20260828_35m_x1_00913,526119,31,367.832,Success,31,526119,367
914,914,2026-08-28T09:17:59+00:00,zc_cmp_full_zstd_single_bucket_20260828_35m_x1_00914,527685,31,414.412,Success,31,527685,414
915,915,2026-08-28T09:18:00+00:00,zc_cmp_full_zstd_single_bucket_20260828_35m_x1_00915,526624,31,379.452,Success,31,526624,377
916,916,2026-08-28T09:18:01+00:00,zc_cmp_full_zstd_single_bucket_20260828_35m_x1_00916,526904,31,418.803,Success,31,526904,416
917,917,2026-08-28T09:18:02+00:00,zc_cmp_full_zstd_single_bucket_20260828_35m_x1_00917,527194,31,347.371,Success,31,527194,344
918,918,2026-08-28T09:18:03+00:00,zc_cmp_full_zstd_single_bucket_20260828_35m_x1_00918,526581,31,407.145,Success,31,526581,404
919,919,2026-08-28T09:18:04+00:00,zc_cmp_full_zstd_single_bucket_20260828_35m_x1_00919,525664,31,438.326,Success,31,525664,434
920,920,2026-08-28T09:18:05+00:00,zc_cmp_full_zstd_single_bucket_20260828_35m_x1_00920,527365,31,390.074,Success,31,527365,386
921,921,2026-08-28T09:18:06+00:00,zc_cmp_full_zstd_single_bucket_20260828_35m_x1_00921,525980,31,485.1,Success,31,525980,481
922,922,2026-08-28T09:18:07+00:00,zc_cmp_full_zstd_single_bucket_20260828_35m_x1_00922,526287,31,485.839,Success,31,526287,482
923,923,2026-08-28T09:18:08+00:00,zc_cmp_full_zstd_single_bucket_20260828_35m_x1_00923,526302,31,369.414,Success,31,526302,365
924,924,2026-08-28T09:18:09+00:00,zc_cmp_full_zstd_single_bucket_20260828_35m_x1_00924,526876,31,416.172,Success,31,526876,412
925,925,2026-08-28T09:18:10+00:00,zc_cmp_full_zstd_single_bucket_20260828_35m_x1_00925,527339,31,406.663,Success,31,527339,401
926,926,2026-08-28T09:18:11+00:00,zc_cmp_full_zstd_single_bucket_20260828_35m_x1_00926,526732,31,393.504,Success,31,526732,389
927,927,2026-08-28T09:18:12+00:00,zc_cmp_full_zstd_single_bucket_20260828_35m_x1_00927,526925,31,331.056,Success,31,526925,326
928,928,2026-08-28T09:18:13+00:00,zc_cmp_full_zstd_single_bucket_20260828_35m_x1_00928,526820,31,453.72,Success,31,526820,449
929,929,2026-08-28T09:18:14+00:00,zc_cmp_full_zstd_single_bucket_20260828_35m_x1_00929,526406,31,441.637,Success,31,526406,436
930,930,2026-08-28T09:18:16+00:00,zc_cmp_full_zstd_single_bucket_20260828_35m_x1_00930,525921,31,592.355,Success,31,525921,588
931,931,2026-08-28T09:18:16+00:00,zc_cmp_full_zstd_single_bucket_20260828_35m_x1_00931,527954,31,436.638,Success,31,527954,439
932,932,2026-08-28T09:18:17+00:00,zc_cmp_full_zstd_single_bucket_20260828_35m_x1_00932,526633,31,367.183,Success,31,526633,367
933,933,2026-08-28T09:18:18+00:00,zc_cmp_full_zstd_single_bucket_20260828_35m_x1_00933,526668,31,351.263,Success,31,526668,350
934,934,2026-08-28T09:18:19+00:00,zc_cmp_full_zstd_single_bucket_20260828_35m_x1_00934,525597,31,375.023,Success,31,525597,374
935,935,2026-08-28T09:18:20+00:00,zc_cmp_full_zstd_single_bucket_20260828_35m_x1_00935,527828,31,337.84,Success,31,527828,336
936,936,2026-08-28T09:18:21+00:00,zc_cmp_full_zstd_single_bucket_20260828_35m_x1_00936,527253,31,357.398,Success,31,527253,354
937,937,2026-08-28T09:18:22+00:00,zc_cmp_full_zstd_single_bucket_20260828_35m_x1_00937,525482,31,336.995,Success,31,525482,334
938,938,2026-08-28T09:18:23+00:00,zc_cmp_full_zstd_single_bucket_20260828_35m_x1_00938,526811,31,338.058,Success,31,526811,335
939,939,2026-08-28T09:18:24+00:00,zc_cmp_full_zstd_single_bucket_20260828_35m_x1_00939,526326,31,389.861,Success,31,526326,385
940,940,2026-08-28T09:18:25+00:00,zc_cmp_full_zstd_single_bucket_20260828_35m_x1_00940,527653,31,452.361,Success,31,527653,446
941,941,2026-08-28T09:18:26+00:00,zc_cmp_full_zstd_single_bucket_20260828_35m_x1_00941,528089,31,312.099,Success,31,528089,311
942,942,2026-08-28T09:18:27+00:00,zc_cmp_full_zstd_single_bucket_20260828_35m_x1_00942,526895,31,292.471,Success,31,526895,291
943,943,2026-08-28T09:18:28+00:00,zc_cmp_full_zstd_single_bucket_20260828_35m_x1_00943,526260,31,490.092,Success,31,526260,490
944,944,2026-08-28T09:18:29+00:00,zc_cmp_full_zstd_single_bucket_20260828_35m_x1_00944,526264,31,367.238,Success,31,526264,365
945,945,2026-08-28T09:18:30+00:00,zc_cmp_full_zstd_single_bucket_20260828_35m_x1_00945,526721,31,342.295,Success,31,526721,340
946,946,2026-08-28T09:18:31+00:00,zc_cmp_full_zstd_single_bucket_20260828_35m_x1_00946,526364,31,366.953,Success,31,526364,364
947,947,2026-08-28T09:18:32+00:00,zc_cmp_full_zstd_single_bucket_20260828_35m_x1_00947,526732,31,415.383,Success,31,526732,412
948,948,2026-08-28T09:18:33+00:00,zc_cmp_full_zstd_single_bucket_20260828_35m_x1_00948,525752,31,332.732,Success,31,525752,329
949,949,2026-08-28T09:18:35+00:00,zc_cmp_full_zstd_single_bucket_20260828_35m_x1_00949,526570,31,530.134,Success,31,526570,527
950,950,2026-08-28T09:18:35+00:00,zc_cmp_full_zstd_single_bucket_20260828_35m_x1_00950,526913,31,463.419,Success,31,526913,460
951,951,2026-08-28T09:18:36+00:00,zc_cmp_full_zstd_single_bucket_20260828_35m_x1_00951,526130,31,381.735,Success,31,526130,378
952,952,2026-08-28T09:18:37+00:00,zc_cmp_full_zstd_single_bucket_20260828_35m_x1_00952,525988,31,476.008,Success,31,525988,472
953,953,2026-08-28T09:18:38+00:00,zc_cmp_full_zstd_single_bucket_20260828_35m_x1_00953,526460,31,397.866,Success,31,526460,393
954,954,2026-08-28T09:18:39+00:00,zc_cmp_full_zstd_single_bucket_20260828_35m_x1_00954,526673,31,363.15,Success,31,526673,358
955,955,2026-08-28T09:18:40+00:00,zc_cmp_full_zstd_single_bucket_20260828_35m_x1_00955,525850,31,334.961,Success,31,525850,330
956,956,2026-08-28T09:18:41+00:00,zc_cmp_full_zstd_single_bucket_20260828_35m_x1_00956,526292,31,391.657,Success,31,526292,387
957,957,2026-08-28T09:18:42+00:00,zc_cmp_full_zstd_single_bucket_20260828_35m_x1_00957,526443,31,341.632,Success,31,526443,337
958,958,2026-08-28T09:18:43+00:00,zc_cmp_full_zstd_single_bucket_20260828_35m_x1_00958,527017,31,485.11,Success,31,527017,480
959,959,2026-08-28T09:18:44+00:00,zc_cmp_full_zstd_single_bucket_20260828_35m_x1_00959,526647,31,466.126,Success,31,526647,461
960,960,2026-08-28T09:18:45+00:00,zc_cmp_full_zstd_single_bucket_20260828_35m_x1_00960,525705,31,389.816,Success,31,525705,383
961,961,2026-08-28T09:18:46+00:00,zc_cmp_full_zstd_single_bucket_20260828_35m_x1_00961,526036,31,404.02,Success,31,526036,405
962,962,2026-08-28T09:18:47+00:00,zc_cmp_full_zstd_single_bucket_20260828_35m_x1_00962,525470,31,499.145,Success,31,525470,495
963,963,2026-08-28T09:18:48+00:00,zc_cmp_full_zstd_single_bucket_20260828_35m_x1_00963,527706,31,409.109,Success,31,527706,404
964,964,2026-08-28T09:18:49+00:00,zc_cmp_full_zstd_single_bucket_20260828_35m_x1_00964,526032,31,396.181,Success,31,526032,393
965,965,2026-08-28T09:18:50+00:00,zc_cmp_full_zstd_single_bucket_20260828_35m_x1_00965,526695,31,400.377,Success,31,526695,398
966,966,2026-08-28T09:18:51+00:00,zc_cmp_full_zstd_single_bucket_20260828_35m_x1_00966,526581,31,416.805,Success,31,526581,414
967,967,2026-08-28T09:18:52+00:00,zc_cmp_full_zstd_single_bucket_20260828_35m_x1_00967,526084,31,460.546,Success,31,526084,457
968,968,2026-08-28T09:18:53+00:00,zc_cmp_full_zstd_single_bucket_20260828_35m_x1_00968,526192,31,447.864,Success,31,526192,445
969,969,2026-08-28T09:18:54+00:00,zc_cmp_full_zstd_single_bucket_20260828_35m_x1_00969,526005,31,384.221,Success,31,526005,378
970,970,2026-08-28T09:18:55+00:00,zc_cmp_full_zstd_single_bucket_20260828_35m_x1_00970,525866,31,436.28,Success,31,525866,432
971,971,2026-08-28T09:18:56+00:00,zc_cmp_full_zstd_single_bucket_20260828_35m_x1_00971,526305,31,318.926,Success,31,526305,314
972,972,2026-08-28T09:18:57+00:00,zc_cmp_full_zstd_single_bucket_20260828_35m_x1_00972,526287,31,401.771,Success,31,526287,397
973,973,2026-08-28T09:18:58+00:00,zc_cmp_full_zstd_single_bucket_20260828_35m_x1_00973,525733,31,395.444,Success,31,525733,391
974,974,2026-08-28T09:18:59+00:00,zc_cmp_full_zstd_single_bucket_20260828_35m_x1_00974,526108,31,366.216,Success,31,526108,361
975,975,2026-08-28T09:19:00+00:00,zc_cmp_full_zstd_single_bucket_20260828_35m_x1_00975,526258,31,314.254,Success,31,526258,308
976,976,2026-08-28T09:19:01+00:00,zc_cmp_full_zstd_single_bucket_20260828_35m_x1_00976,527093,31,398.335,Success,31,527093,393
977,977,2026-08-28T09:19:02+00:00,zc_cmp_full_zstd_single_bucket_20260828_35m_x1_00977,525219,31,299.84,Success,31,525219,295
978,978,2026-08-28T09:19:03+00:00,zc_cmp_full_zstd_single_bucket_20260828_35m_x1_00978,526429,31,370.432,Success,31,526429,365
979,979,2026-08-28T09:19:04+00:00,zc_cmp_full_zstd_single_bucket_20260828_35m_x1_00979,525819,31,386.412,Success,31,525819,381
980,980,2026-08-28T09:19:05+00:00,zc_cmp_full_zstd_single_bucket_20260828_35m_x1_00980,526432,31,377.803,Success,31,526432,372
981,981,2026-08-28T09:19:06+00:00,zc_cmp_full_zstd_single_bucket_20260828_35m_x1_00981,526837,31,368.483,Success,31,526837,368
982,982,2026-08-28T09:19:07+00:00,zc_cmp_full_zstd_single_bucket_20260828_35m_x1_00982,525449,31,411.559,Success,31,525449,412
983,983,2026-08-28T09:19:08+00:00,zc_cmp_full_zstd_single_bucket_20260828_35m_x1_00983,526294,31,366.555,Success,31,526294,365
984,984,2026-08-28T09:19:09+00:00,zc_cmp_full_zstd_single_bucket_20260828_35m_x1_00984,527198,31,345.569,Success,31,527198,343
985,985,2026-08-28T09:19:10+00:00,zc_cmp_full_zstd_single_bucket_20260828_35m_x1_00985,526382,31,481.489,Success,31,526382,480
986,986,2026-08-28T09:19:11+00:00,zc_cmp_full_zstd_single_bucket_20260828_35m_x1_00986,527603,31,319.725,Success,31,527603,316
987,987,2026-08-28T09:19:12+00:00,zc_cmp_full_zstd_single_bucket_20260828_35m_x1_00987,526702,31,388.903,Success,31,526702,386
988,988,2026-08-28T09:19:13+00:00,zc_cmp_full_zstd_single_bucket_20260828_35m_x1_00988,526298,31,426.051,Success,31,526298,423
989,989,2026-08-28T09:19:14+00:00,zc_cmp_full_zstd_single_bucket_20260828_35m_x1_00989,527168,31,412.571,Success,31,527168,409
990,990,2026-08-28T09:19:15+00:00,zc_cmp_full_zstd_single_bucket_20260828_35m_x1_00990,526073,31,432.418,Success,31,526073,429
991,991,2026-08-28T09:19:16+00:00,zc_cmp_full_zstd_single_bucket_20260828_35m_x1_00991,526093,31,458.989,Success,31,526093,454
992,992,2026-08-28T09:19:17+00:00,zc_cmp_full_zstd_single_bucket_20260828_35m_x1_00992,526775,31,453.954,Success,31,526775,450
993,993,2026-08-28T09:19:18+00:00,zc_cmp_full_zstd_single_bucket_20260828_35m_x1_00993,526605,31,352.849,Success,31,526605,348
994,994,2026-08-28T09:19:19+00:00,zc_cmp_full_zstd_single_bucket_20260828_35m_x1_00994,525464,31,384.999,Success,31,525464,380
995,995,2026-08-28T09:19:20+00:00,zc_cmp_full_zstd_single_bucket_20260828_35m_x1_00995,526558,31,422.879,Success,31,526558,419
996,996,2026-08-28T09:19:21+00:00,zc_cmp_full_zstd_single_bucket_20260828_35m_x1_00996,525721,31,437.152,Success,31,525721,432
997,997,2026-08-28T09:19:22+00:00,zc_cmp_full_zstd_single_bucket_20260828_35m_x1_00997,526253,31,364.514,Success,31,526253,359
998,998,2026-08-28T09:19:23+00:00,zc_cmp_full_zstd_single_bucket_20260828_35m_x1_00998,526619,31,361.793,Success,31,526619,357
999,999,2026-08-28T09:19:24+00:00,zc_cmp_full_zstd_single_bucket_20260828_35m_x1_00999,526041,31,312.506,Success,31,526041,307
1000,1000,2026-08-28T09:19:25+00:00,zc_cmp_full_zstd_single_bucket_20260828_35m_x1_01000,527292,31,393.958,Success,31,527292,388
1001,1001,2026-08-28T09:19:26+00:00,zc_cmp_full_zstd_single_bucket_20260828_35m_x1_01001,526876,31,446.823,Success,31,526876,449
1002,1002,2026-08-28T09:19:27+00:00,zc_cmp_full_zstd_single_bucket_20260828_35m_x1_01002,526327,31,316.028,Success,31,526327,315
1003,1003,2026-08-28T09:19:28+00:00,zc_cmp_full_zstd_single_bucket_20260828_35m_x1_01003,527148,31,426.537,Success,31,527148,426
1004,1004,2026-08-28T09:19:29+00:00,zc_cmp_full_zstd_single_bucket_20260828_35m_x1_01004,526108,31,333.849,Success,31,526108,332
1005,1005,2026-08-28T09:19:31+00:00,zc_cmp_full_zstd_single_bucket_20260828_35m_x1_01005,525689,31,575.835,Success,31,525689,548
1006,1006,2026-08-28T09:19:31+00:00,zc_cmp_full_zstd_single_bucket_20260828_35m_x1_01006,527425,31,386.535,Success,31,527425,384
1007,1007,2026-08-28T09:19:32+00:00,zc_cmp_full_zstd_single_bucket_20260828_35m_x1_01007,526315,31,341.889,Success,31,526315,339
1008,1008,2026-08-28T09:19:33+00:00,zc_cmp_full_zstd_single_bucket_20260828_35m_x1_01008,526801,31,374.787,Success,31,526801,371
1009,1009,2026-08-28T09:19:34+00:00,zc_cmp_full_zstd_single_bucket_20260828_35m_x1_01009,526378,31,369.391,Success,31,526378,366
1010,1010,2026-08-28T09:19:35+00:00,zc_cmp_full_zstd_single_bucket_20260828_35m_x1_01010,527495,31,412.243,Success,31,527495,406
1011,1011,2026-08-28T09:19:37+00:00,zc_cmp_full_zstd_single_bucket_20260828_35m_x1_01011,526832,31,500.73,Success,31,526832,503
1012,1012,2026-08-28T09:19:37+00:00,zc_cmp_full_zstd_single_bucket_20260828_35m_x1_01012,526676,31,493.452,Success,31,526676,495
1013,1013,2026-08-28T09:19:38+00:00,zc_cmp_full_zstd_single_bucket_20260828_35m_x1_01013,527220,31,412.688,Success,31,527220,413
1014,1014,2026-08-28T09:19:39+00:00,zc_cmp_full_zstd_single_bucket_20260828_35m_x1_01014,526809,31,437.97,Success,31,526809,437
1015,1015,2026-08-28T09:19:41+00:00,zc_cmp_full_zstd_single_bucket_20260828_35m_x1_01015,527015,31,550.414,Success,31,527015,550
1016,1016,2026-08-28T09:19:41+00:00,zc_cmp_full_zstd_single_bucket_20260828_35m_x1_01016,525994,31,323.009,Success,31,525994,320
1017,1017,2026-08-28T09:19:42+00:00,zc_cmp_full_zstd_single_bucket_20260828_35m_x1_01017,527448,31,304.239,Success,31,527448,301
1018,1018,2026-08-28T09:19:43+00:00,zc_cmp_full_zstd_single_bucket_20260828_35m_x1_01018,527076,31,457.89,Success,31,527076,455
1019,1019,2026-08-28T09:19:44+00:00,zc_cmp_full_zstd_single_bucket_20260828_35m_x1_01019,525398,31,424.029,Success,31,525398,419
1020,1020,2026-08-28T09:19:45+00:00,zc_cmp_full_zstd_single_bucket_20260828_35m_x1_01020,525754,31,352.615,Success,31,525754,346
1021,1021,2026-08-28T09:19:46+00:00,zc_cmp_full_zstd_single_bucket_20260828_35m_x1_01021,526116,31,327.701,Success,31,526116,326
1022,1022,2026-08-28T09:19:47+00:00,zc_cmp_full_zstd_single_bucket_20260828_35m_x1_01022,526805,31,377.866,Success,31,526805,376
1023,1023,2026-08-28T09:19:48+00:00,zc_cmp_full_zstd_single_bucket_20260828_35m_x1_01023,525886,31,472.291,Success,31,525886,468
1024,1024,2026-08-28T09:19:49+00:00,zc_cmp_full_zstd_single_bucket_20260828_35m_x1_01024,526646,31,473.527,Success,31,526646,470
1025,1025,2026-08-28T09:19:50+00:00,zc_cmp_full_zstd_single_bucket_20260828_35m_x1_01025,526965,31,362.272,Success,31,526965,358
1026,1026,2026-08-28T09:19:51+00:00,zc_cmp_full_zstd_single_bucket_20260828_35m_x1_01026,526535,31,298.482,Success,31,526535,295
1027,1027,2026-08-28T09:19:52+00:00,zc_cmp_full_zstd_single_bucket_20260828_35m_x1_01027,525972,31,414.562,Success,31,525972,411
1028,1028,2026-08-28T09:19:53+00:00,zc_cmp_full_zstd_single_bucket_20260828_35m_x1_01028,525565,31,401.755,Success,31,525565,398
1029,1029,2026-08-28T09:19:54+00:00,zc_cmp_full_zstd_single_bucket_20260828_35m_x1_01029,526718,31,361.999,Success,31,526718,357
1030,1030,2026-08-28T09:19:55+00:00,zc_cmp_full_zstd_single_bucket_20260828_35m_x1_01030,526582,31,387.406,Success,31,526582,383
1031,1031,2026-08-28T09:19:56+00:00,zc_cmp_full_zstd_single_bucket_20260828_35m_x1_01031,526522,31,360.443,Success,31,526522,356
1032,1032,2026-08-28T09:19:57+00:00,zc_cmp_full_zstd_single_bucket_20260828_35m_x1_01032,526283,31,485.401,Success,31,526283,481
1033,1033,2026-08-28T09:19:59+00:00,zc_cmp_full_zstd_single_bucket_20260828_35m_x1_01033,527010,31,546.71,Success,31,527010,542
1034,1034,2026-08-28T09:20:00+00:00,zc_cmp_full_zstd_single_bucket_20260828_35m_x1_01034,527374,31,541.78,Success,31,527374,537
1035,1035,2026-08-28T09:20:00+00:00,zc_cmp_full_zstd_single_bucket_20260828_35m_x1_01035,526021,31,355.1,Success,31,526021,349
1036,1036,2026-08-28T09:20:01+00:00,zc_cmp_full_zstd_single_bucket_20260828_35m_x1_01036,526310,31,421.899,Success,31,526310,413
1037,1037,2026-08-28T09:20:02+00:00,zc_cmp_full_zstd_single_bucket_20260828_35m_x1_01037,526347,31,445.759,Success,31,526347,440
1038,1038,2026-08-28T09:20:03+00:00,zc_cmp_full_zstd_single_bucket_20260828_35m_x1_01038,526356,31,365.304,Success,31,526356,360
1039,1039,2026-08-28T09:20:04+00:00,zc_cmp_full_zstd_single_bucket_20260828_35m_x1_01039,526748,31,366.837,Success,31,526748,362
1040,1040,2026-08-28T09:20:05+00:00,zc_cmp_full_zstd_single_bucket_20260828_35m_x1_01040,526041,31,427.472,Success,31,526041,422
1041,1041,2026-08-28T09:20:06+00:00,zc_cmp_full_zstd_single_bucket_20260828_35m_x1_01041,526400,31,443.025,Success,31,526400,437
1042,1042,2026-08-28T09:20:07+00:00,zc_cmp_full_zstd_single_bucket_20260828_35m_x1_01042,526586,31,442.012,Success,31,526586,436
1043,1043,2026-08-28T09:20:08+00:00,zc_cmp_full_zstd_single_bucket_20260828_35m_x1_01043,527067,31,380.563,Success,31,527067,375
1044,1044,2026-08-28T09:20:09+00:00,zc_cmp_full_zstd_single_bucket_20260828_35m_x1_01044,525785,31,354.976,Success,31,525785,350
1045,1045,2026-08-28T09:20:10+00:00,zc_cmp_full_zstd_single_bucket_20260828_35m_x1_01045,526760,31,357.091,Success,31,526760,352
1046,1046,2026-08-28T09:20:11+00:00,zc_cmp_full_zstd_single_bucket_20260828_35m_x1_01046,526515,31,449.855,Success,31,526515,445
1047,1047,2026-08-28T09:20:13+00:00,zc_cmp_full_zstd_single_bucket_20260828_35m_x1_01047,526821,31,521.651,Success,31,526821,515
1048,1048,2026-08-28T09:20:13+00:00,zc_cmp_full_zstd_single_bucket_20260828_35m_x1_01048,526263,31,482.17,Success,31,526263,477
1049,1049,2026-08-28T09:20:14+00:00,zc_cmp_full_zstd_single_bucket_20260828_35m_x1_01049,525601,31,360.824,Success,31,525601,355
1050,1050,2026-08-28T09:20:16+00:00,zc_cmp_full_zstd_single_bucket_20260828_35m_x1_01050,526775,31,504.719,Success,31,526775,499
1051,1051,2026-08-28T09:20:17+00:00,zc_cmp_full_zstd_single_bucket_20260828_35m_x1_01051,526839,31,549.526,Success,31,526839,552
1052,1052,2026-08-28T09:20:18+00:00,zc_cmp_full_zstd_single_bucket_20260828_35m_x1_01052,527863,31,573.589,Success,31,527863,576
1053,1053,2026-08-28T09:20:18+00:00,zc_cmp_full_zstd_single_bucket_20260828_35m_x1_01053,526403,31,459.418,Success,31,526403,455
1054,1054,2026-08-28T09:20:20+00:00,zc_cmp_full_zstd_single_bucket_20260828_35m_x1_01054,525955,31,545.849,Success,31,525955,546
1055,1055,2026-08-28T09:20:20+00:00,zc_cmp_full_zstd_single_bucket_20260828_35m_x1_01055,526240,31,463.13,Success,31,526240,462
1056,1056,2026-08-28T09:20:21+00:00,zc_cmp_full_zstd_single_bucket_20260828_35m_x1_01056,526519,31,460.294,Success,31,526519,458
1057,1057,2026-08-28T09:20:22+00:00,zc_cmp_full_zstd_single_bucket_20260828_35m_x1_01057,526648,31,443.001,Success,31,526648,441
1058,1058,2026-08-28T09:20:23+00:00,zc_cmp_full_zstd_single_bucket_20260828_35m_x1_01058,527227,31,423.494,Success,31,527227,420
1059,1059,2026-08-28T09:20:24+00:00,zc_cmp_full_zstd_single_bucket_20260828_35m_x1_01059,526353,31,471.126,Success,31,526353,467
1060,1060,2026-08-28T09:20:25+00:00,zc_cmp_full_zstd_single_bucket_20260828_35m_x1_01060,527480,31,450.319,Success,31,527480,444
1061,1061,2026-08-28T09:20:26+00:00,zc_cmp_full_zstd_single_bucket_20260828_35m_x1_01061,525955,31,458.625,Success,31,525955,461
1062,1062,2026-08-28T09:20:27+00:00,zc_cmp_full_zstd_single_bucket_20260828_35m_x1_01062,527260,31,416.794,Success,31,527260,416
1063,1063,2026-08-28T09:20:28+00:00,zc_cmp_full_zstd_single_bucket_20260828_35m_x1_01063,526392,31,458.057,Success,31,526392,458
1064,1064,2026-08-28T09:20:29+00:00,zc_cmp_full_zstd_single_bucket_20260828_35m_x1_01064,525665,31,389.651,Success,31,525665,387
1065,1065,2026-08-28T09:20:30+00:00,zc_cmp_full_zstd_single_bucket_20260828_35m_x1_01065,526105,31,352.137,Success,31,526105,350
1066,1066,2026-08-28T09:20:31+00:00,zc_cmp_full_zstd_single_bucket_20260828_35m_x1_01066,527006,31,422.268,Success,31,527006,421
1067,1067,2026-08-28T09:20:32+00:00,zc_cmp_full_zstd_single_bucket_20260828_35m_x1_01067,525920,31,398.211,Success,31,525920,395
1068,1068,2026-08-28T09:20:33+00:00,zc_cmp_full_zstd_single_bucket_20260828_35m_x1_01068,526233,31,472.009,Success,31,526233,469
1069,1069,2026-08-28T09:20:34+00:00,zc_cmp_full_zstd_single_bucket_20260828_35m_x1_01069,525756,31,474.972,Success,31,525756,470
1070,1070,2026-08-28T09:20:36+00:00,zc_cmp_full_zstd_single_bucket_20260828_35m_x1_01070,526293,31,509.821,Success,31,526293,504
1071,1071,2026-08-28T09:20:36+00:00,zc_cmp_full_zstd_single_bucket_20260828_35m_x1_01071,528138,31,487.025,Success,31,528138,488
1072,1072,2026-08-28T09:20:38+00:00,zc_cmp_full_zstd_single_bucket_20260828_35m_x1_01072,526608,31,527.382,Success,31,526608,528
1073,1073,2026-08-28T09:20:39+00:00,zc_cmp_full_zstd_single_bucket_20260828_35m_x1_01073,526685,31,542.935,Success,31,526685,542
1074,1074,2026-08-28T09:20:39+00:00,zc_cmp_full_zstd_single_bucket_20260828_35m_x1_01074,526862,31,451.168,Success,31,526862,449
1075,1075,2026-08-28T09:20:40+00:00,zc_cmp_full_zstd_single_bucket_20260828_35m_x1_01075,527258,31,442.587,Success,31,527258,441
1076,1076,2026-08-28T09:20:41+00:00,zc_cmp_full_zstd_single_bucket_20260828_35m_x1_01076,525203,31,458.493,Success,31,525203,456
1077,1077,2026-08-28T09:20:42+00:00,zc_cmp_full_zstd_single_bucket_20260828_35m_x1_01077,527251,31,410.684,Success,31,527251,407
1078,1078,2026-08-28T09:20:44+00:00,zc_cmp_full_zstd_single_bucket_20260828_35m_x1_01078,525276,31,542.663,Success,31,525276,539
1079,1079,2026-08-28T09:20:44+00:00,zc_cmp_full_zstd_single_bucket_20260828_35m_x1_01079,527156,31,464.585,Success,31,527156,460
1080,1080,2026-08-28T09:20:45+00:00,zc_cmp_full_zstd_single_bucket_20260828_35m_x1_01080,526520,31,377.068,Success,31,526520,373
1081,1081,2026-08-28T09:20:46+00:00,zc_cmp_full_zstd_single_bucket_20260828_35m_x1_01081,526407,31,447.192,Success,31,526407,443
1082,1082,2026-08-28T09:20:47+00:00,zc_cmp_full_zstd_single_bucket_20260828_35m_x1_01082,526336,31,489.375,Success,31,526336,485
1083,1083,2026-08-28T09:20:48+00:00,zc_cmp_full_zstd_single_bucket_20260828_35m_x1_01083,526464,31,475.496,Success,31,526464,469
1084,1084,2026-08-28T09:20:50+00:00,zc_cmp_full_zstd_single_bucket_20260828_35m_x1_01084,527373,31,777.154,Success,31,527373,687
1085,1085,2026-08-28T09:20:51+00:00,zc_cmp_full_zstd_single_bucket_20260828_35m_x1_01085,527123,31,522.821,Success,31,527123,514
1086,1086,2026-08-28T09:20:52+00:00,zc_cmp_full_zstd_single_bucket_20260828_35m_x1_01086,526336,31,562.979,Success,31,526336,513
1087,1087,2026-08-28T09:20:53+00:00,zc_cmp_full_zstd_single_bucket_20260828_35m_x1_01087,526908,31,499.332,Success,31,526908,494
1088,1088,2026-08-28T09:20:54+00:00,zc_cmp_full_zstd_single_bucket_20260828_35m_x1_01088,526139,31,539.07,Success,31,526139,534
1089,1089,2026-08-28T09:20:54+00:00,zc_cmp_full_zstd_single_bucket_20260828_35m_x1_01089,526199,31,476.883,Success,31,526199,471
1090,1090,2026-08-28T09:20:56+00:00,zc_cmp_full_zstd_single_bucket_20260828_35m_x1_01090,526942,31,502.38,Success,31,526942,497
1091,1091,2026-08-28T09:20:56+00:00,zc_cmp_full_zstd_single_bucket_20260828_35m_x1_01091,525925,31,407.939,Success,31,525925,408
1092,1092,2026-08-28T09:20:57+00:00,zc_cmp_full_zstd_single_bucket_20260828_35m_x1_01092,526929,31,413.282,Success,31,526929,412
1093,1093,2026-08-28T09:20:59+00:00,zc_cmp_full_zstd_single_bucket_20260828_35m_x1_01093,526593,31,538.212,Success,31,526593,538
1094,1094,2026-08-28T09:20:59+00:00,zc_cmp_full_zstd_single_bucket_20260828_35m_x1_01094,526664,31,492.945,Success,31,526664,491
1095,1095,2026-08-28T09:21:00+00:00,zc_cmp_full_zstd_single_bucket_20260828_35m_x1_01095,527396,31,396.273,Success,31,527396,394
1096,1096,2026-08-28T09:21:01+00:00,zc_cmp_full_zstd_single_bucket_20260828_35m_x1_01096,526265,31,453.532,Success,31,526265,451
1097,1097,2026-08-28T09:21:02+00:00,zc_cmp_full_zstd_single_bucket_20260828_35m_x1_01097,526835,31,452.951,Success,31,526835,450
1098,1098,2026-08-28T09:21:03+00:00,zc_cmp_full_zstd_single_bucket_20260828_35m_x1_01098,527271,31,480.702,Success,31,527271,477
1099,1099,2026-08-28T09:21:05+00:00,zc_cmp_full_zstd_single_bucket_20260828_35m_x1_01099,527304,31,589.273,Success,31,527304,586
1100,1100,2026-08-28T09:21:05+00:00,zc_cmp_full_zstd_single_bucket_20260828_35m_x1_01100,525854,31,436.714,Success,31,525854,433
1101,1101,2026-08-28T09:21:06+00:00,zc_cmp_full_zstd_single_bucket_20260828_35m_x1_01101,527631,31,494.104,Success,31,527631,486
1102,1102,2026-08-28T09:21:07+00:00,zc_cmp_full_zstd_single_bucket_20260828_35m_x1_01102,525931,31,483.939,Success,31,525931,480
1103,1103,2026-08-28T09:21:08+00:00,zc_cmp_full_zstd_single_bucket_20260828_35m_x1_01103,526710,31,477.963,Success,31,526710,473
1104,1104,2026-08-28T09:21:09+00:00,zc_cmp_full_zstd_single_bucket_20260828_35m_x1_01104,526149,31,474.786,Success,31,526149,470
1105,1105,2026-08-28T09:21:11+00:00,zc_cmp_full_zstd_single_bucket_20260828_35m_x1_01105,527805,31,527.126,Success,31,527805,521
1106,1106,2026-08-28T09:21:11+00:00,zc_cmp_full_zstd_single_bucket_20260828_35m_x1_01106,526305,31,478.641,Success,31,526305,474
1107,1107,2026-08-28T09:21:12+00:00,zc_cmp_full_zstd_single_bucket_20260828_35m_x1_01107,527082,31,465.449,Success,31,527082,460
1108,1108,2026-08-28T09:21:13+00:00,zc_cmp_full_zstd_single_bucket_20260828_35m_x1_01108,526828,31,451.672,Success,31,526828,447
1109,1109,2026-08-28T09:21:15+00:00,zc_cmp_full_zstd_single_bucket_20260828_35m_x1_01109,526988,31,506.256,Success,31,526988,500
1110,1110,2026-08-28T09:21:16+00:00,zc_cmp_full_zstd_single_bucket_20260828_35m_x1_01110,526785,31,530.13,Success,31,526785,524
1111,1111,2026-08-28T09:21:17+00:00,zc_cmp_full_zstd_single_bucket_20260828_35m_x1_01111,526456,31,528.405,Success,31,526456,531
1112,1112,2026-08-28T09:21:18+00:00,zc_cmp_full_zstd_single_bucket_20260828_35m_x1_01112,527367,31,557.211,Success,31,527367,559
1113,1113,2026-08-28T09:21:19+00:00,zc_cmp_full_zstd_single_bucket_20260828_35m_x1_01113,527625,31,523.825,Success,31,527625,523
1114,1114,2026-08-28T09:21:19+00:00,zc_cmp_full_zstd_single_bucket_20260828_35m_x1_01114,526620,31,485.253,Success,31,526620,483
1115,1115,2026-08-28T09:21:20+00:00,zc_cmp_full_zstd_single_bucket_20260828_35m_x1_01115,526593,31,494.039,Success,31,526593,492
1116,1116,2026-08-28T09:21:22+00:00,zc_cmp_full_zstd_single_bucket_20260828_35m_x1_01116,526543,31,544.924,Success,31,526543,543
1117,1117,2026-08-28T09:21:23+00:00,zc_cmp_full_zstd_single_bucket_20260828_35m_x1_01117,526359,31,691.956,Success,31,526359,690
1118,1118,2026-08-28T09:21:24+00:00,zc_cmp_full_zstd_single_bucket_20260828_35m_x1_01118,525135,31,506.767,Success,31,525135,502
1119,1119,2026-08-28T09:21:25+00:00,zc_cmp_full_zstd_single_bucket_20260828_35m_x1_01119,528011,31,542.834,Success,31,528011,539
1120,1120,2026-08-28T09:21:25+00:00,zc_cmp_full_zstd_single_bucket_20260828_35m_x1_01120,527323,31,406.671,Success,31,527323,402
1121,1121,2026-08-28T09:21:27+00:00,zc_cmp_full_zstd_single_bucket_20260828_35m_x1_01121,525204,31,504.783,Success,31,525204,500
1122,1122,2026-08-28T09:21:28+00:00,zc_cmp_full_zstd_single_bucket_20260828_35m_x1_01122,526339,31,534.44,Success,31,526339,529
1123,1123,2026-08-28T09:21:29+00:00,zc_cmp_full_zstd_single_bucket_20260828_35m_x1_01123,526582,31,512.517,Success,31,526582,507
1124,1124,2026-08-28T09:21:30+00:00,zc_cmp_full_zstd_single_bucket_20260828_35m_x1_01124,527179,31,522.722,Success,31,527179,518
1125,1125,2026-08-28T09:21:30+00:00,zc_cmp_full_zstd_single_bucket_20260828_35m_x1_01125,527223,31,475.351,Success,31,527223,469
1126,1126,2026-08-28T09:21:31+00:00,zc_cmp_full_zstd_single_bucket_20260828_35m_x1_01126,525947,31,482.966,Success,31,525947,478
1127,1127,2026-08-28T09:21:32+00:00,zc_cmp_full_zstd_single_bucket_20260828_35m_x1_01127,526379,31,452.346,Success,31,526379,447
1128,1128,2026-08-28T09:21:33+00:00,zc_cmp_full_zstd_single_bucket_20260828_35m_x1_01128,526555,31,457.802,Success,31,526555,452
1129,1129,2026-08-28T09:21:34+00:00,zc_cmp_full_zstd_single_bucket_20260828_35m_x1_01129,527293,31,441.904,Success,31,527293,436
1130,1130,2026-08-28T09:21:36+00:00,zc_cmp_full_zstd_single_bucket_20260828_35m_x1_01130,526595,31,497.384,Success,31,526595,489
1131,1131,2026-08-28T09:21:37+00:00,zc_cmp_full_zstd_single_bucket_20260828_35m_x1_01131,527093,31,575.989,Success,31,527093,579
1132,1132,2026-08-28T09:21:38+00:00,zc_cmp_full_zstd_single_bucket_20260828_35m_x1_01132,528008,31,507.771,Success,31,528008,509
1133,1133,2026-08-28T09:21:39+00:00,zc_cmp_full_zstd_single_bucket_20260828_35m_x1_01133,526532,31,503.654,Success,31,526532,503
1134,1134,2026-08-28T09:21:40+00:00,zc_cmp_full_zstd_single_bucket_20260828_35m_x1_01134,526730,31,574.997,Success,31,526730,575
1135,1135,2026-08-28T09:21:41+00:00,zc_cmp_full_zstd_single_bucket_20260828_35m_x1_01135,526462,31,649.91,Success,31,526462,646
1136,1136,2026-08-28T09:21:42+00:00,zc_cmp_full_zstd_single_bucket_20260828_35m_x1_01136,526184,31,594.811,Success,31,526184,593
1137,1137,2026-08-28T09:21:43+00:00,zc_cmp_full_zstd_single_bucket_20260828_35m_x1_01137,527664,31,563.13,Success,31,527664,561
1138,1138,2026-08-28T09:21:44+00:00,zc_cmp_full_zstd_single_bucket_20260828_35m_x1_01138,527526,31,676.997,Success,31,527526,674
1139,1139,2026-08-28T09:21:45+00:00,zc_cmp_full_zstd_single_bucket_20260828_35m_x1_01139,527572,31,570.816,Success,31,527572,565
1140,1140,2026-08-28T09:21:46+00:00,zc_cmp_full_zstd_single_bucket_20260828_35m_x1_01140,526157,31,579.473,Success,31,526157,574
1141,1141,2026-08-28T09:21:47+00:00,zc_cmp_full_zstd_single_bucket_20260828_35m_x1_01141,526376,31,586.199,Success,31,526376,590
1142,1142,2026-08-28T09:21:48+00:00,zc_cmp_full_zstd_single_bucket_20260828_35m_x1_01142,527413,31,660.281,Success,31,527413,663
1143,1143,2026-08-28T09:21:49+00:00,zc_cmp_full_zstd_single_bucket_20260828_35m_x1_01143,526075,31,508.532,Success,31,526075,508
1144,1144,2026-08-28T09:21:50+00:00,zc_cmp_full_zstd_single_bucket_20260828_35m_x1_01144,525690,31,560.424,Success,31,525690,560
1145,1145,2026-08-28T09:21:51+00:00,zc_cmp_full_zstd_single_bucket_20260828_35m_x1_01145,526535,31,713.366,Success,31,526535,711
1146,1146,2026-08-28T09:21:52+00:00,zc_cmp_full_zstd_single_bucket_20260828_35m_x1_01146,526421,31,568.89,Success,31,526421,564
1147,1147,2026-08-28T09:21:53+00:00,zc_cmp_full_zstd_single_bucket_20260828_35m_x1_01147,525689,31,601.77,Success,31,525689,599
1148,1148,2026-08-28T09:21:54+00:00,zc_cmp_full_zstd_single_bucket_20260828_35m_x1_01148,526042,31,580.501,Success,31,526042,577
1149,1149,2026-08-28T09:21:55+00:00,zc_cmp_full_zstd_single_bucket_20260828_35m_x1_01149,526148,31,562.199,Success,31,526148,558
1150,1150,2026-08-28T09:21:56+00:00,zc_cmp_full_zstd_single_bucket_20260828_35m_x1_01150,527197,31,529.914,Success,31,527197,524
1151,1151,2026-08-28T09:21:57+00:00,zc_cmp_full_zstd_single_bucket_20260828_35m_x1_01151,527318,31,501.361,Success,31,527318,505
1152,1152,2026-08-28T09:21:58+00:00,zc_cmp_full_zstd_single_bucket_20260828_35m_x1_01152,525997,31,529.193,Success,31,525997,531
1153,1153,2026-08-28T09:21:59+00:00,zc_cmp_full_zstd_single_bucket_20260828_35m_x1_01153,526807,31,642.73,Success,31,526807,646
1154,1154,2026-08-28T09:21:59+00:00,zc_cmp_full_zstd_single_bucket_20260828_35m_x1_01154,527026,31,494.494,Success,31,527026,494
1155,1155,2026-08-28T09:22:00+00:00,zc_cmp_full_zstd_single_bucket_20260828_35m_x1_01155,527648,31,444.247,Success,31,527648,443
1156,1156,2026-08-28T09:22:01+00:00,zc_cmp_full_zstd_single_bucket_20260828_35m_x1_01156,526448,31,475.221,Success,31,526448,474
1157,1157,2026-08-28T09:22:03+00:00,zc_cmp_full_zstd_single_bucket_20260828_35m_x1_01157,527455,31,517.09,Success,31,527455,515
1158,1158,2026-08-28T09:22:03+00:00,zc_cmp_full_zstd_single_bucket_20260828_35m_x1_01158,527402,31,410.722,Success,31,527402,407
1159,1159,2026-08-28T09:22:05+00:00,zc_cmp_full_zstd_single_bucket_20260828_35m_x1_01159,526496,31,531.643,Success,31,526496,528
1160,1160,2026-08-28T09:22:05+00:00,zc_cmp_full_zstd_single_bucket_20260828_35m_x1_01160,525921,31,444.125,Success,31,525921,438
1161,1161,2026-08-28T09:22:06+00:00,zc_cmp_full_zstd_single_bucket_20260828_35m_x1_01161,526471,31,408.783,Success,31,526471,409
1162,1162,2026-08-28T09:22:08+00:00,zc_cmp_full_zstd_single_bucket_20260828_35m_x1_01162,527239,31,542.822,Success,31,527239,544
1163,1163,2026-08-28T09:22:08+00:00,zc_cmp_full_zstd_single_bucket_20260828_35m_x1_01163,526925,31,414.004,Success,31,526925,413
1164,1164,2026-08-28T09:22:10+00:00,zc_cmp_full_zstd_single_bucket_20260828_35m_x1_01164,526400,31,532.167,Success,31,526400,532
1165,1165,2026-08-28T09:22:11+00:00,zc_cmp_full_zstd_single_bucket_20260828_35m_x1_01165,526736,31,583.725,Success,31,526736,583
1166,1166,2026-08-28T09:22:11+00:00,zc_cmp_full_zstd_single_bucket_20260828_35m_x1_01166,527233,31,432.838,Success,31,527233,431
1167,1167,2026-08-28T09:22:13+00:00,zc_cmp_full_zstd_single_bucket_20260828_35m_x1_01167,526777,31,588.087,Success,31,526777,587
1168,1168,2026-08-28T09:22:14+00:00,zc_cmp_full_zstd_single_bucket_20260828_35m_x1_01168,527149,31,557.422,Success,31,527149,555
1169,1169,2026-08-28T09:22:15+00:00,zc_cmp_full_zstd_single_bucket_20260828_35m_x1_01169,525604,31,528.382,Success,31,525604,522
1170,1170,2026-08-28T09:22:16+00:00,zc_cmp_full_zstd_single_bucket_20260828_35m_x1_01170,527168,31,518.884,Success,31,527168,511
1171,1171,2026-08-28T09:22:17+00:00,zc_cmp_full_zstd_single_bucket_20260828_35m_x1_01171,526553,31,597.527,Success,31,526553,598
1172,1172,2026-08-28T09:22:18+00:00,zc_cmp_full_zstd_single_bucket_20260828_35m_x1_01172,526665,31,517.289,Success,31,526665,519
1173,1173,2026-08-28T09:22:18+00:00,zc_cmp_full_zstd_single_bucket_20260828_35m_x1_01173,527026,31,441.752,Success,31,527026,441
1174,1174,2026-08-28T09:22:20+00:00,zc_cmp_full_zstd_single_bucket_20260828_35m_x1_01174,526715,31,514.004,Success,31,526715,510
1175,1175,2026-08-28T09:22:21+00:00,zc_cmp_full_zstd_single_bucket_20260828_35m_x1_01175,525557,31,688.092,Success,31,525557,686
1176,1176,2026-08-28T09:22:21+00:00,zc_cmp_full_zstd_single_bucket_20260828_35m_x1_01176,525373,31,447.939,Success,31,525373,446
1177,1177,2026-08-28T09:22:23+00:00,zc_cmp_full_zstd_single_bucket_20260828_35m_x1_01177,526848,31,597.954,Success,31,526848,596
1178,1178,2026-08-28T09:22:24+00:00,zc_cmp_full_zstd_single_bucket_20260828_35m_x1_01178,527041,31,535.616,Success,31,527041,533
1179,1179,2026-08-28T09:22:25+00:00,zc_cmp_full_zstd_single_bucket_20260828_35m_x1_01179,526030,31,598.315,Success,31,526030,593
1180,1180,2026-08-28T09:22:26+00:00,zc_cmp_full_zstd_single_bucket_20260828_35m_x1_01180,527757,31,683.567,Success,31,527757,669
1181,1181,2026-08-28T09:22:27+00:00,zc_cmp_full_zstd_single_bucket_20260828_35m_x1_01181,525378,31,519.489,Success,31,525378,522
1182,1182,2026-08-28T09:22:28+00:00,zc_cmp_full_zstd_single_bucket_20260828_35m_x1_01182,525562,31,510.129,Success,31,525562,512
1183,1183,2026-08-28T09:22:28+00:00,zc_cmp_full_zstd_single_bucket_20260828_35m_x1_01183,525911,31,441.57,Success,31,525911,441
1184,1184,2026-08-28T09:22:30+00:00,zc_cmp_full_zstd_single_bucket_20260828_35m_x1_01184,526853,31,498.39,Success,31,526853,499
1185,1185,2026-08-28T09:22:31+00:00,zc_cmp_full_zstd_single_bucket_20260828_35m_x1_01185,526461,31,531.522,Success,31,526461,530
1186,1186,2026-08-28T09:22:31+00:00,zc_cmp_full_zstd_single_bucket_20260828_35m_x1_01186,527159,31,437.402,Success,31,527159,434
1187,1187,2026-08-28T09:22:32+00:00,zc_cmp_full_zstd_single_bucket_20260828_35m_x1_01187,526907,31,443.32,Success,31,526907,441
1188,1188,2026-08-28T09:22:34+00:00,zc_cmp_full_zstd_single_bucket_20260828_35m_x1_01188,528005,31,507.417,Success,31,528005,506
1189,1189,2026-08-28T09:22:35+00:00,zc_cmp_full_zstd_single_bucket_20260828_35m_x1_01189,527685,31,520.527,Success,31,527685,516
1190,1190,2026-08-28T09:22:35+00:00,zc_cmp_full_zstd_single_bucket_20260828_35m_x1_01190,526227,31,498.231,Success,31,526227,492
1191,1191,2026-08-28T09:22:37+00:00,zc_cmp_full_zstd_single_bucket_20260828_35m_x1_01191,526407,31,551.404,Success,31,526407,552
1192,1192,2026-08-28T09:22:37+00:00,zc_cmp_full_zstd_single_bucket_20260828_35m_x1_01192,526716,31,474.364,Success,31,526716,472
1193,1193,2026-08-28T09:22:39+00:00,zc_cmp_full_zstd_single_bucket_20260828_35m_x1_01193,525690,31,527.12,Success,31,525690,525
1194,1194,2026-08-28T09:22:39+00:00,zc_cmp_full_zstd_single_bucket_20260828_35m_x1_01194,526923,31,483.91,Success,31,526923,483
1195,1195,2026-08-28T09:22:41+00:00,zc_cmp_full_zstd_single_bucket_20260828_35m_x1_01195,525921,31,653.21,Success,31,525921,652
1196,1196,2026-08-28T09:22:41+00:00,zc_cmp_full_zstd_single_bucket_20260828_35m_x1_01196,526101,31,441.251,Success,31,526101,438
1197,1197,2026-08-28T09:22:43+00:00,zc_cmp_full_zstd_single_bucket_20260828_35m_x1_01197,526381,31,503.027,Success,31,526381,499
1198,1198,2026-08-28T09:22:44+00:00,zc_cmp_full_zstd_single_bucket_20260828_35m_x1_01198,526107,31,517.556,Success,31,526107,513
1199,1199,2026-08-28T09:22:44+00:00,zc_cmp_full_zstd_single_bucket_20260828_35m_x1_01199,527090,31,465.899,Success,31,527090,462
1200,1200,2026-08-28T09:22:46+00:00,zc_cmp_full_zstd_single_bucket_20260828_35m_x1_01200,526998,31,567.466,Success,31,526998,562
1201,1201,2026-08-28T09:22:47+00:00,zc_cmp_full_zstd_single_bucket_20260828_35m_x1_01201,526091,31,595.984,Success,31,526091,591
1202,1202,2026-08-28T09:22:47+00:00,zc_cmp_full_zstd_single_bucket_20260828_35m_x1_01202,526461,31,416.484,Success,31,526461,412
1203,1203,2026-08-28T09:22:49+00:00,zc_cmp_full_zstd_single_bucket_20260828_35m_x1_01203,527266,31,514.986,Success,31,527266,510
1204,1204,2026-08-28T09:22:50+00:00,zc_cmp_full_zstd_single_bucket_20260828_35m_x1_01204,525595,31,531.841,Success,31,525595,527
1205,1205,2026-08-28T09:22:51+00:00,zc_cmp_full_zstd_single_bucket_20260828_35m_x1_01205,526607,31,582.915,Success,31,526607,574
1206,1206,2026-08-28T09:22:51+00:00,zc_cmp_full_zstd_single_bucket_20260828_35m_x1_01206,526654,31,473.494,Success,31,526654,467
1207,1207,2026-08-28T09:22:53+00:00,zc_cmp_full_zstd_single_bucket_20260828_35m_x1_01207,526828,31,585.278,Success,31,526828,579
1208,1208,2026-08-28T09:22:53+00:00,zc_cmp_full_zstd_single_bucket_20260828_35m_x1_01208,526427,31,462.638,Success,31,526427,457
1209,1209,2026-08-28T09:22:55+00:00,zc_cmp_full_zstd_single_bucket_20260828_35m_x1_01209,526764,31,534.514,Success,31,526764,528
1210,1210,2026-08-28T09:22:56+00:00,zc_cmp_full_zstd_single_bucket_20260828_35m_x1_01210,527046,31,537.484,Success,31,527046,527
1211,1211,2026-08-28T09:22:57+00:00,zc_cmp_full_zstd_single_bucket_20260828_35m_x1_01211,526362,31,528.369,Success,31,526362,530
1212,1212,2026-08-28T09:22:57+00:00,zc_cmp_full_zstd_single_bucket_20260828_35m_x1_01212,526907,31,473.897,Success,31,526907,475
1213,1213,2026-08-28T09:22:58+00:00,zc_cmp_full_zstd_single_bucket_20260828_35m_x1_01213,525700,31,479.604,Success,31,525700,478
1214,1214,2026-08-28T09:22:59+00:00,zc_cmp_full_zstd_single_bucket_20260828_35m_x1_01214,526467,31,470.153,Success,31,526467,465
1215,1215,2026-08-28T09:23:01+00:00,zc_cmp_full_zstd_single_bucket_20260828_35m_x1_01215,526554,31,515.167,Success,31,526554,506
1216,1216,2026-08-28T09:23:02+00:00,zc_cmp_full_zstd_single_bucket_20260828_35m_x1_01216,526396,31,612.91,Success,31,526396,609
1217,1217,2026-08-28T09:23:03+00:00,zc_cmp_full_zstd_single_bucket_20260828_35m_x1_01217,526035,31,612.969,Success,31,526035,609
1218,1218,2026-08-28T09:23:04+00:00,zc_cmp_full_zstd_single_bucket_20260828_35m_x1_01218,526983,31,1022.069,Success,31,526983,1020
1219,1219,2026-08-28T09:23:05+00:00,zc_cmp_full_zstd_single_bucket_20260828_35m_x1_01219,525822,31,616.441,Success,31,525822,611
1220,1220,2026-08-28T09:23:06+00:00,zc_cmp_full_zstd_single_bucket_20260828_35m_x1_01220,527485,31,782.587,Success,31,527485,780
1221,1221,2026-08-28T09:23:07+00:00,zc_cmp_full_zstd_single_bucket_20260828_35m_x1_01221,525798,31,573.681,Success,31,525798,576
1222,1222,2026-08-28T09:23:07+00:00,zc_cmp_full_zstd_single_bucket_20260828_35m_x1_01222,527462,31,489.288,Success,31,527462,491
1223,1223,2026-08-28T09:23:09+00:00,zc_cmp_full_zstd_single_bucket_20260828_35m_x1_01223,527142,31,568.885,Success,31,527142,570
1224,1224,2026-08-28T09:23:09+00:00,zc_cmp_full_zstd_single_bucket_20260828_35m_x1_01224,525950,31,418.203,Success,31,525950,417
1225,1225,2026-08-28T09:23:10+00:00,zc_cmp_full_zstd_single_bucket_20260828_35m_x1_01225,527323,31,463.496,Success,31,527323,462
1226,1226,2026-08-28T09:23:12+00:00,zc_cmp_full_zstd_single_bucket_20260828_35m_x1_01226,526976,31,521.154,Success,31,526976,519
1227,1227,2026-08-28T09:23:12+00:00,zc_cmp_full_zstd_single_bucket_20260828_35m_x1_01227,526720,31,493.79,Success,31,526720,491
1228,1228,2026-08-28T09:23:13+00:00,zc_cmp_full_zstd_single_bucket_20260828_35m_x1_01228,526413,31,487.134,Success,31,526413,484
1229,1229,2026-08-28T09:23:14+00:00,zc_cmp_full_zstd_single_bucket_20260828_35m_x1_01229,528142,31,469.018,Success,31,528142,464
1230,1230,2026-08-28T09:23:16+00:00,zc_cmp_full_zstd_single_bucket_20260828_35m_x1_01230,527055,31,502.611,Success,31,527055,496
1231,1231,2026-08-28T09:23:16+00:00,zc_cmp_full_zstd_single_bucket_20260828_35m_x1_01231,525594,31,480.839,Success,31,525594,482
1232,1232,2026-08-28T09:23:18+00:00,zc_cmp_full_zstd_single_bucket_20260828_35m_x1_01232,525545,31,503.898,Success,31,525545,505
1233,1233,2026-08-28T09:23:18+00:00,zc_cmp_full_zstd_single_bucket_20260828_35m_x1_01233,526555,31,366.451,Success,31,526555,365
1234,1234,2026-08-28T09:23:19+00:00,zc_cmp_full_zstd_single_bucket_20260828_35m_x1_01234,526247,31,491.555,Success,31,526247,487
1235,1235,2026-08-28T09:23:20+00:00,zc_cmp_full_zstd_single_bucket_20260828_35m_x1_01235,526651,31,491.108,Success,31,526651,489
1236,1236,2026-08-28T09:23:22+00:00,zc_cmp_full_zstd_single_bucket_20260828_35m_x1_01236,525018,31,506.227,Success,31,525018,504
1237,1237,2026-08-28T09:23:23+00:00,zc_cmp_full_zstd_single_bucket_20260828_35m_x1_01237,525769,31,541.892,Success,31,525769,540
1238,1238,2026-08-28T09:23:23+00:00,zc_cmp_full_zstd_single_bucket_20260828_35m_x1_01238,526591,31,432.908,Success,31,526591,429
1239,1239,2026-08-28T09:23:25+00:00,zc_cmp_full_zstd_single_bucket_20260828_35m_x1_01239,526204,31,525.679,Success,31,526204,522
1240,1240,2026-08-28T09:23:26+00:00,zc_cmp_full_zstd_single_bucket_20260828_35m_x1_01240,525523,31,580.922,Success,31,525523,577
1241,1241,2026-08-28T09:23:26+00:00,zc_cmp_full_zstd_single_bucket_20260828_35m_x1_01241,527571,31,482.859,Success,31,527571,478
1242,1242,2026-08-28T09:23:28+00:00,zc_cmp_full_zstd_single_bucket_20260828_35m_x1_01242,525418,31,553.835,Success,31,525418,549
1243,1243,2026-08-28T09:23:28+00:00,zc_cmp_full_zstd_single_bucket_20260828_35m_x1_01243,527100,31,486.047,Success,31,527100,482
1244,1244,2026-08-28T09:23:30+00:00,zc_cmp_full_zstd_single_bucket_20260828_35m_x1_01244,525525,31,529.061,Success,31,525525,522
1245,1245,2026-08-28T09:23:31+00:00,zc_cmp_full_zstd_single_bucket_20260828_35m_x1_01245,527443,31,553.195,Success,31,527443,548
1246,1246,2026-08-28T09:23:32+00:00,zc_cmp_full_zstd_single_bucket_20260828_35m_x1_01246,526193,31,576.776,Success,31,526193,569
1247,1247,2026-08-28T09:23:33+00:00,zc_cmp_full_zstd_single_bucket_20260828_35m_x1_01247,527760,31,506.061,Success,31,527760,501
1248,1248,2026-08-28T09:23:34+00:00,zc_cmp_full_zstd_single_bucket_20260828_35m_x1_01248,526683,31,500.282,Success,31,526683,495
1249,1249,2026-08-28T09:23:35+00:00,zc_cmp_full_zstd_single_bucket_20260828_35m_x1_01249,526498,31,652.263,Success,31,526498,647
1250,1250,2026-08-28T09:23:36+00:00,zc_cmp_full_zstd_single_bucket_20260828_35m_x1_01250,526073,31,597.393,Success,31,526073,591
1251,1251,2026-08-28T09:23:37+00:00,zc_cmp_full_zstd_single_bucket_20260828_35m_x1_01251,527267,31,497.791,Success,31,527267,498
1252,1252,2026-08-28T09:23:38+00:00,zc_cmp_full_zstd_single_bucket_20260828_35m_x1_01252,527465,31,596.756,Success,31,527465,598
1253,1253,2026-08-28T09:23:39+00:00,zc_cmp_full_zstd_single_bucket_20260828_35m_x1_01253,526966,31,595.711,Success,31,526966,596
1254,1254,2026-08-28T09:23:40+00:00,zc_cmp_full_zstd_single_bucket_20260828_35m_x1_01254,527072,31,604.619,Success,31,527072,603
1255,1255,2026-08-28T09:23:41+00:00,zc_cmp_full_zstd_single_bucket_20260828_35m_x1_01255,527397,31,570.678,Success,31,527397,566
1256,1256,2026-08-28T09:23:42+00:00,zc_cmp_full_zstd_single_bucket_20260828_35m_x1_01256,525980,31,515.936,Success,31,525980,513
1257,1257,2026-08-28T09:23:43+00:00,zc_cmp_full_zstd_single_bucket_20260828_35m_x1_01257,526525,31,571.652,Success,31,526525,569
1258,1258,2026-08-28T09:23:44+00:00,zc_cmp_full_zstd_single_bucket_20260828_35m_x1_01258,527109,31,610.254,Success,31,527109,607
1259,1259,2026-08-28T09:23:45+00:00,zc_cmp_full_zstd_single_bucket_20260828_35m_x1_01259,527029,31,551.907,Success,31,527029,548
1260,1260,2026-08-28T09:23:46+00:00,zc_cmp_full_zstd_single_bucket_20260828_35m_x1_01260,526599,31,544.359,Success,31,526599,538
1261,1261,2026-08-28T09:23:47+00:00,zc_cmp_full_zstd_single_bucket_20260828_35m_x1_01261,527746,31,508.873,Success,31,527746,502
1262,1262,2026-08-28T09:23:48+00:00,zc_cmp_full_zstd_single_bucket_20260828_35m_x1_01262,526901,31,575.687,Success,31,526901,571
1263,1263,2026-08-28T09:23:49+00:00,zc_cmp_full_zstd_single_bucket_20260828_35m_x1_01263,527280,31,584.929,Success,31,527280,580
1264,1264,2026-08-28T09:23:50+00:00,zc_cmp_full_zstd_single_bucket_20260828_35m_x1_01264,527213,31,544.256,Success,31,527213,538
1265,1265,2026-08-28T09:23:50+00:00,zc_cmp_full_zstd_single_bucket_20260828_35m_x1_01265,527233,31,447.57,Success,31,527233,442
1266,1266,2026-08-28T09:23:52+00:00,zc_cmp_full_zstd_single_bucket_20260828_35m_x1_01266,526854,31,501.815,Success,31,526854,495
1267,1267,2026-08-28T09:23:53+00:00,zc_cmp_full_zstd_single_bucket_20260828_35m_x1_01267,527235,31,713.668,Success,31,527235,707
1268,1268,2026-08-28T09:23:53+00:00,zc_cmp_full_zstd_single_bucket_20260828_35m_x1_01268,527680,31,492.458,Success,31,527680,486
1269,1269,2026-08-28T09:23:55+00:00,zc_cmp_full_zstd_single_bucket_20260828_35m_x1_01269,527183,31,536.348,Success,31,527183,530
1270,1270,2026-08-28T09:23:56+00:00,zc_cmp_full_zstd_single_bucket_20260828_35m_x1_01270,527163,31,502.371,Success,31,527163,495
1271,1271,2026-08-28T09:23:57+00:00,zc_cmp_full_zstd_single_bucket_20260828_35m_x1_01271,526575,31,504.626,Success,31,526575,506
1272,1272,2026-08-28T09:23:58+00:00,zc_cmp_full_zstd_single_bucket_20260828_35m_x1_01272,527094,31,501.063,Success,31,527094,501
1273,1273,2026-08-28T09:23:59+00:00,zc_cmp_full_zstd_single_bucket_20260828_35m_x1_01273,526025,31,519.765,Success,31,526025,519
1274,1274,2026-08-28T09:24:00+00:00,zc_cmp_full_zstd_single_bucket_20260828_35m_x1_01274,526475,31,506.942,Success,31,526475,505
1275,1275,2026-08-28T09:24:01+00:00,zc_cmp_full_zstd_single_bucket_20260828_35m_x1_01275,525878,31,521.55,Success,31,525878,519
1276,1276,2026-08-28T09:24:02+00:00,zc_cmp_full_zstd_single_bucket_20260828_35m_x1_01276,526713,31,536.946,Success,31,526713,534
1277,1277,2026-08-28T09:24:03+00:00,zc_cmp_full_zstd_single_bucket_20260828_35m_x1_01277,527031,31,511.998,Success,31,527031,509
1278,1278,2026-08-28T09:24:04+00:00,zc_cmp_full_zstd_single_bucket_20260828_35m_x1_01278,526476,31,533.109,Success,31,526476,528
1279,1279,2026-08-28T09:24:05+00:00,zc_cmp_full_zstd_single_bucket_20260828_35m_x1_01279,527354,31,653.275,Success,31,527354,649
1280,1280,2026-08-28T09:24:06+00:00,zc_cmp_full_zstd_single_bucket_20260828_35m_x1_01280,526563,31,518.264,Success,31,526563,513
1281,1281,2026-08-28T09:24:07+00:00,zc_cmp_full_zstd_single_bucket_20260828_35m_x1_01281,526398,31,504.6,Success,31,526398,501
1282,1282,2026-08-28T09:24:07+00:00,zc_cmp_full_zstd_single_bucket_20260828_35m_x1_01282,527053,31,450.183,Success,31,527053,445
1283,1283,2026-08-28T09:24:09+00:00,zc_cmp_full_zstd_single_bucket_20260828_35m_x1_01283,526505,31,559.381,Success,31,526505,555
1284,1284,2026-08-28T09:24:09+00:00,zc_cmp_full_zstd_single_bucket_20260828_35m_x1_01284,525362,31,457.897,Success,31,525362,453
1285,1285,2026-08-28T09:24:11+00:00,zc_cmp_full_zstd_single_bucket_20260828_35m_x1_01285,526374,31,582.729,Success,31,526374,578
1286,1286,2026-08-28T09:24:11+00:00,zc_cmp_full_zstd_single_bucket_20260828_35m_x1_01286,526852,31,415.625,Success,31,526852,410
1287,1287,2026-08-28T09:24:13+00:00,zc_cmp_full_zstd_single_bucket_20260828_35m_x1_01287,525447,31,527.532,Success,31,525447,522
1288,1288,2026-08-28T09:24:14+00:00,zc_cmp_full_zstd_single_bucket_20260828_35m_x1_01288,527974,31,583.073,Success,31,527974,554
1289,1289,2026-08-28T09:24:14+00:00,zc_cmp_full_zstd_single_bucket_20260828_35m_x1_01289,526962,31,465.228,Success,31,526962,458
1290,1290,2026-08-28T09:24:15+00:00,zc_cmp_full_zstd_single_bucket_20260828_35m_x1_01290,525877,31,368.683,Success,31,525877,363
1291,1291,2026-08-28T09:24:16+00:00,zc_cmp_full_zstd_single_bucket_20260828_35m_x1_01291,525298,31,406.688,Success,31,525298,408
1292,1292,2026-08-28T09:24:17+00:00,zc_cmp_full_zstd_single_bucket_20260828_35m_x1_01292,525949,31,403.265,Success,31,525949,404
1293,1293,2026-08-28T09:24:19+00:00,zc_cmp_full_zstd_single_bucket_20260828_35m_x1_01293,526405,31,702.777,Success,31,526405,699
1294,1294,2026-08-28T09:24:19+00:00,zc_cmp_full_zstd_single_bucket_20260828_35m_x1_01294,526593,31,453.978,Success,31,526593,453
1295,1295,2026-08-28T09:24:20+00:00,zc_cmp_full_zstd_single_bucket_20260828_35m_x1_01295,526924,31,365.712,Success,31,526924,364
1296,1296,2026-08-28T09:24:21+00:00,zc_cmp_full_zstd_single_bucket_20260828_35m_x1_01296,526907,31,347.013,Success,31,526907,345
1297,1297,2026-08-28T09:24:22+00:00,zc_cmp_full_zstd_single_bucket_20260828_35m_x1_01297,526774,31,458.129,Success,31,526774,456
1298,1298,2026-08-28T09:24:23+00:00,zc_cmp_full_zstd_single_bucket_20260828_35m_x1_01298,526121,31,409.959,Success,31,526121,407
1299,1299,2026-08-28T09:24:24+00:00,zc_cmp_full_zstd_single_bucket_20260828_35m_x1_01299,526493,31,357.573,Success,31,526493,354
1300,1300,2026-08-28T09:24:25+00:00,zc_cmp_full_zstd_single_bucket_20260828_35m_x1_01300,526900,31,409.004,Success,31,526900,404
1301,1301,2026-08-28T09:24:26+00:00,zc_cmp_full_zstd_single_bucket_20260828_35m_x1_01301,526096,31,365.639,Success,31,526096,361
1302,1302,2026-08-28T09:24:27+00:00,zc_cmp_full_zstd_single_bucket_20260828_35m_x1_01302,527365,31,456.791,Success,31,527365,453
1303,1303,2026-08-28T09:24:29+00:00,zc_cmp_full_zstd_single_bucket_20260828_35m_x1_01303,526160,31,513.216,Success,31,526160,508
1304,1304,2026-08-28T09:24:29+00:00,zc_cmp_full_zstd_single_bucket_20260828_35m_x1_01304,525235,31,468.454,Success,31,525235,464
1305,1305,2026-08-28T09:24:30+00:00,zc_cmp_full_zstd_single_bucket_20260828_35m_x1_01305,526176,31,443.291,Success,31,526176,438
1306,1306,2026-08-28T09:24:32+00:00,zc_cmp_full_zstd_single_bucket_20260828_35m_x1_01306,527194,31,549.075,Success,31,527194,545
1307,1307,2026-08-28T09:24:32+00:00,zc_cmp_full_zstd_single_bucket_20260828_35m_x1_01307,526494,31,425.825,Success,31,526494,421
1308,1308,2026-08-28T09:24:33+00:00,zc_cmp_full_zstd_single_bucket_20260828_35m_x1_01308,525885,31,372.723,Success,31,525885,367
1309,1309,2026-08-28T09:24:35+00:00,zc_cmp_full_zstd_single_bucket_20260828_35m_x1_01309,525355,31,531.32,Success,31,525355,526
1310,1310,2026-08-28T09:24:36+00:00,zc_cmp_full_zstd_single_bucket_20260828_35m_x1_01310,527306,31,531.352,Success,31,527306,526
1311,1311,2026-08-28T09:24:36+00:00,zc_cmp_full_zstd_single_bucket_20260828_35m_x1_01311,526288,31,471.853,Success,31,526288,473
1312,1312,2026-08-28T09:24:37+00:00,zc_cmp_full_zstd_single_bucket_20260828_35m_x1_01312,526255,31,431.578,Success,31,526255,432
1313,1313,2026-08-28T09:24:38+00:00,zc_cmp_full_zstd_single_bucket_20260828_35m_x1_01313,526394,31,397.123,Success,31,526394,396
1314,1314,2026-08-28T09:24:39+00:00,zc_cmp_full_zstd_single_bucket_20260828_35m_x1_01314,527565,31,423.097,Success,31,527565,418
1315,1315,2026-08-28T09:24:41+00:00,zc_cmp_full_zstd_single_bucket_20260828_35m_x1_01315,527192,31,543.556,Success,31,527192,543
1316,1316,2026-08-28T09:24:41+00:00,zc_cmp_full_zstd_single_bucket_20260828_35m_x1_01316,526372,31,440.431,Success,31,526372,439
1317,1317,2026-08-28T09:24:42+00:00,zc_cmp_full_zstd_single_bucket_20260828_35m_x1_01317,526138,31,390.911,Success,31,526138,388
1318,1318,2026-08-28T09:24:43+00:00,zc_cmp_full_zstd_single_bucket_20260828_35m_x1_01318,525476,31,346.39,Success,31,525476,343
1319,1319,2026-08-28T09:24:44+00:00,zc_cmp_full_zstd_single_bucket_20260828_35m_x1_01319,526660,31,361.688,Success,31,526660,358
1320,1320,2026-08-28T09:24:45+00:00,zc_cmp_full_zstd_single_bucket_20260828_35m_x1_01320,525406,31,444.643,Success,31,525406,438
1321,1321,2026-08-28T09:24:46+00:00,zc_cmp_full_zstd_single_bucket_20260828_35m_x1_01321,525990,31,432.633,Success,31,525990,429
1322,1322,2026-08-28T09:24:47+00:00,zc_cmp_full_zstd_single_bucket_20260828_35m_x1_01322,526509,31,403.76,Success,31,526509,399
1323,1323,2026-08-28T09:24:48+00:00,zc_cmp_full_zstd_single_bucket_20260828_35m_x1_01323,526093,31,273.439,Success,31,526093,269
1324,1324,2026-08-28T09:24:49+00:00,zc_cmp_full_zstd_single_bucket_20260828_35m_x1_01324,526382,31,451.805,Success,31,526382,448
1325,1325,2026-08-28T09:24:50+00:00,zc_cmp_full_zstd_single_bucket_20260828_35m_x1_01325,526607,31,422.891,Success,31,526607,418
1326,1326,2026-08-28T09:24:51+00:00,zc_cmp_full_zstd_single_bucket_20260828_35m_x1_01326,527130,31,337.129,Success,31,527130,332
1327,1327,2026-08-28T09:24:52+00:00,zc_cmp_full_zstd_single_bucket_20260828_35m_x1_01327,526090,31,340.668,Success,31,526090,336
1328,1328,2026-08-28T09:24:53+00:00,zc_cmp_full_zstd_single_bucket_20260828_35m_x1_01328,526792,31,393.484,Success,31,526792,388
1329,1329,2026-08-28T09:24:54+00:00,zc_cmp_full_zstd_single_bucket_20260828_35m_x1_01329,527160,31,389.949,Success,31,527160,385
1330,1330,2026-08-28T09:24:55+00:00,zc_cmp_full_zstd_single_bucket_20260828_35m_x1_01330,526245,31,339.486,Success,31,526245,334
1331,1331,2026-08-28T09:24:56+00:00,zc_cmp_full_zstd_single_bucket_20260828_35m_x1_01331,526412,31,347.501,Success,31,526412,348
1332,1332,2026-08-28T09:24:57+00:00,zc_cmp_full_zstd_single_bucket_20260828_35m_x1_01332,526030,31,331.317,Success,31,526030,331
1333,1333,2026-08-28T09:24:58+00:00,zc_cmp_full_zstd_single_bucket_20260828_35m_x1_01333,526039,31,457.215,Success,31,526039,457
1334,1334,2026-08-28T09:24:59+00:00,zc_cmp_full_zstd_single_bucket_20260828_35m_x1_01334,526885,31,350.009,Success,31,526885,348
1335,1335,2026-08-28T09:25:00+00:00,zc_cmp_full_zstd_single_bucket_20260828_35m_x1_01335,526442,31,315.938,Success,31,526442,314
1336,1336,2026-08-28T09:25:01+00:00,zc_cmp_full_zstd_single_bucket_20260828_35m_x1_01336,526874,31,346.954,Success,31,526874,344
1337,1337,2026-08-28T09:25:02+00:00,zc_cmp_full_zstd_single_bucket_20260828_35m_x1_01337,526716,31,421.082,Success,31,526716,419
1338,1338,2026-08-28T09:25:03+00:00,zc_cmp_full_zstd_single_bucket_20260828_35m_x1_01338,526252,31,428.767,Success,31,526252,426
1339,1339,2026-08-28T09:25:04+00:00,zc_cmp_full_zstd_single_bucket_20260828_35m_x1_01339,526237,31,438.721,Success,31,526237,436
1340,1340,2026-08-28T09:25:05+00:00,zc_cmp_full_zstd_single_bucket_20260828_35m_x1_01340,526755,31,431.297,Success,31,526755,426
1341,1341,2026-08-28T09:25:06+00:00,zc_cmp_full_zstd_single_bucket_20260828_35m_x1_01341,526084,31,398.729,Success,31,526084,400
1342,1342,2026-08-28T09:25:07+00:00,zc_cmp_full_zstd_single_bucket_20260828_35m_x1_01342,525487,31,470.415,Success,31,525487,471
1343,1343,2026-08-28T09:25:08+00:00,zc_cmp_full_zstd_single_bucket_20260828_35m_x1_01343,527620,31,485.451,Success,31,527620,485
1344,1344,2026-08-28T09:25:09+00:00,zc_cmp_full_zstd_single_bucket_20260828_35m_x1_01344,525943,31,340.335,Success,31,525943,338
1345,1345,2026-08-28T09:25:11+00:00,zc_cmp_full_zstd_single_bucket_20260828_35m_x1_01345,525861,31,508.478,Success,31,525861,508
1346,1346,2026-08-28T09:25:11+00:00,zc_cmp_full_zstd_single_bucket_20260828_35m_x1_01346,527223,31,449.965,Success,31,527223,448
1347,1347,2026-08-28T09:25:12+00:00,zc_cmp_full_zstd_single_bucket_20260828_35m_x1_01347,526001,31,427.108,Success,31,526001,424
1348,1348,2026-08-28T09:25:14+00:00,zc_cmp_full_zstd_single_bucket_20260828_35m_x1_01348,525511,31,498.977,Success,31,525511,496
1349,1349,2026-08-28T09:25:14+00:00,zc_cmp_full_zstd_single_bucket_20260828_35m_x1_01349,526956,31,324.339,Success,31,526956,321
1350,1350,2026-08-28T09:25:16+00:00,zc_cmp_full_zstd_single_bucket_20260828_35m_x1_01350,526512,31,519.39,Success,31,526512,516
1351,1351,2026-08-28T09:25:17+00:00,zc_cmp_full_zstd_single_bucket_20260828_35m_x1_01351,526266,31,540.105,Success,31,526266,537
1352,1352,2026-08-28T09:25:17+00:00,zc_cmp_full_zstd_single_bucket_20260828_35m_x1_01352,526416,31,449.668,Success,31,526416,446
1353,1353,2026-08-28T09:25:18+00:00,zc_cmp_full_zstd_single_bucket_20260828_35m_x1_01353,527321,31,406.474,Success,31,527321,402
1354,1354,2026-08-28T09:25:19+00:00,zc_cmp_full_zstd_single_bucket_20260828_35m_x1_01354,527064,31,418.877,Success,31,527064,414
1355,1355,2026-08-28T09:25:20+00:00,zc_cmp_full_zstd_single_bucket_20260828_35m_x1_01355,526109,31,474.807,Success,31,526109,470
1356,1356,2026-08-28T09:25:21+00:00,zc_cmp_full_zstd_single_bucket_20260828_35m_x1_01356,526118,31,418.345,Success,31,526118,413
1357,1357,2026-08-28T09:25:22+00:00,zc_cmp_full_zstd_single_bucket_20260828_35m_x1_01357,525245,31,429.767,Success,31,525245,425
1358,1358,2026-08-28T09:25:23+00:00,zc_cmp_full_zstd_single_bucket_20260828_35m_x1_01358,525070,31,334.556,Success,31,525070,330
1359,1359,2026-08-28T09:25:24+00:00,zc_cmp_full_zstd_single_bucket_20260828_35m_x1_01359,527195,31,350.046,Success,31,527195,345
1360,1360,2026-08-28T09:25:25+00:00,zc_cmp_full_zstd_single_bucket_20260828_35m_x1_01360,526721,31,435.897,Success,31,526721,430
1361,1361,2026-08-28T09:25:26+00:00,zc_cmp_full_zstd_single_bucket_20260828_35m_x1_01361,526069,31,430.661,Success,31,526069,431
1362,1362,2026-08-28T09:25:27+00:00,zc_cmp_full_zstd_single_bucket_20260828_35m_x1_01362,527018,31,394.009,Success,31,527018,393
1363,1363,2026-08-28T09:25:28+00:00,zc_cmp_full_zstd_single_bucket_20260828_35m_x1_01363,525945,31,366.455,Success,31,525945,365
1364,1364,2026-08-28T09:25:29+00:00,zc_cmp_full_zstd_single_bucket_20260828_35m_x1_01364,526599,31,290.926,Success,31,526599,288
1365,1365,2026-08-28T09:25:30+00:00,zc_cmp_full_zstd_single_bucket_20260828_35m_x1_01365,525555,31,430.007,Success,31,525555,428
1366,1366,2026-08-28T09:25:31+00:00,zc_cmp_full_zstd_single_bucket_20260828_35m_x1_01366,526776,31,362.446,Success,31,526776,360
1367,1367,2026-08-28T09:25:32+00:00,zc_cmp_full_zstd_single_bucket_20260828_35m_x1_01367,527203,31,353.912,Success,31,527203,351
1368,1368,2026-08-28T09:25:33+00:00,zc_cmp_full_zstd_single_bucket_20260828_35m_x1_01368,527474,31,423.965,Success,31,527474,420
1369,1369,2026-08-28T09:25:34+00:00,zc_cmp_full_zstd_single_bucket_20260828_35m_x1_01369,527229,31,368.623,Success,31,527229,364
1370,1370,2026-08-28T09:25:35+00:00,zc_cmp_full_zstd_single_bucket_20260828_35m_x1_01370,525799,31,420.028,Success,31,525799,417
1371,1371,2026-08-28T09:25:36+00:00,zc_cmp_full_zstd_single_bucket_20260828_35m_x1_01371,526061,31,383.276,Success,31,526061,377
1372,1372,2026-08-28T09:25:37+00:00,zc_cmp_full_zstd_single_bucket_20260828_35m_x1_01372,526313,31,415.567,Success,31,526313,412
1373,1373,2026-08-28T09:25:38+00:00,zc_cmp_full_zstd_single_bucket_20260828_35m_x1_01373,526416,31,370.734,Success,31,526416,366
1374,1374,2026-08-28T09:25:39+00:00,zc_cmp_full_zstd_single_bucket_20260828_35m_x1_01374,526318,31,423.694,Success,31,526318,420
1375,1375,2026-08-28T09:25:40+00:00,zc_cmp_full_zstd_single_bucket_20260828_35m_x1_01375,525930,31,444.61,Success,31,525930,439
1376,1376,2026-08-28T09:25:41+00:00,zc_cmp_full_zstd_single_bucket_20260828_35m_x1_01376,525937,31,468.357,Success,31,525937,463
1377,1377,2026-08-28T09:25:42+00:00,zc_cmp_full_zstd_single_bucket_20260828_35m_x1_01377,526888,31,335.556,Success,31,526888,330
1378,1378,2026-08-28T09:25:43+00:00,zc_cmp_full_zstd_single_bucket_20260828_35m_x1_01378,526239,31,369.327,Success,31,526239,364
1379,1379,2026-08-28T09:25:44+00:00,zc_cmp_full_zstd_single_bucket_20260828_35m_x1_01379,526024,31,334.702,Success,31,526024,330
1380,1380,2026-08-28T09:25:45+00:00,zc_cmp_full_zstd_single_bucket_20260828_35m_x1_01380,527518,31,412.991,Success,31,527518,407
1381,1381,2026-08-28T09:25:46+00:00,zc_cmp_full_zstd_single_bucket_20260828_35m_x1_01381,526763,31,460.992,Success,31,526763,463
1382,1382,2026-08-28T09:25:47+00:00,zc_cmp_full_zstd_single_bucket_20260828_35m_x1_01382,526578,31,352.367,Success,31,526578,351
1383,1383,2026-08-28T09:25:48+00:00,zc_cmp_full_zstd_single_bucket_20260828_35m_x1_01383,525959,31,396.503,Success,31,525959,396
1384,1384,2026-08-28T09:25:49+00:00,zc_cmp_full_zstd_single_bucket_20260828_35m_x1_01384,526597,31,311.476,Success,31,526597,310
1385,1385,2026-08-28T09:25:50+00:00,zc_cmp_full_zstd_single_bucket_20260828_35m_x1_01385,525229,31,478.019,Success,31,525229,477
1386,1386,2026-08-28T09:25:51+00:00,zc_cmp_full_zstd_single_bucket_20260828_35m_x1_01386,527004,31,436.941,Success,31,527004,435
1387,1387,2026-08-28T09:25:52+00:00,zc_cmp_full_zstd_single_bucket_20260828_35m_x1_01387,527426,31,388.162,Success,31,527426,386
1388,1388,2026-08-28T09:25:53+00:00,zc_cmp_full_zstd_single_bucket_20260828_35m_x1_01388,526791,31,307.364,Success,31,526791,304
1389,1389,2026-08-28T09:25:54+00:00,zc_cmp_full_zstd_single_bucket_20260828_35m_x1_01389,526808,31,343.631,Success,31,526808,340
1390,1390,2026-08-28T09:25:56+00:00,zc_cmp_full_zstd_single_bucket_20260828_35m_x1_01390,526708,31,557.745,Success,31,526708,554
1391,1391,2026-08-28T09:25:56+00:00,zc_cmp_full_zstd_single_bucket_20260828_35m_x1_01391,526317,31,426.755,Success,31,526317,422
1392,1392,2026-08-28T09:25:57+00:00,zc_cmp_full_zstd_single_bucket_20260828_35m_x1_01392,526897,31,454.453,Success,31,526897,451
1393,1393,2026-08-28T09:25:58+00:00,zc_cmp_full_zstd_single_bucket_20260828_35m_x1_01393,527520,31,308.958,Success,31,527520,304
1394,1394,2026-08-28T09:25:59+00:00,zc_cmp_full_zstd_single_bucket_20260828_35m_x1_01394,526725,31,340.383,Success,31,526725,335
1395,1395,2026-08-28T09:26:00+00:00,zc_cmp_full_zstd_single_bucket_20260828_35m_x1_01395,527249,31,481.345,Success,31,527249,477
1396,1396,2026-08-28T09:26:01+00:00,zc_cmp_full_zstd_single_bucket_20260828_35m_x1_01396,526806,31,491.182,Success,31,526806,486
1397,1397,2026-08-28T09:26:02+00:00,zc_cmp_full_zstd_single_bucket_20260828_35m_x1_01397,526185,31,399.052,Success,31,526185,394
1398,1398,2026-08-28T09:26:03+00:00,zc_cmp_full_zstd_single_bucket_20260828_35m_x1_01398,527205,31,401.588,Success,31,527205,397
1399,1399,2026-08-28T09:26:05+00:00,zc_cmp_full_zstd_single_bucket_20260828_35m_x1_01399,526677,31,819.549,Success,31,526677,814
1400,1400,2026-08-28T09:26:05+00:00,zc_cmp_full_zstd_single_bucket_20260828_35m_x1_01400,526831,31,492.614,Success,31,526831,487
1401,1401,2026-08-28T09:26:06+00:00,zc_cmp_full_zstd_single_bucket_20260828_35m_x1_01401,526986,31,480.274,Success,31,526986,482
1402,1402,2026-08-28T09:26:07+00:00,zc_cmp_full_zstd_single_bucket_20260828_35m_x1_01402,525735,31,431.732,Success,31,525735,432
1403,1403,2026-08-28T09:26:08+00:00,zc_cmp_full_zstd_single_bucket_20260828_35m_x1_01403,525346,31,445.37,Success,31,525346,445
1404,1404,2026-08-28T09:26:09+00:00,zc_cmp_full_zstd_single_bucket_20260828_35m_x1_01404,527167,31,482.358,Success,31,527167,480
1405,1405,2026-08-28T09:26:10+00:00,zc_cmp_full_zstd_single_bucket_20260828_35m_x1_01405,526724,31,440.533,Success,31,526724,439
1406,1406,2026-08-28T09:26:11+00:00,zc_cmp_full_zstd_single_bucket_20260828_35m_x1_01406,527204,31,348.232,Success,31,527204,346
1407,1407,2026-08-28T09:26:12+00:00,zc_cmp_full_zstd_single_bucket_20260828_35m_x1_01407,525841,31,447.203,Success,31,525841,445
1408,1408,2026-08-28T09:26:13+00:00,zc_cmp_full_zstd_single_bucket_20260828_35m_x1_01408,526888,31,484.743,Success,31,526888,482
1409,1409,2026-08-28T09:26:14+00:00,zc_cmp_full_zstd_single_bucket_20260828_35m_x1_01409,526828,31,491.501,Success,31,526828,488
1410,1410,2026-08-28T09:26:15+00:00,zc_cmp_full_zstd_single_bucket_20260828_35m_x1_01410,526848,31,396.42,Success,31,526848,392
1411,1411,2026-08-28T09:26:16+00:00,zc_cmp_full_zstd_single_bucket_20260828_35m_x1_01411,526403,31,340.4,Success,31,526403,336
1412,1412,2026-08-28T09:26:17+00:00,zc_cmp_full_zstd_single_bucket_20260828_35m_x1_01412,526532,31,399.522,Success,31,526532,396
1413,1413,2026-08-28T09:26:18+00:00,zc_cmp_full_zstd_single_bucket_20260828_35m_x1_01413,527206,31,360.313,Success,31,527206,355
1414,1414,2026-08-28T09:26:19+00:00,zc_cmp_full_zstd_single_bucket_20260828_35m_x1_01414,527296,31,311.308,Success,31,527296,306
1415,1415,2026-08-28T09:26:20+00:00,zc_cmp_full_zstd_single_bucket_20260828_35m_x1_01415,526780,31,379.094,Success,31,526780,374
1416,1416,2026-08-28T09:26:21+00:00,zc_cmp_full_zstd_single_bucket_20260828_35m_x1_01416,526998,31,405.899,Success,31,526998,401
1417,1417,2026-08-28T09:26:22+00:00,zc_cmp_full_zstd_single_bucket_20260828_35m_x1_01417,526604,31,453.737,Success,31,526604,449
1418,1418,2026-08-28T09:26:23+00:00,zc_cmp_full_zstd_single_bucket_20260828_35m_x1_01418,527373,31,467.405,Success,31,527373,463
1419,1419,2026-08-28T09:26:24+00:00,zc_cmp_full_zstd_single_bucket_20260828_35m_x1_01419,526765,31,398.264,Success,31,526765,393
1420,1420,2026-08-28T09:26:25+00:00,zc_cmp_full_zstd_single_bucket_20260828_35m_x1_01420,526573,31,331.763,Success,31,526573,326
1421,1421,2026-08-28T09:26:26+00:00,zc_cmp_full_zstd_single_bucket_20260828_35m_x1_01421,525701,31,366.377,Success,31,525701,366
1422,1422,2026-08-28T09:26:27+00:00,zc_cmp_full_zstd_single_bucket_20260828_35m_x1_01422,525650,31,453.966,Success,31,525650,455
1423,1423,2026-08-28T09:26:28+00:00,zc_cmp_full_zstd_single_bucket_20260828_35m_x1_01423,526835,31,368.418,Success,31,526835,367
1424,1424,2026-08-28T09:26:29+00:00,zc_cmp_full_zstd_single_bucket_20260828_35m_x1_01424,526469,31,384.804,Success,31,526469,384
1425,1425,2026-08-28T09:26:30+00:00,zc_cmp_full_zstd_single_bucket_20260828_35m_x1_01425,526030,31,359.718,Success,31,526030,358
1426,1426,2026-08-28T09:26:31+00:00,zc_cmp_full_zstd_single_bucket_20260828_35m_x1_01426,526835,31,469.419,Success,31,526835,467
1427,1427,2026-08-28T09:26:32+00:00,zc_cmp_full_zstd_single_bucket_20260828_35m_x1_01427,526986,31,487.277,Success,31,526986,485
1428,1428,2026-08-28T09:26:33+00:00,zc_cmp_full_zstd_single_bucket_20260828_35m_x1_01428,527238,31,350.811,Success,31,527238,348
1429,1429,2026-08-28T09:26:34+00:00,zc_cmp_full_zstd_single_bucket_20260828_35m_x1_01429,527707,31,363.488,Success,31,527707,360
1430,1430,2026-08-28T09:26:35+00:00,zc_cmp_full_zstd_single_bucket_20260828_35m_x1_01430,526495,31,353.887,Success,31,526495,350
1431,1431,2026-08-28T09:26:36+00:00,zc_cmp_full_zstd_single_bucket_20260828_35m_x1_01431,524793,31,332.365,Success,31,524793,329
1432,1432,2026-08-28T09:26:37+00:00,zc_cmp_full_zstd_single_bucket_20260828_35m_x1_01432,526279,31,420.844,Success,31,526279,417
1433,1433,2026-08-28T09:26:38+00:00,zc_cmp_full_zstd_single_bucket_20260828_35m_x1_01433,526930,31,389.467,Success,31,526930,385
1434,1434,2026-08-28T09:26:39+00:00,zc_cmp_full_zstd_single_bucket_20260828_35m_x1_01434,526273,31,404.275,Success,31,526273,400
1435,1435,2026-08-28T09:26:40+00:00,zc_cmp_full_zstd_single_bucket_20260828_35m_x1_01435,526651,31,435.329,Success,31,526651,431
1436,1436,2026-08-28T09:26:41+00:00,zc_cmp_full_zstd_single_bucket_20260828_35m_x1_01436,525605,31,444.16,Success,31,525605,440
1437,1437,2026-08-28T09:26:42+00:00,zc_cmp_full_zstd_single_bucket_20260828_35m_x1_01437,525549,31,413.303,Success,31,525549,408
1438,1438,2026-08-28T09:26:43+00:00,zc_cmp_full_zstd_single_bucket_20260828_35m_x1_01438,526492,31,404.211,Success,31,526492,399
1439,1439,2026-08-28T09:26:44+00:00,zc_cmp_full_zstd_single_bucket_20260828_35m_x1_01439,526752,31,447.989,Success,31,526752,443
1440,1440,2026-08-28T09:26:45+00:00,zc_cmp_full_zstd_single_bucket_20260828_35m_x1_01440,527455,31,310.594,Success,31,527455,305
1441,1441,2026-08-28T09:26:46+00:00,zc_cmp_full_zstd_single_bucket_20260828_35m_x1_01441,525283,31,381.012,Success,31,525283,381
1442,1442,2026-08-28T09:26:47+00:00,zc_cmp_full_zstd_single_bucket_20260828_35m_x1_01442,526960,31,421.642,Success,31,526960,421
1443,1443,2026-08-28T09:26:48+00:00,zc_cmp_full_zstd_single_bucket_20260828_35m_x1_01443,526582,31,376.009,Success,31,526582,374
1444,1444,2026-08-28T09:26:49+00:00,zc_cmp_full_zstd_single_bucket_20260828_35m_x1_01444,525601,31,448.064,Success,31,525601,447
1445,1445,2026-08-28T09:26:50+00:00,zc_cmp_full_zstd_single_bucket_20260828_35m_x1_01445,525259,31,431.95,Success,31,525259,430
1446,1446,2026-08-28T09:26:51+00:00,zc_cmp_full_zstd_single_bucket_20260828_35m_x1_01446,527802,31,366.743,Success,31,527802,359
1447,1447,2026-08-28T09:26:52+00:00,zc_cmp_full_zstd_single_bucket_20260828_35m_x1_01447,526561,31,478.52,Success,31,526561,476
1448,1448,2026-08-28T09:26:53+00:00,zc_cmp_full_zstd_single_bucket_20260828_35m_x1_01448,526974,31,348.166,Success,31,526974,344
1449,1449,2026-08-28T09:26:54+00:00,zc_cmp_full_zstd_single_bucket_20260828_35m_x1_01449,525307,31,416.349,Success,31,525307,412
1450,1450,2026-08-28T09:26:55+00:00,zc_cmp_full_zstd_single_bucket_20260828_35m_x1_01450,525922,31,410.053,Success,31,525922,405
1451,1451,2026-08-28T09:26:56+00:00,zc_cmp_full_zstd_single_bucket_20260828_35m_x1_01451,526719,31,323.431,Success,31,526719,319
1452,1452,2026-08-28T09:26:57+00:00,zc_cmp_full_zstd_single_bucket_20260828_35m_x1_01452,526626,31,387.544,Success,31,526626,383
1453,1453,2026-08-28T09:26:58+00:00,zc_cmp_full_zstd_single_bucket_20260828_35m_x1_01453,526710,31,323.085,Success,31,526710,318
1454,1454,2026-08-28T09:26:59+00:00,zc_cmp_full_zstd_single_bucket_20260828_35m_x1_01454,526035,31,311.318,Success,31,526035,306
1455,1455,2026-08-28T09:27:00+00:00,zc_cmp_full_zstd_single_bucket_20260828_35m_x1_01455,527988,31,359.945,Success,31,527988,355
1456,1456,2026-08-28T09:27:01+00:00,zc_cmp_full_zstd_single_bucket_20260828_35m_x1_01456,526324,31,285.956,Success,31,526324,281
1457,1457,2026-08-28T09:27:02+00:00,zc_cmp_full_zstd_single_bucket_20260828_35m_x1_01457,526584,31,394.925,Success,31,526584,390
1458,1458,2026-08-28T09:27:03+00:00,zc_cmp_full_zstd_single_bucket_20260828_35m_x1_01458,526575,31,438.775,Success,31,526575,434
1459,1459,2026-08-28T09:27:04+00:00,zc_cmp_full_zstd_single_bucket_20260828_35m_x1_01459,526516,31,274.341,Success,31,526516,269
1460,1460,2026-08-28T09:27:05+00:00,zc_cmp_full_zstd_single_bucket_20260828_35m_x1_01460,526031,31,331.079,Success,31,526031,325
1461,1461,2026-08-28T09:27:06+00:00,zc_cmp_full_zstd_single_bucket_20260828_35m_x1_01461,525746,31,374.278,Success,31,525746,375
1462,1462,2026-08-28T09:27:07+00:00,zc_cmp_full_zstd_single_bucket_20260828_35m_x1_01462,526416,31,420.682,Success,31,526416,421
1463,1463,2026-08-28T09:27:08+00:00,zc_cmp_full_zstd_single_bucket_20260828_35m_x1_01463,526863,31,471.326,Success,31,526863,472
1464,1464,2026-08-28T09:27:09+00:00,zc_cmp_full_zstd_single_bucket_20260828_35m_x1_01464,527329,31,360.547,Success,31,527329,358
1465,1465,2026-08-28T09:27:10+00:00,zc_cmp_full_zstd_single_bucket_20260828_35m_x1_01465,526330,31,333.823,Success,31,526330,332
1466,1466,2026-08-28T09:27:11+00:00,zc_cmp_full_zstd_single_bucket_20260828_35m_x1_01466,527038,31,312.846,Success,31,527038,309
1467,1467,2026-08-28T09:27:12+00:00,zc_cmp_full_zstd_single_bucket_20260828_35m_x1_01467,527226,31,419.751,Success,31,527226,417
1468,1468,2026-08-28T09:27:13+00:00,zc_cmp_full_zstd_single_bucket_20260828_35m_x1_01468,527233,31,345.874,Success,31,527233,343
1469,1469,2026-08-28T09:27:14+00:00,zc_cmp_full_zstd_single_bucket_20260828_35m_x1_01469,527380,31,354.246,Success,31,527380,351
1470,1470,2026-08-28T09:27:15+00:00,zc_cmp_full_zstd_single_bucket_20260828_35m_x1_01470,526618,31,355.781,Success,31,526618,351
1471,1471,2026-08-28T09:27:16+00:00,zc_cmp_full_zstd_single_bucket_20260828_35m_x1_01471,526749,31,428.929,Success,31,526749,431
1472,1472,2026-08-28T09:27:17+00:00,zc_cmp_full_zstd_single_bucket_20260828_35m_x1_01472,526558,31,343.589,Success,31,526558,343
1473,1473,2026-08-28T09:27:18+00:00,zc_cmp_full_zstd_single_bucket_20260828_35m_x1_01473,526395,31,364.445,Success,31,526395,364
1474,1474,2026-08-28T09:27:19+00:00,zc_cmp_full_zstd_single_bucket_20260828_35m_x1_01474,527279,31,344.963,Success,31,527279,344
1475,1475,2026-08-28T09:27:20+00:00,zc_cmp_full_zstd_single_bucket_20260828_35m_x1_01475,526371,31,368.849,Success,31,526371,367
1476,1476,2026-08-28T09:27:21+00:00,zc_cmp_full_zstd_single_bucket_20260828_35m_x1_01476,526304,31,441.004,Success,31,526304,440
1477,1477,2026-08-28T09:27:22+00:00,zc_cmp_full_zstd_single_bucket_20260828_35m_x1_01477,527049,31,393.471,Success,31,527049,391
1478,1478,2026-08-28T09:27:23+00:00,zc_cmp_full_zstd_single_bucket_20260828_35m_x1_01478,526704,31,361.945,Success,31,526704,359
1479,1479,2026-08-28T09:27:24+00:00,zc_cmp_full_zstd_single_bucket_20260828_35m_x1_01479,526558,31,376.161,Success,31,526558,373
1480,1480,2026-08-28T09:27:25+00:00,zc_cmp_full_zstd_single_bucket_20260828_35m_x1_01480,526879,31,410.54,Success,31,526879,404
1481,1481,2026-08-28T09:27:26+00:00,zc_cmp_full_zstd_single_bucket_20260828_35m_x1_01481,526637,31,315.752,Success,31,526637,314
1482,1482,2026-08-28T09:27:27+00:00,zc_cmp_full_zstd_single_bucket_20260828_35m_x1_01482,527293,31,322.831,Success,31,527293,321
1483,1483,2026-08-28T09:27:28+00:00,zc_cmp_full_zstd_single_bucket_20260828_35m_x1_01483,525725,31,394.911,Success,31,525725,393
1484,1484,2026-08-28T09:27:29+00:00,zc_cmp_full_zstd_single_bucket_20260828_35m_x1_01484,526041,31,426.4,Success,31,526041,424
1485,1485,2026-08-28T09:27:30+00:00,zc_cmp_full_zstd_single_bucket_20260828_35m_x1_01485,527655,31,391.893,Success,31,527655,389
1486,1486,2026-08-28T09:27:31+00:00,zc_cmp_full_zstd_single_bucket_20260828_35m_x1_01486,526085,31,359.476,Success,31,526085,355
1487,1487,2026-08-28T09:27:32+00:00,zc_cmp_full_zstd_single_bucket_20260828_35m_x1_01487,526516,31,390.948,Success,31,526516,388
1488,1488,2026-08-28T09:27:34+00:00,zc_cmp_full_zstd_single_bucket_20260828_35m_x1_01488,526492,31,567.999,Success,31,526492,565
1489,1489,2026-08-28T09:27:35+00:00,zc_cmp_full_zstd_single_bucket_20260828_35m_x1_01489,526931,31,506.721,Success,31,526931,503
1490,1490,2026-08-28T09:27:35+00:00,zc_cmp_full_zstd_single_bucket_20260828_35m_x1_01490,527631,31,390.273,Success,31,527631,385
1491,1491,2026-08-28T09:27:36+00:00,zc_cmp_full_zstd_single_bucket_20260828_35m_x1_01491,526579,31,435.739,Success,31,526579,431
1492,1492,2026-08-28T09:27:37+00:00,zc_cmp_full_zstd_single_bucket_20260828_35m_x1_01492,526183,31,492.452,Success,31,526183,489
1493,1493,2026-08-28T09:27:38+00:00,zc_cmp_full_zstd_single_bucket_20260828_35m_x1_01493,525965,31,393.63,Success,31,525965,389
1494,1494,2026-08-28T09:27:39+00:00,zc_cmp_full_zstd_single_bucket_20260828_35m_x1_01494,527719,31,346.633,Success,31,527719,342
1495,1495,2026-08-28T09:27:40+00:00,zc_cmp_full_zstd_single_bucket_20260828_35m_x1_01495,525139,31,427.158,Success,31,525139,423
1496,1496,2026-08-28T09:27:41+00:00,zc_cmp_full_zstd_single_bucket_20260828_35m_x1_01496,525930,31,387.693,Success,31,525930,383
1497,1497,2026-08-28T09:27:42+00:00,zc_cmp_full_zstd_single_bucket_20260828_35m_x1_01497,526929,31,488.506,Success,31,526929,483
1498,1498,2026-08-28T09:27:43+00:00,zc_cmp_full_zstd_single_bucket_20260828_35m_x1_01498,526173,31,475.003,Success,31,526173,470
1499,1499,2026-08-28T09:27:44+00:00,zc_cmp_full_zstd_single_bucket_20260828_35m_x1_01499,526460,31,322.205,Success,31,526460,317
1500,1500,2026-08-28T09:27:45+00:00,zc_cmp_full_zstd_single_bucket_20260828_35m_x1_01500,527321,31,404.05,Success,31,527321,398
1501,1501,2026-08-28T09:27:46+00:00,zc_cmp_full_zstd_single_bucket_20260828_35m_x1_01501,527393,31,476.318,Success,31,527393,479
1502,1502,2026-08-28T09:27:47+00:00,zc_cmp_full_zstd_single_bucket_20260828_35m_x1_01502,526972,31,479.223,Success,31,526972,480
1503,1503,2026-08-28T09:27:48+00:00,zc_cmp_full_zstd_single_bucket_20260828_35m_x1_01503,526353,31,458.054,Success,31,526353,458
1504,1504,2026-08-28T09:27:49+00:00,zc_cmp_full_zstd_single_bucket_20260828_35m_x1_01504,525954,31,421.018,Success,31,525954,420
1505,1505,2026-08-28T09:27:50+00:00,zc_cmp_full_zstd_single_bucket_20260828_35m_x1_01505,526720,31,382.465,Success,31,526720,381
1506,1506,2026-08-28T09:27:51+00:00,zc_cmp_full_zstd_single_bucket_20260828_35m_x1_01506,527824,31,453.237,Success,31,527824,450
1507,1507,2026-08-28T09:27:52+00:00,zc_cmp_full_zstd_single_bucket_20260828_35m_x1_01507,527580,31,419.065,Success,31,527580,417
1508,1508,2026-08-28T09:27:53+00:00,zc_cmp_full_zstd_single_bucket_20260828_35m_x1_01508,527428,31,343.816,Success,31,527428,340
1509,1509,2026-08-28T09:27:54+00:00,zc_cmp_full_zstd_single_bucket_20260828_35m_x1_01509,526286,31,377.082,Success,31,526286,374
1510,1510,2026-08-28T09:27:55+00:00,zc_cmp_full_zstd_single_bucket_20260828_35m_x1_01510,526488,31,461.773,Success,31,526488,458
1511,1511,2026-08-28T09:27:57+00:00,zc_cmp_full_zstd_single_bucket_20260828_35m_x1_01511,526019,31,531.485,Success,31,526019,528
1512,1512,2026-08-28T09:27:57+00:00,zc_cmp_full_zstd_single_bucket_20260828_35m_x1_01512,526005,31,425.138,Success,31,526005,421
1513,1513,2026-08-28T09:27:58+00:00,zc_cmp_full_zstd_single_bucket_20260828_35m_x1_01513,526528,31,483.502,Success,31,526528,479
1514,1514,2026-08-28T09:27:59+00:00,zc_cmp_full_zstd_single_bucket_20260828_35m_x1_01514,526593,31,373.453,Success,31,526593,368
1515,1515,2026-08-28T09:28:00+00:00,zc_cmp_full_zstd_single_bucket_20260828_35m_x1_01515,526439,31,352.282,Success,31,526439,347
1516,1516,2026-08-28T09:28:01+00:00,zc_cmp_full_zstd_single_bucket_20260828_35m_x1_01516,527424,31,439.611,Success,31,527424,435
1517,1517,2026-08-28T09:28:02+00:00,zc_cmp_full_zstd_single_bucket_20260828_35m_x1_01517,526709,31,360.878,Success,31,526709,355
1518,1518,2026-08-28T09:28:03+00:00,zc_cmp_full_zstd_single_bucket_20260828_35m_x1_01518,526710,31,431.479,Success,31,526710,426
1519,1519,2026-08-28T09:28:04+00:00,zc_cmp_full_zstd_single_bucket_20260828_35m_x1_01519,526246,31,446.019,Success,31,526246,441
1520,1520,2026-08-28T09:28:05+00:00,zc_cmp_full_zstd_single_bucket_20260828_35m_x1_01520,527700,31,385.046,Success,31,527700,379
1521,1521,2026-08-28T09:28:06+00:00,zc_cmp_full_zstd_single_bucket_20260828_35m_x1_01521,525893,31,436.675,Success,31,525893,439
1522,1522,2026-08-28T09:28:07+00:00,zc_cmp_full_zstd_single_bucket_20260828_35m_x1_01522,526413,31,483.152,Success,31,526413,486
1523,1523,2026-08-28T09:28:08+00:00,zc_cmp_full_zstd_single_bucket_20260828_35m_x1_01523,526737,31,454.712,Success,31,526737,455
1524,1524,2026-08-28T09:28:09+00:00,zc_cmp_full_zstd_single_bucket_20260828_35m_x1_01524,526511,31,296.745,Success,31,526511,295
1525,1525,2026-08-28T09:28:10+00:00,zc_cmp_full_zstd_single_bucket_20260828_35m_x1_01525,526475,31,302.159,Success,31,526475,300
1526,1526,2026-08-28T09:28:11+00:00,zc_cmp_full_zstd_single_bucket_20260828_35m_x1_01526,527142,31,433.328,Success,31,527142,432
1527,1527,2026-08-28T09:28:12+00:00,zc_cmp_full_zstd_single_bucket_20260828_35m_x1_01527,526819,31,464.217,Success,31,526819,462
1528,1528,2026-08-28T09:28:13+00:00,zc_cmp_full_zstd_single_bucket_20260828_35m_x1_01528,525559,31,476.86,Success,31,525559,473
1529,1529,2026-08-28T09:28:14+00:00,zc_cmp_full_zstd_single_bucket_20260828_35m_x1_01529,525328,31,414.351,Success,31,525328,411
1530,1530,2026-08-28T09:28:15+00:00,zc_cmp_full_zstd_single_bucket_20260828_35m_x1_01530,526820,31,401.447,Success,31,526820,396
1531,1531,2026-08-28T09:28:16+00:00,zc_cmp_full_zstd_single_bucket_20260828_35m_x1_01531,526165,31,419.924,Success,31,526165,420
1532,1532,2026-08-28T09:28:17+00:00,zc_cmp_full_zstd_single_bucket_20260828_35m_x1_01532,525715,31,460.937,Success,31,525715,461
1533,1533,2026-08-28T09:28:18+00:00,zc_cmp_full_zstd_single_bucket_20260828_35m_x1_01533,525881,31,368.892,Success,31,525881,368
1534,1534,2026-08-28T09:28:19+00:00,zc_cmp_full_zstd_single_bucket_20260828_35m_x1_01534,526764,31,358.575,Success,31,526764,357
1535,1535,2026-08-28T09:28:20+00:00,zc_cmp_full_zstd_single_bucket_20260828_35m_x1_01535,526169,31,331.683,Success,31,526169,329
1536,1536,2026-08-28T09:28:21+00:00,zc_cmp_full_zstd_single_bucket_20260828_35m_x1_01536,525677,31,463.099,Success,31,525677,461
1537,1537,2026-08-28T09:28:22+00:00,zc_cmp_full_zstd_single_bucket_20260828_35m_x1_01537,526865,31,439.612,Success,31,526865,437
1538,1538,2026-08-28T09:28:23+00:00,zc_cmp_full_zstd_single_bucket_20260828_35m_x1_01538,525740,31,356.475,Success,31,525740,353
1539,1539,2026-08-28T09:28:24+00:00,zc_cmp_full_zstd_single_bucket_20260828_35m_x1_01539,527314,31,345.512,Success,31,527314,342
1540,1540,2026-08-28T09:28:25+00:00,zc_cmp_full_zstd_single_bucket_20260828_35m_x1_01540,526510,31,393.272,Success,31,526510,389
1541,1541,2026-08-28T09:28:26+00:00,zc_cmp_full_zstd_single_bucket_20260828_35m_x1_01541,525823,31,398.595,Success,31,525823,394
1542,1542,2026-08-28T09:28:27+00:00,zc_cmp_full_zstd_single_bucket_20260828_35m_x1_01542,527286,31,494.955,Success,31,527286,489
1543,1543,2026-08-28T09:28:28+00:00,zc_cmp_full_zstd_single_bucket_20260828_35m_x1_01543,527493,31,411.665,Success,31,527493,406
1544,1544,2026-08-28T09:28:29+00:00,zc_cmp_full_zstd_single_bucket_20260828_35m_x1_01544,527406,31,422.807,Success,31,527406,418
1545,1545,2026-08-28T09:28:30+00:00,zc_cmp_full_zstd_single_bucket_20260828_35m_x1_01545,525849,31,450.823,Success,31,525849,445
1546,1546,2026-08-28T09:28:31+00:00,zc_cmp_full_zstd_single_bucket_20260828_35m_x1_01546,526738,31,401.406,Success,31,526738,396
1547,1547,2026-08-28T09:28:32+00:00,zc_cmp_full_zstd_single_bucket_20260828_35m_x1_01547,526189,31,413.66,Success,31,526189,409
1548,1548,2026-08-28T09:28:33+00:00,zc_cmp_full_zstd_single_bucket_20260828_35m_x1_01548,527355,31,423.976,Success,31,527355,418
1549,1549,2026-08-28T09:28:34+00:00,zc_cmp_full_zstd_single_bucket_20260828_35m_x1_01549,526206,31,465.166,Success,31,526206,459
1550,1550,2026-08-28T09:28:35+00:00,zc_cmp_full_zstd_single_bucket_20260828_35m_x1_01550,526209,31,487.493,Success,31,526209,481
1551,1551,2026-08-28T09:28:36+00:00,zc_cmp_full_zstd_single_bucket_20260828_35m_x1_01551,526010,31,337.134,Success,31,526010,337
1552,1552,2026-08-28T09:28:37+00:00,zc_cmp_full_zstd_single_bucket_20260828_35m_x1_01552,526522,31,316.001,Success,31,526522,315
1553,1553,2026-08-28T09:28:38+00:00,zc_cmp_full_zstd_single_bucket_20260828_35m_x1_01553,526425,31,377.529,Success,31,526425,377
1554,1554,2026-08-28T09:28:39+00:00,zc_cmp_full_zstd_single_bucket_20260828_35m_x1_01554,527865,31,329.164,Success,31,527865,327
1555,1555,2026-08-28T09:28:40+00:00,zc_cmp_full_zstd_single_bucket_20260828_35m_x1_01555,526645,31,462.313,Success,31,526645,461
1556,1556,2026-08-28T09:28:41+00:00,zc_cmp_full_zstd_single_bucket_20260828_35m_x1_01556,525532,31,282.945,Success,31,525532,279
1557,1557,2026-08-28T09:28:42+00:00,zc_cmp_full_zstd_single_bucket_20260828_35m_x1_01557,527211,31,308.248,Success,31,527211,305
1558,1558,2026-08-28T09:28:43+00:00,zc_cmp_full_zstd_single_bucket_20260828_35m_x1_01558,527642,31,410.657,Success,31,527642,407
1559,1559,2026-08-28T09:28:44+00:00,zc_cmp_full_zstd_single_bucket_20260828_35m_x1_01559,526407,31,318.744,Success,31,526407,314
1560,1560,2026-08-28T09:28:45+00:00,zc_cmp_full_zstd_single_bucket_20260828_35m_x1_01560,526928,31,356.287,Success,31,526928,353
1561,1561,2026-08-28T09:28:46+00:00,zc_cmp_full_zstd_single_bucket_20260828_35m_x1_01561,525928,31,315.181,Success,31,525928,311
1562,1562,2026-08-28T09:28:47+00:00,zc_cmp_full_zstd_single_bucket_20260828_35m_x1_01562,526172,31,286.633,Success,31,526172,282
1563,1563,2026-08-28T09:28:48+00:00,zc_cmp_full_zstd_single_bucket_20260828_35m_x1_01563,527246,31,459.64,Success,31,527246,456
1564,1564,2026-08-28T09:28:49+00:00,zc_cmp_full_zstd_single_bucket_20260828_35m_x1_01564,526742,31,416.31,Success,31,526742,411
1565,1565,2026-08-28T09:28:50+00:00,zc_cmp_full_zstd_single_bucket_20260828_35m_x1_01565,527022,31,356.5,Success,31,527022,352
1566,1566,2026-08-28T09:28:51+00:00,zc_cmp_full_zstd_single_bucket_20260828_35m_x1_01566,526041,31,317.491,Success,31,526041,313
1567,1567,2026-08-28T09:28:53+00:00,zc_cmp_full_zstd_single_bucket_20260828_35m_x1_01567,526257,31,506.689,Success,31,526257,501
1568,1568,2026-08-28T09:28:53+00:00,zc_cmp_full_zstd_single_bucket_20260828_35m_x1_01568,527337,31,440.005,Success,31,527337,434
1569,1569,2026-08-28T09:28:54+00:00,zc_cmp_full_zstd_single_bucket_20260828_35m_x1_01569,526623,31,462.323,Success,31,526623,453
1570,1570,2026-08-28T09:28:55+00:00,zc_cmp_full_zstd_single_bucket_20260828_35m_x1_01570,526873,31,397.227,Success,31,526873,391
1571,1571,2026-08-28T09:28:56+00:00,zc_cmp_full_zstd_single_bucket_20260828_35m_x1_01571,525969,31,466.04,Success,31,525969,466
1572,1572,2026-08-28T09:28:57+00:00,zc_cmp_full_zstd_single_bucket_20260828_35m_x1_01572,526794,31,442.807,Success,31,526794,442
1573,1573,2026-08-28T09:28:59+00:00,zc_cmp_full_zstd_single_bucket_20260828_35m_x1_01573,526101,31,558.634,Success,31,526101,558
1574,1574,2026-08-28T09:28:59+00:00,zc_cmp_full_zstd_single_bucket_20260828_35m_x1_01574,527018,31,382.36,Success,31,527018,380
1575,1575,2026-08-28T09:29:00+00:00,zc_cmp_full_zstd_single_bucket_20260828_35m_x1_01575,526858,31,354.338,Success,31,526858,352
1576,1576,2026-08-28T09:29:01+00:00,zc_cmp_full_zstd_single_bucket_20260828_35m_x1_01576,525958,31,470.262,Success,31,525958,467
1577,1577,2026-08-28T09:29:02+00:00,zc_cmp_full_zstd_single_bucket_20260828_35m_x1_01577,526927,31,371.215,Success,31,526927,368
1578,1578,2026-08-28T09:29:03+00:00,zc_cmp_full_zstd_single_bucket_20260828_35m_x1_01578,527032,31,364.411,Success,31,527032,361
1579,1579,2026-08-28T09:29:05+00:00,zc_cmp_full_zstd_single_bucket_20260828_35m_x1_01579,525924,31,510.739,Success,31,525924,507
1580,1580,2026-08-28T09:29:05+00:00,zc_cmp_full_zstd_single_bucket_20260828_35m_x1_01580,526785,31,426.558,Success,31,526785,422
1581,1581,2026-08-28T09:29:07+00:00,zc_cmp_full_zstd_single_bucket_20260828_35m_x1_01581,526811,31,508.967,Success,31,526811,504
1582,1582,2026-08-28T09:29:08+00:00,zc_cmp_full_zstd_single_bucket_20260828_35m_x1_01582,526222,31,613.116,Success,31,526222,607
1583,1583,2026-08-28T09:29:09+00:00,zc_cmp_full_zstd_single_bucket_20260828_35m_x1_01583,526284,31,632.317,Success,31,526284,627
1584,1584,2026-08-28T09:29:10+00:00,zc_cmp_full_zstd_single_bucket_20260828_35m_x1_01584,526002,31,540.269,Success,31,526002,536
1585,1585,2026-08-28T09:29:11+00:00,zc_cmp_full_zstd_single_bucket_20260828_35m_x1_01585,526438,31,499.98,Success,31,526438,495
1586,1586,2026-08-28T09:29:11+00:00,zc_cmp_full_zstd_single_bucket_20260828_35m_x1_01586,526420,31,487.444,Success,31,526420,482
1587,1587,2026-08-28T09:29:12+00:00,zc_cmp_full_zstd_single_bucket_20260828_35m_x1_01587,526140,31,440.457,Success,31,526140,435
1588,1588,2026-08-28T09:29:13+00:00,zc_cmp_full_zstd_single_bucket_20260828_35m_x1_01588,527392,31,454.487,Success,31,527392,450
1589,1589,2026-08-28T09:29:14+00:00,zc_cmp_full_zstd_single_bucket_20260828_35m_x1_01589,525846,31,464.741,Success,31,525846,458
1590,1590,2026-08-28T09:29:16+00:00,zc_cmp_full_zstd_single_bucket_20260828_35m_x1_01590,526065,31,521.7,Success,31,526065,514
1591,1591,2026-08-28T09:29:17+00:00,zc_cmp_full_zstd_single_bucket_20260828_35m_x1_01591,526349,31,520.373,Success,31,526349,515
1592,1592,2026-08-28T09:29:17+00:00,zc_cmp_full_zstd_single_bucket_20260828_35m_x1_01592,526929,31,350.869,Success,31,526929,347
1593,1593,2026-08-28T09:29:18+00:00,zc_cmp_full_zstd_single_bucket_20260828_35m_x1_01593,526595,31,454.606,Success,31,526595,453
1594,1594,2026-08-28T09:29:19+00:00,zc_cmp_full_zstd_single_bucket_20260828_35m_x1_01594,526104,31,460.931,Success,31,526104,458
1595,1595,2026-08-28T09:29:20+00:00,zc_cmp_full_zstd_single_bucket_20260828_35m_x1_01595,525684,31,468.18,Success,31,525684,464
1596,1596,2026-08-28T09:29:21+00:00,zc_cmp_full_zstd_single_bucket_20260828_35m_x1_01596,526737,31,391.388,Success,31,526737,388
1597,1597,2026-08-28T09:29:23+00:00,zc_cmp_full_zstd_single_bucket_20260828_35m_x1_01597,525915,31,502.507,Success,31,525915,499
1598,1598,2026-08-28T09:29:23+00:00,zc_cmp_full_zstd_single_bucket_20260828_35m_x1_01598,526284,31,394.09,Success,31,526284,390
1599,1599,2026-08-28T09:29:24+00:00,zc_cmp_full_zstd_single_bucket_20260828_35m_x1_01599,526735,31,399.48,Success,31,526735,395
1600,1600,2026-08-28T09:29:25+00:00,zc_cmp_full_zstd_single_bucket_20260828_35m_x1_01600,526840,31,410.63,Success,31,526840,406
1601,1601,2026-08-28T09:29:26+00:00,zc_cmp_full_zstd_single_bucket_20260828_35m_x1_01601,526193,31,374.483,Success,31,526193,370
1602,1602,2026-08-28T09:29:27+00:00,zc_cmp_full_zstd_single_bucket_20260828_35m_x1_01602,527106,31,313.482,Success,31,527106,309
1603,1603,2026-08-28T09:29:28+00:00,zc_cmp_full_zstd_single_bucket_20260828_35m_x1_01603,526712,31,432.327,Success,31,526712,428
1604,1604,2026-08-28T09:29:29+00:00,zc_cmp_full_zstd_single_bucket_20260828_35m_x1_01604,527524,31,360.414,Success,31,527524,356
1605,1605,2026-08-28T09:29:30+00:00,zc_cmp_full_zstd_single_bucket_20260828_35m_x1_01605,526184,31,391.242,Success,31,526184,387
1606,1606,2026-08-28T09:29:31+00:00,zc_cmp_full_zstd_single_bucket_20260828_35m_x1_01606,526640,31,441.175,Success,31,526640,436
1607,1607,2026-08-28T09:29:32+00:00,zc_cmp_full_zstd_single_bucket_20260828_35m_x1_01607,526476,31,356.627,Success,31,526476,352
1608,1608,2026-08-28T09:29:33+00:00,zc_cmp_full_zstd_single_bucket_20260828_35m_x1_01608,527004,31,377.825,Success,31,527004,372
1609,1609,2026-08-28T09:29:35+00:00,zc_cmp_full_zstd_single_bucket_20260828_35m_x1_01609,525475,31,996.409,Success,31,525475,953
1610,1610,2026-08-28T09:29:36+00:00,zc_cmp_full_zstd_single_bucket_20260828_35m_x1_01610,526695,31,509.314,Success,31,526695,503
1611,1611,2026-08-28T09:29:37+00:00,zc_cmp_full_zstd_single_bucket_20260828_35m_x1_01611,526847,31,545.244,Success,31,526847,538
1612,1612,2026-08-28T09:29:38+00:00,zc_cmp_full_zstd_single_bucket_20260828_35m_x1_01612,526343,31,500.821,Success,31,526343,494
1613,1613,2026-08-28T09:29:39+00:00,zc_cmp_full_zstd_single_bucket_20260828_35m_x1_01613,526571,31,611.605,Success,31,526571,604
1614,1614,2026-08-28T09:29:39+00:00,zc_cmp_full_zstd_single_bucket_20260828_35m_x1_01614,527939,31,477.768,Success,31,527939,472
1615,1615,2026-08-28T09:29:41+00:00,zc_cmp_full_zstd_single_bucket_20260828_35m_x1_01615,525641,31,528.515,Success,31,525641,522
1616,1616,2026-08-28T09:29:42+00:00,zc_cmp_full_zstd_single_bucket_20260828_35m_x1_01616,526000,31,509.129,Success,31,526000,502
1617,1617,2026-08-28T09:29:43+00:00,zc_cmp_full_zstd_single_bucket_20260828_35m_x1_01617,526533,31,593.556,Success,31,526533,588
1618,1618,2026-08-28T09:29:44+00:00,zc_cmp_full_zstd_single_bucket_20260828_35m_x1_01618,527340,31,536.963,Success,31,527340,530
1619,1619,2026-08-28T09:29:44+00:00,zc_cmp_full_zstd_single_bucket_20260828_35m_x1_01619,526067,31,475.995,Success,31,526067,468
1620,1620,2026-08-28T09:29:46+00:00,zc_cmp_full_zstd_single_bucket_20260828_35m_x1_01620,526834,31,643.645,Success,31,526834,636
1621,1621,2026-08-28T09:29:46+00:00,zc_cmp_full_zstd_single_bucket_20260828_35m_x1_01621,526495,31,486.652,Success,31,526495,489
1622,1622,2026-08-28T09:29:47+00:00,zc_cmp_full_zstd_single_bucket_20260828_35m_x1_01622,526430,31,479.775,Success,31,526430,480
1623,1623,2026-08-28T09:29:49+00:00,zc_cmp_full_zstd_single_bucket_20260828_35m_x1_01623,526681,31,810.495,Success,31,526681,814
1624,1624,2026-08-28T09:29:49+00:00,zc_cmp_full_zstd_single_bucket_20260828_35m_x1_01624,526353,31,494.547,Success,31,526353,493
1625,1625,2026-08-28T09:29:51+00:00,zc_cmp_full_zstd_single_bucket_20260828_35m_x1_01625,526041,31,546.761,Success,31,526041,545
1626,1626,2026-08-28T09:29:52+00:00,zc_cmp_full_zstd_single_bucket_20260828_35m_x1_01626,525787,31,557.818,Success,31,525787,556
1627,1627,2026-08-28T09:29:53+00:00,zc_cmp_full_zstd_single_bucket_20260828_35m_x1_01627,527158,31,525.941,Success,31,527158,523
1628,1628,2026-08-28T09:29:54+00:00,zc_cmp_full_zstd_single_bucket_20260828_35m_x1_01628,525842,31,596.995,Success,31,525842,593
1629,1629,2026-08-28T09:29:55+00:00,zc_cmp_full_zstd_single_bucket_20260828_35m_x1_01629,524839,31,548.658,Success,31,524839,545
1630,1630,2026-08-28T09:29:55+00:00,zc_cmp_full_zstd_single_bucket_20260828_35m_x1_01630,526097,31,484.707,Success,31,526097,478
1631,1631,2026-08-28T09:29:56+00:00,zc_cmp_full_zstd_single_bucket_20260828_35m_x1_01631,525954,31,447.387,Success,31,525954,443
1632,1632,2026-08-28T09:29:58+00:00,zc_cmp_full_zstd_single_bucket_20260828_35m_x1_01632,526097,31,532.751,Success,31,526097,528
1633,1633,2026-08-28T09:29:59+00:00,zc_cmp_full_zstd_single_bucket_20260828_35m_x1_01633,525875,31,549.08,Success,31,525875,544
1634,1634,2026-08-28T09:30:00+00:00,zc_cmp_full_zstd_single_bucket_20260828_35m_x1_01634,526181,31,580.04,Success,31,526181,575
1635,1635,2026-08-28T09:30:00+00:00,zc_cmp_full_zstd_single_bucket_20260828_35m_x1_01635,526892,31,466.284,Success,31,526892,460
1636,1636,2026-08-28T09:30:02+00:00,zc_cmp_full_zstd_single_bucket_20260828_35m_x1_01636,526341,31,543.866,Success,31,526341,539
1637,1637,2026-08-28T09:30:02+00:00,zc_cmp_full_zstd_single_bucket_20260828_35m_x1_01637,526684,31,470.118,Success,31,526684,464
1638,1638,2026-08-28T09:30:04+00:00,zc_cmp_full_zstd_single_bucket_20260828_35m_x1_01638,526849,31,618.759,Success,31,526849,595
1639,1639,2026-08-28T09:30:04+00:00,zc_cmp_full_zstd_single_bucket_20260828_35m_x1_01639,526521,31,474.96,Success,31,526521,469
1640,1640,2026-08-28T09:30:06+00:00,zc_cmp_full_zstd_single_bucket_20260828_35m_x1_01640,525985,31,494.016,Success,31,525985,487
1641,1641,2026-08-28T09:30:06+00:00,zc_cmp_full_zstd_single_bucket_20260828_35m_x1_01641,526092,31,372.399,Success,31,526092,371
1642,1642,2026-08-28T09:30:07+00:00,zc_cmp_full_zstd_single_bucket_20260828_35m_x1_01642,527369,31,491.062,Success,31,527369,491
1643,1643,2026-08-28T09:30:08+00:00,zc_cmp_full_zstd_single_bucket_20260828_35m_x1_01643,525716,31,453.934,Success,31,525716,453
1644,1644,2026-08-28T09:30:09+00:00,zc_cmp_full_zstd_single_bucket_20260828_35m_x1_01644,526364,31,413.832,Success,31,526364,413
1645,1645,2026-08-28T09:30:11+00:00,zc_cmp_full_zstd_single_bucket_20260828_35m_x1_01645,526873,31,563.393,Success,31,526873,563
1646,1646,2026-08-28T09:30:11+00:00,zc_cmp_full_zstd_single_bucket_20260828_35m_x1_01646,526717,31,483.312,Success,31,526717,482
1647,1647,2026-08-28T09:30:12+00:00,zc_cmp_full_zstd_single_bucket_20260828_35m_x1_01647,526061,31,463.979,Success,31,526061,461
1648,1648,2026-08-28T09:30:14+00:00,zc_cmp_full_zstd_single_bucket_20260828_35m_x1_01648,526435,31,514.596,Success,31,526435,512
1649,1649,2026-08-28T09:30:14+00:00,zc_cmp_full_zstd_single_bucket_20260828_35m_x1_01649,526302,31,480.504,Success,31,526302,477
1650,1650,2026-08-28T09:30:16+00:00,zc_cmp_full_zstd_single_bucket_20260828_35m_x1_01650,526322,31,514.359,Success,31,526322,511
1651,1651,2026-08-28T09:30:17+00:00,zc_cmp_full_zstd_single_bucket_20260828_35m_x1_01651,525968,31,513.68,Success,31,525968,510
1652,1652,2026-08-28T09:30:17+00:00,zc_cmp_full_zstd_single_bucket_20260828_35m_x1_01652,526853,31,419.936,Success,31,526853,416
1653,1653,2026-08-28T09:30:19+00:00,zc_cmp_full_zstd_single_bucket_20260828_35m_x1_01653,526428,31,501.835,Success,31,526428,497
1654,1654,2026-08-28T09:30:20+00:00,zc_cmp_full_zstd_single_bucket_20260828_35m_x1_01654,526347,31,543.687,Success,31,526347,540
1655,1655,2026-08-28T09:30:20+00:00,zc_cmp_full_zstd_single_bucket_20260828_35m_x1_01655,526067,31,472.303,Success,31,526067,468
1656,1656,2026-08-28T09:30:22+00:00,zc_cmp_full_zstd_single_bucket_20260828_35m_x1_01656,527214,31,547.985,Success,31,527214,543
1657,1657,2026-08-28T09:30:23+00:00,zc_cmp_full_zstd_single_bucket_20260828_35m_x1_01657,526268,31,531.035,Success,31,526268,526
1658,1658,2026-08-28T09:30:23+00:00,zc_cmp_full_zstd_single_bucket_20260828_35m_x1_01658,526787,31,477.015,Success,31,526787,472
1659,1659,2026-08-28T09:30:24+00:00,zc_cmp_full_zstd_single_bucket_20260828_35m_x1_01659,526675,31,490.402,Success,31,526675,485
1660,1660,2026-08-28T09:30:26+00:00,zc_cmp_full_zstd_single_bucket_20260828_35m_x1_01660,527098,31,550.281,Success,31,527098,544
1661,1661,2026-08-28T09:30:27+00:00,zc_cmp_full_zstd_single_bucket_20260828_35m_x1_01661,526028,31,499.999,Success,31,526028,500
1662,1662,2026-08-28T09:30:28+00:00,zc_cmp_full_zstd_single_bucket_20260828_35m_x1_01662,526552,31,507.064,Success,31,526552,507
1663,1663,2026-08-28T09:30:29+00:00,zc_cmp_full_zstd_single_bucket_20260828_35m_x1_01663,525602,31,559.79,Success,31,525602,559
1664,1664,2026-08-28T09:30:30+00:00,zc_cmp_full_zstd_single_bucket_20260828_35m_x1_01664,526896,31,502.961,Success,31,526896,502
1665,1665,2026-08-28T09:30:30+00:00,zc_cmp_full_zstd_single_bucket_20260828_35m_x1_01665,527008,31,488.157,Success,31,527008,485
1666,1666,2026-08-28T09:30:32+00:00,zc_cmp_full_zstd_single_bucket_20260828_35m_x1_01666,526274,31,558.342,Success,31,526274,555
1667,1667,2026-08-28T09:30:33+00:00,zc_cmp_full_zstd_single_bucket_20260828_35m_x1_01667,526866,31,537.038,Success,31,526866,534
1668,1668,2026-08-28T09:30:34+00:00,zc_cmp_full_zstd_single_bucket_20260828_35m_x1_01668,526171,31,579.699,Success,31,526171,575
1669,1669,2026-08-28T09:30:35+00:00,zc_cmp_full_zstd_single_bucket_20260828_35m_x1_01669,527927,31,504.939,Success,31,527927,500
1670,1670,2026-08-28T09:30:36+00:00,zc_cmp_full_zstd_single_bucket_20260828_35m_x1_01670,526422,31,590.99,Success,31,526422,587
1671,1671,2026-08-28T09:30:37+00:00,zc_cmp_full_zstd_single_bucket_20260828_35m_x1_01671,526813,31,503.657,Success,31,526813,499
1672,1672,2026-08-28T09:30:37+00:00,zc_cmp_full_zstd_single_bucket_20260828_35m_x1_01672,525861,31,456.995,Success,31,525861,453
1673,1673,2026-08-28T09:30:38+00:00,zc_cmp_full_zstd_single_bucket_20260828_35m_x1_01673,526381,31,467.685,Success,31,526381,463
1674,1674,2026-08-28T09:30:40+00:00,zc_cmp_full_zstd_single_bucket_20260828_35m_x1_01674,526189,31,579.191,Success,31,526189,574
1675,1675,2026-08-28T09:30:41+00:00,zc_cmp_full_zstd_single_bucket_20260828_35m_x1_01675,526103,31,551.28,Success,31,526103,546
1676,1676,2026-08-28T09:30:42+00:00,zc_cmp_full_zstd_single_bucket_20260828_35m_x1_01676,526741,31,557.58,Success,31,526741,548
1677,1677,2026-08-28T09:30:43+00:00,zc_cmp_full_zstd_single_bucket_20260828_35m_x1_01677,526043,31,581.011,Success,31,526043,574
1678,1678,2026-08-28T09:30:44+00:00,zc_cmp_full_zstd_single_bucket_20260828_35m_x1_01678,526220,31,712.771,Success,31,526220,708
1679,1679,2026-08-28T09:30:45+00:00,zc_cmp_full_zstd_single_bucket_20260828_35m_x1_01679,527016,31,516.481,Success,31,527016,510
1680,1680,2026-08-28T09:30:46+00:00,zc_cmp_full_zstd_single_bucket_20260828_35m_x1_01680,526232,31,533.661,Success,31,526232,528
1681,1681,2026-08-28T09:30:46+00:00,zc_cmp_full_zstd_single_bucket_20260828_35m_x1_01681,526162,31,491.268,Success,31,526162,493
1682,1682,2026-08-28T09:30:48+00:00,zc_cmp_full_zstd_single_bucket_20260828_35m_x1_01682,526789,31,500.508,Success,31,526789,501
1683,1683,2026-08-28T09:30:48+00:00,zc_cmp_full_zstd_single_bucket_20260828_35m_x1_01683,526647,31,389.468,Success,31,526647,388
1684,1684,2026-08-28T09:30:49+00:00,zc_cmp_full_zstd_single_bucket_20260828_35m_x1_01684,525528,31,404.498,Success,31,525528,403
1685,1685,2026-08-28T09:30:51+00:00,zc_cmp_full_zstd_single_bucket_20260828_35m_x1_01685,527335,31,539.168,Success,31,527335,538
1686,1686,2026-08-28T09:30:52+00:00,zc_cmp_full_zstd_single_bucket_20260828_35m_x1_01686,526865,31,531.319,Success,31,526865,529
1687,1687,2026-08-28T09:30:53+00:00,zc_cmp_full_zstd_single_bucket_20260828_35m_x1_01687,526221,31,582.021,Success,31,526221,579
1688,1688,2026-08-28T09:30:53+00:00,zc_cmp_full_zstd_single_bucket_20260828_35m_x1_01688,527035,31,469.711,Success,31,527035,465
1689,1689,2026-08-28T09:30:54+00:00,zc_cmp_full_zstd_single_bucket_20260828_35m_x1_01689,525719,31,490.688,Success,31,525719,488
1690,1690,2026-08-28T09:30:56+00:00,zc_cmp_full_zstd_single_bucket_20260828_35m_x1_01690,526072,31,551.029,Success,31,526072,547
1691,1691,2026-08-28T09:30:57+00:00,zc_cmp_full_zstd_single_bucket_20260828_35m_x1_01691,526218,31,511.822,Success,31,526218,507
1692,1692,2026-08-28T09:30:57+00:00,zc_cmp_full_zstd_single_bucket_20260828_35m_x1_01692,526405,31,465.56,Success,31,526405,461
1693,1693,2026-08-28T09:30:58+00:00,zc_cmp_full_zstd_single_bucket_20260828_35m_x1_01693,526700,31,491.558,Success,31,526700,487
1694,1694,2026-08-28T09:31:00+00:00,zc_cmp_full_zstd_single_bucket_20260828_35m_x1_01694,527202,31,504.819,Success,31,527202,500
1695,1695,2026-08-28T09:31:00+00:00,zc_cmp_full_zstd_single_bucket_20260828_35m_x1_01695,526679,31,451.128,Success,31,526679,446
1696,1696,2026-08-28T09:31:02+00:00,zc_cmp_full_zstd_single_bucket_20260828_35m_x1_01696,527090,31,592.309,Success,31,527090,588
1697,1697,2026-08-28T09:31:02+00:00,zc_cmp_full_zstd_single_bucket_20260828_35m_x1_01697,527285,31,450.627,Success,31,527285,445
1698,1698,2026-08-28T09:31:04+00:00,zc_cmp_full_zstd_single_bucket_20260828_35m_x1_01698,527092,31,498.149,Success,31,527092,493
1699,1699,2026-08-28T09:31:05+00:00,zc_cmp_full_zstd_single_bucket_20260828_35m_x1_01699,526967,31,532.942,Success,31,526967,527
1700,1700,2026-08-28T09:31:06+00:00,zc_cmp_full_zstd_single_bucket_20260828_35m_x1_01700,526512,31,532.568,Success,31,526512,527
1701,1701,2026-08-28T09:31:07+00:00,zc_cmp_full_zstd_single_bucket_20260828_35m_x1_01701,526184,31,502.716,Success,31,526184,505
1702,1702,2026-08-28T09:31:08+00:00,zc_cmp_full_zstd_single_bucket_20260828_35m_x1_01702,526304,31,523.117,Success,31,526304,526
1703,1703,2026-08-28T09:31:09+00:00,zc_cmp_full_zstd_single_bucket_20260828_35m_x1_01703,525947,31,541.865,Success,31,525947,543
1704,1704,2026-08-28T09:31:10+00:00,zc_cmp_full_zstd_single_bucket_20260828_35m_x1_01704,526501,31,578.809,Success,31,526501,575
1705,1705,2026-08-28T09:31:11+00:00,zc_cmp_full_zstd_single_bucket_20260828_35m_x1_01705,525562,31,583.455,Success,31,525562,582
1706,1706,2026-08-28T09:31:12+00:00,zc_cmp_full_zstd_single_bucket_20260828_35m_x1_01706,526450,31,538.239,Success,31,526450,534
1707,1707,2026-08-28T09:31:13+00:00,zc_cmp_full_zstd_single_bucket_20260828_35m_x1_01707,526529,31,549.139,Success,31,526529,532
1708,1708,2026-08-28T09:31:14+00:00,zc_cmp_full_zstd_single_bucket_20260828_35m_x1_01708,527044,31,538.807,Success,31,527044,530
1709,1709,2026-08-28T09:31:15+00:00,zc_cmp_full_zstd_single_bucket_20260828_35m_x1_01709,526634,31,672.884,Success,31,526634,565
1710,1710,2026-08-28T09:31:16+00:00,zc_cmp_full_zstd_single_bucket_20260828_35m_x1_01710,527023,31,571.729,Success,31,527023,560
1711,1711,2026-08-28T09:31:17+00:00,zc_cmp_full_zstd_single_bucket_20260828_35m_x1_01711,526336,31,680.013,Success,31,526336,684
1712,1712,2026-08-28T09:31:18+00:00,zc_cmp_full_zstd_single_bucket_20260828_35m_x1_01712,526949,31,517.175,Success,31,526949,517
1713,1713,2026-08-28T09:31:19+00:00,zc_cmp_full_zstd_single_bucket_20260828_35m_x1_01713,526249,31,565.065,Success,31,526249,566
1714,1714,2026-08-28T09:31:20+00:00,zc_cmp_full_zstd_single_bucket_20260828_35m_x1_01714,526707,31,766.759,Success,31,526707,767
1715,1715,2026-08-28T09:31:21+00:00,zc_cmp_full_zstd_single_bucket_20260828_35m_x1_01715,526090,31,669.525,Success,31,526090,668
1716,1716,2026-08-28T09:31:22+00:00,zc_cmp_full_zstd_single_bucket_20260828_35m_x1_01716,526423,31,601.266,Success,31,526423,589
1717,1717,2026-08-28T09:31:23+00:00,zc_cmp_full_zstd_single_bucket_20260828_35m_x1_01717,527298,31,596.866,Success,31,527298,590
1718,1718,2026-08-28T09:31:24+00:00,zc_cmp_full_zstd_single_bucket_20260828_35m_x1_01718,526548,31,629.873,Success,31,526548,625
1719,1719,2026-08-28T09:31:24+00:00,zc_cmp_full_zstd_single_bucket_20260828_35m_x1_01719,526005,31,486.714,Success,31,526005,481
1720,1720,2026-08-28T09:31:26+00:00,zc_cmp_full_zstd_single_bucket_20260828_35m_x1_01720,526589,31,600.133,Success,31,526589,594
1721,1721,2026-08-28T09:31:27+00:00,zc_cmp_full_zstd_single_bucket_20260828_35m_x1_01721,525978,31,515.185,Success,31,525978,516
1722,1722,2026-08-28T09:31:27+00:00,zc_cmp_full_zstd_single_bucket_20260828_35m_x1_01722,526703,31,447.308,Success,31,526703,447
1723,1723,2026-08-28T09:31:29+00:00,zc_cmp_full_zstd_single_bucket_20260828_35m_x1_01723,525852,31,497.828,Success,31,525852,497
1724,1724,2026-08-28T09:31:30+00:00,zc_cmp_full_zstd_single_bucket_20260828_35m_x1_01724,526744,31,549.92,Success,31,526744,548
1725,1725,2026-08-28T09:31:30+00:00,zc_cmp_full_zstd_single_bucket_20260828_35m_x1_01725,526882,31,488.825,Success,31,526882,486
1726,1726,2026-08-28T09:31:32+00:00,zc_cmp_full_zstd_single_bucket_20260828_35m_x1_01726,526617,31,688.523,Success,31,526617,682
1727,1727,2026-08-28T09:31:33+00:00,zc_cmp_full_zstd_single_bucket_20260828_35m_x1_01727,526602,31,617.866,Success,31,526602,615
1728,1728,2026-08-28T09:31:34+00:00,zc_cmp_full_zstd_single_bucket_20260828_35m_x1_01728,527045,31,632.331,Success,31,527045,628
1729,1729,2026-08-28T09:31:35+00:00,zc_cmp_full_zstd_single_bucket_20260828_35m_x1_01729,526934,31,509.239,Success,31,526934,504
1730,1730,2026-08-28T09:31:35+00:00,zc_cmp_full_zstd_single_bucket_20260828_35m_x1_01730,525900,31,493.484,Success,31,525900,488
1731,1731,2026-08-28T09:31:37+00:00,zc_cmp_full_zstd_single_bucket_20260828_35m_x1_01731,526589,31,549.927,Success,31,526589,543
1732,1732,2026-08-28T09:31:38+00:00,zc_cmp_full_zstd_single_bucket_20260828_35m_x1_01732,525635,31,707.804,Success,31,525635,702
1733,1733,2026-08-28T09:31:39+00:00,zc_cmp_full_zstd_single_bucket_20260828_35m_x1_01733,527375,31,564.765,Success,31,527375,558
1734,1734,2026-08-28T09:31:39+00:00,zc_cmp_full_zstd_single_bucket_20260828_35m_x1_01734,526281,31,490.824,Success,31,526281,485
1735,1735,2026-08-28T09:31:41+00:00,zc_cmp_full_zstd_single_bucket_20260828_35m_x1_01735,527439,31,540.416,Success,31,527439,535
1736,1736,2026-08-28T09:31:42+00:00,zc_cmp_full_zstd_single_bucket_20260828_35m_x1_01736,527130,31,553.489,Success,31,527130,548
1737,1737,2026-08-28T09:31:42+00:00,zc_cmp_full_zstd_single_bucket_20260828_35m_x1_01737,525234,31,453.744,Success,31,525234,447
1738,1738,2026-08-28T09:31:44+00:00,zc_cmp_full_zstd_single_bucket_20260828_35m_x1_01738,526261,31,520.206,Success,31,526261,513
1739,1739,2026-08-28T09:31:45+00:00,zc_cmp_full_zstd_single_bucket_20260828_35m_x1_01739,526642,31,565.877,Success,31,526642,559
1740,1740,2026-08-28T09:31:46+00:00,zc_cmp_full_zstd_single_bucket_20260828_35m_x1_01740,527859,31,502.685,Success,31,527859,494
1741,1741,2026-08-28T09:31:47+00:00,zc_cmp_full_zstd_single_bucket_20260828_35m_x1_01741,526299,31,580.896,Success,31,526299,583
1742,1742,2026-08-28T09:31:48+00:00,zc_cmp_full_zstd_single_bucket_20260828_35m_x1_01742,526702,31,595.95,Success,31,526702,597
1743,1743,2026-08-28T09:31:49+00:00,zc_cmp_full_zstd_single_bucket_20260828_35m_x1_01743,526551,31,512.577,Success,31,526551,513
1744,1744,2026-08-28T09:31:50+00:00,zc_cmp_full_zstd_single_bucket_20260828_35m_x1_01744,525926,31,587.535,Success,31,525926,586
1745,1745,2026-08-28T09:31:51+00:00,zc_cmp_full_zstd_single_bucket_20260828_35m_x1_01745,526766,31,500.403,Success,31,526766,498
1746,1746,2026-08-28T09:31:51+00:00,zc_cmp_full_zstd_single_bucket_20260828_35m_x1_01746,526912,31,471.093,Success,31,526912,468
1747,1747,2026-08-28T09:31:52+00:00,zc_cmp_full_zstd_single_bucket_20260828_35m_x1_01747,526803,31,469.64,Success,31,526803,465
1748,1748,2026-08-28T09:31:53+00:00,zc_cmp_full_zstd_single_bucket_20260828_35m_x1_01748,527179,31,452.428,Success,31,527179,449
1749,1749,2026-08-28T09:31:54+00:00,zc_cmp_full_zstd_single_bucket_20260828_35m_x1_01749,526506,31,401.162,Success,31,526506,398
1750,1750,2026-08-28T09:31:56+00:00,zc_cmp_full_zstd_single_bucket_20260828_35m_x1_01750,526485,31,513.476,Success,31,526485,510
1751,1751,2026-08-28T09:31:56+00:00,zc_cmp_full_zstd_single_bucket_20260828_35m_x1_01751,526844,31,454.173,Success,31,526844,450
1752,1752,2026-08-28T09:31:58+00:00,zc_cmp_full_zstd_single_bucket_20260828_35m_x1_01752,527208,31,573.686,Success,31,527208,569
1753,1753,2026-08-28T09:31:59+00:00,zc_cmp_full_zstd_single_bucket_20260828_35m_x1_01753,525474,31,555.451,Success,31,525474,550
1754,1754,2026-08-28T09:31:59+00:00,zc_cmp_full_zstd_single_bucket_20260828_35m_x1_01754,526751,31,475.771,Success,31,526751,471
1755,1755,2026-08-28T09:32:00+00:00,zc_cmp_full_zstd_single_bucket_20260828_35m_x1_01755,526741,31,462.563,Success,31,526741,458
1756,1756,2026-08-28T09:32:02+00:00,zc_cmp_full_zstd_single_bucket_20260828_35m_x1_01756,527359,31,511.147,Success,31,527359,506
1757,1757,2026-08-28T09:32:03+00:00,zc_cmp_full_zstd_single_bucket_20260828_35m_x1_01757,526116,31,521.318,Success,31,526116,515
1758,1758,2026-08-28T09:32:04+00:00,zc_cmp_full_zstd_single_bucket_20260828_35m_x1_01758,526946,31,504.492,Success,31,526946,499
1759,1759,2026-08-28T09:32:05+00:00,zc_cmp_full_zstd_single_bucket_20260828_35m_x1_01759,526279,31,496.773,Success,31,526279,491
1760,1760,2026-08-28T09:32:06+00:00,zc_cmp_full_zstd_single_bucket_20260828_35m_x1_01760,526490,31,519.879,Success,31,526490,514
1761,1761,2026-08-28T09:32:07+00:00,zc_cmp_full_zstd_single_bucket_20260828_35m_x1_01761,526845,31,514.163,Success,31,526845,517
1762,1762,2026-08-28T09:32:08+00:00,zc_cmp_full_zstd_single_bucket_20260828_35m_x1_01762,527041,31,568.965,Success,31,527041,571
1763,1763,2026-08-28T09:32:08+00:00,zc_cmp_full_zstd_single_bucket_20260828_35m_x1_01763,526139,31,414.296,Success,31,526139,414
1764,1764,2026-08-28T09:32:09+00:00,zc_cmp_full_zstd_single_bucket_20260828_35m_x1_01764,525804,31,493.579,Success,31,525804,493
1765,1765,2026-08-28T09:32:11+00:00,zc_cmp_full_zstd_single_bucket_20260828_35m_x1_01765,528406,31,602.566,Success,31,528406,602
1766,1766,2026-08-28T09:32:11+00:00,zc_cmp_full_zstd_single_bucket_20260828_35m_x1_01766,525795,31,425.192,Success,31,525795,423
1767,1767,2026-08-28T09:32:13+00:00,zc_cmp_full_zstd_single_bucket_20260828_35m_x1_01767,526729,31,563.556,Success,31,526729,561
1768,1768,2026-08-28T09:32:14+00:00,zc_cmp_full_zstd_single_bucket_20260828_35m_x1_01768,526327,31,541.188,Success,31,526327,538
1769,1769,2026-08-28T09:32:14+00:00,zc_cmp_full_zstd_single_bucket_20260828_35m_x1_01769,526634,31,424.868,Success,31,526634,421
1770,1770,2026-08-28T09:32:15+00:00,zc_cmp_full_zstd_single_bucket_20260828_35m_x1_01770,525864,31,440.264,Success,31,525864,434
1771,1771,2026-08-28T09:32:16+00:00,zc_cmp_full_zstd_single_bucket_20260828_35m_x1_01771,527010,31,490.105,Success,31,527010,490
1772,1772,2026-08-28T09:32:18+00:00,zc_cmp_full_zstd_single_bucket_20260828_35m_x1_01772,527076,31,591.138,Success,31,527076,590
1773,1773,2026-08-28T09:32:18+00:00,zc_cmp_full_zstd_single_bucket_20260828_35m_x1_01773,527066,31,462.929,Success,31,527066,461
1774,1774,2026-08-28T09:32:19+00:00,zc_cmp_full_zstd_single_bucket_20260828_35m_x1_01774,526364,31,440.765,Success,31,526364,438
1775,1775,2026-08-28T09:32:20+00:00,zc_cmp_full_zstd_single_bucket_20260828_35m_x1_01775,525637,31,459.463,Success,31,525637,456
1776,1776,2026-08-28T09:32:21+00:00,zc_cmp_full_zstd_single_bucket_20260828_35m_x1_01776,528245,31,494.99,Success,31,528245,490
1777,1777,2026-08-28T09:32:23+00:00,zc_cmp_full_zstd_single_bucket_20260828_35m_x1_01777,526546,31,633.376,Success,31,526546,630
1778,1778,2026-08-28T09:32:24+00:00,zc_cmp_full_zstd_single_bucket_20260828_35m_x1_01778,526460,31,495.086,Success,31,526460,492
1779,1779,2026-08-28T09:32:25+00:00,zc_cmp_full_zstd_single_bucket_20260828_35m_x1_01779,527499,31,555.256,Success,31,527499,551
1780,1780,2026-08-28T09:32:26+00:00,zc_cmp_full_zstd_single_bucket_20260828_35m_x1_01780,525686,31,502.835,Success,31,525686,497
1781,1781,2026-08-28T09:32:27+00:00,zc_cmp_full_zstd_single_bucket_20260828_35m_x1_01781,526621,31,590.124,Success,31,526621,584
1782,1782,2026-08-28T09:32:28+00:00,zc_cmp_full_zstd_single_bucket_20260828_35m_x1_01782,527152,31,574.3,Success,31,527152,568
1783,1783,2026-08-28T09:32:29+00:00,zc_cmp_full_zstd_single_bucket_20260828_35m_x1_01783,526746,31,525.118,Success,31,526746,517
1784,1784,2026-08-28T09:32:29+00:00,zc_cmp_full_zstd_single_bucket_20260828_35m_x1_01784,525307,31,413.415,Success,31,525307,408
1785,1785,2026-08-28T09:32:31+00:00,zc_cmp_full_zstd_single_bucket_20260828_35m_x1_01785,526694,31,542.356,Success,31,526694,535
1786,1786,2026-08-28T09:32:32+00:00,zc_cmp_full_zstd_single_bucket_20260828_35m_x1_01786,527180,31,620.326,Success,31,527180,615
1787,1787,2026-08-28T09:32:33+00:00,zc_cmp_full_zstd_single_bucket_20260828_35m_x1_01787,525186,31,533.975,Success,31,525186,528
1788,1788,2026-08-28T09:32:34+00:00,zc_cmp_full_zstd_single_bucket_20260828_35m_x1_01788,526420,31,754.516,Success,31,526420,749
1789,1789,2026-08-28T09:32:35+00:00,zc_cmp_full_zstd_single_bucket_20260828_35m_x1_01789,527130,31,492.559,Success,31,527130,485
1790,1790,2026-08-28T09:32:36+00:00,zc_cmp_full_zstd_single_bucket_20260828_35m_x1_01790,527051,31,588.061,Success,31,527051,583
1791,1791,2026-08-28T09:32:37+00:00,zc_cmp_full_zstd_single_bucket_20260828_35m_x1_01791,526906,31,558.512,Success,31,526906,560
1792,1792,2026-08-28T09:32:38+00:00,zc_cmp_full_zstd_single_bucket_20260828_35m_x1_01792,526283,31,580.379,Success,31,526283,582
1793,1793,2026-08-28T09:32:39+00:00,zc_cmp_full_zstd_single_bucket_20260828_35m_x1_01793,526633,31,522.91,Success,31,526633,524
1794,1794,2026-08-28T09:32:39+00:00,zc_cmp_full_zstd_single_bucket_20260828_35m_x1_01794,526361,31,488.995,Success,31,526361,489
1795,1795,2026-08-28T09:32:41+00:00,zc_cmp_full_zstd_single_bucket_20260828_35m_x1_01795,526764,31,573.206,Success,31,526764,573
1796,1796,2026-08-28T09:32:42+00:00,zc_cmp_full_zstd_single_bucket_20260828_35m_x1_01796,526195,31,508.966,Success,31,526195,506
1797,1797,2026-08-28T09:32:43+00:00,zc_cmp_full_zstd_single_bucket_20260828_35m_x1_01797,528217,31,503.88,Success,31,528217,502
1798,1798,2026-08-28T09:32:44+00:00,zc_cmp_full_zstd_single_bucket_20260828_35m_x1_01798,526537,31,618.332,Success,31,526537,615
1799,1799,2026-08-28T09:32:44+00:00,zc_cmp_full_zstd_single_bucket_20260828_35m_x1_01799,525416,31,483.568,Success,31,525416,478
1800,1800,2026-08-28T09:32:46+00:00,zc_cmp_full_zstd_single_bucket_20260828_35m_x1_01800,527422,31,597.501,Success,31,527422,592
1801,1801,2026-08-28T09:32:47+00:00,zc_cmp_full_zstd_single_bucket_20260828_35m_x1_01801,526094,31,563.895,Success,31,526094,566
1802,1802,2026-08-28T09:32:48+00:00,zc_cmp_full_zstd_single_bucket_20260828_35m_x1_01802,526643,31,615.079,Success,31,526643,616
1803,1803,2026-08-28T09:32:48+00:00,zc_cmp_full_zstd_single_bucket_20260828_35m_x1_01803,526239,31,495.037,Success,31,526239,495
1804,1804,2026-08-28T09:32:50+00:00,zc_cmp_full_zstd_single_bucket_20260828_35m_x1_01804,526638,31,674.457,Success,31,526638,674
1805,1805,2026-08-28T09:32:50+00:00,zc_cmp_full_zstd_single_bucket_20260828_35m_x1_01805,527390,31,457.654,Success,31,527390,455
1806,1806,2026-08-28T09:32:51+00:00,zc_cmp_full_zstd_single_bucket_20260828_35m_x1_01806,526997,31,490.466,Success,31,526997,488
1807,1807,2026-08-28T09:32:53+00:00,zc_cmp_full_zstd_single_bucket_20260828_35m_x1_01807,526617,31,647.321,Success,31,526617,644
1808,1808,2026-08-28T09:32:54+00:00,zc_cmp_full_zstd_single_bucket_20260828_35m_x1_01808,527228,31,657.525,Success,31,527228,640
1809,1809,2026-08-28T09:32:55+00:00,zc_cmp_full_zstd_single_bucket_20260828_35m_x1_01809,526164,31,633.792,Success,31,526164,628
1810,1810,2026-08-28T09:32:56+00:00,zc_cmp_full_zstd_single_bucket_20260828_35m_x1_01810,526312,31,715.729,Success,31,526312,710
1811,1811,2026-08-28T09:32:57+00:00,zc_cmp_full_zstd_single_bucket_20260828_35m_x1_01811,525571,31,629.455,Success,31,525571,619
1812,1812,2026-08-28T09:32:58+00:00,zc_cmp_full_zstd_single_bucket_20260828_35m_x1_01812,526920,31,991.262,Success,31,526920,972
1813,1813,2026-08-28T09:32:59+00:00,zc_cmp_full_zstd_single_bucket_20260828_35m_x1_01813,526707,31,604.223,Success,31,526707,584
1814,1814,2026-08-28T09:32:59+00:00,zc_cmp_full_zstd_single_bucket_20260828_35m_x1_01814,526975,31,471.687,Success,31,526975,464
1815,1815,2026-08-28T09:33:01+00:00,zc_cmp_full_zstd_single_bucket_20260828_35m_x1_01815,525810,31,537.551,Success,31,525810,531
1816,1816,2026-08-28T09:33:02+00:00,zc_cmp_full_zstd_single_bucket_20260828_35m_x1_01816,526228,31,648.4,Success,31,526228,636
1817,1817,2026-08-28T09:33:03+00:00,zc_cmp_full_zstd_single_bucket_20260828_35m_x1_01817,527357,31,571.524,Success,31,527357,559
1818,1818,2026-08-28T09:33:04+00:00,zc_cmp_full_zstd_single_bucket_20260828_35m_x1_01818,525729,31,576.036,Success,31,525729,568
1819,1819,2026-08-28T09:33:05+00:00,zc_cmp_full_zstd_single_bucket_20260828_35m_x1_01819,526452,31,634.512,Success,31,526452,626
1820,1820,2026-08-28T09:33:06+00:00,zc_cmp_full_zstd_single_bucket_20260828_35m_x1_01820,526997,31,523.618,Success,31,526997,517
1821,1821,2026-08-28T09:33:07+00:00,zc_cmp_full_zstd_single_bucket_20260828_35m_x1_01821,526891,31,527.689,Success,31,526891,526
1822,1822,2026-08-28T09:33:08+00:00,zc_cmp_full_zstd_single_bucket_20260828_35m_x1_01822,527323,31,612.544,Success,31,527323,611
1823,1823,2026-08-28T09:33:09+00:00,zc_cmp_full_zstd_single_bucket_20260828_35m_x1_01823,526698,31,580.25,Success,31,526698,578
1824,1824,2026-08-28T09:33:09+00:00,zc_cmp_full_zstd_single_bucket_20260828_35m_x1_01824,527209,31,442.687,Success,31,527209,439
1825,1825,2026-08-28T09:33:10+00:00,zc_cmp_full_zstd_single_bucket_20260828_35m_x1_01825,526608,31,490.883,Success,31,526608,487
1826,1826,2026-08-28T09:33:11+00:00,zc_cmp_full_zstd_single_bucket_20260828_35m_x1_01826,526522,31,408.417,Success,31,526522,404
1827,1827,2026-08-28T09:33:12+00:00,zc_cmp_full_zstd_single_bucket_20260828_35m_x1_01827,527856,31,491.814,Success,31,527856,487
1828,1828,2026-08-28T09:33:14+00:00,zc_cmp_full_zstd_single_bucket_20260828_35m_x1_01828,526704,31,600.523,Success,31,526704,596
1829,1829,2026-08-28T09:33:15+00:00,zc_cmp_full_zstd_single_bucket_20260828_35m_x1_01829,526639,31,582.289,Success,31,526639,578
1830,1830,2026-08-28T09:33:16+00:00,zc_cmp_full_zstd_single_bucket_20260828_35m_x1_01830,526384,31,506.099,Success,31,526384,501
1831,1831,2026-08-28T09:33:17+00:00,zc_cmp_full_zstd_single_bucket_20260828_35m_x1_01831,526556,31,600.032,Success,31,526556,595
1832,1832,2026-08-28T09:33:18+00:00,zc_cmp_full_zstd_single_bucket_20260828_35m_x1_01832,527463,31,521.142,Success,31,527463,515
1833,1833,2026-08-28T09:33:18+00:00,zc_cmp_full_zstd_single_bucket_20260828_35m_x1_01833,525914,31,411.635,Success,31,525914,406
1834,1834,2026-08-28T09:33:20+00:00,zc_cmp_full_zstd_single_bucket_20260828_35m_x1_01834,526906,31,521.506,Success,31,526906,516
1835,1835,2026-08-28T09:33:20+00:00,zc_cmp_full_zstd_single_bucket_20260828_35m_x1_01835,526375,31,472.238,Success,31,526375,466
1836,1836,2026-08-28T09:33:22+00:00,zc_cmp_full_zstd_single_bucket_20260828_35m_x1_01836,526113,31,557.575,Success,31,526113,552
1837,1837,2026-08-28T09:33:23+00:00,zc_cmp_full_zstd_single_bucket_20260828_35m_x1_01837,527588,31,552.223,Success,31,527588,546
1838,1838,2026-08-28T09:33:24+00:00,zc_cmp_full_zstd_single_bucket_20260828_35m_x1_01838,526136,31,501.697,Success,31,526136,496
1839,1839,2026-08-28T09:33:24+00:00,zc_cmp_full_zstd_single_bucket_20260828_35m_x1_01839,526344,31,436.77,Success,31,526344,430
1840,1840,2026-08-28T09:33:26+00:00,zc_cmp_full_zstd_single_bucket_20260828_35m_x1_01840,526254,31,505.785,Success,31,526254,500
1841,1841,2026-08-28T09:33:26+00:00,zc_cmp_full_zstd_single_bucket_20260828_35m_x1_01841,526273,31,448.909,Success,31,526273,443
1842,1842,2026-08-28T09:33:27+00:00,zc_cmp_full_zstd_single_bucket_20260828_35m_x1_01842,525769,31,479.244,Success,31,525769,473
1843,1843,2026-08-28T09:33:28+00:00,zc_cmp_full_zstd_single_bucket_20260828_35m_x1_01843,526860,31,457.412,Success,31,526860,451
1844,1844,2026-08-28T09:33:29+00:00,zc_cmp_full_zstd_single_bucket_20260828_35m_x1_01844,526816,31,429.038,Success,31,526816,423
1845,1845,2026-08-28T09:33:31+00:00,zc_cmp_full_zstd_single_bucket_20260828_35m_x1_01845,527131,31,521.957,Success,31,527131,516
1846,1846,2026-08-28T09:33:31+00:00,zc_cmp_full_zstd_single_bucket_20260828_35m_x1_01846,526546,31,482.439,Success,31,526546,475
1847,1847,2026-08-28T09:33:32+00:00,zc_cmp_full_zstd_single_bucket_20260828_35m_x1_01847,526415,31,461.392,Success,31,526415,455
1848,1848,2026-08-28T09:33:34+00:00,zc_cmp_full_zstd_single_bucket_20260828_35m_x1_01848,526150,31,569.68,Success,31,526150,563
1849,1849,2026-08-28T09:33:35+00:00,zc_cmp_full_zstd_single_bucket_20260828_35m_x1_01849,526436,31,591.887,Success,31,526436,586
1850,1850,2026-08-28T09:33:35+00:00,zc_cmp_full_zstd_single_bucket_20260828_35m_x1_01850,526985,31,462.985,Success,31,526985,457
1851,1851,2026-08-28T09:33:36+00:00,zc_cmp_full_zstd_single_bucket_20260828_35m_x1_01851,524993,31,484.619,Success,31,524993,479
1852,1852,2026-08-28T09:33:38+00:00,zc_cmp_full_zstd_single_bucket_20260828_35m_x1_01852,526901,31,527.59,Success,31,526901,521
1853,1853,2026-08-28T09:33:38+00:00,zc_cmp_full_zstd_single_bucket_20260828_35m_x1_01853,526592,31,433.641,Success,31,526592,428
1854,1854,2026-08-28T09:33:39+00:00,zc_cmp_full_zstd_single_bucket_20260828_35m_x1_01854,527083,31,439.657,Success,31,527083,434
1855,1855,2026-08-28T09:33:41+00:00,zc_cmp_full_zstd_single_bucket_20260828_35m_x1_01855,526624,31,499.083,Success,31,526624,494
1856,1856,2026-08-28T09:33:41+00:00,zc_cmp_full_zstd_single_bucket_20260828_35m_x1_01856,525019,31,416.941,Success,31,525019,411
1857,1857,2026-08-28T09:33:43+00:00,zc_cmp_full_zstd_single_bucket_20260828_35m_x1_01857,526364,31,497.637,Success,31,526364,492
1858,1858,2026-08-28T09:33:43+00:00,zc_cmp_full_zstd_single_bucket_20260828_35m_x1_01858,526604,31,482.214,Success,31,526604,476
1859,1859,2026-08-28T09:33:44+00:00,zc_cmp_full_zstd_single_bucket_20260828_35m_x1_01859,527432,31,478.048,Success,31,527432,473
1860,1860,2026-08-28T09:33:45+00:00,zc_cmp_full_zstd_single_bucket_20260828_35m_x1_01860,525981,31,461.645,Success,31,525981,455
1861,1861,2026-08-28T09:33:47+00:00,zc_cmp_full_zstd_single_bucket_20260828_35m_x1_01861,526469,31,513.635,Success,31,526469,515
1862,1862,2026-08-28T09:33:48+00:00,zc_cmp_full_zstd_single_bucket_20260828_35m_x1_01862,525947,31,527.907,Success,31,525947,529
1863,1863,2026-08-28T09:33:49+00:00,zc_cmp_full_zstd_single_bucket_20260828_35m_x1_01863,526283,31,559.969,Success,31,526283,561
1864,1864,2026-08-28T09:33:49+00:00,zc_cmp_full_zstd_single_bucket_20260828_35m_x1_01864,525793,31,489.812,Success,31,525793,489
1865,1865,2026-08-28T09:33:51+00:00,zc_cmp_full_zstd_single_bucket_20260828_35m_x1_01865,527521,31,575.323,Success,31,527521,574
1866,1866,2026-08-28T09:33:52+00:00,zc_cmp_full_zstd_single_bucket_20260828_35m_x1_01866,527188,31,514.119,Success,31,527188,512
1867,1867,2026-08-28T09:33:53+00:00,zc_cmp_full_zstd_single_bucket_20260828_35m_x1_01867,527320,31,543.487,Success,31,527320,540
1868,1868,2026-08-28T09:33:54+00:00,zc_cmp_full_zstd_single_bucket_20260828_35m_x1_01868,526221,31,509.594,Success,31,526221,505
1869,1869,2026-08-28T09:33:54+00:00,zc_cmp_full_zstd_single_bucket_20260828_35m_x1_01869,526871,31,476.062,Success,31,526871,472
1870,1870,2026-08-28T09:33:55+00:00,zc_cmp_full_zstd_single_bucket_20260828_35m_x1_01870,527247,31,425.018,Success,31,527247,420
1871,1871,2026-08-28T09:33:57+00:00,zc_cmp_full_zstd_single_bucket_20260828_35m_x1_01871,525452,31,512.232,Success,31,525452,508
1872,1872,2026-08-28T09:33:57+00:00,zc_cmp_full_zstd_single_bucket_20260828_35m_x1_01872,525829,31,468.213,Success,31,525829,464
1873,1873,2026-08-28T09:33:58+00:00,zc_cmp_full_zstd_single_bucket_20260828_35m_x1_01873,526396,31,490.774,Success,31,526396,486
1874,1874,2026-08-28T09:34:00+00:00,zc_cmp_full_zstd_single_bucket_20260828_35m_x1_01874,526080,31,509.686,Success,31,526080,501
1875,1875,2026-08-28T09:34:01+00:00,zc_cmp_full_zstd_single_bucket_20260828_35m_x1_01875,525510,31,529.754,Success,31,525510,521
1876,1876,2026-08-28T09:34:01+00:00,zc_cmp_full_zstd_single_bucket_20260828_35m_x1_01876,527460,31,389.145,Success,31,527460,384
1877,1877,2026-08-28T09:34:02+00:00,zc_cmp_full_zstd_single_bucket_20260828_35m_x1_01877,527046,31,495.911,Success,31,527046,491
1878,1878,2026-08-28T09:34:04+00:00,zc_cmp_full_zstd_single_bucket_20260828_35m_x1_01878,525843,31,555.712,Success,31,525843,550
1879,1879,2026-08-28T09:34:05+00:00,zc_cmp_full_zstd_single_bucket_20260828_35m_x1_01879,526804,31,597.321,Success,31,526804,590
1880,1880,2026-08-28T09:34:06+00:00,zc_cmp_full_zstd_single_bucket_20260828_35m_x1_01880,526735,31,519.712,Success,31,526735,513
1881,1881,2026-08-28T09:34:06+00:00,zc_cmp_full_zstd_single_bucket_20260828_35m_x1_01881,526403,31,449.056,Success,31,526403,451
1882,1882,2026-08-28T09:34:07+00:00,zc_cmp_full_zstd_single_bucket_20260828_35m_x1_01882,526813,31,391.22,Success,31,526813,391
1883,1883,2026-08-28T09:34:08+00:00,zc_cmp_full_zstd_single_bucket_20260828_35m_x1_01883,525667,31,384.707,Success,31,525667,384
1884,1884,2026-08-28T09:34:09+00:00,zc_cmp_full_zstd_single_bucket_20260828_35m_x1_01884,527279,31,395.677,Success,31,527279,394
1885,1885,2026-08-28T09:34:10+00:00,zc_cmp_full_zstd_single_bucket_20260828_35m_x1_01885,525949,31,482.801,Success,31,525949,481
1886,1886,2026-08-28T09:34:12+00:00,zc_cmp_full_zstd_single_bucket_20260828_35m_x1_01886,526325,31,838.816,Success,31,526325,836
1887,1887,2026-08-28T09:34:13+00:00,zc_cmp_full_zstd_single_bucket_20260828_35m_x1_01887,525565,31,550.446,Success,31,525565,548
1888,1888,2026-08-28T09:34:13+00:00,zc_cmp_full_zstd_single_bucket_20260828_35m_x1_01888,525766,31,448.779,Success,31,525766,444
1889,1889,2026-08-28T09:34:14+00:00,zc_cmp_full_zstd_single_bucket_20260828_35m_x1_01889,526797,31,496.846,Success,31,526797,493
1890,1890,2026-08-28T09:34:16+00:00,zc_cmp_full_zstd_single_bucket_20260828_35m_x1_01890,526501,31,494.696,Success,31,526501,491
1891,1891,2026-08-28T09:34:16+00:00,zc_cmp_full_zstd_single_bucket_20260828_35m_x1_01891,526387,31,426.429,Success,31,526387,422
1892,1892,2026-08-28T09:34:17+00:00,zc_cmp_full_zstd_single_bucket_20260828_35m_x1_01892,526417,31,492.021,Success,31,526417,488
1893,1893,2026-08-28T09:34:18+00:00,zc_cmp_full_zstd_single_bucket_20260828_35m_x1_01893,527246,31,468.545,Success,31,527246,462
1894,1894,2026-08-28T09:34:20+00:00,zc_cmp_full_zstd_single_bucket_20260828_35m_x1_01894,526546,31,576.922,Success,31,526546,570
1895,1895,2026-08-28T09:34:20+00:00,zc_cmp_full_zstd_single_bucket_20260828_35m_x1_01895,527635,31,382.376,Success,31,527635,377
1896,1896,2026-08-28T09:34:22+00:00,zc_cmp_full_zstd_single_bucket_20260828_35m_x1_01896,526440,31,599.624,Success,31,526440,594
1897,1897,2026-08-28T09:34:23+00:00,zc_cmp_full_zstd_single_bucket_20260828_35m_x1_01897,526570,31,510.121,Success,31,526570,499
1898,1898,2026-08-28T09:34:24+00:00,zc_cmp_full_zstd_single_bucket_20260828_35m_x1_01898,525700,31,1035.382,Success,31,525700,1027
1899,1899,2026-08-28T09:34:25+00:00,zc_cmp_full_zstd_single_bucket_20260828_35m_x1_01899,526559,31,520.02,Success,31,526559,514
1900,1900,2026-08-28T09:34:26+00:00,zc_cmp_full_zstd_single_bucket_20260828_35m_x1_01900,525666,31,529.767,Success,31,525666,523
1901,1901,2026-08-28T09:34:26+00:00,zc_cmp_full_zstd_single_bucket_20260828_35m_x1_01901,527018,31,390.775,Success,31,527018,389
1902,1902,2026-08-28T09:34:27+00:00,zc_cmp_full_zstd_single_bucket_20260828_35m_x1_01902,526451,31,352.685,Success,31,526451,350
1903,1903,2026-08-28T09:34:28+00:00,zc_cmp_full_zstd_single_bucket_20260828_35m_x1_01903,526826,31,431.532,Success,31,526826,429
1904,1904,2026-08-28T09:34:29+00:00,zc_cmp_full_zstd_single_bucket_20260828_35m_x1_01904,526796,31,433.561,Success,31,526796,431
1905,1905,2026-08-28T09:34:30+00:00,zc_cmp_full_zstd_single_bucket_20260828_35m_x1_01905,526802,31,328.443,Success,31,526802,325
1906,1906,2026-08-28T09:34:31+00:00,zc_cmp_full_zstd_single_bucket_20260828_35m_x1_01906,526838,31,423.759,Success,31,526838,421
1907,1907,2026-08-28T09:34:32+00:00,zc_cmp_full_zstd_single_bucket_20260828_35m_x1_01907,527376,31,404.378,Success,31,527376,400
1908,1908,2026-08-28T09:34:34+00:00,zc_cmp_full_zstd_single_bucket_20260828_35m_x1_01908,526884,31,618.969,Success,31,526884,603
1909,1909,2026-08-28T09:34:35+00:00,zc_cmp_full_zstd_single_bucket_20260828_35m_x1_01909,526380,31,517.328,Success,31,526380,510
1910,1910,2026-08-28T09:34:35+00:00,zc_cmp_full_zstd_single_bucket_20260828_35m_x1_01910,525682,31,411.261,Success,31,525682,406
1911,1911,2026-08-28T09:34:36+00:00,zc_cmp_full_zstd_single_bucket_20260828_35m_x1_01911,526690,31,433.941,Success,31,526690,427
1912,1912,2026-08-28T09:34:38+00:00,zc_cmp_full_zstd_single_bucket_20260828_35m_x1_01912,526110,31,499.399,Success,31,526110,495
1913,1913,2026-08-28T09:34:38+00:00,zc_cmp_full_zstd_single_bucket_20260828_35m_x1_01913,526130,31,398.013,Success,31,526130,393
1914,1914,2026-08-28T09:34:39+00:00,zc_cmp_full_zstd_single_bucket_20260828_35m_x1_01914,526150,31,348.278,Success,31,526150,343
1915,1915,2026-08-28T09:34:40+00:00,zc_cmp_full_zstd_single_bucket_20260828_35m_x1_01915,526393,31,422.035,Success,31,526393,417
1916,1916,2026-08-28T09:34:41+00:00,zc_cmp_full_zstd_single_bucket_20260828_35m_x1_01916,527913,31,345.426,Success,31,527913,340
1917,1917,2026-08-28T09:34:42+00:00,zc_cmp_full_zstd_single_bucket_20260828_35m_x1_01917,526304,31,371.469,Success,31,526304,366
1918,1918,2026-08-28T09:34:43+00:00,zc_cmp_full_zstd_single_bucket_20260828_35m_x1_01918,526427,31,398.879,Success,31,526427,393
1919,1919,2026-08-28T09:34:45+00:00,zc_cmp_full_zstd_single_bucket_20260828_35m_x1_01919,526519,31,522.062,Success,31,526519,516
1920,1920,2026-08-28T09:34:45+00:00,zc_cmp_full_zstd_single_bucket_20260828_35m_x1_01920,525738,31,428.627,Success,31,525738,422
1921,1921,2026-08-28T09:34:47+00:00,zc_cmp_full_zstd_single_bucket_20260828_35m_x1_01921,525518,31,627.115,Success,31,525518,629
1922,1922,2026-08-28T09:34:47+00:00,zc_cmp_full_zstd_single_bucket_20260828_35m_x1_01922,526092,31,488.258,Success,31,526092,489
1923,1923,2026-08-28T09:34:48+00:00,zc_cmp_full_zstd_single_bucket_20260828_35m_x1_01923,526896,31,450.975,Success,31,526896,449
1924,1924,2026-08-28T09:34:49+00:00,zc_cmp_full_zstd_single_bucket_20260828_35m_x1_01924,527481,31,422.82,Success,31,527481,422
1925,1925,2026-08-28T09:34:50+00:00,zc_cmp_full_zstd_single_bucket_20260828_35m_x1_01925,526804,31,363.754,Success,31,526804,360
1926,1926,2026-08-28T09:34:51+00:00,zc_cmp_full_zstd_single_bucket_20260828_35m_x1_01926,526095,31,411.361,Success,31,526095,409
1927,1927,2026-08-28T09:34:53+00:00,zc_cmp_full_zstd_single_bucket_20260828_35m_x1_01927,526345,31,522.785,Success,31,526345,521
1928,1928,2026-08-28T09:34:53+00:00,zc_cmp_full_zstd_single_bucket_20260828_35m_x1_01928,526238,31,447.384,Success,31,526238,430
1929,1929,2026-08-28T09:34:54+00:00,zc_cmp_full_zstd_single_bucket_20260828_35m_x1_01929,526087,31,357.419,Success,31,526087,354
1930,1930,2026-08-28T09:34:55+00:00,zc_cmp_full_zstd_single_bucket_20260828_35m_x1_01930,526887,31,416.04,Success,31,526887,410
1931,1931,2026-08-28T09:34:56+00:00,zc_cmp_full_zstd_single_bucket_20260828_35m_x1_01931,525683,31,386.03,Success,31,525683,385
1932,1932,2026-08-28T09:34:57+00:00,zc_cmp_full_zstd_single_bucket_20260828_35m_x1_01932,526805,31,465.286,Success,31,526805,465
1933,1933,2026-08-28T09:34:58+00:00,zc_cmp_full_zstd_single_bucket_20260828_35m_x1_01933,525868,31,400.421,Success,31,525868,398
1934,1934,2026-08-28T09:34:59+00:00,zc_cmp_full_zstd_single_bucket_20260828_35m_x1_01934,525859,31,375.476,Success,31,525859,372
1935,1935,2026-08-28T09:35:00+00:00,zc_cmp_full_zstd_single_bucket_20260828_35m_x1_01935,526024,31,338.773,Success,31,526024,335
1936,1936,2026-08-28T09:35:01+00:00,zc_cmp_full_zstd_single_bucket_20260828_35m_x1_01936,526342,31,415.712,Success,31,526342,413
1937,1937,2026-08-28T09:35:02+00:00,zc_cmp_full_zstd_single_bucket_20260828_35m_x1_01937,525217,31,465.016,Success,31,525217,462
1938,1938,2026-08-28T09:35:03+00:00,zc_cmp_full_zstd_single_bucket_20260828_35m_x1_01938,526558,31,476.765,Success,31,526558,473
1939,1939,2026-08-28T09:35:04+00:00,zc_cmp_full_zstd_single_bucket_20260828_35m_x1_01939,525503,31,398.136,Success,31,525503,394
1940,1940,2026-08-28T09:35:05+00:00,zc_cmp_full_zstd_single_bucket_20260828_35m_x1_01940,524626,31,392.119,Success,31,524626,388
1941,1941,2026-08-28T09:35:06+00:00,zc_cmp_full_zstd_single_bucket_20260828_35m_x1_01941,526675,31,378.519,Success,31,526675,374
1942,1942,2026-08-28T09:35:07+00:00,zc_cmp_full_zstd_single_bucket_20260828_35m_x1_01942,525933,31,428.842,Success,31,525933,424
1943,1943,2026-08-28T09:35:08+00:00,zc_cmp_full_zstd_single_bucket_20260828_35m_x1_01943,525691,31,446.907,Success,31,525691,441
1944,1944,2026-08-28T09:35:09+00:00,zc_cmp_full_zstd_single_bucket_20260828_35m_x1_01944,525826,31,413.732,Success,31,525826,409
1945,1945,2026-08-28T09:35:10+00:00,zc_cmp_full_zstd_single_bucket_20260828_35m_x1_01945,526171,31,448.864,Success,31,526171,443
1946,1946,2026-08-28T09:35:11+00:00,zc_cmp_full_zstd_single_bucket_20260828_35m_x1_01946,525075,31,375.819,Success,31,525075,366
1947,1947,2026-08-28T09:35:12+00:00,zc_cmp_full_zstd_single_bucket_20260828_35m_x1_01947,525994,31,439.874,Success,31,525994,430
1948,1948,2026-08-28T09:35:13+00:00,zc_cmp_full_zstd_single_bucket_20260828_35m_x1_01948,526400,31,443.769,Success,31,526400,437
1949,1949,2026-08-28T09:35:14+00:00,zc_cmp_full_zstd_single_bucket_20260828_35m_x1_01949,527171,31,433.292,Success,31,527171,427
1950,1950,2026-08-28T09:35:16+00:00,zc_cmp_full_zstd_single_bucket_20260828_35m_x1_01950,525607,31,509.261,Success,31,525607,503
1951,1951,2026-08-28T09:35:17+00:00,zc_cmp_full_zstd_single_bucket_20260828_35m_x1_01951,525817,31,495.378,Success,31,525817,496
1952,1952,2026-08-28T09:35:17+00:00,zc_cmp_full_zstd_single_bucket_20260828_35m_x1_01952,525772,31,372.888,Success,31,525772,371
1953,1953,2026-08-28T09:35:18+00:00,zc_cmp_full_zstd_single_bucket_20260828_35m_x1_01953,527632,31,389.702,Success,31,527632,388
1954,1954,2026-08-28T09:35:19+00:00,zc_cmp_full_zstd_single_bucket_20260828_35m_x1_01954,526338,31,394.742,Success,31,526338,392
1955,1955,2026-08-28T09:35:20+00:00,zc_cmp_full_zstd_single_bucket_20260828_35m_x1_01955,526624,31,418.636,Success,31,526624,416
1956,1956,2026-08-28T09:35:21+00:00,zc_cmp_full_zstd_single_bucket_20260828_35m_x1_01956,526674,31,446.44,Success,31,526674,443
1957,1957,2026-08-28T09:35:22+00:00,zc_cmp_full_zstd_single_bucket_20260828_35m_x1_01957,526153,31,362.888,Success,31,526153,359
1958,1958,2026-08-28T09:35:23+00:00,zc_cmp_full_zstd_single_bucket_20260828_35m_x1_01958,526429,31,340.639,Success,31,526429,337
1959,1959,2026-08-28T09:35:24+00:00,zc_cmp_full_zstd_single_bucket_20260828_35m_x1_01959,526167,31,330.807,Success,31,526167,326
1960,1960,2026-08-28T09:35:25+00:00,zc_cmp_full_zstd_single_bucket_20260828_35m_x1_01960,526027,31,429.736,Success,31,526027,426
1961,1961,2026-08-28T09:35:26+00:00,zc_cmp_full_zstd_single_bucket_20260828_35m_x1_01961,526101,31,350.474,Success,31,526101,346
1962,1962,2026-08-28T09:35:27+00:00,zc_cmp_full_zstd_single_bucket_20260828_35m_x1_01962,526526,31,430.031,Success,31,526526,426
1963,1963,2026-08-28T09:35:28+00:00,zc_cmp_full_zstd_single_bucket_20260828_35m_x1_01963,525979,31,369.879,Success,31,525979,365
1964,1964,2026-08-28T09:35:29+00:00,zc_cmp_full_zstd_single_bucket_20260828_35m_x1_01964,525982,31,488.289,Success,31,525982,483
1965,1965,2026-08-28T09:35:30+00:00,zc_cmp_full_zstd_single_bucket_20260828_35m_x1_01965,526234,31,372.95,Success,31,526234,367
1966,1966,2026-08-28T09:35:31+00:00,zc_cmp_full_zstd_single_bucket_20260828_35m_x1_01966,526002,31,318.508,Success,31,526002,313
1967,1967,2026-08-28T09:35:32+00:00,zc_cmp_full_zstd_single_bucket_20260828_35m_x1_01967,526535,31,436.256,Success,31,526535,430
1968,1968,2026-08-28T09:35:33+00:00,zc_cmp_full_zstd_single_bucket_20260828_35m_x1_01968,525883,31,480.402,Success,31,525883,475
1969,1969,2026-08-28T09:35:34+00:00,zc_cmp_full_zstd_single_bucket_20260828_35m_x1_01969,527520,31,410.374,Success,31,527520,404
1970,1970,2026-08-28T09:35:35+00:00,zc_cmp_full_zstd_single_bucket_20260828_35m_x1_01970,526109,31,321.244,Success,31,526109,316
1971,1971,2026-08-28T09:35:36+00:00,zc_cmp_full_zstd_single_bucket_20260828_35m_x1_01971,526223,31,330.687,Success,31,526223,331
1972,1972,2026-08-28T09:35:37+00:00,zc_cmp_full_zstd_single_bucket_20260828_35m_x1_01972,526583,31,386.095,Success,31,526583,387
1973,1973,2026-08-28T09:35:38+00:00,zc_cmp_full_zstd_single_bucket_20260828_35m_x1_01973,526719,31,372.479,Success,31,526719,371
1974,1974,2026-08-28T09:35:39+00:00,zc_cmp_full_zstd_single_bucket_20260828_35m_x1_01974,526988,31,371.469,Success,31,526988,370
1975,1975,2026-08-28T09:35:40+00:00,zc_cmp_full_zstd_single_bucket_20260828_35m_x1_01975,526667,31,322.91,Success,31,526667,321
1976,1976,2026-08-28T09:35:41+00:00,zc_cmp_full_zstd_single_bucket_20260828_35m_x1_01976,527142,31,349.796,Success,31,527142,348
1977,1977,2026-08-28T09:35:42+00:00,zc_cmp_full_zstd_single_bucket_20260828_35m_x1_01977,526187,31,383.474,Success,31,526187,381
1978,1978,2026-08-28T09:35:43+00:00,zc_cmp_full_zstd_single_bucket_20260828_35m_x1_01978,526652,31,348.057,Success,31,526652,343
1979,1979,2026-08-28T09:35:44+00:00,zc_cmp_full_zstd_single_bucket_20260828_35m_x1_01979,528073,31,423.994,Success,31,528073,421
1980,1980,2026-08-28T09:35:45+00:00,zc_cmp_full_zstd_single_bucket_20260828_35m_x1_01980,526859,31,377.039,Success,31,526859,371
1981,1981,2026-08-28T09:35:46+00:00,zc_cmp_full_zstd_single_bucket_20260828_35m_x1_01981,525418,31,418.366,Success,31,525418,420
1982,1982,2026-08-28T09:35:47+00:00,zc_cmp_full_zstd_single_bucket_20260828_35m_x1_01982,527611,31,460.907,Success,31,527611,462
1983,1983,2026-08-28T09:35:48+00:00,zc_cmp_full_zstd_single_bucket_20260828_35m_x1_01983,525918,31,447.919,Success,31,525918,447
1984,1984,2026-08-28T09:35:49+00:00,zc_cmp_full_zstd_single_bucket_20260828_35m_x1_01984,527678,31,425.003,Success,31,527678,424
1985,1985,2026-08-28T09:35:50+00:00,zc_cmp_full_zstd_single_bucket_20260828_35m_x1_01985,525949,31,356.98,Success,31,525949,355
1986,1986,2026-08-28T09:35:51+00:00,zc_cmp_full_zstd_single_bucket_20260828_35m_x1_01986,526772,31,433.872,Success,31,526772,432
1987,1987,2026-08-28T09:35:52+00:00,zc_cmp_full_zstd_single_bucket_20260828_35m_x1_01987,527020,31,376.077,Success,31,527020,373
1988,1988,2026-08-28T09:35:53+00:00,zc_cmp_full_zstd_single_bucket_20260828_35m_x1_01988,526262,31,384.174,Success,31,526262,381
1989,1989,2026-08-28T09:35:54+00:00,zc_cmp_full_zstd_single_bucket_20260828_35m_x1_01989,526263,31,336.846,Success,31,526263,333
1990,1990,2026-08-28T09:35:55+00:00,zc_cmp_full_zstd_single_bucket_20260828_35m_x1_01990,526626,31,465.413,Success,31,526626,459
1991,1991,2026-08-28T09:35:56+00:00,zc_cmp_full_zstd_single_bucket_20260828_35m_x1_01991,526048,31,479.731,Success,31,526048,479
1992,1992,2026-08-28T09:35:57+00:00,zc_cmp_full_zstd_single_bucket_20260828_35m_x1_01992,525806,31,435.064,Success,31,525806,433
1993,1993,2026-08-28T09:35:58+00:00,zc_cmp_full_zstd_single_bucket_20260828_35m_x1_01993,525800,31,330.662,Success,31,525800,328
1994,1994,2026-08-28T09:35:59+00:00,zc_cmp_full_zstd_single_bucket_20260828_35m_x1_01994,526747,31,406.165,Success,31,526747,404
1995,1995,2026-08-28T09:36:00+00:00,zc_cmp_full_zstd_single_bucket_20260828_35m_x1_01995,527501,31,383.564,Success,31,527501,380
1996,1996,2026-08-28T09:36:01+00:00,zc_cmp_full_zstd_single_bucket_20260828_35m_x1_01996,526339,31,327.876,Success,31,526339,324
1997,1997,2026-08-28T09:36:02+00:00,zc_cmp_full_zstd_single_bucket_20260828_35m_x1_01997,526476,31,345.754,Success,31,526476,341
1998,1998,2026-08-28T09:36:03+00:00,zc_cmp_full_zstd_single_bucket_20260828_35m_x1_01998,527138,31,361.841,Success,31,527138,358
1999,1999,2026-08-28T09:36:04+00:00,zc_cmp_full_zstd_single_bucket_20260828_35m_x1_01999,526811,31,246.445,Success,31,526811,242
2000,2000,2026-08-28T09:36:05+00:00,zc_cmp_full_zstd_single_bucket_20260828_35m_x1_02000,525990,31,402.634,Success,31,525990,397
2001,2001,2026-08-28T09:36:06+00:00,zc_cmp_full_zstd_single_bucket_20260828_35m_x1_02001,526041,31,366.125,Success,31,526041,361
2002,2002,2026-08-28T09:36:07+00:00,zc_cmp_full_zstd_single_bucket_20260828_35m_x1_02002,526625,31,356.126,Success,31,526625,351
2003,2003,2026-08-28T09:36:08+00:00,zc_cmp_full_zstd_single_bucket_20260828_35m_x1_02003,527272,31,326.631,Success,31,527272,321
2004,2004,2026-08-28T09:36:09+00:00,zc_cmp_full_zstd_single_bucket_20260828_35m_x1_02004,526267,31,290.237,Success,31,526267,285
2005,2005,2026-08-28T09:36:10+00:00,zc_cmp_full_zstd_single_bucket_20260828_35m_x1_02005,526200,31,444.24,Success,31,526200,439
2006,2006,2026-08-28T09:36:11+00:00,zc_cmp_full_zstd_single_bucket_20260828_35m_x1_02006,525757,31,387.697,Success,31,525757,382
2007,2007,2026-08-28T09:36:12+00:00,zc_cmp_full_zstd_single_bucket_20260828_35m_x1_02007,526268,31,319.834,Success,31,526268,315
2008,2008,2026-08-28T09:36:13+00:00,zc_cmp_full_zstd_single_bucket_20260828_35m_x1_02008,527168,31,336.114,Success,31,527168,330
2009,2009,2026-08-28T09:36:14+00:00,zc_cmp_full_zstd_single_bucket_20260828_35m_x1_02009,526322,31,296.657,Success,31,526322,291
2010,2010,2026-08-28T09:36:15+00:00,zc_cmp_full_zstd_single_bucket_20260828_35m_x1_02010,526603,31,411.644,Success,31,526603,406
2011,2011,2026-08-28T09:36:16+00:00,zc_cmp_full_zstd_single_bucket_20260828_35m_x1_02011,527005,31,380.231,Success,31,527005,373
2012,2012,2026-08-28T09:36:17+00:00,zc_cmp_full_zstd_single_bucket_20260828_35m_x1_02012,526252,31,362.805,Success,31,526252,357
2013,2013,2026-08-28T09:36:18+00:00,zc_cmp_full_zstd_single_bucket_20260828_35m_x1_02013,526209,31,292.938,Success,31,526209,288
2014,2014,2026-08-28T09:36:19+00:00,zc_cmp_full_zstd_single_bucket_20260828_35m_x1_02014,526986,31,323.984,Success,31,526986,318
2015,2015,2026-08-28T09:36:20+00:00,zc_cmp_full_zstd_single_bucket_20260828_35m_x1_02015,525880,31,334.486,Success,31,525880,329
2016,2016,2026-08-28T09:36:21+00:00,zc_cmp_full_zstd_single_bucket_20260828_35m_x1_02016,526871,31,364.244,Success,31,526871,358
2017,2017,2026-08-28T09:36:22+00:00,zc_cmp_full_zstd_single_bucket_20260828_35m_x1_02017,527066,31,340.704,Success,31,527066,335
2018,2018,2026-08-28T09:36:23+00:00,zc_cmp_full_zstd_single_bucket_20260828_35m_x1_02018,526416,31,300.242,Success,31,526416,294
2019,2019,2026-08-28T09:36:24+00:00,zc_cmp_full_zstd_single_bucket_20260828_35m_x1_02019,527359,31,429.511,Success,31,527359,424
2020,2020,2026-08-28T09:36:25+00:00,zc_cmp_full_zstd_single_bucket_20260828_35m_x1_02020,526264,31,315.754,Success,31,526264,310
2021,2021,2026-08-28T09:36:26+00:00,zc_cmp_full_zstd_single_bucket_20260828_35m_x1_02021,525690,31,384.912,Success,31,525690,386
2022,2022,2026-08-28T09:36:27+00:00,zc_cmp_full_zstd_single_bucket_20260828_35m_x1_02022,526377,31,335.524,Success,31,526377,334
2023,2023,2026-08-28T09:36:28+00:00,zc_cmp_full_zstd_single_bucket_20260828_35m_x1_02023,526186,31,354.185,Success,31,526186,353
2024,2024,2026-08-28T09:36:29+00:00,zc_cmp_full_zstd_single_bucket_20260828_35m_x1_02024,525917,31,397.786,Success,31,525917,396
2025,2025,2026-08-28T09:36:30+00:00,zc_cmp_full_zstd_single_bucket_20260828_35m_x1_02025,525754,31,322.755,Success,31,525754,320
2026,2026,2026-08-28T09:36:31+00:00,zc_cmp_full_zstd_single_bucket_20260828_35m_x1_02026,526205,31,368.785,Success,31,526205,366
2027,2027,2026-08-28T09:36:32+00:00,zc_cmp_full_zstd_single_bucket_20260828_35m_x1_02027,526242,31,325.558,Success,31,526242,322
2028,2028,2026-08-28T09:36:33+00:00,zc_cmp_full_zstd_single_bucket_20260828_35m_x1_02028,527016,31,348.816,Success,31,527016,344
2029,2029,2026-08-28T09:36:34+00:00,zc_cmp_full_zstd_single_bucket_20260828_35m_x1_02029,526534,31,331.312,Success,31,526534,327
2030,2030,2026-08-28T09:36:35+00:00,zc_cmp_full_zstd_single_bucket_20260828_35m_x1_02030,526214,31,408.858,Success,31,526214,405
2031,2031,2026-08-28T09:36:36+00:00,zc_cmp_full_zstd_single_bucket_20260828_35m_x1_02031,526069,31,386.785,Success,31,526069,383
2032,2032,2026-08-28T09:36:37+00:00,zc_cmp_full_zstd_single_bucket_20260828_35m_x1_02032,525700,31,428.884,Success,31,525700,424
2033,2033,2026-08-28T09:36:38+00:00,zc_cmp_full_zstd_single_bucket_20260828_35m_x1_02033,526882,31,449.334,Success,31,526882,444
2034,2034,2026-08-28T09:36:39+00:00,zc_cmp_full_zstd_single_bucket_20260828_35m_x1_02034,525199,31,438.789,Success,31,525199,434
2035,2035,2026-08-28T09:36:40+00:00,zc_cmp_full_zstd_single_bucket_20260828_35m_x1_02035,525336,31,427.633,Success,31,525336,422
2036,2036,2026-08-28T09:36:41+00:00,zc_cmp_full_zstd_single_bucket_20260828_35m_x1_02036,525995,31,422.139,Success,31,525995,417
2037,2037,2026-08-28T09:36:42+00:00,zc_cmp_full_zstd_single_bucket_20260828_35m_x1_02037,526780,31,436.255,Success,31,526780,432
2038,2038,2026-08-28T09:36:43+00:00,zc_cmp_full_zstd_single_bucket_20260828_35m_x1_02038,527098,31,438.009,Success,31,527098,432
2039,2039,2026-08-28T09:36:44+00:00,zc_cmp_full_zstd_single_bucket_20260828_35m_x1_02039,526212,31,426.222,Success,31,526212,420
2040,2040,2026-08-28T09:36:45+00:00,zc_cmp_full_zstd_single_bucket_20260828_35m_x1_02040,526128,31,354.28,Success,31,526128,348
2041,2041,2026-08-28T09:36:46+00:00,zc_cmp_full_zstd_single_bucket_20260828_35m_x1_02041,526155,31,418.465,Success,31,526155,420
2042,2042,2026-08-28T09:36:47+00:00,zc_cmp_full_zstd_single_bucket_20260828_35m_x1_02042,526147,31,399.879,Success,31,526147,397
2043,2043,2026-08-28T09:36:48+00:00,zc_cmp_full_zstd_single_bucket_20260828_35m_x1_02043,528242,31,431.746,Success,31,528242,432
2044,2044,2026-08-28T09:36:49+00:00,zc_cmp_full_zstd_single_bucket_20260828_35m_x1_02044,526713,31,409.139,Success,31,526713,407
2045,2045,2026-08-28T09:36:50+00:00,zc_cmp_full_zstd_single_bucket_20260828_35m_x1_02045,525777,31,455.412,Success,31,525777,454
2046,2046,2026-08-28T09:36:51+00:00,zc_cmp_full_zstd_single_bucket_20260828_35m_x1_02046,526577,31,362.441,Success,31,526577,360
2047,2047,2026-08-28T09:36:52+00:00,zc_cmp_full_zstd_single_bucket_20260828_35m_x1_02047,526694,31,416.328,Success,31,526694,414
2048,2048,2026-08-28T09:36:53+00:00,zc_cmp_full_zstd_single_bucket_20260828_35m_x1_02048,525800,31,423.812,Success,31,525800,421
2049,2049,2026-08-28T09:36:54+00:00,zc_cmp_full_zstd_single_bucket_20260828_35m_x1_02049,527090,31,322.212,Success,31,527090,318
2050,2050,2026-08-28T09:36:55+00:00,zc_cmp_full_zstd_single_bucket_20260828_35m_x1_02050,526839,31,439.882,Success,31,526839,434
2051,2051,2026-08-28T09:36:56+00:00,zc_cmp_full_zstd_single_bucket_20260828_35m_x1_02051,525579,31,428.228,Success,31,525579,429
2052,2052,2026-08-28T09:36:57+00:00,zc_cmp_full_zstd_single_bucket_20260828_35m_x1_02052,526859,31,476.8,Success,31,526859,478
2053,2053,2026-08-28T09:36:58+00:00,zc_cmp_full_zstd_single_bucket_20260828_35m_x1_02053,525408,31,471.393,Success,31,525408,471
2054,2054,2026-08-28T09:36:59+00:00,zc_cmp_full_zstd_single_bucket_20260828_35m_x1_02054,526111,31,317.706,Success,31,526111,316
2055,2055,2026-08-28T09:37:00+00:00,zc_cmp_full_zstd_single_bucket_20260828_35m_x1_02055,526673,31,280.303,Success,31,526673,277
2056,2056,2026-08-28T09:37:01+00:00,zc_cmp_full_zstd_single_bucket_20260828_35m_x1_02056,526775,31,473.13,Success,31,526775,471
2057,2057,2026-08-28T09:37:02+00:00,zc_cmp_full_zstd_single_bucket_20260828_35m_x1_02057,526587,31,420.813,Success,31,526587,418
2058,2058,2026-08-28T09:37:03+00:00,zc_cmp_full_zstd_single_bucket_20260828_35m_x1_02058,525499,31,302.289,Success,31,525499,298
2059,2059,2026-08-28T09:37:04+00:00,zc_cmp_full_zstd_single_bucket_20260828_35m_x1_02059,526218,31,431.955,Success,31,526218,428
2060,2060,2026-08-28T09:37:05+00:00,zc_cmp_full_zstd_single_bucket_20260828_35m_x1_02060,526828,31,413.89,Success,31,526828,408
2061,2061,2026-08-28T09:37:06+00:00,zc_cmp_full_zstd_single_bucket_20260828_35m_x1_02061,527264,31,473.177,Success,31,527264,476
2062,2062,2026-08-28T09:37:07+00:00,zc_cmp_full_zstd_single_bucket_20260828_35m_x1_02062,527500,31,467.874,Success,31,527500,470
2063,2063,2026-08-28T09:37:08+00:00,zc_cmp_full_zstd_single_bucket_20260828_35m_x1_02063,527705,31,463.745,Success,31,527705,464
2064,2064,2026-08-28T09:37:09+00:00,zc_cmp_full_zstd_single_bucket_20260828_35m_x1_02064,526205,31,335.877,Success,31,526205,334
2065,2065,2026-08-28T09:37:10+00:00,zc_cmp_full_zstd_single_bucket_20260828_35m_x1_02065,527141,31,440.78,Success,31,527141,440
2066,2066,2026-08-28T09:37:11+00:00,zc_cmp_full_zstd_single_bucket_20260828_35m_x1_02066,526601,31,365.041,Success,31,526601,362
2067,2067,2026-08-28T09:37:12+00:00,zc_cmp_full_zstd_single_bucket_20260828_35m_x1_02067,527055,31,337.825,Success,31,527055,335
2068,2068,2026-08-28T09:37:13+00:00,zc_cmp_full_zstd_single_bucket_20260828_35m_x1_02068,526832,31,336.347,Success,31,526832,333
2069,2069,2026-08-28T09:37:14+00:00,zc_cmp_full_zstd_single_bucket_20260828_35m_x1_02069,526723,31,350.638,Success,31,526723,346
2070,2070,2026-08-28T09:37:15+00:00,zc_cmp_full_zstd_single_bucket_20260828_35m_x1_02070,527005,31,394.019,Success,31,527005,388
2071,2071,2026-08-28T09:37:16+00:00,zc_cmp_full_zstd_single_bucket_20260828_35m_x1_02071,526106,31,363.17,Success,31,526106,363
2072,2072,2026-08-28T09:37:17+00:00,zc_cmp_full_zstd_single_bucket_20260828_35m_x1_02072,525791,31,322.809,Success,31,525791,321
2073,2073,2026-08-28T09:37:18+00:00,zc_cmp_full_zstd_single_bucket_20260828_35m_x1_02073,526439,31,322.61,Success,31,526439,320
2074,2074,2026-08-28T09:37:19+00:00,zc_cmp_full_zstd_single_bucket_20260828_35m_x1_02074,527996,31,431.398,Success,31,527996,429
2075,2075,2026-08-28T09:37:20+00:00,zc_cmp_full_zstd_single_bucket_20260828_35m_x1_02075,525942,31,360.138,Success,31,525942,357
2076,2076,2026-08-28T09:37:21+00:00,zc_cmp_full_zstd_single_bucket_20260828_35m_x1_02076,526246,31,313.329,Success,31,526246,310
2077,2077,2026-08-28T09:37:22+00:00,zc_cmp_full_zstd_single_bucket_20260828_35m_x1_02077,526713,31,298.869,Success,31,526713,294
2078,2078,2026-08-28T09:37:23+00:00,zc_cmp_full_zstd_single_bucket_20260828_35m_x1_02078,527396,31,301.872,Success,31,527396,298
2079,2079,2026-08-28T09:37:24+00:00,zc_cmp_full_zstd_single_bucket_20260828_35m_x1_02079,526490,31,412.623,Success,31,526490,409
2080,2080,2026-08-28T09:37:25+00:00,zc_cmp_full_zstd_single_bucket_20260828_35m_x1_02080,525570,31,437.835,Success,31,525570,434
2081,2081,2026-08-28T09:37:26+00:00,zc_cmp_full_zstd_single_bucket_20260828_35m_x1_02081,527508,31,312.391,Success,31,527508,308
2082,2082,2026-08-28T09:37:27+00:00,zc_cmp_full_zstd_single_bucket_20260828_35m_x1_02082,525887,31,319.028,Success,31,525887,314
2083,2083,2026-08-28T09:37:28+00:00,zc_cmp_full_zstd_single_bucket_20260828_35m_x1_02083,526180,31,302.892,Success,31,526180,298
2084,2084,2026-08-28T09:37:29+00:00,zc_cmp_full_zstd_single_bucket_20260828_35m_x1_02084,527003,31,376.192,Success,31,527003,371
2085,2085,2026-08-28T09:37:30+00:00,zc_cmp_full_zstd_single_bucket_20260828_35m_x1_02085,526828,31,416.375,Success,31,526828,411
2086,2086,2026-08-28T09:37:31+00:00,zc_cmp_full_zstd_single_bucket_20260828_35m_x1_02086,526882,31,405.71,Success,31,526882,401
2087,2087,2026-08-28T09:37:32+00:00,zc_cmp_full_zstd_single_bucket_20260828_35m_x1_02087,526942,31,316.492,Success,31,526942,311
2088,2088,2026-08-28T09:37:33+00:00,zc_cmp_full_zstd_single_bucket_20260828_35m_x1_02088,525844,31,308.065,Success,31,525844,302
2089,2089,2026-08-28T09:37:34+00:00,zc_cmp_full_zstd_single_bucket_20260828_35m_x1_02089,526797,31,476.112,Success,31,526797,471
2090,2090,2026-08-28T09:37:35+00:00,zc_cmp_full_zstd_single_bucket_20260828_35m_x1_02090,526436,31,340.049,Success,31,526436,334
2091,2091,2026-08-28T09:37:36+00:00,zc_cmp_full_zstd_single_bucket_20260828_35m_x1_02091,527262,31,355.263,Success,31,527262,355
2092,2092,2026-08-28T09:37:37+00:00,zc_cmp_full_zstd_single_bucket_20260828_35m_x1_02092,526834,31,388.867,Success,31,526834,389
2093,2093,2026-08-28T09:37:38+00:00,zc_cmp_full_zstd_single_bucket_20260828_35m_x1_02093,527292,31,416.869,Success,31,527292,416
2094,2094,2026-08-28T09:37:39+00:00,zc_cmp_full_zstd_single_bucket_20260828_35m_x1_02094,527166,31,348.77,Success,31,527166,346
2095,2095,2026-08-28T09:37:40+00:00,zc_cmp_full_zstd_single_bucket_20260828_35m_x1_02095,526763,31,477.871,Success,31,526763,476
2096,2096,2026-08-28T09:37:41+00:00,zc_cmp_full_zstd_single_bucket_20260828_35m_x1_02096,527297,31,341.075,Success,31,527297,338
2097,2097,2026-08-28T09:37:42+00:00,zc_cmp_full_zstd_single_bucket_20260828_35m_x1_02097,527666,31,312.942,Success,31,527666,310
2098,2098,2026-08-28T09:37:43+00:00,zc_cmp_full_zstd_single_bucket_20260828_35m_x1_02098,526630,31,321.632,Success,31,526630,318
2099,2099,2026-08-28T09:37:44+00:00,zc_cmp_full_zstd_single_bucket_20260828_35m_x1_02099,527667,31,348.055,Success,31,527667,344
