epoch,utc_time,stage,base_compaction_bps,base_compaction_cost_ms,base_compaction_bytes,cumulative_compaction_bytes,base_compaction_deltas,cumulative_compaction_deltas,compaction_mem_bytes,cumulative_compaction_bps,cumulative_compaction_cost_ms,running_base,running_cumulative,wait_base,wait_cumulative,tablet_base_max_score,tablet_cumulative_max_score,process_mem_bytes,disk_read_bytes,disk_write_bytes,disk_io_time_ms,disk_avail_bytes,disk_data_used_bytes,max_disk_io_util_percent,rowset_count,cpu_idle,cpu_iowait,cpu_user,cpu_system,cpu_nice,cpu_irq,cpu_soft_irq,cpu_steal
1787907765.486208,2026-08-28T09:02:45+00:00,http_log_35m_x1,3059271.0,54470.0,3421224868.0,2293090269.0,370.0,2283.0,0.0,871610.0,2374.0,0.0,0.0,0.0,0.0,9.0,26.0,402219200.0,2695084544.0,12603707392.0,51106.0,37658304512.0,1835276797.0,0.0,2948.0,6536814.0,5019.0,365245.0,33072.0,0.0,0.0,4041.0,0.0
1787907766.497579,2026-08-28T09:02:46+00:00,http_log_35m_x1,3059271.0,54470.0,3421224868.0,2293090269.0,370.0,2283.0,0.0,871610.0,2374.0,0.0,0.0,0.0,0.0,9.0,26.0,402219200.0,2695084544.0,12603707392.0,51106.0,37658304512.0,1835276797.0,0.0,2948.0,6536814.0,5019.0,365245.0,33072.0,0.0,0.0,4041.0,0.0
1787907767.498375,2026-08-28T09:02:47+00:00,http_log_35m_x1,3059271.0,54470.0,3421224868.0,2293090269.0,370.0,2283.0,0.0,871610.0,2374.0,1.0,0.0,0.0,0.0,26.0,26.0,402219200.0,2695084544.0,12603707392.0,51106.0,37658304512.0,1835276797.0,0.0,2948.0,6536814.0,5019.0,365245.0,33072.0,0.0,0.0,4041.0,0.0
1787907768.498467,2026-08-28T09:02:48+00:00,http_log_35m_x1,552169.0,1130.0,3422400990.0,2293090269.0,373.0,2283.0,0.0,871610.0,2374.0,0.0,0.0,0.0,0.0,26.0,26.0,402219200.0,2695084544.0,12603707392.0,51106.0,37658304512.0,1835276797.0,0.0,2948.0,6536814.0,5019.0,365245.0,33072.0,0.0,0.0,4041.0,0.0
1787907769.498543,2026-08-28T09:02:49+00:00,http_log_35m_x1,552169.0,1130.0,3422400990.0,2293090269.0,373.0,2283.0,0.0,871610.0,2374.0,0.0,0.0,0.0,0.0,26.0,26.0,403482344.0,2695088640.0,12610502656.0,51141.0,37658304512.0,1835276797.0,0.0,2953.0,6548452.0,5023.0,365561.0,33113.0,0.0,0.0,4049.0,0.0
1787907770.49966,2026-08-28T09:02:50+00:00,http_log_35m_x1,552169.0,1130.0,3422400990.0,2293090269.0,373.0,2283.0,0.0,871610.0,2374.0,0.0,0.0,0.0,0.0,26.0,26.0,403482344.0,2695088640.0,12610502656.0,51141.0,37658304512.0,1835276797.0,0.0,2953.0,6548452.0,5023.0,365561.0,33113.0,0.0,0.0,4049.0,0.0
1787907771.500583,2026-08-28T09:02:51+00:00,http_log_35m_x1,552169.0,1130.0,3422400990.0,2293090269.0,373.0,2283.0,0.0,871610.0,2374.0,1.0,0.0,0.0,0.0,16.0,26.0,403482344.0,2695088640.0,12610502656.0,51141.0,37658304512.0,1835276797.0,0.0,2953.0,6548452.0,5023.0,365561.0,33113.0,0.0,0.0,4049.0,0.0
1787907772.501042,2026-08-28T09:02:52+00:00,http_log_35m_x1,552169.0,1130.0,3422400990.0,2293090269.0,373.0,2283.0,0.0,871610.0,2374.0,1.0,0.0,0.0,0.0,16.0,26.0,403482344.0,2695088640.0,12610502656.0,51141.0,37658304512.0,1835276797.0,0.0,2953.0,6548452.0,5023.0,365561.0,33113.0,0.0,0.0,4049.0,0.0
1787907773.5026839,2026-08-28T09:02:53+00:00,http_log_35m_x1,1082847.0,2259.0,3425929991.0,2293090269.0,378.0,2283.0,0.0,871610.0,2374.0,0.0,0.0,0.0,0.0,16.0,26.0,403482344.0,2695088640.0,12610502656.0,51141.0,37658304512.0,1835276797.0,0.0,2953.0,6548452.0,5023.0,365561.0,33113.0,0.0,0.0,4049.0,0.0
1787907774.502794,2026-08-28T09:02:54+00:00,http_log_35m_x1,1082847.0,2259.0,3425929991.0,2293090269.0,378.0,2283.0,0.0,871610.0,2374.0,0.0,0.0,0.0,0.0,16.0,26.0,403482344.0,2695088640.0,12610502656.0,51141.0,37658304512.0,1835276797.0,0.0,2953.0,6548452.0,5023.0,365561.0,33113.0,0.0,0.0,4049.0,0.0
1787907775.503655,2026-08-28T09:02:55+00:00,http_log_35m_x1,1082847.0,2259.0,3425929991.0,2293090269.0,378.0,2283.0,0.0,871610.0,2374.0,1.0,0.0,0.0,0.0,12.0,26.0,403482344.0,2695088640.0,12610502656.0,51141.0,37658304512.0,1835276797.0,0.0,2953.0,6548452.0,5023.0,365561.0,33113.0,0.0,0.0,4049.0,0.0
1787907776.504638,2026-08-28T09:02:56+00:00,http_log_35m_x1,1082847.0,2259.0,3425929991.0,2293090269.0,378.0,2283.0,0.0,871610.0,2374.0,1.0,0.0,0.0,0.0,12.0,26.0,403482344.0,2695088640.0,12610502656.0,51141.0,37658304512.0,1835276797.0,0.0,2953.0,6548452.0,5023.0,365561.0,33113.0,0.0,0.0,4049.0,0.0
1787907777.505019,2026-08-28T09:02:57+00:00,http_log_35m_x1,2023609.0,1850.0,3431697278.0,2293090269.0,383.0,2283.0,0.0,871610.0,2374.0,0.0,0.0,0.0,0.0,12.0,26.0,403482344.0,2695088640.0,12610502656.0,51141.0,37658304512.0,1835276797.0,0.0,2953.0,6548452.0,5023.0,365561.0,33113.0,0.0,0.0,4049.0,0.0
1787907778.5051389,2026-08-28T09:02:58+00:00,http_log_35m_x1,2023609.0,1850.0,3431697278.0,2293090269.0,383.0,2283.0,0.0,871610.0,2374.0,0.0,0.0,0.0,0.0,12.0,26.0,403482344.0,2695088640.0,12610502656.0,51141.0,37658304512.0,1835276797.0,0.0,2953.0,6548452.0,5023.0,365561.0,33113.0,0.0,0.0,4049.0,0.0
1787907779.510234,2026-08-28T09:02:59+00:00,http_log_35m_x1,2023609.0,1850.0,3431697278.0,2293090269.0,383.0,2283.0,0.0,871610.0,2374.0,0.0,0.0,0.0,0.0,12.0,26.0,403482344.0,2695088640.0,12610502656.0,51141.0,37658304512.0,1835276797.0,0.0,2953.0,6548452.0,5023.0,365561.0,33113.0,0.0,0.0,4049.0,0.0
1787907780.510613,2026-08-28T09:03:00+00:00,http_log_35m_x1,2023609.0,1850.0,3431697278.0,2293090269.0,383.0,2283.0,0.0,871610.0,2374.0,0.0,1.0,0.0,0.0,12.0,27.0,403482344.0,2695088640.0,12610502656.0,51141.0,37658304512.0,1835276797.0,0.0,2953.0,6548452.0,5023.0,365561.0,33113.0,0.0,0.0,4049.0,0.0
1787907781.512762,2026-08-28T09:03:01+00:00,http_log_35m_x1,2023609.0,1850.0,3431697278.0,2293090269.0,383.0,2283.0,0.0,871610.0,2374.0,0.0,1.0,0.0,0.0,12.0,27.0,403482344.0,2695088640.0,12610502656.0,51141.0,37658304512.0,1835276797.0,0.0,2953.0,6548452.0,5023.0,365561.0,33113.0,0.0,0.0,4049.0,0.0
1787907782.51607,2026-08-28T09:03:02+00:00,http_log_35m_x1,2023609.0,1850.0,3431697278.0,2296011798.0,383.0,2288.0,0.0,974167.0,1999.0,0.0,0.0,0.0,0.0,12.0,27.0,403482344.0,2695088640.0,12610502656.0,51141.0,37658304512.0,1835276797.0,0.0,2953.0,6548452.0,5023.0,365561.0,33113.0,0.0,0.0,4049.0,0.0
1787907783.521132,2026-08-28T09:03:03+00:00,http_log_35m_x1,2023609.0,1850.0,3431697278.0,2296011798.0,383.0,2288.0,0.0,974167.0,1999.0,1.0,0.0,0.0,0.0,12.0,27.0,403482344.0,2695088640.0,12610502656.0,51141.0,37658304512.0,1835276797.0,0.0,2953.0,6548452.0,5023.0,365561.0,33113.0,0.0,0.0,4049.0,0.0
1787907784.5270889,2026-08-28T09:03:04+00:00,http_log_35m_x1,2023609.0,1850.0,3431697278.0,2296011798.0,383.0,2288.0,58817160.0,974167.0,1999.0,1.0,0.0,0.0,0.0,12.0,27.0,464007616.0,2695088640.0,12646199296.0,51251.0,37658304512.0,1835276797.0,0.0,2972.0,6559018.0,5033.0,366892.0,33187.0,0.0,0.0,4065.0,0.0
1787907785.531245,2026-08-28T09:03:05+00:00,http_log_35m_x1,2023609.0,1850.0,3431697278.0,2296011798.0,383.0,2288.0,58817160.0,974167.0,1999.0,1.0,0.0,0.0,0.0,12.0,27.0,464007616.0,2695088640.0,12646199296.0,51251.0,37612691456.0,1853265112.0,0.0,2972.0,6559018.0,5033.0,366892.0,33187.0,0.0,0.0,4065.0,0.0
1787907786.533792,2026-08-28T09:03:06+00:00,http_log_35m_x1,2570842.0,2977.0,3441921517.0,2296011798.0,388.0,2288.0,58817160.0,974167.0,1999.0,0.0,0.0,0.0,0.0,12.0,27.0,464007616.0,2695088640.0,12646199296.0,51251.0,37612691456.0,1853265112.0,0.0,2972.0,6559018.0,5033.0,366892.0,33187.0,0.0,0.0,4065.0,0.0
1787907787.5388522,2026-08-28T09:03:07+00:00,http_log_35m_x1,2570842.0,2977.0,3441921517.0,2296011798.0,388.0,2288.0,58817160.0,974167.0,1999.0,0.0,0.0,0.0,0.0,12.0,27.0,464007616.0,2695088640.0,12646199296.0,51251.0,37612691456.0,1853265112.0,0.0,2972.0,6559018.0,5033.0,366892.0,33187.0,0.0,0.0,4065.0,0.0
1787907788.543913,2026-08-28T09:03:08+00:00,http_log_35m_x1,2570842.0,2977.0,3441921517.0,2296011798.0,388.0,2288.0,58817160.0,974167.0,1999.0,0.0,1.0,0.0,0.0,12.0,27.0,464007616.0,2695088640.0,12646199296.0,51251.0,37612691456.0,1853265112.0,0.0,2972.0,6559018.0,5033.0,366892.0,33187.0,0.0,0.0,4065.0,0.0
1787907789.5489879,2026-08-28T09:03:09+00:00,http_log_35m_x1,2570842.0,2977.0,3441921517.0,2296011798.0,388.0,2288.0,58817160.0,974167.0,1999.0,0.0,1.0,0.0,0.0,12.0,27.0,464007616.0,2695088640.0,12646199296.0,51251.0,37612691456.0,1853265112.0,0.0,2972.0,6559018.0,5033.0,366892.0,33187.0,0.0,0.0,4065.0,0.0
1787907790.554048,2026-08-28T09:03:10+00:00,http_log_35m_x1,2570842.0,2977.0,3441921517.0,2298998895.0,388.0,2293.0,58817160.0,1011889.0,1952.0,0.0,0.0,0.0,0.0,12.0,27.0,464007616.0,2695088640.0,12646199296.0,51251.0,37612691456.0,1853265112.0,0.0,2972.0,6559018.0,5033.0,366892.0,33187.0,0.0,0.0,4065.0,0.0
1787907791.55634,2026-08-28T09:03:11+00:00,http_log_35m_x1,2570842.0,2977.0,3441921517.0,2298998895.0,388.0,2293.0,58817160.0,1011889.0,1952.0,0.0,0.0,0.0,0.0,12.0,27.0,464007616.0,2695088640.0,12646199296.0,51251.0,37612691456.0,1853265112.0,0.0,2972.0,6559018.0,5033.0,366892.0,33187.0,0.0,0.0,4065.0,0.0
1787907792.5608928,2026-08-28T09:03:12+00:00,http_log_35m_x1,2570842.0,2977.0,3441921517.0,2298998895.0,388.0,2293.0,58817160.0,1011889.0,1952.0,0.0,0.0,0.0,0.0,12.0,27.0,464007616.0,2695088640.0,12646199296.0,51251.0,37612691456.0,1853265112.0,0.0,2972.0,6559018.0,5033.0,366892.0,33187.0,0.0,0.0,4065.0,0.0
1787907793.565967,2026-08-28T09:03:13+00:00,http_log_35m_x1,2570842.0,2977.0,3441921517.0,2298998895.0,388.0,2293.0,58817160.0,1011889.0,1952.0,0.0,1.0,0.0,0.0,12.0,28.0,464007616.0,2695088640.0,12646199296.0,51251.0,37612691456.0,1853265112.0,0.0,2972.0,6559018.0,5033.0,366892.0,33187.0,0.0,0.0,4065.0,0.0
1787907794.571048,2026-08-28T09:03:14+00:00,http_log_35m_x1,2570842.0,2977.0,3441921517.0,2298998895.0,388.0,2293.0,58817160.0,1011889.0,1952.0,0.0,1.0,0.0,0.0,12.0,28.0,464007616.0,2695088640.0,12646199296.0,51251.0,37612691456.0,1853265112.0,0.0,2972.0,6559018.0,5033.0,366892.0,33187.0,0.0,0.0,4065.0,0.0
1787907795.5761049,2026-08-28T09:03:15+00:00,http_log_35m_x1,2570842.0,2977.0,3441921517.0,2302032470.0,388.0,2298.0,58817160.0,1056258.0,1872.0,0.0,0.0,0.0,0.0,12.0,28.0,464007616.0,2695088640.0,12646199296.0,51251.0,37612691456.0,1853265112.0,0.0,2972.0,6559018.0,5033.0,366892.0,33187.0,0.0,0.0,4065.0,0.0
1787907796.576826,2026-08-28T09:03:16+00:00,http_log_35m_x1,2570842.0,2977.0,3441921517.0,2302032470.0,388.0,2298.0,58817160.0,1056258.0,1872.0,0.0,0.0,0.0,0.0,12.0,28.0,464007616.0,2695088640.0,12646199296.0,51251.0,37612691456.0,1853265112.0,0.0,2972.0,6559018.0,5033.0,366892.0,33187.0,0.0,0.0,4065.0,0.0
1787907797.5818958,2026-08-28T09:03:17+00:00,http_log_35m_x1,2570842.0,2977.0,3441921517.0,2302032470.0,388.0,2298.0,58817160.0,1056258.0,1872.0,0.0,0.0,0.0,0.0,12.0,28.0,464007616.0,2695088640.0,12646199296.0,51251.0,37612691456.0,1853265112.0,0.0,2972.0,6559018.0,5033.0,366892.0,33187.0,0.0,0.0,4065.0,0.0
1787907798.585129,2026-08-28T09:03:18+00:00,http_log_35m_x1,2570842.0,2977.0,3441921517.0,2302032470.0,388.0,2298.0,58817160.0,1056258.0,1872.0,0.0,1.0,0.0,0.0,12.0,30.0,464007616.0,2695088640.0,12646199296.0,51251.0,37612691456.0,1853265112.0,0.0,2972.0,6559018.0,5033.0,366892.0,33187.0,0.0,0.0,4065.0,0.0
1787907799.59024,2026-08-28T09:03:19+00:00,http_log_35m_x1,2570842.0,2977.0,3441921517.0,2302032470.0,388.0,2298.0,54126376.0,1056258.0,1872.0,0.0,1.0,0.0,0.0,12.0,30.0,458769952.0,2695088640.0,12690128896.0,51366.0,37612691456.0,1853265112.0,0.0,2990.0,6569616.0,5044.0,368218.0,33232.0,0.0,0.0,4079.0,0.0
1787907800.5953019,2026-08-28T09:03:20+00:00,http_log_35m_x1,2570842.0,2977.0,3441921517.0,2305019735.0,388.0,2303.0,54126376.0,1001429.0,1983.0,0.0,0.0,0.0,0.0,12.0,30.0,458769952.0,2695088640.0,12690128896.0,51366.0,37612691456.0,1853265112.0,0.0,2990.0,6569616.0,5044.0,368218.0,33232.0,0.0,0.0,4079.0,0.0
1787907801.600387,2026-08-28T09:03:21+00:00,http_log_35m_x1,2570842.0,2977.0,3441921517.0,2305019735.0,388.0,2303.0,54126376.0,1001429.0,1983.0,0.0,0.0,0.0,0.0,12.0,30.0,458769952.0,2695088640.0,12690128896.0,51366.0,37612691456.0,1853265112.0,0.0,2990.0,6569616.0,5044.0,368218.0,33232.0,0.0,0.0,4079.0,0.0
1787907802.6054559,2026-08-28T09:03:22+00:00,http_log_35m_x1,2570842.0,2977.0,3441921517.0,2305019735.0,388.0,2303.0,54126376.0,1001429.0,1983.0,0.0,0.0,0.0,0.0,12.0,30.0,458769952.0,2695088640.0,12690128896.0,51366.0,37612691456.0,1853265112.0,0.0,2990.0,6569616.0,5044.0,368218.0,33232.0,0.0,0.0,4079.0,0.0
1787907803.6105468,2026-08-28T09:03:23+00:00,http_log_35m_x1,2570842.0,2977.0,3441921517.0,2305019735.0,388.0,2303.0,54126376.0,1001429.0,1983.0,0.0,1.0,0.0,0.0,12.0,31.0,458769952.0,2695088640.0,12690128896.0,51366.0,37612691456.0,1853265112.0,0.0,2990.0,6569616.0,5044.0,368218.0,33232.0,0.0,0.0,4079.0,0.0
1787907804.615608,2026-08-28T09:03:24+00:00,http_log_35m_x1,2570842.0,2977.0,3441921517.0,2305019735.0,388.0,2303.0,54126376.0,1001429.0,1983.0,0.0,1.0,0.0,0.0,12.0,31.0,458769952.0,2695088640.0,12690128896.0,51366.0,37612691456.0,1853265112.0,0.0,2990.0,6569616.0,5044.0,368218.0,33232.0,0.0,0.0,4079.0,0.0
1787907805.620668,2026-08-28T09:03:25+00:00,http_log_35m_x1,2570842.0,2977.0,3441921517.0,2308052736.0,388.0,2308.0,54126376.0,1059008.0,1864.0,1.0,0.0,0.0,0.0,24.0,31.0,458769952.0,2695088640.0,12690128896.0,51366.0,37612691456.0,1853265112.0,0.0,2990.0,6569616.0,5044.0,368218.0,33232.0,0.0,0.0,4079.0,0.0
1787907806.62576,2026-08-28T09:03:26+00:00,http_log_35m_x1,2570842.0,2977.0,3441921517.0,2308052736.0,388.0,2308.0,54126376.0,1059008.0,1864.0,1.0,0.0,0.0,0.0,24.0,31.0,458769952.0,2695088640.0,12690128896.0,51366.0,37612691456.0,1853265112.0,0.0,2990.0,6569616.0,5044.0,368218.0,33232.0,0.0,0.0,4079.0,0.0
1787907807.63085,2026-08-28T09:03:27+00:00,http_log_35m_x1,2570842.0,2977.0,3441921517.0,2308052736.0,388.0,2308.0,54126376.0,1059008.0,1864.0,1.0,0.0,0.0,0.0,24.0,31.0,458769952.0,2695088640.0,12690128896.0,51366.0,37612691456.0,1853265112.0,0.0,2990.0,6569616.0,5044.0,368218.0,33232.0,0.0,0.0,4079.0,0.0
1787907808.635929,2026-08-28T09:03:28+00:00,http_log_35m_x1,2570842.0,2977.0,3441921517.0,2308052736.0,388.0,2308.0,54126376.0,1059008.0,1864.0,1.0,0.0,0.0,0.0,24.0,31.0,458769952.0,2695088640.0,12690128896.0,51366.0,37612691456.0,1853265112.0,0.0,2990.0,6569616.0,5044.0,368218.0,33232.0,0.0,0.0,4079.0,0.0
1787907809.6410291,2026-08-28T09:03:29+00:00,http_log_35m_x1,2570842.0,2977.0,3441921517.0,2308052736.0,388.0,2308.0,54126376.0,1059008.0,1864.0,1.0,1.0,0.0,0.0,24.0,20.0,458769952.0,2695088640.0,12690128896.0,51366.0,37612691456.0,1853265112.0,0.0,2990.0,6569616.0,5044.0,368218.0,33232.0,0.0,0.0,4079.0,0.0
1787907810.642925,2026-08-28T09:03:30+00:00,http_log_35m_x1,2570842.0,2977.0,3441921517.0,2308052736.0,388.0,2308.0,54126376.0,1059008.0,1864.0,1.0,1.0,0.0,0.0,24.0,20.0,458769952.0,2695088640.0,12690128896.0,51366.0,37612691456.0,1853265112.0,0.0,2990.0,6569616.0,5044.0,368218.0,33232.0,0.0,0.0,4079.0,0.0
1787907811.645035,2026-08-28T09:03:31+00:00,http_log_35m_x1,2570842.0,2977.0,3441921517.0,2311048751.0,388.0,2313.0,54126376.0,920717.0,2254.0,1.0,0.0,0.0,0.0,24.0,20.0,458769952.0,2695088640.0,12690128896.0,51366.0,37612691456.0,1853265112.0,0.0,2990.0,6569616.0,5044.0,368218.0,33232.0,0.0,0.0,4079.0,0.0
1787907812.647989,2026-08-28T09:03:32+00:00,http_log_35m_x1,2716930.0,6950.0,3463521115.0,2311048751.0,393.0,2313.0,54126376.0,920717.0,2254.0,0.0,0.0,0.0,0.0,24.0,20.0,458769952.0,2695088640.0,12690128896.0,51366.0,37612691456.0,1853265112.0,0.0,2990.0,6569616.0,5044.0,368218.0,33232.0,0.0,0.0,4079.0,0.0
1787907813.6530712,2026-08-28T09:03:33+00:00,http_log_35m_x1,2716930.0,6950.0,3463521115.0,2311048751.0,393.0,2313.0,54126376.0,920717.0,2254.0,0.0,0.0,0.0,0.0,24.0,20.0,458769952.0,2695088640.0,12690128896.0,51366.0,37612691456.0,1853265112.0,0.0,2990.0,6569616.0,5044.0,368218.0,33232.0,0.0,0.0,4079.0,0.0
1787907814.65813,2026-08-28T09:03:34+00:00,http_log_35m_x1,2716930.0,6950.0,3463521115.0,2311048751.0,393.0,2313.0,20498344.0,920717.0,2254.0,0.0,1.0,0.0,0.0,24.0,26.0,425260520.0,2695088640.0,12755783680.0,51494.0,37612691456.0,1853265112.0,0.0,3009.0,6579671.0,5057.0,370055.0,33305.0,0.0,0.0,4096.0,0.0
1787907815.66322,2026-08-28T09:03:35+00:00,http_log_35m_x1,2716930.0,6950.0,3463521115.0,2311048751.0,393.0,2313.0,20498344.0,920717.0,2254.0,0.0,1.0,0.0,0.0,24.0,26.0,425260520.0,2695088640.0,12755783680.0,51494.0,37612691456.0,1853265112.0,0.0,3009.0,6579671.0,5057.0,370055.0,33305.0,0.0,0.0,4096.0,0.0
1787907816.668323,2026-08-28T09:03:36+00:00,http_log_35m_x1,2716930.0,6950.0,3463521115.0,2314035693.0,393.0,2318.0,20498344.0,950649.0,2142.0,0.0,0.0,0.0,0.0,24.0,26.0,425260520.0,2695088640.0,12755783680.0,51494.0,37612691456.0,1853265112.0,0.0,3009.0,6579671.0,5057.0,370055.0,33305.0,0.0,0.0,4096.0,0.0
1787907817.673405,2026-08-28T09:03:37+00:00,http_log_35m_x1,2716930.0,6950.0,3463521115.0,2314035693.0,393.0,2318.0,20498344.0,950649.0,2142.0,0.0,0.0,0.0,0.0,24.0,26.0,425260520.0,2695088640.0,12755783680.0,51494.0,37612691456.0,1853265112.0,0.0,3009.0,6579671.0,5057.0,370055.0,33305.0,0.0,0.0,4096.0,0.0
1787907818.675328,2026-08-28T09:03:38+00:00,http_log_35m_x1,2716930.0,6950.0,3463521115.0,2314035693.0,393.0,2318.0,20498344.0,950649.0,2142.0,0.0,0.0,0.0,0.0,24.0,26.0,425260520.0,2695088640.0,12755783680.0,51494.0,37612691456.0,1853265112.0,0.0,3009.0,6579671.0,5057.0,370055.0,33305.0,0.0,0.0,4096.0,0.0
1787907819.680414,2026-08-28T09:03:39+00:00,http_log_35m_x1,2716930.0,6950.0,3463521115.0,2314035693.0,393.0,2318.0,20498344.0,950649.0,2142.0,0.0,1.0,0.0,0.0,24.0,28.0,425260520.0,2695088640.0,12755783680.0,51494.0,37612691456.0,1853265112.0,0.0,3009.0,6579671.0,5057.0,370055.0,33305.0,0.0,0.0,4096.0,0.0
1787907820.685504,2026-08-28T09:03:40+00:00,http_log_35m_x1,2716930.0,6950.0,3463521115.0,2314035693.0,393.0,2318.0,20498344.0,950649.0,2142.0,0.0,1.0,0.0,0.0,24.0,28.0,425260520.0,2695088640.0,12755783680.0,51494.0,37612691456.0,1853265112.0,0.0,3009.0,6579671.0,5057.0,370055.0,33305.0,0.0,0.0,4096.0,0.0
1787907821.6860669,2026-08-28T09:03:41+00:00,http_log_35m_x1,2716930.0,6950.0,3463521115.0,2317032163.0,393.0,2323.0,20498344.0,842888.0,2555.0,0.0,0.0,0.0,0.0,24.0,28.0,425260520.0,2695088640.0,12755783680.0,51494.0,37612691456.0,1853265112.0,0.0,3009.0,6579671.0,5057.0,370055.0,33305.0,0.0,0.0,4096.0,0.0
1787907822.691133,2026-08-28T09:03:42+00:00,http_log_35m_x1,2716930.0,6950.0,3463521115.0,2317032163.0,393.0,2323.0,20498344.0,842888.0,2555.0,0.0,0.0,0.0,0.0,24.0,28.0,425260520.0,2695088640.0,12755783680.0,51494.0,37612691456.0,1853265112.0,0.0,3009.0,6579671.0,5057.0,370055.0,33305.0,0.0,0.0,4096.0,0.0
1787907823.6961899,2026-08-28T09:03:43+00:00,http_log_35m_x1,2716930.0,6950.0,3463521115.0,2317032163.0,393.0,2323.0,20498344.0,842888.0,2555.0,0.0,0.0,0.0,0.0,24.0,28.0,425260520.0,2695088640.0,12755783680.0,51494.0,37612691456.0,1853265112.0,0.0,3009.0,6579671.0,5057.0,370055.0,33305.0,0.0,0.0,4096.0,0.0
1787907824.701292,2026-08-28T09:03:44+00:00,http_log_35m_x1,2716930.0,6950.0,3463521115.0,2317032163.0,393.0,2323.0,20498344.0,842888.0,2555.0,0.0,1.0,0.0,0.0,24.0,30.0,425260520.0,2695088640.0,12755783680.0,51494.0,37612691456.0,1853265112.0,0.0,3009.0,6579671.0,5057.0,370055.0,33305.0,0.0,0.0,4096.0,0.0
1787907825.705323,2026-08-28T09:03:45+00:00,http_log_35m_x1,2716930.0,6950.0,3463521115.0,2317032163.0,393.0,2323.0,20498344.0,842888.0,2555.0,0.0,1.0,0.0,0.0,24.0,30.0,425260520.0,2695088640.0,12755783680.0,51494.0,37612691456.0,1853265112.0,0.0,3009.0,6579671.0,5057.0,370055.0,33305.0,0.0,0.0,4096.0,0.0
1787907826.710458,2026-08-28T09:03:46+00:00,http_log_35m_x1,2716930.0,6950.0,3463521115.0,2319860749.0,393.0,2328.0,20498344.0,928318.0,2047.0,0.0,0.0,0.0,0.0,24.0,30.0,425260520.0,2695088640.0,12755783680.0,51494.0,37612691456.0,1853265112.0,0.0,3009.0,6579671.0,5057.0,370055.0,33305.0,0.0,0.0,4096.0,0.0
1787907827.712312,2026-08-28T09:03:47+00:00,http_log_35m_x1,2716930.0,6950.0,3463521115.0,2319860749.0,393.0,2328.0,20498344.0,928318.0,2047.0,0.0,0.0,0.0,0.0,24.0,30.0,425260520.0,2695088640.0,12755783680.0,51494.0,37612691456.0,1853265112.0,0.0,3009.0,6579671.0,5057.0,370055.0,33305.0,0.0,0.0,4096.0,0.0
1787907828.7174,2026-08-28T09:03:48+00:00,http_log_35m_x1,2716930.0,6950.0,3463521115.0,2319860749.0,393.0,2328.0,20498344.0,928318.0,2047.0,0.0,0.0,0.0,0.0,24.0,30.0,425260520.0,2695088640.0,12755783680.0,51494.0,37612691456.0,1853265112.0,0.0,3009.0,6579671.0,5057.0,370055.0,33305.0,0.0,0.0,4096.0,0.0
1787907829.722455,2026-08-28T09:03:49+00:00,http_log_35m_x1,2716930.0,6950.0,3463521115.0,2319860749.0,393.0,2328.0,25439976.0,928318.0,2047.0,0.0,1.0,0.0,0.0,24.0,30.0,430552392.0,2695088640.0,12786790400.0,51588.0,37612691456.0,1853265112.0,0.0,3027.0,6590268.0,5067.0,371363.0,33361.0,0.0,0.0,4114.0,0.0
1787907830.723396,2026-08-28T09:03:50+00:00,http_log_35m_x1,2716930.0,6950.0,3463521115.0,2319860749.0,393.0,2328.0,25439976.0,928318.0,2047.0,1.0,1.0,0.0,0.0,19.0,30.0,430552392.0,2695088640.0,12786790400.0,51588.0,37612691456.0,1853265112.0,0.0,3027.0,6590268.0,5067.0,371363.0,33361.0,0.0,0.0,4114.0,0.0
1787907831.726892,2026-08-28T09:03:51+00:00,http_log_35m_x1,2716930.0,6950.0,3463521115.0,2322848546.0,393.0,2333.0,25439976.0,901296.0,2315.0,1.0,0.0,0.0,0.0,19.0,30.0,430552392.0,2695088640.0,12786790400.0,51588.0,37612691456.0,1853265112.0,0.0,3027.0,6590268.0,5067.0,371363.0,33361.0,0.0,0.0,4114.0,0.0
1787907832.73045,2026-08-28T09:03:52+00:00,http_log_35m_x1,2716930.0,6950.0,3463521115.0,2322848546.0,393.0,2333.0,25439976.0,901296.0,2315.0,1.0,0.0,0.0,0.0,19.0,30.0,430552392.0,2695088640.0,12786790400.0,51588.0,37612691456.0,1853265112.0,0.0,3027.0,6590268.0,5067.0,371363.0,33361.0,0.0,0.0,4114.0,0.0
1787907833.7355149,2026-08-28T09:03:53+00:00,http_log_35m_x1,2716930.0,6950.0,3463521115.0,2322848546.0,393.0,2333.0,25439976.0,901296.0,2315.0,1.0,1.0,0.0,0.0,19.0,12.0,430552392.0,2695088640.0,12786790400.0,51588.0,37612691456.0,1853265112.0,0.0,3027.0,6590268.0,5067.0,371363.0,33361.0,0.0,0.0,4114.0,0.0
1787907834.737024,2026-08-28T09:03:54+00:00,http_log_35m_x1,2716930.0,6950.0,3463521115.0,2328098686.0,393.0,2338.0,25439976.0,1929489.0,1721.0,1.0,0.0,0.0,0.0,19.0,12.0,430552392.0,2695088640.0,12786790400.0,51588.0,37612691456.0,1853265112.0,0.0,3027.0,6590268.0,5067.0,371363.0,33361.0,0.0,0.0,4114.0,0.0
1787907835.7374542,2026-08-28T09:03:55+00:00,http_log_35m_x1,2716930.0,6950.0,3463521115.0,2328098686.0,393.0,2338.0,25439976.0,1929489.0,1721.0,1.0,0.0,0.0,0.0,19.0,12.0,430552392.0,2695088640.0,12786790400.0,51588.0,37612691456.0,1853265112.0,0.0,3027.0,6590268.0,5067.0,371363.0,33361.0,0.0,0.0,4114.0,0.0
1787907836.739319,2026-08-28T09:03:56+00:00,http_log_35m_x1,2716930.0,6950.0,3463521115.0,2328098686.0,393.0,2338.0,25439976.0,1929489.0,1721.0,1.0,1.0,0.0,0.0,19.0,11.0,430552392.0,2695088640.0,12786790400.0,51588.0,37612691456.0,1853265112.0,0.0,3027.0,6590268.0,5067.0,371363.0,33361.0,0.0,0.0,4114.0,0.0
1787907837.741385,2026-08-28T09:03:57+00:00,http_log_35m_x1,2716930.0,6950.0,3463521115.0,2328098686.0,393.0,2338.0,25439976.0,1929489.0,1721.0,1.0,1.0,0.0,0.0,19.0,11.0,430552392.0,2695088640.0,12786790400.0,51588.0,37612691456.0,1853265112.0,0.0,3027.0,6590268.0,5067.0,371363.0,33361.0,0.0,0.0,4114.0,0.0
1787907838.7434828,2026-08-28T09:03:58+00:00,http_log_35m_x1,2716930.0,6950.0,3463521115.0,2328098686.0,393.0,2338.0,25439976.0,1929489.0,1721.0,1.0,1.0,0.0,0.0,19.0,11.0,430552392.0,2695088640.0,12786790400.0,51588.0,37612691456.0,1853265112.0,0.0,3027.0,6590268.0,5067.0,371363.0,33361.0,0.0,0.0,4114.0,0.0
1787907839.744093,2026-08-28T09:03:59+00:00,http_log_35m_x1,2716930.0,6950.0,3463521115.0,2335637129.0,393.0,2343.0,25439976.0,2095175.0,2598.0,1.0,0.0,0.0,0.0,19.0,11.0,430552392.0,2695088640.0,12786790400.0,51588.0,37612691456.0,1853265112.0,0.0,3027.0,6590268.0,5067.0,371363.0,33361.0,0.0,0.0,4114.0,0.0
1787907840.749173,2026-08-28T09:04:00+00:00,http_log_35m_x1,2747773.0,10923.0,3496282816.0,2335637129.0,398.0,2343.0,25439976.0,2095175.0,2598.0,0.0,0.0,0.0,0.0,19.0,11.0,430552392.0,2695088640.0,12786790400.0,51588.0,37612691456.0,1853265112.0,0.0,3027.0,6590268.0,5067.0,371363.0,33361.0,0.0,0.0,4114.0,0.0
1787907841.751831,2026-08-28T09:04:01+00:00,http_log_35m_x1,2747773.0,10923.0,3496282816.0,2335637129.0,398.0,2343.0,25439976.0,2095175.0,2598.0,0.0,1.0,0.0,0.0,19.0,27.0,430552392.0,2695088640.0,12786790400.0,51588.0,37612691456.0,1853265112.0,0.0,3027.0,6590268.0,5067.0,371363.0,33361.0,0.0,0.0,4114.0,0.0
1787907842.756895,2026-08-28T09:04:02+00:00,http_log_35m_x1,2747773.0,10923.0,3496282816.0,2335637129.0,398.0,2343.0,25439976.0,2095175.0,2598.0,0.0,1.0,0.0,0.0,19.0,27.0,430552392.0,2695088640.0,12786790400.0,51588.0,37612691456.0,1853265112.0,0.0,3027.0,6590268.0,5067.0,371363.0,33361.0,0.0,0.0,4114.0,0.0
1787907843.761966,2026-08-28T09:04:03+00:00,http_log_35m_x1,2747773.0,10923.0,3496282816.0,2335637129.0,398.0,2343.0,25439976.0,2095175.0,2598.0,0.0,1.0,0.0,0.0,19.0,27.0,430552392.0,2695088640.0,12786790400.0,51588.0,37612691456.0,1853265112.0,0.0,3027.0,6590268.0,5067.0,371363.0,33361.0,0.0,0.0,4114.0,0.0
1787907844.7670321,2026-08-28T09:04:04+00:00,http_log_35m_x1,2747773.0,10923.0,3496282816.0,2338680324.0,398.0,2348.0,0.0,931495.0,2267.0,0.0,0.0,0.0,0.0,19.0,27.0,407311624.0,2695088640.0,12885483520.0,51720.0,37612691456.0,1853265112.0,0.0,3046.0,6599516.0,5079.0,374003.0,33451.0,0.0,0.0,4133.0,0.0
1787907845.77211,2026-08-28T09:04:05+00:00,http_log_35m_x1,2747773.0,10923.0,3496282816.0,2338680324.0,398.0,2348.0,0.0,931495.0,2267.0,0.0,1.0,0.0,0.0,19.0,20.0,407311624.0,2695088640.0,12885483520.0,51720.0,37389647872.0,1905771714.0,0.0,3046.0,6599516.0,5079.0,374003.0,33451.0,0.0,0.0,4133.0,0.0
1787907846.7750368,2026-08-28T09:04:06+00:00,http_log_35m_x1,2747773.0,10923.0,3496282816.0,2338680324.0,398.0,2348.0,0.0,931495.0,2267.0,0.0,1.0,0.0,0.0,19.0,20.0,407311624.0,2695088640.0,12885483520.0,51720.0,37389647872.0,1905771714.0,0.0,3046.0,6599516.0,5079.0,374003.0,33451.0,0.0,0.0,4133.0,0.0
1787907847.780134,2026-08-28T09:04:07+00:00,http_log_35m_x1,2747773.0,10923.0,3496282816.0,2343940532.0,398.0,2353.0,0.0,2049964.0,1566.0,0.0,0.0,0.0,0.0,19.0,20.0,407311624.0,2695088640.0,12885483520.0,51720.0,37389647872.0,1905771714.0,0.0,3046.0,6599516.0,5079.0,374003.0,33451.0,0.0,0.0,4133.0,0.0
1787907848.785224,2026-08-28T09:04:08+00:00,http_log_35m_x1,2747773.0,10923.0,3496282816.0,2343940532.0,398.0,2353.0,0.0,2049964.0,1566.0,0.0,0.0,0.0,0.0,19.0,20.0,407311624.0,2695088640.0,12885483520.0,51720.0,37389647872.0,1905771714.0,0.0,3046.0,6599516.0,5079.0,374003.0,33451.0,0.0,0.0,4133.0,0.0
1787907849.790294,2026-08-28T09:04:09+00:00,http_log_35m_x1,2747773.0,10923.0,3496282816.0,2343940532.0,398.0,2353.0,0.0,2049964.0,1566.0,0.0,0.0,0.0,0.0,19.0,20.0,407311624.0,2695088640.0,12885483520.0,51720.0,37389647872.0,1905771714.0,0.0,3046.0,6599516.0,5079.0,374003.0,33451.0,0.0,0.0,4133.0,0.0
1787907850.7918122,2026-08-28T09:04:10+00:00,http_log_35m_x1,2747773.0,10923.0,3496282816.0,2343940532.0,398.0,2353.0,0.0,2049964.0,1566.0,0.0,1.0,0.0,0.0,19.0,28.0,407311624.0,2695088640.0,12885483520.0,51720.0,37389647872.0,1905771714.0,0.0,3046.0,6599516.0,5079.0,374003.0,33451.0,0.0,0.0,4133.0,0.0
1787907851.796921,2026-08-28T09:04:11+00:00,http_log_35m_x1,2747773.0,10923.0,3496282816.0,2343940532.0,398.0,2353.0,0.0,2049964.0,1566.0,0.0,1.0,0.0,0.0,19.0,28.0,407311624.0,2695088640.0,12885483520.0,51720.0,37389647872.0,1905771714.0,0.0,3046.0,6599516.0,5079.0,374003.0,33451.0,0.0,0.0,4133.0,0.0
1787907852.801986,2026-08-28T09:04:12+00:00,http_log_35m_x1,2747773.0,10923.0,3496282816.0,2346918893.0,398.0,2358.0,0.0,971415.0,2066.0,0.0,0.0,0.0,0.0,19.0,28.0,407311624.0,2695088640.0,12885483520.0,51720.0,37389647872.0,1905771714.0,0.0,3046.0,6599516.0,5079.0,374003.0,33451.0,0.0,0.0,4133.0,0.0
1787907853.807084,2026-08-28T09:04:13+00:00,http_log_35m_x1,2747773.0,10923.0,3496282816.0,2346918893.0,398.0,2358.0,0.0,971415.0,2066.0,0.0,0.0,0.0,0.0,19.0,28.0,407311624.0,2695088640.0,12885483520.0,51720.0,37389647872.0,1905771714.0,0.0,3046.0,6599516.0,5079.0,374003.0,33451.0,0.0,0.0,4133.0,0.0
1787907854.812151,2026-08-28T09:04:14+00:00,http_log_35m_x1,2747773.0,10923.0,3496282816.0,2346918893.0,398.0,2358.0,0.0,971415.0,2066.0,0.0,1.0,0.0,0.0,19.0,21.0,407311624.0,2695088640.0,12885483520.0,51720.0,37389647872.0,1905771714.0,0.0,3046.0,6599516.0,5079.0,374003.0,33451.0,0.0,0.0,4133.0,0.0
1787907855.817228,2026-08-28T09:04:15+00:00,http_log_35m_x1,2747773.0,10923.0,3496282816.0,2346918893.0,398.0,2358.0,0.0,971415.0,2066.0,0.0,1.0,0.0,0.0,19.0,21.0,407311624.0,2695088640.0,12885483520.0,51720.0,37389647872.0,1905771714.0,0.0,3046.0,6599516.0,5079.0,374003.0,33451.0,0.0,0.0,4133.0,0.0
1787907856.822304,2026-08-28T09:04:16+00:00,http_log_35m_x1,2747773.0,10923.0,3496282816.0,2352188261.0,398.0,2363.0,0.0,2192828.0,1403.0,0.0,0.0,0.0,0.0,19.0,21.0,407311624.0,2695088640.0,12885483520.0,51720.0,37389647872.0,1905771714.0,0.0,3046.0,6599516.0,5079.0,374003.0,33451.0,0.0,0.0,4133.0,0.0
1787907857.8273711,2026-08-28T09:04:17+00:00,http_log_35m_x1,2747773.0,10923.0,3496282816.0,2352188261.0,398.0,2363.0,0.0,2192828.0,1403.0,0.0,0.0,0.0,0.0,19.0,21.0,407311624.0,2695088640.0,12885483520.0,51720.0,37389647872.0,1905771714.0,0.0,3046.0,6599516.0,5079.0,374003.0,33451.0,0.0,0.0,4133.0,0.0
1787907858.832421,2026-08-28T09:04:18+00:00,http_log_35m_x1,2747773.0,10923.0,3496282816.0,2352188261.0,398.0,2363.0,0.0,2192828.0,1403.0,0.0,0.0,0.0,0.0,19.0,21.0,407311624.0,2695088640.0,12885483520.0,51720.0,37389647872.0,1905771714.0,0.0,3046.0,6599516.0,5079.0,374003.0,33451.0,0.0,0.0,4133.0,0.0
1787907859.837507,2026-08-28T09:04:19+00:00,http_log_35m_x1,2747773.0,10923.0,3496282816.0,2352188261.0,398.0,2363.0,0.0,2192828.0,1403.0,0.0,1.0,0.0,0.0,19.0,29.0,408027584.0,2695088640.0,12924833792.0,51818.0,37389647872.0,1905771714.0,0.0,3064.0,6610333.0,5089.0,375119.0,33500.0,0.0,0.0,4152.0,0.0
1787907860.842579,2026-08-28T09:04:20+00:00,http_log_35m_x1,2747773.0,10923.0,3496282816.0,2352188261.0,398.0,2363.0,0.0,2192828.0,1403.0,0.0,1.0,0.0,0.0,19.0,29.0,408027584.0,2695088640.0,12924833792.0,51818.0,37389647872.0,1905771714.0,0.0,3064.0,6610333.0,5089.0,375119.0,33500.0,0.0,0.0,4152.0,0.0
1787907861.847692,2026-08-28T09:04:21+00:00,http_log_35m_x1,2747773.0,10923.0,3496282816.0,2355194436.0,398.0,2368.0,0.0,956466.0,2143.0,0.0,0.0,0.0,0.0,19.0,29.0,408027584.0,2695088640.0,12924833792.0,51818.0,37389647872.0,1905771714.0,0.0,3064.0,6610333.0,5089.0,375119.0,33500.0,0.0,0.0,4152.0,0.0
1787907862.851973,2026-08-28T09:04:22+00:00,http_log_35m_x1,2747773.0,10923.0,3496282816.0,2355194436.0,398.0,2368.0,0.0,956466.0,2143.0,0.0,0.0,0.0,0.0,19.0,29.0,408027584.0,2695088640.0,12924833792.0,51818.0,37389647872.0,1905771714.0,0.0,3064.0,6610333.0,5089.0,375119.0,33500.0,0.0,0.0,4152.0,0.0
1787907863.8570318,2026-08-28T09:04:23+00:00,http_log_35m_x1,2747773.0,10923.0,3496282816.0,2355194436.0,398.0,2368.0,0.0,956466.0,2143.0,0.0,1.0,0.0,0.0,19.0,22.0,408027584.0,2695088640.0,12924833792.0,51818.0,37389647872.0,1905771714.0,0.0,3064.0,6610333.0,5089.0,375119.0,33500.0,0.0,0.0,4152.0,0.0
1787907864.8611588,2026-08-28T09:04:24+00:00,http_log_35m_x1,2747773.0,10923.0,3496282816.0,2355194436.0,398.0,2368.0,0.0,956466.0,2143.0,0.0,1.0,0.0,0.0,19.0,22.0,408027584.0,2695088640.0,12924833792.0,51818.0,37389647872.0,1905771714.0,0.0,3064.0,6610333.0,5089.0,375119.0,33500.0,0.0,0.0,4152.0,0.0
1787907865.863494,2026-08-28T09:04:25+00:00,http_log_35m_x1,2747773.0,10923.0,3496282816.0,2360472829.0,398.0,2373.0,0.0,2168608.0,1434.0,1.0,0.0,0.0,0.0,22.0,22.0,408027584.0,2695088640.0,12924833792.0,51818.0,37389647872.0,1905771714.0,0.0,3064.0,6610333.0,5089.0,375119.0,33500.0,0.0,0.0,4152.0,0.0
1787907866.86852,2026-08-28T09:04:26+00:00,http_log_35m_x1,2747773.0,10923.0,3496282816.0,2360472829.0,398.0,2373.0,0.0,2168608.0,1434.0,1.0,0.0,0.0,0.0,22.0,22.0,408027584.0,2695088640.0,12924833792.0,51818.0,37389647872.0,1905771714.0,0.0,3064.0,6610333.0,5089.0,375119.0,33500.0,0.0,0.0,4152.0,0.0
1787907867.873607,2026-08-28T09:04:27+00:00,http_log_35m_x1,2747773.0,10923.0,3496282816.0,2360472829.0,398.0,2373.0,0.0,2168608.0,1434.0,1.0,0.0,0.0,0.0,22.0,22.0,408027584.0,2695088640.0,12924833792.0,51818.0,37389647872.0,1905771714.0,0.0,3064.0,6610333.0,5089.0,375119.0,33500.0,0.0,0.0,4152.0,0.0
1787907868.878728,2026-08-28T09:04:28+00:00,http_log_35m_x1,2747773.0,10923.0,3496282816.0,2360472829.0,398.0,2373.0,0.0,2168608.0,1434.0,1.0,1.0,0.0,0.0,22.0,19.0,408027584.0,2695088640.0,12924833792.0,51818.0,37389647872.0,1905771714.0,0.0,3064.0,6610333.0,5089.0,375119.0,33500.0,0.0,0.0,4152.0,0.0
1787907869.8838332,2026-08-28T09:04:29+00:00,http_log_35m_x1,2747773.0,10923.0,3496282816.0,2360472829.0,398.0,2373.0,0.0,2168608.0,1434.0,1.0,1.0,0.0,0.0,22.0,19.0,408027584.0,2695088640.0,12924833792.0,51818.0,37389647872.0,1905771714.0,0.0,3064.0,6610333.0,5089.0,375119.0,33500.0,0.0,0.0,4152.0,0.0
1787907870.888893,2026-08-28T09:04:30+00:00,http_log_35m_x1,2747773.0,10923.0,3496282816.0,2363451054.0,398.0,2378.0,0.0,905235.0,2290.0,1.0,0.0,0.0,0.0,22.0,19.0,408027584.0,2695088640.0,12924833792.0,51818.0,37389647872.0,1905771714.0,0.0,3064.0,6610333.0,5089.0,375119.0,33500.0,0.0,0.0,4152.0,0.0
1787907871.889055,2026-08-28T09:04:31+00:00,http_log_35m_x1,2747773.0,10923.0,3496282816.0,2363451054.0,398.0,2378.0,0.0,905235.0,2290.0,1.0,0.0,0.0,0.0,22.0,19.0,408027584.0,2695088640.0,12924833792.0,51818.0,37389647872.0,1905771714.0,0.0,3064.0,6610333.0,5089.0,375119.0,33500.0,0.0,0.0,4152.0,0.0
1787907872.89413,2026-08-28T09:04:32+00:00,http_log_35m_x1,2747773.0,10923.0,3496282816.0,2363451054.0,398.0,2378.0,0.0,905235.0,2290.0,1.0,1.0,0.0,0.0,22.0,12.0,408027584.0,2695088640.0,12924833792.0,51818.0,37389647872.0,1905771714.0,0.0,3064.0,6610333.0,5089.0,375119.0,33500.0,0.0,0.0,4152.0,0.0
1787907873.8951628,2026-08-28T09:04:33+00:00,http_log_35m_x1,2747773.0,10923.0,3496282816.0,2363451054.0,398.0,2378.0,0.0,905235.0,2290.0,1.0,1.0,0.0,0.0,22.0,12.0,408027584.0,2695088640.0,12924833792.0,51818.0,37389647872.0,1905771714.0,0.0,3064.0,6610333.0,5089.0,375119.0,33500.0,0.0,0.0,4152.0,0.0
1787907874.900287,2026-08-28T09:04:34+00:00,http_log_35m_x1,2747773.0,10923.0,3496282816.0,2368663673.0,398.0,2383.0,393145800.0,1987273.0,1623.0,1.0,0.0,0.0,0.0,22.0,12.0,801702320.0,2695088640.0,12959801344.0,51907.0,37389647872.0,1905771714.0,0.0,3084.0,6620024.0,5098.0,377354.0,33562.0,0.0,0.0,4170.0,0.0
1787907875.901737,2026-08-28T09:04:35+00:00,http_log_35m_x1,2747773.0,10923.0,3496282816.0,2368663673.0,398.0,2383.0,393145800.0,1987273.0,1623.0,1.0,0.0,0.0,0.0,22.0,12.0,801702320.0,2695088640.0,12959801344.0,51907.0,37389647872.0,1905771714.0,0.0,3084.0,6620024.0,5098.0,377354.0,33562.0,0.0,0.0,4170.0,0.0
1787907876.906803,2026-08-28T09:04:36+00:00,http_log_35m_x1,2747773.0,10923.0,3496282816.0,2368663673.0,398.0,2383.0,393145800.0,1987273.0,1623.0,1.0,1.0,0.0,0.0,22.0,11.0,801702320.0,2695088640.0,12959801344.0,51907.0,37389647872.0,1905771714.0,0.0,3084.0,6620024.0,5098.0,377354.0,33562.0,0.0,0.0,4170.0,0.0
1787907877.912027,2026-08-28T09:04:37+00:00,http_log_35m_x1,2747773.0,10923.0,3496282816.0,2368663673.0,398.0,2383.0,393145800.0,1987273.0,1623.0,1.0,1.0,0.0,0.0,22.0,11.0,801702320.0,2695088640.0,12959801344.0,51907.0,37389647872.0,1905771714.0,0.0,3084.0,6620024.0,5098.0,377354.0,33562.0,0.0,0.0,4170.0,0.0
1787907878.9170592,2026-08-28T09:04:38+00:00,http_log_35m_x1,2747773.0,10923.0,3496282816.0,2368663673.0,398.0,2383.0,393145800.0,1987273.0,1623.0,1.0,1.0,0.0,0.0,22.0,11.0,801702320.0,2695088640.0,12959801344.0,51907.0,37389647872.0,1905771714.0,0.0,3084.0,6620024.0,5098.0,377354.0,33562.0,0.0,0.0,4170.0,0.0
1787907879.9210932,2026-08-28T09:04:39+00:00,http_log_35m_x1,2747773.0,10923.0,3496282816.0,2376164002.0,398.0,2388.0,393145800.0,2177163.0,2445.0,1.0,0.0,0.0,0.0,22.0,11.0,801702320.0,2695088640.0,12959801344.0,51907.0,37389647872.0,1905771714.0,0.0,3084.0,6620024.0,5098.0,377354.0,33562.0,0.0,0.0,4170.0,0.0
1787907880.9261818,2026-08-28T09:04:40+00:00,http_log_35m_x1,2747773.0,10923.0,3496282816.0,2376164002.0,398.0,2388.0,393145800.0,2177163.0,2445.0,1.0,0.0,0.0,0.0,22.0,11.0,801702320.0,2695088640.0,12959801344.0,51907.0,37389647872.0,1905771714.0,0.0,3084.0,6620024.0,5098.0,377354.0,33562.0,0.0,0.0,4170.0,0.0
1787907881.92692,2026-08-28T09:04:41+00:00,http_log_35m_x1,2747773.0,10923.0,3496282816.0,2376164002.0,398.0,2388.0,393145800.0,2177163.0,2445.0,1.0,1.0,0.0,0.0,22.0,27.0,801702320.0,2695088640.0,12959801344.0,51907.0,37389647872.0,1905771714.0,0.0,3084.0,6620024.0,5098.0,377354.0,33562.0,0.0,0.0,4170.0,0.0
1787907882.9319649,2026-08-28T09:04:42+00:00,http_log_35m_x1,2747773.0,10923.0,3496282816.0,2376164002.0,398.0,2388.0,393145800.0,2177163.0,2445.0,1.0,1.0,0.0,0.0,22.0,27.0,801702320.0,2695088640.0,12959801344.0,51907.0,37389647872.0,1905771714.0,0.0,3084.0,6620024.0,5098.0,377354.0,33562.0,0.0,0.0,4170.0,0.0
1787907883.936596,2026-08-28T09:04:43+00:00,http_log_35m_x1,2996707.0,17529.0,3551808818.0,2379133012.0,403.0,2393.0,393145800.0,931015.0,2189.0,0.0,0.0,0.0,0.0,22.0,27.0,801702320.0,2695088640.0,12959801344.0,51907.0,37389647872.0,1905771714.0,0.0,3084.0,6620024.0,5098.0,377354.0,33562.0,0.0,0.0,4170.0,0.0
1787907884.941665,2026-08-28T09:04:44+00:00,http_log_35m_x1,2996707.0,17529.0,3551808818.0,2379133012.0,403.0,2393.0,393145800.0,931015.0,2189.0,0.0,0.0,0.0,0.0,22.0,27.0,801702320.0,2695088640.0,12959801344.0,51907.0,37389647872.0,1905771714.0,0.0,3084.0,6620024.0,5098.0,377354.0,33562.0,0.0,0.0,4170.0,0.0
1787907885.94672,2026-08-28T09:04:45+00:00,http_log_35m_x1,2996707.0,17529.0,3551808818.0,2379133012.0,403.0,2393.0,393145800.0,931015.0,2189.0,0.0,1.0,0.0,0.0,22.0,19.0,801702320.0,2695088640.0,12959801344.0,51907.0,37389647872.0,1905771714.0,0.0,3084.0,6620024.0,5098.0,377354.0,33562.0,0.0,0.0,4170.0,0.0
1787907886.9482071,2026-08-28T09:04:46+00:00,http_log_35m_x1,2996707.0,17529.0,3551808818.0,2379133012.0,403.0,2393.0,393145800.0,931015.0,2189.0,0.0,1.0,0.0,0.0,22.0,19.0,801702320.0,2695088640.0,12959801344.0,51907.0,37389647872.0,1905771714.0,0.0,3084.0,6620024.0,5098.0,377354.0,33562.0,0.0,0.0,4170.0,0.0
1787907887.949164,2026-08-28T09:04:47+00:00,http_log_35m_x1,2996707.0,17529.0,3551808818.0,2384289447.0,403.0,2398.0,393145800.0,2018964.0,1554.0,0.0,0.0,0.0,0.0,22.0,19.0,801702320.0,2695088640.0,12959801344.0,51907.0,37389647872.0,1905771714.0,0.0,3084.0,6620024.0,5098.0,377354.0,33562.0,0.0,0.0,4170.0,0.0
1787907888.9542341,2026-08-28T09:04:48+00:00,http_log_35m_x1,2996707.0,17529.0,3551808818.0,2384289447.0,403.0,2398.0,393145800.0,2018964.0,1554.0,0.0,0.0,0.0,0.0,22.0,19.0,801702320.0,2695088640.0,12959801344.0,51907.0,37389647872.0,1905771714.0,0.0,3084.0,6620024.0,5098.0,377354.0,33562.0,0.0,0.0,4170.0,0.0
1787907889.9558778,2026-08-28T09:04:49+00:00,http_log_35m_x1,2996707.0,17529.0,3551808818.0,2384289447.0,403.0,2398.0,0.0,2018964.0,1554.0,0.0,1.0,0.0,0.0,22.0,19.0,405607232.0,2695088640.0,13094359040.0,52059.0,37389647872.0,1905771714.0,1.0,3102.0,6629762.0,5112.0,379483.0,33655.0,0.0,0.0,4188.0,0.0
1787907890.960973,2026-08-28T09:04:50+00:00,http_log_35m_x1,2996707.0,17529.0,3551808818.0,2384289447.0,403.0,2398.0,0.0,2018964.0,1554.0,0.0,1.0,0.0,0.0,22.0,19.0,405607232.0,2695088640.0,13094359040.0,52059.0,37389647872.0,1905771714.0,1.0,3102.0,6629762.0,5112.0,379483.0,33655.0,0.0,0.0,4188.0,0.0
1787907891.964888,2026-08-28T09:04:51+00:00,http_log_35m_x1,2996707.0,17529.0,3551808818.0,2391687148.0,403.0,2403.0,0.0,2358960.0,2136.0,0.0,0.0,0.0,0.0,22.0,19.0,405607232.0,2695088640.0,13094359040.0,52059.0,37389647872.0,1905771714.0,1.0,3102.0,6629762.0,5112.0,379483.0,33655.0,0.0,0.0,4188.0,0.0
1787907892.969978,2026-08-28T09:04:52+00:00,http_log_35m_x1,2996707.0,17529.0,3551808818.0,2391687148.0,403.0,2403.0,0.0,2358960.0,2136.0,0.0,0.0,0.0,0.0,22.0,19.0,405607232.0,2695088640.0,13094359040.0,52059.0,37389647872.0,1905771714.0,1.0,3102.0,6629762.0,5112.0,379483.0,33655.0,0.0,0.0,4188.0,0.0
1787907893.975056,2026-08-28T09:04:53+00:00,http_log_35m_x1,2996707.0,17529.0,3551808818.0,2391687148.0,403.0,2403.0,0.0,2358960.0,2136.0,0.0,0.0,0.0,0.0,22.0,19.0,405607232.0,2695088640.0,13094359040.0,52059.0,37389647872.0,1905771714.0,1.0,3102.0,6629762.0,5112.0,379483.0,33655.0,0.0,0.0,4188.0,0.0
1787907894.977957,2026-08-28T09:04:54+00:00,http_log_35m_x1,2996707.0,17529.0,3551808818.0,2391687148.0,403.0,2403.0,0.0,2358960.0,2136.0,0.0,1.0,0.0,0.0,22.0,28.0,405607232.0,2695088640.0,13094359040.0,52059.0,37389647872.0,1905771714.0,1.0,3102.0,6629762.0,5112.0,379483.0,33655.0,0.0,0.0,4188.0,0.0
1787907895.979003,2026-08-28T09:04:55+00:00,http_log_35m_x1,2996707.0,17529.0,3551808818.0,2391687148.0,403.0,2403.0,0.0,2358960.0,2136.0,0.0,1.0,0.0,0.0,22.0,28.0,405607232.0,2695088640.0,13094359040.0,52059.0,37389647872.0,1905771714.0,1.0,3102.0,6629762.0,5112.0,379483.0,33655.0,0.0,0.0,4188.0,0.0
1787907896.984096,2026-08-28T09:04:56+00:00,http_log_35m_x1,2996707.0,17529.0,3551808818.0,2394618792.0,403.0,2408.0,0.0,968498.0,2027.0,0.0,0.0,0.0,0.0,22.0,28.0,405607232.0,2695088640.0,13094359040.0,52059.0,37389647872.0,1905771714.0,1.0,3102.0,6629762.0,5112.0,379483.0,33655.0,0.0,0.0,4188.0,0.0
1787907897.989205,2026-08-28T09:04:57+00:00,http_log_35m_x1,2996707.0,17529.0,3551808818.0,2394618792.0,403.0,2408.0,0.0,968498.0,2027.0,0.0,0.0,0.0,0.0,22.0,28.0,405607232.0,2695088640.0,13094359040.0,52059.0,37389647872.0,1905771714.0,1.0,3102.0,6629762.0,5112.0,379483.0,33655.0,0.0,0.0,4188.0,0.0
1787907898.9915452,2026-08-28T09:04:59+00:00,http_log_35m_x1,2996707.0,17529.0,3551808818.0,2394618792.0,403.0,2408.0,0.0,968498.0,2027.0,0.0,1.0,0.0,0.0,22.0,21.0,405607232.0,2695088640.0,13094359040.0,52059.0,37389647872.0,1905771714.0,1.0,3102.0,6629762.0,5112.0,379483.0,33655.0,0.0,0.0,4188.0,0.0
1787907899.996635,2026-08-28T09:05:00+00:00,http_log_35m_x1,2996707.0,17529.0,3551808818.0,2399802907.0,403.0,2413.0,0.0,2067031.0,1508.0,0.0,0.0,0.0,0.0,22.0,21.0,405607232.0,2695088640.0,13094359040.0,52059.0,37389647872.0,1905771714.0,1.0,3102.0,6629762.0,5112.0,379483.0,33655.0,0.0,0.0,4188.0,0.0
1787907901.0017211,2026-08-28T09:05:01+00:00,http_log_35m_x1,2996707.0,17529.0,3551808818.0,2399802907.0,403.0,2413.0,0.0,2067031.0,1508.0,0.0,0.0,0.0,0.0,22.0,21.0,405607232.0,2695088640.0,13094359040.0,52059.0,37389647872.0,1905771714.0,1.0,3102.0,6629762.0,5112.0,379483.0,33655.0,0.0,0.0,4188.0,0.0
1787907902.004211,2026-08-28T09:05:02+00:00,http_log_35m_x1,2996707.0,17529.0,3551808818.0,2399802907.0,403.0,2413.0,0.0,2067031.0,1508.0,0.0,0.0,0.0,0.0,22.0,21.0,405607232.0,2695088640.0,13094359040.0,52059.0,37389647872.0,1905771714.0,1.0,3102.0,6629762.0,5112.0,379483.0,33655.0,0.0,0.0,4188.0,0.0
1787907903.009295,2026-08-28T09:05:03+00:00,http_log_35m_x1,2996707.0,17529.0,3551808818.0,2399802907.0,403.0,2413.0,0.0,2067031.0,1508.0,0.0,1.0,0.0,0.0,22.0,20.0,405607232.0,2695088640.0,13094359040.0,52059.0,37389647872.0,1905771714.0,1.0,3102.0,6629762.0,5112.0,379483.0,33655.0,0.0,0.0,4188.0,0.0
1787907904.0122938,2026-08-28T09:05:04+00:00,http_log_35m_x1,2996707.0,17529.0,3551808818.0,2399802907.0,403.0,2413.0,63385064.0,2067031.0,1508.0,0.0,1.0,0.0,0.0,22.0,20.0,469649672.0,2695088640.0,13135818752.0,52159.0,37389647872.0,1905771714.0,0.0,3121.0,6640397.0,5121.0,380774.0,33703.0,0.0,0.0,4200.0,0.0
1787907905.017378,2026-08-28T09:05:05+00:00,http_log_35m_x1,2996707.0,17529.0,3551808818.0,2407247744.0,403.0,2418.0,63385064.0,2385401.0,2121.0,0.0,0.0,0.0,0.0,22.0,20.0,469649672.0,2695088640.0,13135818752.0,52159.0,37138993152.0,1957234477.0,0.0,3121.0,6640397.0,5121.0,380774.0,33703.0,0.0,0.0,4200.0,0.0
1787907906.022479,2026-08-28T09:05:06+00:00,http_log_35m_x1,2996707.0,17529.0,3551808818.0,2407247744.0,403.0,2418.0,63385064.0,2385401.0,2121.0,0.0,0.0,0.0,0.0,22.0,20.0,469649672.0,2695088640.0,13135818752.0,52159.0,37138993152.0,1957234477.0,0.0,3121.0,6640397.0,5121.0,380774.0,33703.0,0.0,0.0,4200.0,0.0
1787907907.026983,2026-08-28T09:05:07+00:00,http_log_35m_x1,2996707.0,17529.0,3551808818.0,2407247744.0,403.0,2418.0,63385064.0,2385401.0,2121.0,0.0,0.0,0.0,0.0,22.0,20.0,469649672.0,2695088640.0,13135818752.0,52159.0,37138993152.0,1957234477.0,0.0,3121.0,6640397.0,5121.0,380774.0,33703.0,0.0,0.0,4200.0,0.0
1787907908.0277739,2026-08-28T09:05:08+00:00,http_log_35m_x1,2996707.0,17529.0,3551808818.0,2407247744.0,403.0,2418.0,63385064.0,2385401.0,2121.0,0.0,1.0,0.0,0.0,22.0,29.0,469649672.0,2695088640.0,13135818752.0,52159.0,37138993152.0,1957234477.0,0.0,3121.0,6640397.0,5121.0,380774.0,33703.0,0.0,0.0,4200.0,0.0
1787907909.032884,2026-08-28T09:05:09+00:00,http_log_35m_x1,2996707.0,17529.0,3551808818.0,2407247744.0,403.0,2418.0,63385064.0,2385401.0,2121.0,0.0,1.0,0.0,0.0,22.0,29.0,469649672.0,2695088640.0,13135818752.0,52159.0,37138993152.0,1957234477.0,0.0,3121.0,6640397.0,5121.0,380774.0,33703.0,0.0,0.0,4200.0,0.0
1787907910.037986,2026-08-28T09:05:10+00:00,http_log_35m_x1,2996707.0,17529.0,3551808818.0,2410188928.0,403.0,2423.0,63385064.0,925191.0,2179.0,0.0,0.0,0.0,0.0,22.0,29.0,469649672.0,2695088640.0,13135818752.0,52159.0,37138993152.0,1957234477.0,0.0,3121.0,6640397.0,5121.0,380774.0,33703.0,0.0,0.0,4200.0,0.0
1787907911.039983,2026-08-28T09:05:11+00:00,http_log_35m_x1,2996707.0,17529.0,3551808818.0,2410188928.0,403.0,2423.0,63385064.0,925191.0,2179.0,0.0,0.0,0.0,0.0,22.0,29.0,469649672.0,2695088640.0,13135818752.0,52159.0,37138993152.0,1957234477.0,0.0,3121.0,6640397.0,5121.0,380774.0,33703.0,0.0,0.0,4200.0,0.0
1787907912.0446138,2026-08-28T09:05:12+00:00,http_log_35m_x1,2996707.0,17529.0,3551808818.0,2410188928.0,403.0,2423.0,63385064.0,925191.0,2179.0,0.0,1.0,0.0,0.0,22.0,22.0,469649672.0,2695088640.0,13135818752.0,52159.0,37138993152.0,1957234477.0,0.0,3121.0,6640397.0,5121.0,380774.0,33703.0,0.0,0.0,4200.0,0.0
1787907913.0463622,2026-08-28T09:05:13+00:00,http_log_35m_x1,2996707.0,17529.0,3551808818.0,2415409880.0,403.0,2428.0,63385064.0,2057112.0,1538.0,0.0,0.0,0.0,0.0,22.0,22.0,469649672.0,2695088640.0,13135818752.0,52159.0,37138993152.0,1957234477.0,0.0,3121.0,6640397.0,5121.0,380774.0,33703.0,0.0,0.0,4200.0,0.0
1787907914.051415,2026-08-28T09:05:14+00:00,http_log_35m_x1,2996707.0,17529.0,3551808818.0,2415409880.0,403.0,2428.0,63385064.0,2057112.0,1538.0,0.0,0.0,0.0,0.0,22.0,22.0,469649672.0,2695088640.0,13135818752.0,52159.0,37138993152.0,1957234477.0,0.0,3121.0,6640397.0,5121.0,380774.0,33703.0,0.0,0.0,4200.0,0.0
1787907915.056478,2026-08-28T09:05:15+00:00,http_log_35m_x1,2996707.0,17529.0,3551808818.0,2415409880.0,403.0,2428.0,63385064.0,2057112.0,1538.0,0.0,0.0,0.0,0.0,22.0,22.0,469649672.0,2695088640.0,13135818752.0,52159.0,37138993152.0,1957234477.0,0.0,3121.0,6640397.0,5121.0,380774.0,33703.0,0.0,0.0,4200.0,0.0
1787907916.06159,2026-08-28T09:05:16+00:00,http_log_35m_x1,2996707.0,17529.0,3551808818.0,2415409880.0,403.0,2428.0,63385064.0,2057112.0,1538.0,0.0,1.0,0.0,0.0,22.0,21.0,469649672.0,2695088640.0,13135818752.0,52159.0,37138993152.0,1957234477.0,0.0,3121.0,6640397.0,5121.0,380774.0,33703.0,0.0,0.0,4200.0,0.0
1787907917.066675,2026-08-28T09:05:17+00:00,http_log_35m_x1,2996707.0,17529.0,3551808818.0,2415409880.0,403.0,2428.0,63385064.0,2057112.0,1538.0,0.0,1.0,0.0,0.0,22.0,21.0,469649672.0,2695088640.0,13135818752.0,52159.0,37138993152.0,1957234477.0,0.0,3121.0,6640397.0,5121.0,380774.0,33703.0,0.0,0.0,4200.0,0.0
1787907918.070583,2026-08-28T09:05:18+00:00,http_log_35m_x1,2996707.0,17529.0,3551808818.0,2422856149.0,403.0,2433.0,63385064.0,2256445.0,2300.0,0.0,0.0,0.0,0.0,22.0,21.0,469649672.0,2695088640.0,13135818752.0,52159.0,37138993152.0,1957234477.0,0.0,3121.0,6640397.0,5121.0,380774.0,33703.0,0.0,0.0,4200.0,0.0
1787907919.075669,2026-08-28T09:05:19+00:00,http_log_35m_x1,2996707.0,17529.0,3551808818.0,2422856149.0,403.0,2433.0,0.0,2256445.0,2300.0,0.0,0.0,0.0,0.0,22.0,21.0,414905544.0,2695088640.0,13188280320.0,52272.0,37138993152.0,1957234477.0,0.0,3139.0,6651033.0,5132.0,382049.0,33748.0,0.0,0.0,4217.0,0.0
1787907920.0807319,2026-08-28T09:05:20+00:00,http_log_35m_x1,2996707.0,17529.0,3551808818.0,2422856149.0,403.0,2433.0,0.0,2256445.0,2300.0,0.0,0.0,0.0,0.0,22.0,21.0,414905544.0,2695088640.0,13188280320.0,52272.0,37138993152.0,1957234477.0,0.0,3139.0,6651033.0,5132.0,382049.0,33748.0,0.0,0.0,4217.0,0.0
1787907921.085824,2026-08-28T09:05:21+00:00,http_log_35m_x1,2996707.0,17529.0,3551808818.0,2422856149.0,403.0,2433.0,0.0,2256445.0,2300.0,0.0,1.0,0.0,0.0,22.0,31.0,414905544.0,2695088640.0,13188280320.0,52272.0,37138993152.0,1957234477.0,0.0,3139.0,6651033.0,5132.0,382049.0,33748.0,0.0,0.0,4217.0,0.0
1787907922.089351,2026-08-28T09:05:22+00:00,http_log_35m_x1,2996707.0,17529.0,3551808818.0,2422856149.0,403.0,2433.0,0.0,2256445.0,2300.0,1.0,1.0,0.0,0.0,19.0,31.0,414905544.0,2695088640.0,13188280320.0,52272.0,37138993152.0,1957234477.0,0.0,3139.0,6651033.0,5132.0,382049.0,33748.0,0.0,0.0,4217.0,0.0
1787907923.0944278,2026-08-28T09:05:23+00:00,http_log_35m_x1,2996707.0,17529.0,3551808818.0,2425768733.0,403.0,2438.0,0.0,873338.0,2335.0,1.0,0.0,0.0,0.0,19.0,31.0,414905544.0,2695088640.0,13188280320.0,52272.0,37138993152.0,1957234477.0,0.0,3139.0,6651033.0,5132.0,382049.0,33748.0,0.0,0.0,4217.0,0.0
1787907924.0995321,2026-08-28T09:05:24+00:00,http_log_35m_x1,2996707.0,17529.0,3551808818.0,2425768733.0,403.0,2438.0,0.0,873338.0,2335.0,1.0,0.0,0.0,0.0,19.0,31.0,414905544.0,2695088640.0,13188280320.0,52272.0,37138993152.0,1957234477.0,0.0,3139.0,6651033.0,5132.0,382049.0,33748.0,0.0,0.0,4217.0,0.0
1787907925.1046169,2026-08-28T09:05:25+00:00,http_log_35m_x1,2996707.0,17529.0,3551808818.0,2425768733.0,403.0,2438.0,0.0,873338.0,2335.0,1.0,1.0,0.0,0.0,19.0,12.0,414905544.0,2695088640.0,13188280320.0,52272.0,37138993152.0,1957234477.0,0.0,3139.0,6651033.0,5132.0,382049.0,33748.0,0.0,0.0,4217.0,0.0
1787907926.1068149,2026-08-28T09:05:26+00:00,http_log_35m_x1,2996707.0,17529.0,3551808818.0,2430952412.0,403.0,2443.0,0.0,1906465.0,1719.0,1.0,0.0,0.0,0.0,19.0,12.0,414905544.0,2695088640.0,13188280320.0,52272.0,37138993152.0,1957234477.0,0.0,3139.0,6651033.0,5132.0,382049.0,33748.0,0.0,0.0,4217.0,0.0
1787907927.1110451,2026-08-28T09:05:27+00:00,http_log_35m_x1,2996707.0,17529.0,3551808818.0,2430952412.0,403.0,2443.0,0.0,1906465.0,1719.0,1.0,0.0,0.0,0.0,19.0,12.0,414905544.0,2695088640.0,13188280320.0,52272.0,37138993152.0,1957234477.0,0.0,3139.0,6651033.0,5132.0,382049.0,33748.0,0.0,0.0,4217.0,0.0
1787907928.11613,2026-08-28T09:05:28+00:00,http_log_35m_x1,2996707.0,17529.0,3551808818.0,2430952412.0,403.0,2443.0,0.0,1906465.0,1719.0,1.0,0.0,0.0,0.0,19.0,12.0,414905544.0,2695088640.0,13188280320.0,52272.0,37138993152.0,1957234477.0,0.0,3139.0,6651033.0,5132.0,382049.0,33748.0,0.0,0.0,4217.0,0.0
1787907929.121202,2026-08-28T09:05:29+00:00,http_log_35m_x1,2996707.0,17529.0,3551808818.0,2430952412.0,403.0,2443.0,0.0,1906465.0,1719.0,1.0,1.0,0.0,0.0,19.0,11.0,414905544.0,2695088640.0,13188280320.0,52272.0,37138993152.0,1957234477.0,0.0,3139.0,6651033.0,5132.0,382049.0,33748.0,0.0,0.0,4217.0,0.0
1787907930.126282,2026-08-28T09:05:30+00:00,http_log_35m_x1,2996707.0,17529.0,3551808818.0,2430952412.0,403.0,2443.0,0.0,1906465.0,1719.0,1.0,1.0,0.0,0.0,19.0,11.0,414905544.0,2695088640.0,13188280320.0,52272.0,37138993152.0,1957234477.0,0.0,3139.0,6651033.0,5132.0,382049.0,33748.0,0.0,0.0,4217.0,0.0
1787907931.1279218,2026-08-28T09:05:31+00:00,http_log_35m_x1,2996707.0,17529.0,3551808818.0,2438340577.0,403.0,2448.0,0.0,2151474.0,2434.0,1.0,0.0,0.0,0.0,19.0,11.0,414905544.0,2695088640.0,13188280320.0,52272.0,37138993152.0,1957234477.0,0.0,3139.0,6651033.0,5132.0,382049.0,33748.0,0.0,0.0,4217.0,0.0
1787907932.130367,2026-08-28T09:05:32+00:00,http_log_35m_x1,2996707.0,17529.0,3551808818.0,2438340577.0,403.0,2448.0,0.0,2151474.0,2434.0,1.0,0.0,0.0,0.0,19.0,11.0,414905544.0,2695088640.0,13188280320.0,52272.0,37138993152.0,1957234477.0,0.0,3139.0,6651033.0,5132.0,382049.0,33748.0,0.0,0.0,4217.0,0.0
1787907933.135482,2026-08-28T09:05:33+00:00,http_log_35m_x1,2996707.0,17529.0,3551808818.0,2438340577.0,403.0,2448.0,0.0,2151474.0,2434.0,1.0,0.0,0.0,0.0,19.0,11.0,414905544.0,2695088640.0,13188280320.0,52272.0,37138993152.0,1957234477.0,0.0,3139.0,6651033.0,5132.0,382049.0,33748.0,0.0,0.0,4217.0,0.0
1787907934.137716,2026-08-28T09:05:34+00:00,http_log_35m_x1,2996707.0,17529.0,3551808818.0,2438340577.0,403.0,2448.0,553265768.0,2151474.0,2434.0,1.0,1.0,0.0,0.0,19.0,26.0,993134192.0,2695088640.0,13228949504.0,52378.0,37138993152.0,1957234477.0,0.0,3159.0,6660288.0,5141.0,384672.0,33836.0,0.0,0.0,4232.0,0.0
1787907935.1428108,2026-08-28T09:05:35+00:00,http_log_35m_x1,2996707.0,17529.0,3551808818.0,2438340577.0,403.0,2448.0,553265768.0,2151474.0,2434.0,1.0,1.0,0.0,0.0,19.0,26.0,993134192.0,2695088640.0,13228949504.0,52378.0,37138993152.0,1957234477.0,0.0,3159.0,6660288.0,5141.0,384672.0,33836.0,0.0,0.0,4232.0,0.0
1787907936.144395,2026-08-28T09:05:36+00:00,http_log_35m_x1,2996707.0,17529.0,3551808818.0,2441290873.0,403.0,2453.0,553265768.0,900029.0,2278.0,1.0,0.0,0.0,0.0,19.0,26.0,993134192.0,2695088640.0,13228949504.0,52378.0,37138993152.0,1957234477.0,0.0,3159.0,6660288.0,5141.0,384672.0,33836.0,0.0,0.0,4232.0,0.0
1787907937.149494,2026-08-28T09:05:37+00:00,http_log_35m_x1,2996707.0,17529.0,3551808818.0,2441290873.0,403.0,2453.0,553265768.0,900029.0,2278.0,1.0,0.0,0.0,0.0,19.0,26.0,993134192.0,2695088640.0,13228949504.0,52378.0,37138993152.0,1957234477.0,0.0,3159.0,6660288.0,5141.0,384672.0,33836.0,0.0,0.0,4232.0,0.0
1787907938.152972,2026-08-28T09:05:38+00:00,http_log_35m_x1,2996707.0,17529.0,3551808818.0,2441290873.0,403.0,2453.0,553265768.0,900029.0,2278.0,1.0,0.0,0.0,0.0,19.0,26.0,993134192.0,2695088640.0,13228949504.0,52378.0,37138993152.0,1957234477.0,0.0,3159.0,6660288.0,5141.0,384672.0,33836.0,0.0,0.0,4232.0,0.0
1787907939.158071,2026-08-28T09:05:39+00:00,http_log_35m_x1,2996707.0,17529.0,3551808818.0,2441290873.0,403.0,2453.0,553265768.0,900029.0,2278.0,1.0,1.0,0.0,0.0,19.0,28.0,993134192.0,2695088640.0,13228949504.0,52378.0,37138993152.0,1957234477.0,0.0,3159.0,6660288.0,5141.0,384672.0,33836.0,0.0,0.0,4232.0,0.0
1787907940.1631842,2026-08-28T09:05:40+00:00,http_log_35m_x1,2996707.0,17529.0,3551808818.0,2441290873.0,403.0,2453.0,553265768.0,900029.0,2278.0,1.0,1.0,0.0,0.0,19.0,28.0,993134192.0,2695088640.0,13228949504.0,52378.0,37138993152.0,1957234477.0,0.0,3159.0,6660288.0,5141.0,384672.0,33836.0,0.0,0.0,4232.0,0.0
1787907941.168267,2026-08-28T09:05:41+00:00,http_log_35m_x1,2996707.0,17529.0,3551808818.0,2444269246.0,403.0,2458.0,553265768.0,904730.0,2292.0,1.0,0.0,0.0,0.0,19.0,28.0,993134192.0,2695088640.0,13228949504.0,52378.0,37138993152.0,1957234477.0,0.0,3159.0,6660288.0,5141.0,384672.0,33836.0,0.0,0.0,4232.0,0.0
1787907942.169638,2026-08-28T09:05:42+00:00,http_log_35m_x1,2996707.0,17529.0,3551808818.0,2444269246.0,403.0,2458.0,553265768.0,904730.0,2292.0,1.0,0.0,0.0,0.0,19.0,28.0,993134192.0,2695088640.0,13228949504.0,52378.0,37138993152.0,1957234477.0,0.0,3159.0,6660288.0,5141.0,384672.0,33836.0,0.0,0.0,4232.0,0.0
1787907943.174674,2026-08-28T09:05:43+00:00,http_log_35m_x1,2996707.0,17529.0,3551808818.0,2444269246.0,403.0,2458.0,553265768.0,904730.0,2292.0,1.0,0.0,0.0,0.0,19.0,28.0,993134192.0,2695088640.0,13228949504.0,52378.0,37138993152.0,1957234477.0,0.0,3159.0,6660288.0,5141.0,384672.0,33836.0,0.0,0.0,4232.0,0.0
1787907944.179369,2026-08-28T09:05:44+00:00,http_log_35m_x1,2996707.0,17529.0,3551808818.0,2444269246.0,403.0,2458.0,553265768.0,904730.0,2292.0,1.0,1.0,0.0,0.0,19.0,30.0,993134192.0,2695088640.0,13228949504.0,52378.0,37138993152.0,1957234477.0,0.0,3159.0,6660288.0,5141.0,384672.0,33836.0,0.0,0.0,4232.0,0.0
1787907945.1844501,2026-08-28T09:05:45+00:00,http_log_35m_x1,2996707.0,17529.0,3551808818.0,2444269246.0,403.0,2458.0,553265768.0,904730.0,2292.0,1.0,1.0,0.0,0.0,19.0,30.0,993134192.0,2695088640.0,13228949504.0,52378.0,37138993152.0,1957234477.0,0.0,3159.0,6660288.0,5141.0,384672.0,33836.0,0.0,0.0,4232.0,0.0
1787907946.189523,2026-08-28T09:05:46+00:00,http_log_35m_x1,2996707.0,17529.0,3551808818.0,2447247842.0,403.0,2463.0,553265768.0,926756.0,2214.0,1.0,0.0,0.0,0.0,19.0,30.0,993134192.0,2695088640.0,13228949504.0,52378.0,37138993152.0,1957234477.0,0.0,3159.0,6660288.0,5141.0,384672.0,33836.0,0.0,0.0,4232.0,0.0
1787907947.1945941,2026-08-28T09:05:47+00:00,http_log_35m_x1,2996707.0,17529.0,3551808818.0,2447247842.0,403.0,2463.0,553265768.0,926756.0,2214.0,1.0,0.0,0.0,0.0,19.0,30.0,993134192.0,2695088640.0,13228949504.0,52378.0,37138993152.0,1957234477.0,0.0,3159.0,6660288.0,5141.0,384672.0,33836.0,0.0,0.0,4232.0,0.0
1787907948.199664,2026-08-28T09:05:48+00:00,http_log_35m_x1,2996707.0,17529.0,3551808818.0,2447247842.0,403.0,2463.0,553265768.0,926756.0,2214.0,1.0,0.0,0.0,0.0,19.0,30.0,993134192.0,2695088640.0,13228949504.0,52378.0,37138993152.0,1957234477.0,0.0,3159.0,6660288.0,5141.0,384672.0,33836.0,0.0,0.0,4232.0,0.0
1787907949.204059,2026-08-28T09:05:49+00:00,http_log_35m_x1,2995116.0,27271.0,3636483750.0,2447247842.0,408.0,2463.0,29433928.0,926756.0,2214.0,0.0,1.0,0.0,0.0,19.0,32.0,465748920.0,2695088640.0,13391503360.0,52569.0,37138993152.0,1957234477.0,1.0,3177.0,6669336.0,5158.0,387487.0,33924.0,0.0,0.0,4249.0,0.0
1787907950.20912,2026-08-28T09:05:50+00:00,http_log_35m_x1,2995116.0,27271.0,3636483750.0,2447247842.0,408.0,2463.0,29433928.0,926756.0,2214.0,0.0,1.0,0.0,0.0,19.0,32.0,465748920.0,2695088640.0,13391503360.0,52569.0,37138993152.0,1957234477.0,1.0,3177.0,6669336.0,5158.0,387487.0,33924.0,0.0,0.0,4249.0,0.0
1787907951.214221,2026-08-28T09:05:51+00:00,http_log_35m_x1,2995116.0,27271.0,3636483750.0,2450235045.0,408.0,2468.0,29433928.0,902750.0,2309.0,0.0,0.0,0.0,0.0,19.0,32.0,465748920.0,2695088640.0,13391503360.0,52569.0,37138993152.0,1957234477.0,1.0,3177.0,6669336.0,5158.0,387487.0,33924.0,0.0,0.0,4249.0,0.0
1787907952.219211,2026-08-28T09:05:52+00:00,http_log_35m_x1,2995116.0,27271.0,3636483750.0,2450235045.0,408.0,2468.0,29433928.0,902750.0,2309.0,0.0,1.0,0.0,0.0,19.0,34.0,465748920.0,2695088640.0,13391503360.0,52569.0,37138993152.0,1957234477.0,1.0,3177.0,6669336.0,5158.0,387487.0,33924.0,0.0,0.0,4249.0,0.0
1787907953.2243378,2026-08-28T09:05:53+00:00,http_log_35m_x1,2995116.0,27271.0,3636483750.0,2450235045.0,408.0,2468.0,29433928.0,902750.0,2309.0,0.0,1.0,0.0,0.0,19.0,34.0,465748920.0,2695088640.0,13391503360.0,52569.0,37138993152.0,1957234477.0,1.0,3177.0,6669336.0,5158.0,387487.0,33924.0,0.0,0.0,4249.0,0.0
1787907954.229435,2026-08-28T09:05:54+00:00,http_log_35m_x1,2995116.0,27271.0,3636483750.0,2450235045.0,408.0,2468.0,29433928.0,902750.0,2309.0,0.0,2.0,0.0,0.0,19.0,26.0,465748920.0,2695088640.0,13391503360.0,52569.0,37138993152.0,1957234477.0,1.0,3177.0,6669336.0,5158.0,387487.0,33924.0,0.0,0.0,4249.0,0.0
1787907955.234506,2026-08-28T09:05:55+00:00,http_log_35m_x1,2995116.0,27271.0,3636483750.0,2450235045.0,408.0,2468.0,29433928.0,902750.0,2309.0,0.0,2.0,0.0,0.0,19.0,26.0,465748920.0,2695088640.0,13391503360.0,52569.0,37138993152.0,1957234477.0,1.0,3177.0,6669336.0,5158.0,387487.0,33924.0,0.0,0.0,4249.0,0.0
1787907956.239594,2026-08-28T09:05:56+00:00,http_log_35m_x1,2995116.0,27271.0,3636483750.0,2453222615.0,408.0,2473.0,29433928.0,902589.0,2310.0,0.0,1.0,0.0,0.0,19.0,26.0,465748920.0,2695088640.0,13391503360.0,52569.0,37138993152.0,1957234477.0,1.0,3177.0,6669336.0,5158.0,387487.0,33924.0,0.0,0.0,4249.0,0.0
1787907957.2442071,2026-08-28T09:05:57+00:00,http_log_35m_x1,2995116.0,27271.0,3636483750.0,2471828664.0,408.0,2478.0,29433928.0,2667151.0,5976.0,0.0,1.0,0.0,0.0,19.0,20.0,465748920.0,2695088640.0,13391503360.0,52569.0,37138993152.0,1957234477.0,1.0,3177.0,6669336.0,5158.0,387487.0,33924.0,0.0,0.0,4249.0,0.0
1787907958.248781,2026-08-28T09:05:58+00:00,http_log_35m_x1,2995116.0,27271.0,3636483750.0,2471828664.0,408.0,2478.0,29433928.0,2667151.0,5976.0,0.0,1.0,0.0,0.0,19.0,20.0,465748920.0,2695088640.0,13391503360.0,52569.0,37138993152.0,1957234477.0,1.0,3177.0,6669336.0,5158.0,387487.0,33924.0,0.0,0.0,4249.0,0.0
1787907959.253185,2026-08-28T09:05:59+00:00,http_log_35m_x1,2995116.0,27271.0,3636483750.0,2477087764.0,408.0,2483.0,29433928.0,2089431.0,1517.0,0.0,0.0,0.0,0.0,19.0,20.0,465748920.0,2695088640.0,13391503360.0,52569.0,37138993152.0,1957234477.0,1.0,3177.0,6669336.0,5158.0,387487.0,33924.0,0.0,0.0,4249.0,0.0
1787907960.258261,2026-08-28T09:06:00+00:00,http_log_35m_x1,2995116.0,27271.0,3636483750.0,2477087764.0,408.0,2483.0,29433928.0,2089431.0,1517.0,0.0,0.0,0.0,0.0,19.0,20.0,465748920.0,2695088640.0,13391503360.0,52569.0,37138993152.0,1957234477.0,1.0,3177.0,6669336.0,5158.0,387487.0,33924.0,0.0,0.0,4249.0,0.0
1787907961.267756,2026-08-28T09:06:01+00:00,http_log_35m_x1,2995116.0,27271.0,3636483750.0,2477087764.0,408.0,2483.0,29433928.0,2089431.0,1517.0,0.0,1.0,0.0,0.0,19.0,19.0,465748920.0,2695088640.0,13391503360.0,52569.0,37138993152.0,1957234477.0,1.0,3177.0,6669336.0,5158.0,387487.0,33924.0,0.0,0.0,4249.0,0.0
1787907962.271601,2026-08-28T09:06:02+00:00,http_log_35m_x1,2995116.0,27271.0,3636483750.0,2477087764.0,408.0,2483.0,29433928.0,2089431.0,1517.0,0.0,1.0,0.0,0.0,19.0,19.0,465748920.0,2695088640.0,13391503360.0,52569.0,37138993152.0,1957234477.0,1.0,3177.0,6669336.0,5158.0,387487.0,33924.0,0.0,0.0,4249.0,0.0
1787907963.276673,2026-08-28T09:06:03+00:00,http_log_35m_x1,2995116.0,27271.0,3636483750.0,2477087764.0,408.0,2483.0,29433928.0,2089431.0,1517.0,0.0,1.0,0.0,0.0,19.0,19.0,465748920.0,2695088640.0,13391503360.0,52569.0,37138993152.0,1957234477.0,1.0,3177.0,6669336.0,5158.0,387487.0,33924.0,0.0,0.0,4249.0,0.0
1787907964.2817678,2026-08-28T09:06:04+00:00,http_log_35m_x1,2995116.0,27271.0,3636483750.0,2484561645.0,408.0,2488.0,0.0,2106505.0,2548.0,0.0,0.0,0.0,0.0,19.0,19.0,442889096.0,2695088640.0,13467271168.0,52692.0,37138993152.0,1957234477.0,0.0,3196.0,6679149.0,5170.0,389537.0,33999.0,0.0,0.0,4268.0,0.0
1787907965.286061,2026-08-28T09:06:05+00:00,http_log_35m_x1,2995116.0,27271.0,3636483750.0,2484561645.0,408.0,2488.0,0.0,2106505.0,2548.0,0.0,0.0,0.0,0.0,19.0,19.0,442889096.0,2695088640.0,13467271168.0,52692.0,36829708288.0,2008672336.0,0.0,3196.0,6679149.0,5170.0,389537.0,33999.0,0.0,0.0,4268.0,0.0
1787907966.291126,2026-08-28T09:06:06+00:00,http_log_35m_x1,2995116.0,27271.0,3636483750.0,2484561645.0,408.0,2488.0,0.0,2106505.0,2548.0,0.0,1.0,0.0,0.0,19.0,34.0,442889096.0,2695088640.0,13467271168.0,52692.0,36829708288.0,2008672336.0,0.0,3196.0,6679149.0,5170.0,389537.0,33999.0,0.0,0.0,4268.0,0.0
1787907967.293921,2026-08-28T09:06:07+00:00,http_log_35m_x1,2995116.0,27271.0,3636483750.0,2484561645.0,408.0,2488.0,0.0,2106505.0,2548.0,0.0,1.0,0.0,0.0,19.0,34.0,442889096.0,2695088640.0,13467271168.0,52692.0,36829708288.0,2008672336.0,0.0,3196.0,6679149.0,5170.0,389537.0,33999.0,0.0,0.0,4268.0,0.0
1787907968.298976,2026-08-28T09:06:08+00:00,http_log_35m_x1,2995116.0,27271.0,3636483750.0,2484561645.0,408.0,2488.0,0.0,2106505.0,2548.0,0.0,1.0,0.0,0.0,19.0,34.0,442889096.0,2695088640.0,13467271168.0,52692.0,36829708288.0,2008672336.0,0.0,3196.0,6679149.0,5170.0,389537.0,33999.0,0.0,0.0,4268.0,0.0
1787907969.304039,2026-08-28T09:06:09+00:00,http_log_35m_x1,2995116.0,27271.0,3636483750.0,2487585836.0,408.0,2493.0,0.0,952501.0,2175.0,0.0,0.0,0.0,0.0,19.0,34.0,442889096.0,2695088640.0,13467271168.0,52692.0,36829708288.0,2008672336.0,0.0,3196.0,6679149.0,5170.0,389537.0,33999.0,0.0,0.0,4268.0,0.0
1787907970.309109,2026-08-28T09:06:10+00:00,http_log_35m_x1,2995116.0,27271.0,3636483750.0,2487585836.0,408.0,2493.0,0.0,952501.0,2175.0,0.0,0.0,0.0,0.0,19.0,34.0,442889096.0,2695088640.0,13467271168.0,52692.0,36829708288.0,2008672336.0,0.0,3196.0,6679149.0,5170.0,389537.0,33999.0,0.0,0.0,4268.0,0.0
1787907971.314201,2026-08-28T09:06:11+00:00,http_log_35m_x1,2995116.0,27271.0,3636483750.0,2487585836.0,408.0,2493.0,0.0,952501.0,2175.0,0.0,1.0,0.0,0.0,19.0,36.0,442889096.0,2695088640.0,13467271168.0,52692.0,36829708288.0,2008672336.0,0.0,3196.0,6679149.0,5170.0,389537.0,33999.0,0.0,0.0,4268.0,0.0
1787907972.318353,2026-08-28T09:06:12+00:00,http_log_35m_x1,2995116.0,27271.0,3636483750.0,2487585836.0,408.0,2493.0,0.0,952501.0,2175.0,0.0,1.0,0.0,0.0,19.0,36.0,442889096.0,2695088640.0,13467271168.0,52692.0,36829708288.0,2008672336.0,0.0,3196.0,6679149.0,5170.0,389537.0,33999.0,0.0,0.0,4268.0,0.0
1787907973.323446,2026-08-28T09:06:13+00:00,http_log_35m_x1,2995116.0,27271.0,3636483750.0,2490582728.0,408.0,2498.0,0.0,993005.0,2018.0,0.0,0.0,0.0,0.0,19.0,36.0,442889096.0,2695088640.0,13467271168.0,52692.0,36829708288.0,2008672336.0,0.0,3196.0,6679149.0,5170.0,389537.0,33999.0,0.0,0.0,4268.0,0.0
1787907974.328507,2026-08-28T09:06:14+00:00,http_log_35m_x1,2995116.0,27271.0,3636483750.0,2490582728.0,408.0,2498.0,0.0,993005.0,2018.0,0.0,0.0,0.0,0.0,19.0,36.0,442889096.0,2695088640.0,13467271168.0,52692.0,36829708288.0,2008672336.0,0.0,3196.0,6679149.0,5170.0,389537.0,33999.0,0.0,0.0,4268.0,0.0
1787907975.333567,2026-08-28T09:06:15+00:00,http_log_35m_x1,2995116.0,27271.0,3636483750.0,2490582728.0,408.0,2498.0,0.0,993005.0,2018.0,0.0,0.0,0.0,0.0,19.0,36.0,442889096.0,2695088640.0,13467271168.0,52692.0,36829708288.0,2008672336.0,0.0,3196.0,6679149.0,5170.0,389537.0,33999.0,0.0,0.0,4268.0,0.0
1787907976.3386528,2026-08-28T09:06:16+00:00,http_log_35m_x1,2995116.0,27271.0,3636483750.0,2490582728.0,408.0,2498.0,0.0,993005.0,2018.0,0.0,1.0,0.0,0.0,19.0,38.0,442889096.0,2695088640.0,13467271168.0,52692.0,36829708288.0,2008672336.0,0.0,3196.0,6679149.0,5170.0,389537.0,33999.0,0.0,0.0,4268.0,0.0
1787907977.3437471,2026-08-28T09:06:17+00:00,http_log_35m_x1,2995116.0,27271.0,3636483750.0,2490582728.0,408.0,2498.0,0.0,993005.0,2018.0,0.0,1.0,0.0,0.0,19.0,38.0,442889096.0,2695088640.0,13467271168.0,52692.0,36829708288.0,2008672336.0,0.0,3196.0,6679149.0,5170.0,389537.0,33999.0,0.0,0.0,4268.0,0.0
1787907978.348808,2026-08-28T09:06:18+00:00,http_log_35m_x1,2995116.0,27271.0,3636483750.0,2493523402.0,408.0,2503.0,0.0,979245.0,2003.0,0.0,0.0,0.0,0.0,19.0,38.0,442889096.0,2695088640.0,13467271168.0,52692.0,36829708288.0,2008672336.0,0.0,3196.0,6679149.0,5170.0,389537.0,33999.0,0.0,0.0,4268.0,0.0
1787907979.349478,2026-08-28T09:06:19+00:00,http_log_35m_x1,2995116.0,27271.0,3636483750.0,2493523402.0,408.0,2503.0,0.0,979245.0,2003.0,0.0,0.0,0.0,0.0,19.0,38.0,436714776.0,2695088640.0,13499691008.0,52777.0,36829708288.0,2008672336.0,0.0,3214.0,6689836.0,5179.0,390762.0,34041.0,0.0,0.0,4283.0,0.0
1787907980.354541,2026-08-28T09:06:20+00:00,http_log_35m_x1,2995116.0,27271.0,3636483750.0,2493523402.0,408.0,2503.0,0.0,979245.0,2003.0,0.0,0.0,0.0,0.0,19.0,38.0,436714776.0,2695088640.0,13499691008.0,52777.0,36829708288.0,2008672336.0,0.0,3214.0,6689836.0,5179.0,390762.0,34041.0,0.0,0.0,4283.0,0.0
1787907981.356506,2026-08-28T09:06:21+00:00,http_log_35m_x1,2995116.0,27271.0,3636483750.0,2493523402.0,408.0,2503.0,0.0,979245.0,2003.0,0.0,1.0,0.0,0.0,19.0,39.0,436714776.0,2695088640.0,13499691008.0,52777.0,36829708288.0,2008672336.0,0.0,3214.0,6689836.0,5179.0,390762.0,34041.0,0.0,0.0,4283.0,0.0
1787907982.356626,2026-08-28T09:06:22+00:00,http_log_35m_x1,2995116.0,27271.0,3636483750.0,2493523402.0,408.0,2503.0,0.0,979245.0,2003.0,0.0,1.0,0.0,0.0,19.0,39.0,436714776.0,2695088640.0,13499691008.0,52777.0,36829708288.0,2008672336.0,0.0,3214.0,6689836.0,5179.0,390762.0,34041.0,0.0,0.0,4283.0,0.0
1787907983.361696,2026-08-28T09:06:23+00:00,http_log_35m_x1,2995116.0,27271.0,3636483750.0,2496491329.0,408.0,2508.0,0.0,988979.0,2001.0,0.0,1.0,0.0,0.0,19.0,32.0,436714776.0,2695088640.0,13499691008.0,52777.0,36829708288.0,2008672336.0,0.0,3214.0,6689836.0,5179.0,390762.0,34041.0,0.0,0.0,4283.0,0.0
1787907984.366763,2026-08-28T09:06:24+00:00,http_log_35m_x1,2995116.0,27271.0,3636483750.0,2496491329.0,408.0,2508.0,0.0,988979.0,2001.0,0.0,1.0,0.0,0.0,19.0,32.0,436714776.0,2695088640.0,13499691008.0,52777.0,36829708288.0,2008672336.0,0.0,3214.0,6689836.0,5179.0,390762.0,34041.0,0.0,0.0,4283.0,0.0
1787907985.371839,2026-08-28T09:06:25+00:00,http_log_35m_x1,2995116.0,27271.0,3636483750.0,2496491329.0,408.0,2508.0,0.0,988979.0,2001.0,0.0,1.0,0.0,0.0,19.0,32.0,436714776.0,2695088640.0,13499691008.0,52777.0,36829708288.0,2008672336.0,0.0,3214.0,6689836.0,5179.0,390762.0,34041.0,0.0,0.0,4283.0,0.0
1787907986.3768861,2026-08-28T09:06:26+00:00,http_log_35m_x1,2995116.0,27271.0,3636483750.0,2496491329.0,408.0,2508.0,0.0,988979.0,2001.0,0.0,2.0,0.0,0.0,19.0,27.0,436714776.0,2695088640.0,13499691008.0,52777.0,36829708288.0,2008672336.0,0.0,3214.0,6689836.0,5179.0,390762.0,34041.0,0.0,0.0,4283.0,0.0
1787907987.3819818,2026-08-28T09:06:27+00:00,http_log_35m_x1,2995116.0,27271.0,3636483750.0,2496491329.0,408.0,2508.0,0.0,988979.0,2001.0,0.0,2.0,0.0,0.0,19.0,27.0,436714776.0,2695088640.0,13499691008.0,52777.0,36829708288.0,2008672336.0,0.0,3214.0,6689836.0,5179.0,390762.0,34041.0,0.0,0.0,4283.0,0.0
1787907988.387053,2026-08-28T09:06:28+00:00,http_log_35m_x1,2995116.0,27271.0,3636483750.0,2499506538.0,408.0,2513.0,0.0,919271.0,2280.0,0.0,1.0,0.0,0.0,19.0,27.0,436714776.0,2695088640.0,13499691008.0,52777.0,36829708288.0,2008672336.0,0.0,3214.0,6689836.0,5179.0,390762.0,34041.0,0.0,0.0,4283.0,0.0
1787907989.392118,2026-08-28T09:06:29+00:00,http_log_35m_x1,2995116.0,27271.0,3636483750.0,2518236373.0,408.0,2518.0,0.0,2778907.0,5740.0,0.0,0.0,0.0,0.0,19.0,27.0,436714776.0,2695088640.0,13499691008.0,52777.0,36829708288.0,2008672336.0,0.0,3214.0,6689836.0,5179.0,390762.0,34041.0,0.0,0.0,4283.0,0.0
1787907990.397186,2026-08-28T09:06:30+00:00,http_log_35m_x1,2995116.0,27271.0,3636483750.0,2518236373.0,408.0,2518.0,0.0,2778907.0,5740.0,0.0,1.0,0.0,0.0,19.0,21.0,436714776.0,2695088640.0,13499691008.0,52777.0,36829708288.0,2008672336.0,0.0,3214.0,6689836.0,5179.0,390762.0,34041.0,0.0,0.0,4283.0,0.0
1787907991.4022741,2026-08-28T09:06:31+00:00,http_log_35m_x1,2995116.0,27271.0,3636483750.0,2518236373.0,408.0,2518.0,0.0,2778907.0,5740.0,0.0,1.0,0.0,0.0,19.0,21.0,436714776.0,2695088640.0,13499691008.0,52777.0,36829708288.0,2008672336.0,0.0,3214.0,6689836.0,5179.0,390762.0,34041.0,0.0,0.0,4283.0,0.0
1787907992.403043,2026-08-28T09:06:32+00:00,http_log_35m_x1,2995116.0,27271.0,3636483750.0,2523495598.0,408.0,2523.0,0.0,2061632.0,1551.0,0.0,0.0,0.0,0.0,19.0,21.0,436714776.0,2695088640.0,13499691008.0,52777.0,36829708288.0,2008672336.0,0.0,3214.0,6689836.0,5179.0,390762.0,34041.0,0.0,0.0,4283.0,0.0
1787907993.408106,2026-08-28T09:06:33+00:00,http_log_35m_x1,2995116.0,27271.0,3636483750.0,2523495598.0,408.0,2523.0,0.0,2061632.0,1551.0,0.0,0.0,0.0,0.0,19.0,21.0,436714776.0,2695088640.0,13499691008.0,52777.0,36829708288.0,2008672336.0,0.0,3214.0,6689836.0,5179.0,390762.0,34041.0,0.0,0.0,4283.0,0.0
1787907994.413187,2026-08-28T09:06:34+00:00,http_log_35m_x1,2995116.0,27271.0,3636483750.0,2523495598.0,408.0,2523.0,0.0,2061632.0,1551.0,0.0,1.0,0.0,0.0,19.0,20.0,429540312.0,2695088640.0,13564370944.0,52874.0,36829708288.0,2008672336.0,0.0,3233.0,6699961.0,5189.0,392543.0,34096.0,0.0,0.0,4300.0,0.0
1787907995.418278,2026-08-28T09:06:35+00:00,http_log_35m_x1,2995116.0,27271.0,3636483750.0,2523495598.0,408.0,2523.0,0.0,2061632.0,1551.0,0.0,1.0,0.0,0.0,19.0,20.0,429540312.0,2695088640.0,13564370944.0,52874.0,36829708288.0,2008672336.0,0.0,3233.0,6699961.0,5189.0,392543.0,34096.0,0.0,0.0,4300.0,0.0
1787907996.423336,2026-08-28T09:06:36+00:00,http_log_35m_x1,2995116.0,27271.0,3636483750.0,2531090415.0,408.0,2528.0,0.0,2346976.0,2236.0,0.0,0.0,0.0,0.0,19.0,20.0,429540312.0,2695088640.0,13564370944.0,52874.0,36829708288.0,2008672336.0,0.0,3233.0,6699961.0,5189.0,392543.0,34096.0,0.0,0.0,4300.0,0.0
1787907997.428417,2026-08-28T09:06:37+00:00,http_log_35m_x1,2995116.0,27271.0,3636483750.0,2531090415.0,408.0,2528.0,0.0,2346976.0,2236.0,0.0,0.0,0.0,0.0,19.0,20.0,429540312.0,2695088640.0,13564370944.0,52874.0,36829708288.0,2008672336.0,0.0,3233.0,6699961.0,5189.0,392543.0,34096.0,0.0,0.0,4300.0,0.0
1787907998.433541,2026-08-28T09:06:38+00:00,http_log_35m_x1,2995116.0,27271.0,3636483750.0,2531090415.0,408.0,2528.0,0.0,2346976.0,2236.0,0.0,0.0,0.0,0.0,19.0,20.0,429540312.0,2695088640.0,13564370944.0,52874.0,36829708288.0,2008672336.0,0.0,3233.0,6699961.0,5189.0,392543.0,34096.0,0.0,0.0,4300.0,0.0
1787907999.436403,2026-08-28T09:06:39+00:00,http_log_35m_x1,2995116.0,27271.0,3636483750.0,2531090415.0,408.0,2528.0,0.0,2346976.0,2236.0,0.0,1.0,0.0,0.0,19.0,35.0,429540312.0,2695088640.0,13564370944.0,52874.0,36829708288.0,2008672336.0,0.0,3233.0,6699961.0,5189.0,392543.0,34096.0,0.0,0.0,4300.0,0.0
1787908000.441498,2026-08-28T09:06:40+00:00,http_log_35m_x1,2995116.0,27271.0,3636483750.0,2531090415.0,408.0,2528.0,0.0,2346976.0,2236.0,0.0,1.0,0.0,0.0,19.0,35.0,429540312.0,2695088640.0,13564370944.0,52874.0,36829708288.0,2008672336.0,0.0,3233.0,6699961.0,5189.0,392543.0,34096.0,0.0,0.0,4300.0,0.0
1787908001.445046,2026-08-28T09:06:41+00:00,http_log_35m_x1,2995116.0,27271.0,3636483750.0,2534067656.0,408.0,2533.0,0.0,992744.0,1999.0,0.0,0.0,0.0,0.0,19.0,35.0,429540312.0,2695088640.0,13564370944.0,52874.0,36829708288.0,2008672336.0,0.0,3233.0,6699961.0,5189.0,392543.0,34096.0,0.0,0.0,4300.0,0.0
1787908002.449874,2026-08-28T09:06:42+00:00,http_log_35m_x1,2995116.0,27271.0,3636483750.0,2534067656.0,408.0,2533.0,0.0,992744.0,1999.0,0.0,0.0,0.0,0.0,19.0,35.0,429540312.0,2695088640.0,13564370944.0,52874.0,36829708288.0,2008672336.0,0.0,3233.0,6699961.0,5189.0,392543.0,34096.0,0.0,0.0,4300.0,0.0
1787908003.454858,2026-08-28T09:06:43+00:00,http_log_35m_x1,2995116.0,27271.0,3636483750.0,2534067656.0,408.0,2533.0,0.0,992744.0,1999.0,0.0,0.0,0.0,0.0,19.0,35.0,429540312.0,2695088640.0,13564370944.0,52874.0,36829708288.0,2008672336.0,0.0,3233.0,6699961.0,5189.0,392543.0,34096.0,0.0,0.0,4300.0,0.0
1787908004.458453,2026-08-28T09:06:44+00:00,http_log_35m_x1,2995116.0,27271.0,3636483750.0,2534067656.0,408.0,2533.0,0.0,992744.0,1999.0,0.0,1.0,0.0,0.0,19.0,37.0,429540312.0,2695088640.0,13564370944.0,52874.0,36829708288.0,2008672336.0,0.0,3233.0,6699961.0,5189.0,392543.0,34096.0,0.0,0.0,4300.0,0.0
1787908005.461426,2026-08-28T09:06:45+00:00,http_log_35m_x1,2995116.0,27271.0,3636483750.0,2534067656.0,408.0,2533.0,0.0,992744.0,1999.0,0.0,1.0,0.0,0.0,19.0,37.0,429540312.0,2695088640.0,13564370944.0,52874.0,36829708288.0,2008672336.0,0.0,3233.0,6699961.0,5189.0,392543.0,34096.0,0.0,0.0,4300.0,0.0
1787908006.462089,2026-08-28T09:06:46+00:00,http_log_35m_x1,2995116.0,27271.0,3636483750.0,2537063760.0,408.0,2538.0,0.0,1028175.0,1914.0,0.0,0.0,0.0,0.0,19.0,37.0,429540312.0,2695088640.0,13564370944.0,52874.0,36829708288.0,2008672336.0,0.0,3233.0,6699961.0,5189.0,392543.0,34096.0,0.0,0.0,4300.0,0.0
1787908007.467156,2026-08-28T09:06:47+00:00,http_log_35m_x1,2995116.0,27271.0,3636483750.0,2537063760.0,408.0,2538.0,0.0,1028175.0,1914.0,0.0,0.0,0.0,0.0,19.0,37.0,429540312.0,2695088640.0,13564370944.0,52874.0,36829708288.0,2008672336.0,0.0,3233.0,6699961.0,5189.0,392543.0,34096.0,0.0,0.0,4300.0,0.0
1787908008.4697611,2026-08-28T09:06:48+00:00,http_log_35m_x1,2995116.0,27271.0,3636483750.0,2537063760.0,408.0,2538.0,0.0,1028175.0,1914.0,0.0,0.0,0.0,0.0,19.0,37.0,429540312.0,2695088640.0,13564370944.0,52874.0,36829708288.0,2008672336.0,0.0,3233.0,6699961.0,5189.0,392543.0,34096.0,0.0,0.0,4300.0,0.0
1787908009.474732,2026-08-28T09:06:49+00:00,http_log_35m_x1,2995116.0,27271.0,3636483750.0,2537063760.0,408.0,2538.0,0.0,1028175.0,1914.0,0.0,1.0,0.0,0.0,19.0,39.0,431943400.0,2695088640.0,13603835904.0,52974.0,36829708288.0,2008672336.0,0.0,3251.0,6710690.0,5199.0,393744.0,34142.0,0.0,0.0,4315.0,0.0
1787908010.477514,2026-08-28T09:06:50+00:00,http_log_35m_x1,2995116.0,27271.0,3636483750.0,2537063760.0,408.0,2538.0,0.0,1028175.0,1914.0,0.0,1.0,0.0,0.0,19.0,39.0,431943400.0,2695088640.0,13603835904.0,52974.0,36829708288.0,2008672336.0,0.0,3251.0,6710690.0,5199.0,393744.0,34142.0,0.0,0.0,4315.0,0.0
1787908011.482589,2026-08-28T09:06:51+00:00,http_log_35m_x1,2995116.0,27271.0,3636483750.0,2540051372.0,408.0,2543.0,0.0,978261.0,2054.0,0.0,0.0,0.0,0.0,19.0,39.0,431943400.0,2695088640.0,13603835904.0,52974.0,36829708288.0,2008672336.0,0.0,3251.0,6710690.0,5199.0,393744.0,34142.0,0.0,0.0,4315.0,0.0
1787908012.4876459,2026-08-28T09:06:52+00:00,http_log_35m_x1,2995116.0,27271.0,3636483750.0,2540051372.0,408.0,2543.0,0.0,978261.0,2054.0,0.0,0.0,0.0,0.0,19.0,39.0,431943400.0,2695088640.0,13603835904.0,52974.0,36829708288.0,2008672336.0,0.0,3251.0,6710690.0,5199.0,393744.0,34142.0,0.0,0.0,4315.0,0.0
1787908013.4974778,2026-08-28T09:06:53+00:00,http_log_35m_x1,2995116.0,27271.0,3636483750.0,2540051372.0,408.0,2543.0,0.0,978261.0,2054.0,0.0,0.0,0.0,0.0,19.0,39.0,431943400.0,2695088640.0,13603835904.0,52974.0,36829708288.0,2008672336.0,0.0,3251.0,6710690.0,5199.0,393744.0,34142.0,0.0,0.0,4315.0,0.0
1787908014.4975739,2026-08-28T09:06:54+00:00,http_log_35m_x1,2995116.0,27271.0,3636483750.0,2540051372.0,408.0,2543.0,0.0,978261.0,2054.0,0.0,1.0,0.0,0.0,19.0,41.0,431943400.0,2695088640.0,13603835904.0,52974.0,36829708288.0,2008672336.0,0.0,3251.0,6710690.0,5199.0,393744.0,34142.0,0.0,0.0,4315.0,0.0
1787908015.4996018,2026-08-28T09:06:55+00:00,http_log_35m_x1,2995116.0,27271.0,3636483750.0,2540051372.0,408.0,2543.0,0.0,978261.0,2054.0,0.0,1.0,0.0,0.0,19.0,41.0,431943400.0,2695088640.0,13603835904.0,52974.0,36829708288.0,2008672336.0,0.0,3251.0,6710690.0,5199.0,393744.0,34142.0,0.0,0.0,4315.0,0.0
1787908016.501459,2026-08-28T09:06:56+00:00,http_log_35m_x1,2995116.0,27271.0,3636483750.0,2543000986.0,408.0,2548.0,0.0,996154.0,1961.0,0.0,1.0,0.0,0.0,19.0,30.0,431943400.0,2695088640.0,13603835904.0,52974.0,36829708288.0,2008672336.0,0.0,3251.0,6710690.0,5199.0,393744.0,34142.0,0.0,0.0,4315.0,0.0
1787908017.50159,2026-08-28T09:06:57+00:00,http_log_35m_x1,2995116.0,27271.0,3636483750.0,2543000986.0,408.0,2548.0,0.0,996154.0,1961.0,0.0,1.0,0.0,0.0,19.0,30.0,431943400.0,2695088640.0,13603835904.0,52974.0,36829708288.0,2008672336.0,0.0,3251.0,6710690.0,5199.0,393744.0,34142.0,0.0,0.0,4315.0,0.0
1787908018.501855,2026-08-28T09:06:58+00:00,http_log_35m_x1,2995116.0,27271.0,3636483750.0,2543000986.0,408.0,2548.0,0.0,996154.0,1961.0,0.0,1.0,0.0,0.0,19.0,30.0,431943400.0,2695088640.0,13603835904.0,52974.0,36829708288.0,2008672336.0,0.0,3251.0,6710690.0,5199.0,393744.0,34142.0,0.0,0.0,4315.0,0.0
1787908019.502265,2026-08-28T09:06:59+00:00,http_log_35m_x1,2995116.0,27271.0,3636483750.0,2543000986.0,408.0,2548.0,0.0,996154.0,1961.0,0.0,1.0,0.0,0.0,19.0,30.0,431943400.0,2695088640.0,13603835904.0,52974.0,36829708288.0,2008672336.0,0.0,3251.0,6710690.0,5199.0,393744.0,34142.0,0.0,0.0,4315.0,0.0
1787908020.5068429,2026-08-28T09:07:00+00:00,http_log_35m_x1,2995116.0,27271.0,3636483750.0,2543000986.0,408.0,2548.0,0.0,996154.0,1961.0,0.0,2.0,0.0,0.0,19.0,29.0,431943400.0,2695088640.0,13603835904.0,52974.0,36829708288.0,2008672336.0,0.0,3251.0,6710690.0,5199.0,393744.0,34142.0,0.0,0.0,4315.0,0.0
1787908021.5122151,2026-08-28T09:07:01+00:00,http_log_35m_x1,2995116.0,27271.0,3636483750.0,2543000986.0,408.0,2548.0,0.0,996154.0,1961.0,0.0,2.0,0.0,0.0,19.0,29.0,431943400.0,2695088640.0,13603835904.0,52974.0,36829708288.0,2008672336.0,0.0,3251.0,6710690.0,5199.0,393744.0,34142.0,0.0,0.0,4315.0,0.0
1787908022.513685,2026-08-28T09:07:02+00:00,http_log_35m_x1,2995116.0,27271.0,3636483750.0,2564810703.0,408.0,2558.0,0.0,916717.0,2249.0,0.0,0.0,0.0,0.0,19.0,29.0,431943400.0,2695088640.0,13603835904.0,52974.0,36829708288.0,2008672336.0,0.0,3251.0,6710690.0,5199.0,393744.0,34142.0,0.0,0.0,4315.0,0.0
1787908023.5187478,2026-08-28T09:07:03+00:00,http_log_35m_x1,2995116.0,27271.0,3636483750.0,2564810703.0,408.0,2558.0,29664536.0,916717.0,2249.0,0.0,1.0,0.0,0.0,19.0,22.0,440932752.0,2695088640.0,13664735232.0,53083.0,36829708288.0,2008672336.0,0.0,3270.0,6720720.0,5209.0,395632.0,34193.0,0.0,0.0,4331.0,0.0
1787908024.523817,2026-08-28T09:07:04+00:00,http_log_35m_x1,2995116.0,27271.0,3636483750.0,2570014251.0,408.0,2563.0,29664536.0,2122164.0,1452.0,0.0,0.0,0.0,0.0,19.0,22.0,440932752.0,2695088640.0,13664735232.0,53083.0,36635709440.0,2060856140.0,0.0,3270.0,6720720.0,5209.0,395632.0,34193.0,0.0,0.0,4331.0,0.0
1787908025.528883,2026-08-28T09:07:05+00:00,http_log_35m_x1,2995116.0,27271.0,3636483750.0,2570014251.0,408.0,2563.0,29664536.0,2122164.0,1452.0,0.0,0.0,0.0,0.0,19.0,22.0,440932752.0,2695088640.0,13664735232.0,53083.0,36635709440.0,2060856140.0,0.0,3270.0,6720720.0,5209.0,395632.0,34193.0,0.0,0.0,4331.0,0.0
1787908026.532675,2026-08-28T09:07:06+00:00,http_log_35m_x1,2995116.0,27271.0,3636483750.0,2570014251.0,408.0,2563.0,29664536.0,2122164.0,1452.0,0.0,0.0,0.0,0.0,19.0,22.0,440932752.0,2695088640.0,13664735232.0,53083.0,36635709440.0,2060856140.0,0.0,3270.0,6720720.0,5209.0,395632.0,34193.0,0.0,0.0,4331.0,0.0
1787908027.537747,2026-08-28T09:07:07+00:00,http_log_35m_x1,2995116.0,27271.0,3636483750.0,2570014251.0,408.0,2563.0,29664536.0,2122164.0,1452.0,0.0,0.0,0.0,0.0,19.0,22.0,440932752.0,2695088640.0,13664735232.0,53083.0,36635709440.0,2060856140.0,0.0,3270.0,6720720.0,5209.0,395632.0,34193.0,0.0,0.0,4331.0,0.0
1787908028.5396,2026-08-28T09:07:08+00:00,http_log_35m_x1,2995116.0,27271.0,3636483750.0,2570014251.0,408.0,2563.0,29664536.0,2122164.0,1452.0,0.0,1.0,0.0,0.0,19.0,22.0,440932752.0,2695088640.0,13664735232.0,53083.0,36635709440.0,2060856140.0,0.0,3270.0,6720720.0,5209.0,395632.0,34193.0,0.0,0.0,4331.0,0.0
1787908029.544675,2026-08-28T09:07:09+00:00,http_log_35m_x1,2995116.0,27271.0,3636483750.0,2570014251.0,408.0,2563.0,29664536.0,2122164.0,1452.0,0.0,1.0,0.0,0.0,19.0,22.0,440932752.0,2695088640.0,13664735232.0,53083.0,36635709440.0,2060856140.0,0.0,3270.0,6720720.0,5209.0,395632.0,34193.0,0.0,0.0,4331.0,0.0
1787908030.5497558,2026-08-28T09:07:10+00:00,http_log_35m_x1,2995116.0,27271.0,3636483750.0,2577450568.0,408.0,2568.0,29664536.0,2365993.0,2143.0,0.0,0.0,0.0,0.0,19.0,22.0,440932752.0,2695088640.0,13664735232.0,53083.0,36635709440.0,2060856140.0,0.0,3270.0,6720720.0,5209.0,395632.0,34193.0,0.0,0.0,4331.0,0.0
1787908031.554825,2026-08-28T09:07:11+00:00,http_log_35m_x1,2995116.0,27271.0,3636483750.0,2577450568.0,408.0,2568.0,29664536.0,2365993.0,2143.0,0.0,0.0,0.0,0.0,19.0,22.0,440932752.0,2695088640.0,13664735232.0,53083.0,36635709440.0,2060856140.0,0.0,3270.0,6720720.0,5209.0,395632.0,34193.0,0.0,0.0,4331.0,0.0
1787908032.5599098,2026-08-28T09:07:12+00:00,http_log_35m_x1,2995116.0,27271.0,3636483750.0,2577450568.0,408.0,2568.0,29664536.0,2365993.0,2143.0,0.0,0.0,0.0,0.0,19.0,22.0,440932752.0,2695088640.0,13664735232.0,53083.0,36635709440.0,2060856140.0,0.0,3270.0,6720720.0,5209.0,395632.0,34193.0,0.0,0.0,4331.0,0.0
1787908033.5649762,2026-08-28T09:07:13+00:00,http_log_35m_x1,2995116.0,27271.0,3636483750.0,2577450568.0,408.0,2568.0,29664536.0,2365993.0,2143.0,0.0,1.0,0.0,0.0,19.0,37.0,440932752.0,2695088640.0,13664735232.0,53083.0,36635709440.0,2060856140.0,0.0,3270.0,6720720.0,5209.0,395632.0,34193.0,0.0,0.0,4331.0,0.0
1787908034.5663412,2026-08-28T09:07:14+00:00,http_log_35m_x1,2995116.0,27271.0,3636483750.0,2580400666.0,408.0,2573.0,29664536.0,1052478.0,1803.0,0.0,0.0,0.0,0.0,19.0,37.0,440932752.0,2695088640.0,13664735232.0,53083.0,36635709440.0,2060856140.0,0.0,3270.0,6720720.0,5209.0,395632.0,34193.0,0.0,0.0,4331.0,0.0
1787908035.57143,2026-08-28T09:07:15+00:00,http_log_35m_x1,2995116.0,27271.0,3636483750.0,2580400666.0,408.0,2573.0,29664536.0,1052478.0,1803.0,0.0,0.0,0.0,0.0,19.0,37.0,440932752.0,2695088640.0,13664735232.0,53083.0,36635709440.0,2060856140.0,0.0,3270.0,6720720.0,5209.0,395632.0,34193.0,0.0,0.0,4331.0,0.0
1787908036.576491,2026-08-28T09:07:16+00:00,http_log_35m_x1,2995116.0,27271.0,3636483750.0,2580400666.0,408.0,2573.0,29664536.0,1052478.0,1803.0,0.0,0.0,0.0,0.0,19.0,37.0,440932752.0,2695088640.0,13664735232.0,53083.0,36635709440.0,2060856140.0,0.0,3270.0,6720720.0,5209.0,395632.0,34193.0,0.0,0.0,4331.0,0.0
1787908037.5802162,2026-08-28T09:07:17+00:00,http_log_35m_x1,2995116.0,27271.0,3636483750.0,2580400666.0,408.0,2573.0,29664536.0,1052478.0,1803.0,0.0,0.0,0.0,0.0,19.0,37.0,440932752.0,2695088640.0,13664735232.0,53083.0,36635709440.0,2060856140.0,0.0,3270.0,6720720.0,5209.0,395632.0,34193.0,0.0,0.0,4331.0,0.0
1787908038.582365,2026-08-28T09:07:18+00:00,http_log_35m_x1,2995116.0,27271.0,3636483750.0,2580400666.0,408.0,2573.0,36207000.0,1052478.0,1803.0,0.0,1.0,0.0,0.0,19.0,39.0,448683480.0,2695088640.0,13706412032.0,53188.0,36635709440.0,2060856140.0,0.0,3288.0,6731551.0,5220.0,396742.0,34235.0,0.0,0.0,4346.0,0.0
1787908039.587436,2026-08-28T09:07:19+00:00,http_log_35m_x1,2995116.0,27271.0,3636483750.0,2580400666.0,408.0,2573.0,36207000.0,1052478.0,1803.0,0.0,1.0,0.0,0.0,19.0,39.0,448683480.0,2695088640.0,13706412032.0,53188.0,36635709440.0,2060856140.0,0.0,3288.0,6731551.0,5220.0,396742.0,34235.0,0.0,0.0,4346.0,0.0
1787908040.5925288,2026-08-28T09:07:20+00:00,http_log_35m_x1,2995116.0,27271.0,3636483750.0,2583397321.0,408.0,2578.0,36207000.0,996228.0,2008.0,0.0,0.0,0.0,0.0,19.0,39.0,448683480.0,2695088640.0,13706412032.0,53188.0,36635709440.0,2060856140.0,0.0,3288.0,6731551.0,5220.0,396742.0,34235.0,0.0,0.0,4346.0,0.0
1787908041.59763,2026-08-28T09:07:21+00:00,http_log_35m_x1,2995116.0,27271.0,3636483750.0,2583397321.0,408.0,2578.0,36207000.0,996228.0,2008.0,0.0,0.0,0.0,0.0,19.0,39.0,448683480.0,2695088640.0,13706412032.0,53188.0,36635709440.0,2060856140.0,0.0,3288.0,6731551.0,5220.0,396742.0,34235.0,0.0,0.0,4346.0,0.0
1787908042.6003149,2026-08-28T09:07:22+00:00,http_log_35m_x1,2995116.0,27271.0,3636483750.0,2583397321.0,408.0,2578.0,36207000.0,996228.0,2008.0,0.0,0.0,0.0,0.0,19.0,39.0,448683480.0,2695088640.0,13706412032.0,53188.0,36635709440.0,2060856140.0,0.0,3288.0,6731551.0,5220.0,396742.0,34235.0,0.0,0.0,4346.0,0.0
1787908043.602293,2026-08-28T09:07:23+00:00,http_log_35m_x1,2995116.0,27271.0,3636483750.0,2583397321.0,408.0,2578.0,36207000.0,996228.0,2008.0,0.0,1.0,0.0,0.0,19.0,40.0,448683480.0,2695088640.0,13706412032.0,53188.0,36635709440.0,2060856140.0,0.0,3288.0,6731551.0,5220.0,396742.0,34235.0,0.0,0.0,4346.0,0.0
1787908044.6073549,2026-08-28T09:07:24+00:00,http_log_35m_x1,2995116.0,27271.0,3636483750.0,2583397321.0,408.0,2578.0,36207000.0,996228.0,2008.0,0.0,1.0,0.0,0.0,19.0,40.0,448683480.0,2695088640.0,13706412032.0,53188.0,36635709440.0,2060856140.0,0.0,3288.0,6731551.0,5220.0,396742.0,34235.0,0.0,0.0,4346.0,0.0
1787908045.6124249,2026-08-28T09:07:25+00:00,http_log_35m_x1,2995116.0,27271.0,3636483750.0,2586375401.0,408.0,2583.0,36207000.0,965029.0,2086.0,0.0,0.0,0.0,0.0,19.0,40.0,448683480.0,2695088640.0,13706412032.0,53188.0,36635709440.0,2060856140.0,0.0,3288.0,6731551.0,5220.0,396742.0,34235.0,0.0,0.0,4346.0,0.0
1787908046.6137118,2026-08-28T09:07:26+00:00,http_log_35m_x1,2995116.0,27271.0,3636483750.0,2586375401.0,408.0,2583.0,36207000.0,965029.0,2086.0,0.0,0.0,0.0,0.0,19.0,40.0,448683480.0,2695088640.0,13706412032.0,53188.0,36635709440.0,2060856140.0,0.0,3288.0,6731551.0,5220.0,396742.0,34235.0,0.0,0.0,4346.0,0.0
1787908047.618782,2026-08-28T09:07:27+00:00,http_log_35m_x1,2995116.0,27271.0,3636483750.0,2586375401.0,408.0,2583.0,36207000.0,965029.0,2086.0,0.0,0.0,0.0,0.0,19.0,40.0,448683480.0,2695088640.0,13706412032.0,53188.0,36635709440.0,2060856140.0,0.0,3288.0,6731551.0,5220.0,396742.0,34235.0,0.0,0.0,4346.0,0.0
1787908048.62111,2026-08-28T09:07:28+00:00,http_log_35m_x1,2995116.0,27271.0,3636483750.0,2586375401.0,408.0,2583.0,36207000.0,965029.0,2086.0,0.0,1.0,0.0,0.0,19.0,42.0,448683480.0,2695088640.0,13706412032.0,53188.0,36635709440.0,2060856140.0,0.0,3288.0,6731551.0,5220.0,396742.0,34235.0,0.0,0.0,4346.0,0.0
1787908049.624703,2026-08-28T09:07:29+00:00,http_log_35m_x1,2995116.0,27271.0,3636483750.0,2586375401.0,408.0,2583.0,36207000.0,965029.0,2086.0,0.0,1.0,0.0,0.0,19.0,42.0,448683480.0,2695088640.0,13706412032.0,53188.0,36635709440.0,2060856140.0,0.0,3288.0,6731551.0,5220.0,396742.0,34235.0,0.0,0.0,4346.0,0.0
1787908050.629781,2026-08-28T09:07:30+00:00,http_log_35m_x1,2995116.0,27271.0,3636483750.0,2589334646.0,408.0,2588.0,36207000.0,979558.0,2021.0,0.0,1.0,0.0,0.0,19.0,38.0,448683480.0,2695088640.0,13706412032.0,53188.0,36635709440.0,2060856140.0,0.0,3288.0,6731551.0,5220.0,396742.0,34235.0,0.0,0.0,4346.0,0.0
1787908051.634401,2026-08-28T09:07:31+00:00,http_log_35m_x1,2995116.0,27271.0,3636483750.0,2589334646.0,408.0,2588.0,36207000.0,979558.0,2021.0,0.0,1.0,0.0,0.0,19.0,38.0,448683480.0,2695088640.0,13706412032.0,53188.0,36635709440.0,2060856140.0,0.0,3288.0,6731551.0,5220.0,396742.0,34235.0,0.0,0.0,4346.0,0.0
1787908052.6369941,2026-08-28T09:07:32+00:00,http_log_35m_x1,2995116.0,27271.0,3636483750.0,2589334646.0,408.0,2588.0,36207000.0,979558.0,2021.0,0.0,2.0,0.0,0.0,19.0,30.0,448683480.0,2695088640.0,13706412032.0,53188.0,36635709440.0,2060856140.0,0.0,3288.0,6731551.0,5220.0,396742.0,34235.0,0.0,0.0,4346.0,0.0
1787908053.6420538,2026-08-28T09:07:33+00:00,http_log_35m_x1,2995116.0,27271.0,3636483750.0,2589334646.0,408.0,2588.0,139830440.0,979558.0,2021.0,0.0,2.0,0.0,0.0,19.0,30.0,552942592.0,2695088640.0,13738651648.0,53278.0,36635709440.0,2060856140.0,0.0,3307.0,6741968.0,5228.0,398256.0,34287.0,0.0,0.0,4362.0,0.0
1787908054.644234,2026-08-28T09:07:34+00:00,http_log_35m_x1,2995116.0,27271.0,3636483750.0,2589334646.0,408.0,2588.0,139830440.0,979558.0,2021.0,0.0,2.0,0.0,0.0,19.0,30.0,552942592.0,2695088640.0,13738651648.0,53278.0,36635709440.0,2060856140.0,0.0,3307.0,6741968.0,5228.0,398256.0,34287.0,0.0,0.0,4362.0,0.0
1787908055.645767,2026-08-28T09:07:35+00:00,http_log_35m_x1,2995116.0,27271.0,3636483750.0,2592341045.0,408.0,2593.0,139830440.0,878293.0,2423.0,0.0,1.0,0.0,0.0,19.0,30.0,552942592.0,2695088640.0,13738651648.0,53278.0,36635709440.0,2060856140.0,0.0,3307.0,6741968.0,5228.0,398256.0,34287.0,0.0,0.0,4362.0,0.0
1787908056.6508532,2026-08-28T09:07:36+00:00,http_log_35m_x1,2995116.0,27271.0,3636483750.0,2592341045.0,408.0,2593.0,139830440.0,878293.0,2423.0,0.0,2.0,0.0,0.0,19.0,22.0,552942592.0,2695088640.0,13738651648.0,53278.0,36635709440.0,2060856140.0,0.0,3307.0,6741968.0,5228.0,398256.0,34287.0,0.0,0.0,4362.0,0.0
1787908057.655953,2026-08-28T09:07:37+00:00,http_log_35m_x1,2995116.0,27271.0,3636483750.0,2610985942.0,408.0,2598.0,139830440.0,2637931.0,6068.0,1.0,1.0,0.0,0.0,19.0,22.0,552942592.0,2695088640.0,13738651648.0,53278.0,36635709440.0,2060856140.0,0.0,3307.0,6741968.0,5228.0,398256.0,34287.0,0.0,0.0,4362.0,0.0
1787908058.656043,2026-08-28T09:07:38+00:00,http_log_35m_x1,2995116.0,27271.0,3636483750.0,2616245161.0,408.0,2603.0,139830440.0,1882326.0,1794.0,1.0,0.0,0.0,0.0,19.0,22.0,552942592.0,2695088640.0,13738651648.0,53278.0,36635709440.0,2060856140.0,0.0,3307.0,6741968.0,5228.0,398256.0,34287.0,0.0,0.0,4362.0,0.0
1787908059.658508,2026-08-28T09:07:39+00:00,http_log_35m_x1,2995116.0,27271.0,3636483750.0,2616245161.0,408.0,2603.0,139830440.0,1882326.0,1794.0,1.0,0.0,0.0,0.0,19.0,22.0,552942592.0,2695088640.0,13738651648.0,53278.0,36635709440.0,2060856140.0,0.0,3307.0,6741968.0,5228.0,398256.0,34287.0,0.0,0.0,4362.0,0.0
1787908060.6636028,2026-08-28T09:07:40+00:00,http_log_35m_x1,2995116.0,27271.0,3636483750.0,2616245161.0,408.0,2603.0,139830440.0,1882326.0,1794.0,1.0,1.0,0.0,0.0,19.0,11.0,552942592.0,2695088640.0,13738651648.0,53278.0,36635709440.0,2060856140.0,0.0,3307.0,6741968.0,5228.0,398256.0,34287.0,0.0,0.0,4362.0,0.0
1787908061.668677,2026-08-28T09:07:41+00:00,http_log_35m_x1,2995116.0,27271.0,3636483750.0,2616245161.0,408.0,2603.0,139830440.0,1882326.0,1794.0,1.0,1.0,0.0,0.0,19.0,11.0,552942592.0,2695088640.0,13738651648.0,53278.0,36635709440.0,2060856140.0,0.0,3307.0,6741968.0,5228.0,398256.0,34287.0,0.0,0.0,4362.0,0.0
1787908062.673617,2026-08-28T09:07:42+00:00,http_log_35m_x1,2995116.0,27271.0,3636483750.0,2616245161.0,408.0,2603.0,139830440.0,1882326.0,1794.0,1.0,1.0,0.0,0.0,19.0,11.0,552942592.0,2695088640.0,13738651648.0,53278.0,36635709440.0,2060856140.0,0.0,3307.0,6741968.0,5228.0,398256.0,34287.0,0.0,0.0,4362.0,0.0
1787908063.678716,2026-08-28T09:07:43+00:00,http_log_35m_x1,2995116.0,27271.0,3636483750.0,2623792984.0,408.0,2608.0,139830440.0,2157753.0,2498.0,1.0,0.0,0.0,0.0,19.0,11.0,552942592.0,2695088640.0,13738651648.0,53278.0,36635709440.0,2060856140.0,0.0,3307.0,6741968.0,5228.0,398256.0,34287.0,0.0,0.0,4362.0,0.0
1787908064.6838038,2026-08-28T09:07:44+00:00,http_log_35m_x1,2995116.0,27271.0,3636483750.0,2623792984.0,408.0,2608.0,139830440.0,2157753.0,2498.0,1.0,0.0,0.0,0.0,19.0,11.0,552942592.0,2695088640.0,13738651648.0,53278.0,36635709440.0,2060856140.0,0.0,3307.0,6741968.0,5228.0,398256.0,34287.0,0.0,0.0,4362.0,0.0
1787908065.684118,2026-08-28T09:07:45+00:00,http_log_35m_x1,2995116.0,27271.0,3636483750.0,2623792984.0,408.0,2608.0,139830440.0,2157753.0,2498.0,1.0,1.0,0.0,0.0,19.0,27.0,552942592.0,2695088640.0,13738651648.0,53278.0,36635709440.0,2060856140.0,0.0,3307.0,6741968.0,5228.0,398256.0,34287.0,0.0,0.0,4362.0,0.0
1787908066.6890051,2026-08-28T09:07:46+00:00,http_log_35m_x1,2995116.0,27271.0,3636483750.0,2623792984.0,408.0,2608.0,139830440.0,2157753.0,2498.0,1.0,1.0,0.0,0.0,19.0,27.0,552942592.0,2695088640.0,13738651648.0,53278.0,36635709440.0,2060856140.0,0.0,3307.0,6741968.0,5228.0,398256.0,34287.0,0.0,0.0,4362.0,0.0
1787908067.689983,2026-08-28T09:07:47+00:00,http_log_35m_x1,2995116.0,27271.0,3636483750.0,2623792984.0,408.0,2608.0,139830440.0,2157753.0,2498.0,1.0,1.0,0.0,0.0,19.0,27.0,552942592.0,2695088640.0,13738651648.0,53278.0,36635709440.0,2060856140.0,0.0,3307.0,6741968.0,5228.0,398256.0,34287.0,0.0,0.0,4362.0,0.0
1787908068.695054,2026-08-28T09:07:48+00:00,http_log_35m_x1,2995116.0,27271.0,3636483750.0,2626742883.0,408.0,2613.0,546658616.0,770611.0,2828.0,1.0,0.0,0.0,0.0,19.0,27.0,957737520.0,2695092736.0,13810163712.0,53392.0,36635709440.0,2060856140.0,0.0,3326.0,6750838.0,5238.0,401192.0,34405.0,0.0,0.0,4380.0,0.0
1787908069.6986299,2026-08-28T09:07:49+00:00,http_log_35m_x1,2995116.0,27271.0,3636483750.0,2626742883.0,408.0,2613.0,546658616.0,770611.0,2828.0,1.0,0.0,0.0,0.0,19.0,27.0,957737520.0,2695092736.0,13810163712.0,53392.0,36635709440.0,2060856140.0,0.0,3326.0,6750838.0,5238.0,401192.0,34405.0,0.0,0.0,4380.0,0.0
1787908070.703737,2026-08-28T09:07:50+00:00,http_log_35m_x1,2995116.0,27271.0,3636483750.0,2626742883.0,408.0,2613.0,546658616.0,770611.0,2828.0,1.0,1.0,0.0,0.0,19.0,28.0,957737520.0,2695092736.0,13810163712.0,53392.0,36635709440.0,2060856140.0,0.0,3326.0,6750838.0,5238.0,401192.0,34405.0,0.0,0.0,4380.0,0.0
1787908071.706549,2026-08-28T09:07:51+00:00,http_log_35m_x1,2995116.0,27271.0,3636483750.0,2626742883.0,408.0,2613.0,546658616.0,770611.0,2828.0,1.0,1.0,0.0,0.0,19.0,28.0,957737520.0,2695092736.0,13810163712.0,53392.0,36635709440.0,2060856140.0,0.0,3326.0,6750838.0,5238.0,401192.0,34405.0,0.0,0.0,4380.0,0.0
1787908072.7099462,2026-08-28T09:07:52+00:00,http_log_35m_x1,2995116.0,27271.0,3636483750.0,2626742883.0,408.0,2613.0,546658616.0,770611.0,2828.0,1.0,1.0,0.0,0.0,19.0,28.0,957737520.0,2695092736.0,13810163712.0,53392.0,36635709440.0,2060856140.0,0.0,3326.0,6750838.0,5238.0,401192.0,34405.0,0.0,0.0,4380.0,0.0
1787908073.715015,2026-08-28T09:07:53+00:00,http_log_35m_x1,2995116.0,27271.0,3636483750.0,2629749132.0,408.0,2618.0,546658616.0,818472.0,2673.0,1.0,0.0,0.0,0.0,19.0,28.0,957737520.0,2695092736.0,13810163712.0,53392.0,36635709440.0,2060856140.0,0.0,3326.0,6750838.0,5238.0,401192.0,34405.0,0.0,0.0,4380.0,0.0
1787908074.7164001,2026-08-28T09:07:54+00:00,http_log_35m_x1,2995116.0,27271.0,3636483750.0,2629749132.0,408.0,2618.0,546658616.0,818472.0,2673.0,1.0,0.0,0.0,0.0,19.0,28.0,957737520.0,2695092736.0,13810163712.0,53392.0,36635709440.0,2060856140.0,0.0,3326.0,6750838.0,5238.0,401192.0,34405.0,0.0,0.0,4380.0,0.0
1787908075.7214668,2026-08-28T09:07:55+00:00,http_log_35m_x1,2995116.0,27271.0,3636483750.0,2629749132.0,408.0,2618.0,546658616.0,818472.0,2673.0,1.0,1.0,0.0,0.0,19.0,30.0,957737520.0,2695092736.0,13810163712.0,53392.0,36635709440.0,2060856140.0,0.0,3326.0,6750838.0,5238.0,401192.0,34405.0,0.0,0.0,4380.0,0.0
1787908076.726567,2026-08-28T09:07:56+00:00,http_log_35m_x1,2995116.0,27271.0,3636483750.0,2629749132.0,408.0,2618.0,546658616.0,818472.0,2673.0,1.0,1.0,0.0,0.0,19.0,30.0,957737520.0,2695092736.0,13810163712.0,53392.0,36635709440.0,2060856140.0,0.0,3326.0,6750838.0,5238.0,401192.0,34405.0,0.0,0.0,4380.0,0.0
1787908077.728244,2026-08-28T09:07:57+00:00,http_log_35m_x1,2995116.0,27271.0,3636483750.0,2629749132.0,408.0,2618.0,546658616.0,818472.0,2673.0,1.0,1.0,0.0,0.0,19.0,30.0,957737520.0,2695092736.0,13810163712.0,53392.0,36635709440.0,2060856140.0,0.0,3326.0,6750838.0,5238.0,401192.0,34405.0,0.0,0.0,4380.0,0.0
1787908078.7288802,2026-08-28T09:07:58+00:00,http_log_35m_x1,2995116.0,27271.0,3636483750.0,2632709090.0,408.0,2623.0,546658616.0,873659.0,2388.0,1.0,0.0,0.0,0.0,19.0,30.0,957737520.0,2695092736.0,13810163712.0,53392.0,36635709440.0,2060856140.0,0.0,3326.0,6750838.0,5238.0,401192.0,34405.0,0.0,0.0,4380.0,0.0
1787908079.7339451,2026-08-28T09:07:59+00:00,http_log_35m_x1,2995116.0,27271.0,3636483750.0,2632709090.0,408.0,2623.0,546658616.0,873659.0,2388.0,1.0,0.0,0.0,0.0,19.0,30.0,957737520.0,2695092736.0,13810163712.0,53392.0,36635709440.0,2060856140.0,0.0,3326.0,6750838.0,5238.0,401192.0,34405.0,0.0,0.0,4380.0,0.0
1787908080.735755,2026-08-28T09:08:00+00:00,http_log_35m_x1,2995116.0,27271.0,3636483750.0,2632709090.0,408.0,2623.0,546658616.0,873659.0,2388.0,1.0,1.0,0.0,0.0,19.0,32.0,957737520.0,2695092736.0,13810163712.0,53392.0,36635709440.0,2060856140.0,0.0,3326.0,6750838.0,5238.0,401192.0,34405.0,0.0,0.0,4380.0,0.0
1787908081.739459,2026-08-28T09:08:01+00:00,http_log_35m_x1,2995116.0,27271.0,3636483750.0,2632709090.0,408.0,2623.0,546658616.0,873659.0,2388.0,1.0,1.0,0.0,0.0,19.0,32.0,957737520.0,2695092736.0,13810163712.0,53392.0,36635709440.0,2060856140.0,0.0,3326.0,6750838.0,5238.0,401192.0,34405.0,0.0,0.0,4380.0,0.0
1787908082.744541,2026-08-28T09:08:02+00:00,http_log_35m_x1,2995116.0,27271.0,3636483750.0,2632709090.0,408.0,2623.0,546658616.0,873659.0,2388.0,1.0,1.0,0.0,0.0,19.0,32.0,957737520.0,2695092736.0,13810163712.0,53392.0,36635709440.0,2060856140.0,0.0,3326.0,6750838.0,5238.0,401192.0,34405.0,0.0,0.0,4380.0,0.0
1787908083.748883,2026-08-28T09:08:03+00:00,http_log_35m_x1,2995116.0,27271.0,3636483750.0,2635659113.0,408.0,2628.0,1026028424.0,886158.0,2329.0,1.0,1.0,0.0,0.0,19.0,27.0,1439150584.0,2695092736.0,13846913024.0,53488.0,36635709440.0,2060856140.0,0.0,3344.0,6759772.0,5246.0,404143.0,34491.0,0.0,0.0,4396.0,0.0
1787908084.7533708,2026-08-28T09:08:04+00:00,http_log_35m_x1,2995116.0,27271.0,3636483750.0,2635659113.0,408.0,2628.0,1026028424.0,886158.0,2329.0,1.0,1.0,0.0,0.0,19.0,27.0,1439150584.0,2695092736.0,13846913024.0,53488.0,36377825280.0,2114279515.0,0.0,3344.0,6759772.0,5246.0,404143.0,34491.0,0.0,0.0,4396.0,0.0
1787908085.7584581,2026-08-28T09:08:05+00:00,http_log_35m_x1,2995116.0,27271.0,3636483750.0,2635659113.0,408.0,2628.0,1026028424.0,886158.0,2329.0,1.0,2.0,0.0,0.0,19.0,19.0,1439150584.0,2695092736.0,13846913024.0,53488.0,36377825280.0,2114279515.0,0.0,3344.0,6759772.0,5246.0,404143.0,34491.0,0.0,0.0,4396.0,0.0
1787908086.7634938,2026-08-28T09:08:06+00:00,http_log_35m_x1,2995116.0,27271.0,3636483750.0,2635659113.0,408.0,2628.0,1026028424.0,886158.0,2329.0,1.0,2.0,0.0,0.0,19.0,19.0,1439150584.0,2695092736.0,13846913024.0,53488.0,36377825280.0,2114279515.0,0.0,3344.0,6759772.0,5246.0,404143.0,34491.0,0.0,0.0,4396.0,0.0
1787908087.764426,2026-08-28T09:08:07+00:00,http_log_35m_x1,2995116.0,27271.0,3636483750.0,2635659113.0,408.0,2628.0,1026028424.0,886158.0,2329.0,1.0,2.0,0.0,0.0,19.0,19.0,1439150584.0,2695092736.0,13846913024.0,53488.0,36377825280.0,2114279515.0,0.0,3344.0,6759772.0,5246.0,404143.0,34491.0,0.0,0.0,4396.0,0.0
1787908088.7695029,2026-08-28T09:08:08+00:00,http_log_35m_x1,2995116.0,27271.0,3636483750.0,2638674354.0,408.0,2633.0,1026028424.0,855873.0,2523.0,1.0,1.0,0.0,0.0,19.0,19.0,1439150584.0,2695092736.0,13846913024.0,53488.0,36377825280.0,2114279515.0,0.0,3344.0,6759772.0,5246.0,404143.0,34491.0,0.0,0.0,4396.0,0.0
1787908089.774579,2026-08-28T09:08:09+00:00,http_log_35m_x1,2995116.0,27271.0,3636483750.0,2638674354.0,408.0,2633.0,1026028424.0,855873.0,2523.0,1.0,2.0,0.0,0.0,19.0,12.0,1439150584.0,2695092736.0,13846913024.0,53488.0,36377825280.0,2114279515.0,0.0,3344.0,6759772.0,5246.0,404143.0,34491.0,0.0,0.0,4396.0,0.0
1787908090.777645,2026-08-28T09:08:10+00:00,http_log_35m_x1,2995116.0,27271.0,3636483750.0,2657413088.0,408.0,2638.0,1026028424.0,2434866.0,6696.0,1.0,1.0,0.0,0.0,19.0,12.0,1439150584.0,2695092736.0,13846913024.0,53488.0,36377825280.0,2114279515.0,0.0,3344.0,6759772.0,5246.0,404143.0,34491.0,0.0,0.0,4396.0,0.0
1787908091.7827132,2026-08-28T09:08:11+00:00,http_log_35m_x1,2995116.0,27271.0,3636483750.0,2662672053.0,408.0,2643.0,1026028424.0,1838156.0,1861.0,1.0,0.0,0.0,0.0,19.0,12.0,1439150584.0,2695092736.0,13846913024.0,53488.0,36377825280.0,2114279515.0,0.0,3344.0,6759772.0,5246.0,404143.0,34491.0,0.0,0.0,4396.0,0.0
1787908092.78779,2026-08-28T09:08:12+00:00,http_log_35m_x1,2995116.0,27271.0,3636483750.0,2662672053.0,408.0,2643.0,1026028424.0,1838156.0,1861.0,1.0,0.0,0.0,0.0,19.0,12.0,1439150584.0,2695092736.0,13846913024.0,53488.0,36377825280.0,2114279515.0,0.0,3344.0,6759772.0,5246.0,404143.0,34491.0,0.0,0.0,4396.0,0.0
1787908093.7903612,2026-08-28T09:08:13+00:00,http_log_35m_x1,2995116.0,27271.0,3636483750.0,2662672053.0,408.0,2643.0,1026028424.0,1838156.0,1861.0,1.0,0.0,0.0,0.0,19.0,12.0,1439150584.0,2695092736.0,13846913024.0,53488.0,36377825280.0,2114279515.0,0.0,3344.0,6759772.0,5246.0,404143.0,34491.0,0.0,0.0,4396.0,0.0
1787908094.794365,2026-08-28T09:08:14+00:00,http_log_35m_x1,2995116.0,27271.0,3636483750.0,2662672053.0,408.0,2643.0,1026028424.0,1838156.0,1861.0,1.0,1.0,0.0,0.0,19.0,27.0,1439150584.0,2695092736.0,13846913024.0,53488.0,36377825280.0,2114279515.0,0.0,3344.0,6759772.0,5246.0,404143.0,34491.0,0.0,0.0,4396.0,0.0
1787908095.799479,2026-08-28T09:08:15+00:00,http_log_35m_x1,2995116.0,27271.0,3636483750.0,2662672053.0,408.0,2643.0,1026028424.0,1838156.0,1861.0,1.0,1.0,0.0,0.0,19.0,27.0,1439150584.0,2695092736.0,13846913024.0,53488.0,36377825280.0,2114279515.0,0.0,3344.0,6759772.0,5246.0,404143.0,34491.0,0.0,0.0,4396.0,0.0
1787908096.80425,2026-08-28T09:08:16+00:00,http_log_35m_x1,2995116.0,27271.0,3636483750.0,2662672053.0,408.0,2643.0,1026028424.0,1838156.0,1861.0,1.0,1.0,0.0,0.0,19.0,27.0,1439150584.0,2695092736.0,13846913024.0,53488.0,36377825280.0,2114279515.0,0.0,3344.0,6759772.0,5246.0,404143.0,34491.0,0.0,0.0,4396.0,0.0
1787908097.8071492,2026-08-28T09:08:17+00:00,http_log_35m_x1,2995116.0,27271.0,3636483750.0,2665695575.0,408.0,2648.0,1026028424.0,716135.0,3222.0,1.0,0.0,0.0,0.0,19.0,27.0,1439150584.0,2695092736.0,13846913024.0,53488.0,36377825280.0,2114279515.0,0.0,3344.0,6759772.0,5246.0,404143.0,34491.0,0.0,0.0,4396.0,0.0
1787908098.812215,2026-08-28T09:08:18+00:00,http_log_35m_x1,2995116.0,27271.0,3636483750.0,2665695575.0,408.0,2648.0,1485122936.0,716135.0,3222.0,1.0,0.0,0.0,0.0,19.0,27.0,1899660120.0,2695092736.0,13998899200.0,53769.0,36377825280.0,2114279515.0,1.0,3373.0,6767477.0,5274.0,408121.0,34668.0,0.0,0.0,4420.0,0.0
1787908099.817284,2026-08-28T09:08:19+00:00,http_log_35m_x1,2995116.0,27271.0,3636483750.0,2665695575.0,408.0,2648.0,1485122936.0,716135.0,3222.0,1.0,1.0,0.0,0.0,19.0,28.0,1899660120.0,2695092736.0,13998899200.0,53769.0,36377825280.0,2114279515.0,1.0,3373.0,6767477.0,5274.0,408121.0,34668.0,0.0,0.0,4420.0,0.0
1787908100.822348,2026-08-28T09:08:20+00:00,http_log_35m_x1,2995116.0,27271.0,3636483750.0,2665695575.0,408.0,2648.0,1485122936.0,716135.0,3222.0,1.0,1.0,0.0,0.0,19.0,28.0,1899660120.0,2695092736.0,13998899200.0,53769.0,36377825280.0,2114279515.0,1.0,3373.0,6767477.0,5274.0,408121.0,34668.0,0.0,0.0,4420.0,0.0
1787908101.8274171,2026-08-28T09:08:21+00:00,http_log_35m_x1,2995116.0,27271.0,3636483750.0,2668682336.0,408.0,2653.0,1485122936.0,939824.0,2178.0,1.0,0.0,0.0,0.0,19.0,28.0,1899660120.0,2695092736.0,13998899200.0,53769.0,36377825280.0,2114279515.0,1.0,3373.0,6767477.0,5274.0,408121.0,34668.0,0.0,0.0,4420.0,0.0
1787908102.832545,2026-08-28T09:08:22+00:00,http_log_35m_x1,2995116.0,27271.0,3636483750.0,2668682336.0,408.0,2653.0,1485122936.0,939824.0,2178.0,1.0,0.0,0.0,0.0,19.0,28.0,1899660120.0,2695092736.0,13998899200.0,53769.0,36377825280.0,2114279515.0,1.0,3373.0,6767477.0,5274.0,408121.0,34668.0,0.0,0.0,4420.0,0.0
1787908103.8376262,2026-08-28T09:08:23+00:00,http_log_35m_x1,2995116.0,27271.0,3636483750.0,2668682336.0,408.0,2653.0,1485122936.0,939824.0,2178.0,1.0,0.0,0.0,0.0,19.0,28.0,1899660120.0,2695092736.0,13998899200.0,53769.0,36377825280.0,2114279515.0,1.0,3373.0,6767477.0,5274.0,408121.0,34668.0,0.0,0.0,4420.0,0.0
1787908104.842707,2026-08-28T09:08:24+00:00,http_log_35m_x1,2995116.0,27271.0,3636483750.0,2668682336.0,408.0,2653.0,1485122936.0,939824.0,2178.0,1.0,1.0,0.0,0.0,19.0,30.0,1899660120.0,2695092736.0,13998899200.0,53769.0,36377825280.0,2114279515.0,1.0,3373.0,6767477.0,5274.0,408121.0,34668.0,0.0,0.0,4420.0,0.0
1787908105.8478389,2026-08-28T09:08:25+00:00,http_log_35m_x1,2995116.0,27271.0,3636483750.0,2668682336.0,408.0,2653.0,1485122936.0,939824.0,2178.0,1.0,1.0,0.0,0.0,19.0,30.0,1899660120.0,2695092736.0,13998899200.0,53769.0,36377825280.0,2114279515.0,1.0,3373.0,6767477.0,5274.0,408121.0,34668.0,0.0,0.0,4420.0,0.0
1787908106.851983,2026-08-28T09:08:26+00:00,http_log_35m_x1,2995116.0,27271.0,3636483750.0,2671687959.0,408.0,2658.0,1485122936.0,927947.0,2239.0,1.0,0.0,0.0,0.0,19.0,30.0,1899660120.0,2695092736.0,13998899200.0,53769.0,36377825280.0,2114279515.0,1.0,3373.0,6767477.0,5274.0,408121.0,34668.0,0.0,0.0,4420.0,0.0
1787908107.857056,2026-08-28T09:08:27+00:00,http_log_35m_x1,2995116.0,27271.0,3636483750.0,2671687959.0,408.0,2658.0,1485122936.0,927947.0,2239.0,1.0,0.0,0.0,0.0,19.0,30.0,1899660120.0,2695092736.0,13998899200.0,53769.0,36377825280.0,2114279515.0,1.0,3373.0,6767477.0,5274.0,408121.0,34668.0,0.0,0.0,4420.0,0.0
1787908108.862159,2026-08-28T09:08:28+00:00,http_log_35m_x1,2995116.0,27271.0,3636483750.0,2671687959.0,408.0,2658.0,1485122936.0,927947.0,2239.0,1.0,0.0,0.0,0.0,19.0,30.0,1899660120.0,2695092736.0,13998899200.0,53769.0,36377825280.0,2114279515.0,1.0,3373.0,6767477.0,5274.0,408121.0,34668.0,0.0,0.0,4420.0,0.0
1787908109.8672519,2026-08-28T09:08:29+00:00,http_log_35m_x1,2995116.0,27271.0,3636483750.0,2671687959.0,408.0,2658.0,1485122936.0,927947.0,2239.0,1.0,1.0,0.0,0.0,19.0,31.0,1899660120.0,2695092736.0,13998899200.0,53769.0,36377825280.0,2114279515.0,1.0,3373.0,6767477.0,5274.0,408121.0,34668.0,0.0,0.0,4420.0,0.0
1787908110.8704882,2026-08-28T09:08:30+00:00,http_log_35m_x1,2995116.0,27271.0,3636483750.0,2671687959.0,408.0,2658.0,1485122936.0,927947.0,2239.0,1.0,2.0,0.0,0.0,19.0,19.0,1899660120.0,2695092736.0,13998899200.0,53769.0,36377825280.0,2114279515.0,1.0,3373.0,6767477.0,5274.0,408121.0,34668.0,0.0,0.0,4420.0,0.0
1787908111.87441,2026-08-28T09:08:31+00:00,http_log_35m_x1,2995116.0,27271.0,3636483750.0,2671687959.0,408.0,2658.0,1485122936.0,927947.0,2239.0,1.0,2.0,0.0,0.0,19.0,19.0,1899660120.0,2695092736.0,13998899200.0,53769.0,36377825280.0,2114279515.0,1.0,3373.0,6767477.0,5274.0,408121.0,34668.0,0.0,0.0,4420.0,0.0
1787908112.8794932,2026-08-28T09:08:32+00:00,http_log_35m_x1,2866080.0,54468.0,3795459487.0,2674703403.0,413.0,2663.0,1485122936.0,819859.0,2678.0,0.0,1.0,0.0,0.0,19.0,19.0,1899660120.0,2695092736.0,13998899200.0,53769.0,36377825280.0,2114279515.0,1.0,3373.0,6767477.0,5274.0,408121.0,34668.0,0.0,0.0,4420.0,0.0
1787908113.8845708,2026-08-28T09:08:33+00:00,http_log_35m_x1,2866080.0,54468.0,3795459487.0,2674703403.0,413.0,2663.0,96619712.0,819859.0,2678.0,0.0,2.0,0.0,0.0,19.0,17.0,505992248.0,2695092736.0,14196293632.0,53954.0,36377825280.0,2114279515.0,1.0,3402.0,6776280.0,5290.0,411162.0,34786.0,0.0,0.0,4439.0,0.0
1787908114.889672,2026-08-28T09:08:34+00:00,http_log_35m_x1,2866080.0,54468.0,3795459487.0,2674703403.0,413.0,2663.0,96619712.0,819859.0,2678.0,0.0,2.0,0.0,0.0,19.0,17.0,505992248.0,2695092736.0,14196293632.0,53954.0,36377825280.0,2114279515.0,1.0,3402.0,6776280.0,5290.0,411162.0,34786.0,0.0,0.0,4439.0,0.0
1787908115.894728,2026-08-28T09:08:35+00:00,http_log_35m_x1,2866080.0,54468.0,3795459487.0,2679972091.0,413.0,2668.0,96619712.0,1910329.0,1758.0,0.0,1.0,0.0,0.0,19.0,17.0,505992248.0,2695092736.0,14196293632.0,53954.0,36377825280.0,2114279515.0,1.0,3402.0,6776280.0,5290.0,411162.0,34786.0,0.0,0.0,4439.0,0.0
1787908116.8998442,2026-08-28T09:08:36+00:00,http_log_35m_x1,2866080.0,54468.0,3795459487.0,2679972091.0,413.0,2668.0,96619712.0,1910329.0,1758.0,0.0,1.0,0.0,0.0,19.0,17.0,505992248.0,2695092736.0,14196293632.0,53954.0,36377825280.0,2114279515.0,1.0,3402.0,6776280.0,5290.0,411162.0,34786.0,0.0,0.0,4439.0,0.0
1787908117.904026,2026-08-28T09:08:37+00:00,http_log_35m_x1,2866080.0,54468.0,3795459487.0,2679972091.0,413.0,2668.0,96619712.0,1910329.0,1758.0,0.0,2.0,0.0,0.0,19.0,16.0,505992248.0,2695092736.0,14196293632.0,53954.0,36377825280.0,2114279515.0,1.0,3402.0,6776280.0,5290.0,411162.0,34786.0,0.0,0.0,4439.0,0.0
1787908118.909098,2026-08-28T09:08:38+00:00,http_log_35m_x1,2866080.0,54468.0,3795459487.0,2679972091.0,413.0,2668.0,96619712.0,1910329.0,1758.0,0.0,2.0,0.0,0.0,19.0,16.0,505992248.0,2695092736.0,14196293632.0,53954.0,36377825280.0,2114279515.0,1.0,3402.0,6776280.0,5290.0,411162.0,34786.0,0.0,0.0,4439.0,0.0
1787908119.911745,2026-08-28T09:08:39+00:00,http_log_35m_x1,2866080.0,54468.0,3795459487.0,2687500539.0,413.0,2673.0,96619712.0,2210348.0,2406.0,0.0,1.0,0.0,0.0,19.0,16.0,505992248.0,2695092736.0,14196293632.0,53954.0,36377825280.0,2114279515.0,1.0,3402.0,6776280.0,5290.0,411162.0,34786.0,0.0,0.0,4439.0,0.0
1787908120.915379,2026-08-28T09:08:40+00:00,http_log_35m_x1,2866080.0,54468.0,3795459487.0,2687500539.0,413.0,2673.0,96619712.0,2210348.0,2406.0,0.0,1.0,0.0,0.0,19.0,16.0,505992248.0,2695092736.0,14196293632.0,53954.0,36377825280.0,2114279515.0,1.0,3402.0,6776280.0,5290.0,411162.0,34786.0,0.0,0.0,4439.0,0.0
1787908121.917645,2026-08-28T09:08:41+00:00,http_log_35m_x1,2866080.0,54468.0,3795459487.0,2719885446.0,413.0,2678.0,96619712.0,2727150.0,10875.0,0.0,0.0,0.0,0.0,19.0,16.0,505992248.0,2695092736.0,14196293632.0,53954.0,36377825280.0,2114279515.0,1.0,3402.0,6776280.0,5290.0,411162.0,34786.0,0.0,0.0,4439.0,0.0
1787908122.9227068,2026-08-28T09:08:42+00:00,http_log_35m_x1,2866080.0,54468.0,3795459487.0,2719885446.0,413.0,2678.0,96619712.0,2727150.0,10875.0,0.0,1.0,0.0,0.0,19.0,33.0,505992248.0,2695092736.0,14196293632.0,53954.0,36377825280.0,2114279515.0,1.0,3402.0,6776280.0,5290.0,411162.0,34786.0,0.0,0.0,4439.0,0.0
1787908123.927627,2026-08-28T09:08:43+00:00,http_log_35m_x1,2866080.0,54468.0,3795459487.0,2719885446.0,413.0,2678.0,96619712.0,2727150.0,10875.0,0.0,1.0,0.0,0.0,19.0,33.0,505992248.0,2695092736.0,14196293632.0,53954.0,36377825280.0,2114279515.0,1.0,3402.0,6776280.0,5290.0,411162.0,34786.0,0.0,0.0,4439.0,0.0
1787908124.9327092,2026-08-28T09:08:44+00:00,http_log_35m_x1,2866080.0,54468.0,3795459487.0,2722872742.0,413.0,2683.0,96619712.0,992127.0,2011.0,0.0,0.0,0.0,0.0,19.0,33.0,505992248.0,2695092736.0,14196293632.0,53954.0,36377825280.0,2114279515.0,1.0,3402.0,6776280.0,5290.0,411162.0,34786.0,0.0,0.0,4439.0,0.0
1787908125.9378,2026-08-28T09:08:45+00:00,http_log_35m_x1,2866080.0,54468.0,3795459487.0,2722872742.0,413.0,2683.0,96619712.0,992127.0,2011.0,0.0,0.0,0.0,0.0,19.0,33.0,505992248.0,2695092736.0,14196293632.0,53954.0,36377825280.0,2114279515.0,1.0,3402.0,6776280.0,5290.0,411162.0,34786.0,0.0,0.0,4439.0,0.0
1787908126.93794,2026-08-28T09:08:46+00:00,http_log_35m_x1,2866080.0,54468.0,3795459487.0,2722872742.0,413.0,2683.0,96619712.0,992127.0,2011.0,0.0,0.0,0.0,0.0,19.0,33.0,505992248.0,2695092736.0,14196293632.0,53954.0,36377825280.0,2114279515.0,1.0,3402.0,6776280.0,5290.0,411162.0,34786.0,0.0,0.0,4439.0,0.0
1787908127.943022,2026-08-28T09:08:47+00:00,http_log_35m_x1,2866080.0,54468.0,3795459487.0,2722872742.0,413.0,2683.0,96619712.0,992127.0,2011.0,0.0,1.0,0.0,0.0,19.0,34.0,505992248.0,2695092736.0,14196293632.0,53954.0,36377825280.0,2114279515.0,1.0,3402.0,6776280.0,5290.0,411162.0,34786.0,0.0,0.0,4439.0,0.0
1787908128.944305,2026-08-28T09:08:48+00:00,http_log_35m_x1,2866080.0,54468.0,3795459487.0,2722872742.0,413.0,2683.0,39011032.0,992127.0,2011.0,0.0,1.0,0.0,0.0,19.0,34.0,450178056.0,2695092736.0,14289403904.0,54067.0,36377825280.0,2114279515.0,0.0,3421.0,6785997.0,5301.0,413328.0,34874.0,0.0,0.0,4456.0,0.0
1787908129.949188,2026-08-28T09:08:49+00:00,http_log_35m_x1,2866080.0,54468.0,3795459487.0,2725896939.0,413.0,2688.0,39011032.0,925680.0,2267.0,0.0,0.0,0.0,0.0,19.0,34.0,450178056.0,2695092736.0,14289403904.0,54067.0,36377825280.0,2114279515.0,0.0,3421.0,6785997.0,5301.0,413328.0,34874.0,0.0,0.0,4456.0,0.0
1787908130.9542809,2026-08-28T09:08:50+00:00,http_log_35m_x1,2866080.0,54468.0,3795459487.0,2725896939.0,413.0,2688.0,39011032.0,925680.0,2267.0,0.0,0.0,0.0,0.0,19.0,34.0,450178056.0,2695092736.0,14289403904.0,54067.0,36377825280.0,2114279515.0,0.0,3421.0,6785997.0,5301.0,413328.0,34874.0,0.0,0.0,4456.0,0.0
1787908131.9593549,2026-08-28T09:08:51+00:00,http_log_35m_x1,2866080.0,54468.0,3795459487.0,2725896939.0,413.0,2688.0,39011032.0,925680.0,2267.0,0.0,0.0,0.0,0.0,19.0,34.0,450178056.0,2695092736.0,14289403904.0,54067.0,36377825280.0,2114279515.0,0.0,3421.0,6785997.0,5301.0,413328.0,34874.0,0.0,0.0,4456.0,0.0
1787908132.964447,2026-08-28T09:08:52+00:00,http_log_35m_x1,2866080.0,54468.0,3795459487.0,2725896939.0,413.0,2688.0,39011032.0,925680.0,2267.0,0.0,1.0,0.0,0.0,19.0,36.0,450178056.0,2695092736.0,14289403904.0,54067.0,36377825280.0,2114279515.0,0.0,3421.0,6785997.0,5301.0,413328.0,34874.0,0.0,0.0,4456.0,0.0
1787908133.969541,2026-08-28T09:08:53+00:00,http_log_35m_x1,2866080.0,54468.0,3795459487.0,2725896939.0,413.0,2688.0,39011032.0,925680.0,2267.0,0.0,1.0,0.0,0.0,19.0,36.0,450178056.0,2695092736.0,14289403904.0,54067.0,36377825280.0,2114279515.0,0.0,3421.0,6785997.0,5301.0,413328.0,34874.0,0.0,0.0,4456.0,0.0
1787908134.9752069,2026-08-28T09:08:54+00:00,http_log_35m_x1,2866080.0,54468.0,3795459487.0,2728894004.0,413.0,2693.0,39011032.0,993721.0,2016.0,0.0,0.0,0.0,0.0,19.0,36.0,450178056.0,2695092736.0,14289403904.0,54067.0,36377825280.0,2114279515.0,0.0,3421.0,6785997.0,5301.0,413328.0,34874.0,0.0,0.0,4456.0,0.0
1787908135.980293,2026-08-28T09:08:55+00:00,http_log_35m_x1,2866080.0,54468.0,3795459487.0,2728894004.0,413.0,2693.0,39011032.0,993721.0,2016.0,0.0,0.0,0.0,0.0,19.0,36.0,450178056.0,2695092736.0,14289403904.0,54067.0,36377825280.0,2114279515.0,0.0,3421.0,6785997.0,5301.0,413328.0,34874.0,0.0,0.0,4456.0,0.0
1787908136.9853718,2026-08-28T09:08:56+00:00,http_log_35m_x1,2866080.0,54468.0,3795459487.0,2728894004.0,413.0,2693.0,39011032.0,993721.0,2016.0,0.0,0.0,0.0,0.0,19.0,36.0,450178056.0,2695092736.0,14289403904.0,54067.0,36377825280.0,2114279515.0,0.0,3421.0,6785997.0,5301.0,413328.0,34874.0,0.0,0.0,4456.0,0.0
1787908137.9867342,2026-08-28T09:08:57+00:00,http_log_35m_x1,2866080.0,54468.0,3795459487.0,2728894004.0,413.0,2693.0,39011032.0,993721.0,2016.0,0.0,1.0,0.0,0.0,19.0,38.0,450178056.0,2695092736.0,14289403904.0,54067.0,36377825280.0,2114279515.0,0.0,3421.0,6785997.0,5301.0,413328.0,34874.0,0.0,0.0,4456.0,0.0
1787908138.9918,2026-08-28T09:08:59+00:00,http_log_35m_x1,2866080.0,54468.0,3795459487.0,2728894004.0,413.0,2693.0,39011032.0,993721.0,2016.0,0.0,1.0,0.0,0.0,19.0,38.0,450178056.0,2695092736.0,14289403904.0,54067.0,36377825280.0,2114279515.0,0.0,3421.0,6785997.0,5301.0,413328.0,34874.0,0.0,0.0,4456.0,0.0
1787908139.9947531,2026-08-28T09:09:00+00:00,http_log_35m_x1,2866080.0,54468.0,3795459487.0,2731909338.0,413.0,2698.0,39011032.0,983474.0,2066.0,0.0,0.0,0.0,0.0,19.0,38.0,450178056.0,2695092736.0,14289403904.0,54067.0,36377825280.0,2114279515.0,0.0,3421.0,6785997.0,5301.0,413328.0,34874.0,0.0,0.0,4456.0,0.0
1787908140.9998431,2026-08-28T09:09:01+00:00,http_log_35m_x1,2866080.0,54468.0,3795459487.0,2731909338.0,413.0,2698.0,39011032.0,983474.0,2066.0,0.0,0.0,0.0,0.0,19.0,38.0,450178056.0,2695092736.0,14289403904.0,54067.0,36377825280.0,2114279515.0,0.0,3421.0,6785997.0,5301.0,413328.0,34874.0,0.0,0.0,4456.0,0.0
1787908142.004925,2026-08-28T09:09:02+00:00,http_log_35m_x1,2866080.0,54468.0,3795459487.0,2731909338.0,413.0,2698.0,39011032.0,983474.0,2066.0,0.0,0.0,0.0,0.0,19.0,38.0,450178056.0,2695092736.0,14289403904.0,54067.0,36377825280.0,2114279515.0,0.0,3421.0,6785997.0,5301.0,413328.0,34874.0,0.0,0.0,4456.0,0.0
1787908143.0100212,2026-08-28T09:09:03+00:00,http_log_35m_x1,2866080.0,54468.0,3795459487.0,2731909338.0,413.0,2698.0,40793288.0,983474.0,2066.0,0.0,1.0,0.0,0.0,19.0,40.0,453901368.0,2695092736.0,14322724864.0,54168.0,36377825280.0,2114279515.0,0.0,3439.0,6796657.0,5311.0,414581.0,34919.0,0.0,0.0,4468.0,0.0
1787908144.010916,2026-08-28T09:09:04+00:00,http_log_35m_x1,2866080.0,54468.0,3795459487.0,2731909338.0,413.0,2698.0,40793288.0,983474.0,2066.0,0.0,2.0,0.0,0.0,19.0,28.0,453901368.0,2695092736.0,14322724864.0,54168.0,36000325632.0,2166680325.0,0.0,3439.0,6796657.0,5311.0,414581.0,34919.0,0.0,0.0,4468.0,0.0
1787908145.015984,2026-08-28T09:09:05+00:00,http_log_35m_x1,2866080.0,54468.0,3795459487.0,2734906192.0,413.0,2703.0,40793288.0,984511.0,2044.0,0.0,1.0,0.0,0.0,19.0,28.0,453901368.0,2695092736.0,14322724864.0,54168.0,36000325632.0,2166680325.0,0.0,3439.0,6796657.0,5311.0,414581.0,34919.0,0.0,0.0,4468.0,0.0
1787908146.021047,2026-08-28T09:09:06+00:00,http_log_35m_x1,2866080.0,54468.0,3795459487.0,2734906192.0,413.0,2703.0,40793288.0,984511.0,2044.0,0.0,1.0,0.0,0.0,19.0,28.0,453901368.0,2695092736.0,14322724864.0,54168.0,36000325632.0,2166680325.0,0.0,3439.0,6796657.0,5311.0,414581.0,34919.0,0.0,0.0,4468.0,0.0
1787908147.02613,2026-08-28T09:09:07+00:00,http_log_35m_x1,2866080.0,54468.0,3795459487.0,2734906192.0,413.0,2703.0,40793288.0,984511.0,2044.0,0.0,2.0,0.0,0.0,19.0,19.0,453901368.0,2695092736.0,14322724864.0,54168.0,36000325632.0,2166680325.0,0.0,3439.0,6796657.0,5311.0,414581.0,34919.0,0.0,0.0,4468.0,0.0
1787908148.0312269,2026-08-28T09:09:08+00:00,http_log_35m_x1,2866080.0,54468.0,3795459487.0,2740137777.0,413.0,2708.0,40793288.0,2002137.0,1613.0,0.0,1.0,0.0,0.0,19.0,19.0,453901368.0,2695092736.0,14322724864.0,54168.0,36000325632.0,2166680325.0,0.0,3439.0,6796657.0,5311.0,414581.0,34919.0,0.0,0.0,4468.0,0.0
1787908149.03629,2026-08-28T09:09:09+00:00,http_log_35m_x1,2866080.0,54468.0,3795459487.0,2759015572.0,413.0,2713.0,40793288.0,2742271.0,5884.0,0.0,0.0,0.0,0.0,19.0,19.0,453901368.0,2695092736.0,14322724864.0,54168.0,36000325632.0,2166680325.0,0.0,3439.0,6796657.0,5311.0,414581.0,34919.0,0.0,0.0,4468.0,0.0
1787908150.0413902,2026-08-28T09:09:10+00:00,http_log_35m_x1,2866080.0,54468.0,3795459487.0,2759015572.0,413.0,2713.0,40793288.0,2742271.0,5884.0,0.0,0.0,0.0,0.0,19.0,19.0,453901368.0,2695092736.0,14322724864.0,54168.0,36000325632.0,2166680325.0,0.0,3439.0,6796657.0,5311.0,414581.0,34919.0,0.0,0.0,4468.0,0.0
1787908151.046485,2026-08-28T09:09:11+00:00,http_log_35m_x1,2866080.0,54468.0,3795459487.0,2759015572.0,413.0,2713.0,40793288.0,2742271.0,5884.0,0.0,1.0,0.0,0.0,19.0,19.0,453901368.0,2695092736.0,14322724864.0,54168.0,36000325632.0,2166680325.0,0.0,3439.0,6796657.0,5311.0,414581.0,34919.0,0.0,0.0,4468.0,0.0
1787908152.05156,2026-08-28T09:09:12+00:00,http_log_35m_x1,2866080.0,54468.0,3795459487.0,2759015572.0,413.0,2713.0,40793288.0,2742271.0,5884.0,0.0,1.0,0.0,0.0,19.0,19.0,453901368.0,2695092736.0,14322724864.0,54168.0,36000325632.0,2166680325.0,0.0,3439.0,6796657.0,5311.0,414581.0,34919.0,0.0,0.0,4468.0,0.0
1787908153.05375,2026-08-28T09:09:13+00:00,http_log_35m_x1,2866080.0,54468.0,3795459487.0,2766535073.0,413.0,2718.0,40793288.0,2335974.0,2219.0,0.0,0.0,0.0,0.0,19.0,19.0,453901368.0,2695092736.0,14322724864.0,54168.0,36000325632.0,2166680325.0,0.0,3439.0,6796657.0,5311.0,414581.0,34919.0,0.0,0.0,4468.0,0.0
1787908154.0588338,2026-08-28T09:09:14+00:00,http_log_35m_x1,2866080.0,54468.0,3795459487.0,2766535073.0,413.0,2718.0,40793288.0,2335974.0,2219.0,0.0,0.0,0.0,0.0,19.0,19.0,453901368.0,2695092736.0,14322724864.0,54168.0,36000325632.0,2166680325.0,0.0,3439.0,6796657.0,5311.0,414581.0,34919.0,0.0,0.0,4468.0,0.0
1787908155.063894,2026-08-28T09:09:15+00:00,http_log_35m_x1,2866080.0,54468.0,3795459487.0,2766535073.0,413.0,2718.0,40793288.0,2335974.0,2219.0,0.0,1.0,0.0,0.0,19.0,34.0,453901368.0,2695092736.0,14322724864.0,54168.0,36000325632.0,2166680325.0,0.0,3439.0,6796657.0,5311.0,414581.0,34919.0,0.0,0.0,4468.0,0.0
1787908156.0689862,2026-08-28T09:09:16+00:00,http_log_35m_x1,2866080.0,54468.0,3795459487.0,2766535073.0,413.0,2718.0,40793288.0,2335974.0,2219.0,0.0,1.0,0.0,0.0,19.0,34.0,453901368.0,2695092736.0,14322724864.0,54168.0,36000325632.0,2166680325.0,0.0,3439.0,6796657.0,5311.0,414581.0,34919.0,0.0,0.0,4468.0,0.0
1787908157.074066,2026-08-28T09:09:17+00:00,http_log_35m_x1,2866080.0,54468.0,3795459487.0,2769485366.0,413.0,2723.0,40793288.0,1003501.0,1940.0,0.0,0.0,0.0,0.0,19.0,34.0,453901368.0,2695092736.0,14322724864.0,54168.0,36000325632.0,2166680325.0,0.0,3439.0,6796657.0,5311.0,414581.0,34919.0,0.0,0.0,4468.0,0.0
1787908158.079145,2026-08-28T09:09:18+00:00,http_log_35m_x1,2866080.0,54468.0,3795459487.0,2769485366.0,413.0,2723.0,0.0,1003501.0,1940.0,0.0,0.0,0.0,0.0,19.0,34.0,422641960.0,2695092736.0,14400098304.0,54301.0,36000325632.0,2166680325.0,0.0,3474.0,6806687.0,5324.0,416453.0,34978.0,0.0,0.0,4489.0,0.0
1787908159.084218,2026-08-28T09:09:19+00:00,http_log_35m_x1,2866080.0,54468.0,3795459487.0,2769485366.0,413.0,2723.0,0.0,1003501.0,1940.0,0.0,0.0,0.0,0.0,19.0,34.0,422641960.0,2695092736.0,14400098304.0,54301.0,36000325632.0,2166680325.0,0.0,3474.0,6806687.0,5324.0,416453.0,34978.0,0.0,0.0,4489.0,0.0
1787908160.089322,2026-08-28T09:09:20+00:00,http_log_35m_x1,2866080.0,54468.0,3795459487.0,2769485366.0,413.0,2723.0,0.0,1003501.0,1940.0,0.0,1.0,0.0,0.0,19.0,36.0,422641960.0,2695092736.0,14400098304.0,54301.0,36000325632.0,2166680325.0,0.0,3474.0,6806687.0,5324.0,416453.0,34978.0,0.0,0.0,4489.0,0.0
1787908161.09444,2026-08-28T09:09:21+00:00,http_log_35m_x1,2866080.0,54468.0,3795459487.0,2769485366.0,413.0,2723.0,0.0,1003501.0,1940.0,0.0,1.0,0.0,0.0,19.0,36.0,422641960.0,2695092736.0,14400098304.0,54301.0,36000325632.0,2166680325.0,0.0,3474.0,6806687.0,5324.0,416453.0,34978.0,0.0,0.0,4489.0,0.0
1787908162.0946162,2026-08-28T09:09:22+00:00,http_log_35m_x1,2866080.0,54468.0,3795459487.0,2772454353.0,413.0,2728.0,0.0,1004053.0,1957.0,0.0,0.0,0.0,0.0,19.0,36.0,422641960.0,2695092736.0,14400098304.0,54301.0,36000325632.0,2166680325.0,0.0,3474.0,6806687.0,5324.0,416453.0,34978.0,0.0,0.0,4489.0,0.0
1787908163.0996962,2026-08-28T09:09:23+00:00,http_log_35m_x1,2866080.0,54468.0,3795459487.0,2772454353.0,413.0,2728.0,0.0,1004053.0,1957.0,0.0,0.0,0.0,0.0,19.0,36.0,422641960.0,2695092736.0,14400098304.0,54301.0,36000325632.0,2166680325.0,0.0,3474.0,6806687.0,5324.0,416453.0,34978.0,0.0,0.0,4489.0,0.0
1787908164.102587,2026-08-28T09:09:24+00:00,http_log_35m_x1,2866080.0,54468.0,3795459487.0,2772454353.0,413.0,2728.0,0.0,1004053.0,1957.0,0.0,0.0,0.0,0.0,19.0,36.0,422641960.0,2695092736.0,14400098304.0,54301.0,36000325632.0,2166680325.0,0.0,3474.0,6806687.0,5324.0,416453.0,34978.0,0.0,0.0,4489.0,0.0
1787908165.1076689,2026-08-28T09:09:25+00:00,http_log_35m_x1,2866080.0,54468.0,3795459487.0,2772454353.0,413.0,2728.0,0.0,1004053.0,1957.0,0.0,1.0,0.0,0.0,19.0,38.0,422641960.0,2695092736.0,14400098304.0,54301.0,36000325632.0,2166680325.0,0.0,3474.0,6806687.0,5324.0,416453.0,34978.0,0.0,0.0,4489.0,0.0
1787908166.109728,2026-08-28T09:09:26+00:00,http_log_35m_x1,2866080.0,54468.0,3795459487.0,2772454353.0,413.0,2728.0,0.0,1004053.0,1957.0,0.0,1.0,0.0,0.0,19.0,38.0,422641960.0,2695092736.0,14400098304.0,54301.0,36000325632.0,2166680325.0,0.0,3474.0,6806687.0,5324.0,416453.0,34978.0,0.0,0.0,4489.0,0.0
1787908167.110986,2026-08-28T09:09:27+00:00,http_log_35m_x1,2866080.0,54468.0,3795459487.0,2772454353.0,413.0,2728.0,0.0,1004053.0,1957.0,0.0,1.0,0.0,0.0,19.0,38.0,422641960.0,2695092736.0,14400098304.0,54301.0,36000325632.0,2166680325.0,0.0,3474.0,6806687.0,5324.0,416453.0,34978.0,0.0,0.0,4489.0,0.0
1787908168.1155698,2026-08-28T09:09:28+00:00,http_log_35m_x1,2866080.0,54468.0,3795459487.0,2775450785.0,413.0,2733.0,0.0,943460.0,2176.0,0.0,0.0,0.0,0.0,19.0,38.0,422641960.0,2695092736.0,14400098304.0,54301.0,36000325632.0,2166680325.0,0.0,3474.0,6806687.0,5324.0,416453.0,34978.0,0.0,0.0,4489.0,0.0
1787908169.120662,2026-08-28T09:09:29+00:00,http_log_35m_x1,2866080.0,54468.0,3795459487.0,2775450785.0,413.0,2733.0,0.0,943460.0,2176.0,0.0,0.0,0.0,0.0,19.0,38.0,422641960.0,2695092736.0,14400098304.0,54301.0,36000325632.0,2166680325.0,0.0,3474.0,6806687.0,5324.0,416453.0,34978.0,0.0,0.0,4489.0,0.0
1787908170.125761,2026-08-28T09:09:30+00:00,http_log_35m_x1,2866080.0,54468.0,3795459487.0,2775450785.0,413.0,2733.0,0.0,943460.0,2176.0,0.0,1.0,0.0,0.0,19.0,39.0,422641960.0,2695092736.0,14400098304.0,54301.0,36000325632.0,2166680325.0,0.0,3474.0,6806687.0,5324.0,416453.0,34978.0,0.0,0.0,4489.0,0.0
1787908171.130862,2026-08-28T09:09:31+00:00,http_log_35m_x1,2866080.0,54468.0,3795459487.0,2775450785.0,413.0,2733.0,0.0,943460.0,2176.0,0.0,1.0,0.0,0.0,19.0,39.0,422641960.0,2695092736.0,14400098304.0,54301.0,36000325632.0,2166680325.0,0.0,3474.0,6806687.0,5324.0,416453.0,34978.0,0.0,0.0,4489.0,0.0
1787908172.132407,2026-08-28T09:09:32+00:00,http_log_35m_x1,2866080.0,54468.0,3795459487.0,2778410346.0,413.0,2738.0,0.0,968442.0,2056.0,0.0,0.0,0.0,0.0,19.0,39.0,422641960.0,2695092736.0,14400098304.0,54301.0,36000325632.0,2166680325.0,0.0,3474.0,6806687.0,5324.0,416453.0,34978.0,0.0,0.0,4489.0,0.0
1787908173.136893,2026-08-28T09:09:33+00:00,http_log_35m_x1,2866080.0,54468.0,3795459487.0,2778410346.0,413.0,2738.0,0.0,968442.0,2056.0,0.0,1.0,0.0,0.0,19.0,35.0,445375992.0,2695092736.0,14432518144.0,54400.0,36000325632.0,2166680325.0,0.0,3492.0,6817353.0,5334.0,417701.0,35023.0,0.0,0.0,4505.0,0.0
1787908174.142003,2026-08-28T09:09:34+00:00,http_log_35m_x1,2866080.0,54468.0,3795459487.0,2778410346.0,413.0,2738.0,0.0,968442.0,2056.0,0.0,1.0,0.0,0.0,19.0,35.0,445375992.0,2695092736.0,14432518144.0,54400.0,36000325632.0,2166680325.0,0.0,3492.0,6817353.0,5334.0,417701.0,35023.0,0.0,0.0,4505.0,0.0
1787908175.147079,2026-08-28T09:09:35+00:00,http_log_35m_x1,2866080.0,54468.0,3795459487.0,2778410346.0,413.0,2738.0,0.0,968442.0,2056.0,0.0,2.0,0.0,0.0,19.0,27.0,445375992.0,2695092736.0,14432518144.0,54400.0,36000325632.0,2166680325.0,0.0,3492.0,6817353.0,5334.0,417701.0,35023.0,0.0,0.0,4505.0,0.0
1787908176.15215,2026-08-28T09:09:36+00:00,http_log_35m_x1,2866080.0,54468.0,3795459487.0,2778410346.0,413.0,2738.0,0.0,968442.0,2056.0,0.0,2.0,0.0,0.0,19.0,27.0,445375992.0,2695092736.0,14432518144.0,54400.0,36000325632.0,2166680325.0,0.0,3492.0,6817353.0,5334.0,417701.0,35023.0,0.0,0.0,4505.0,0.0
1787908177.15721,2026-08-28T09:09:37+00:00,http_log_35m_x1,2866080.0,54468.0,3795459487.0,2781369566.0,413.0,2743.0,0.0,930279.0,2181.0,0.0,1.0,0.0,0.0,19.0,27.0,445375992.0,2695092736.0,14432518144.0,54400.0,36000325632.0,2166680325.0,0.0,3492.0,6817353.0,5334.0,417701.0,35023.0,0.0,0.0,4505.0,0.0
1787908178.162296,2026-08-28T09:09:38+00:00,http_log_35m_x1,2866080.0,54468.0,3795459487.0,2781369566.0,413.0,2743.0,0.0,930279.0,2181.0,0.0,1.0,0.0,0.0,19.0,27.0,445375992.0,2695092736.0,14432518144.0,54400.0,36000325632.0,2166680325.0,0.0,3492.0,6817353.0,5334.0,417701.0,35023.0,0.0,0.0,4505.0,0.0
1787908179.167371,2026-08-28T09:09:39+00:00,http_log_35m_x1,2866080.0,54468.0,3795459487.0,2800088911.0,413.0,2748.0,0.0,2673046.0,6003.0,0.0,1.0,0.0,0.0,19.0,21.0,445375992.0,2695092736.0,14432518144.0,54400.0,36000325632.0,2166680325.0,0.0,3492.0,6817353.0,5334.0,417701.0,35023.0,0.0,0.0,4505.0,0.0
1787908180.172458,2026-08-28T09:09:40+00:00,http_log_35m_x1,2866080.0,54468.0,3795459487.0,2800088911.0,413.0,2748.0,0.0,2673046.0,6003.0,0.0,1.0,0.0,0.0,19.0,21.0,445375992.0,2695092736.0,14432518144.0,54400.0,36000325632.0,2166680325.0,0.0,3492.0,6817353.0,5334.0,417701.0,35023.0,0.0,0.0,4505.0,0.0
1787908181.177546,2026-08-28T09:09:41+00:00,http_log_35m_x1,2866080.0,54468.0,3795459487.0,2805254300.0,413.0,2753.0,0.0,2139763.0,1414.0,0.0,0.0,0.0,0.0,19.0,21.0,445375992.0,2695092736.0,14432518144.0,54400.0,36000325632.0,2166680325.0,0.0,3492.0,6817353.0,5334.0,417701.0,35023.0,0.0,0.0,4505.0,0.0
1787908182.1826298,2026-08-28T09:09:42+00:00,http_log_35m_x1,2866080.0,54468.0,3795459487.0,2805254300.0,413.0,2753.0,0.0,2139763.0,1414.0,0.0,0.0,0.0,0.0,19.0,21.0,445375992.0,2695092736.0,14432518144.0,54400.0,36000325632.0,2166680325.0,0.0,3492.0,6817353.0,5334.0,417701.0,35023.0,0.0,0.0,4505.0,0.0
1787908183.18771,2026-08-28T09:09:43+00:00,http_log_35m_x1,2866080.0,54468.0,3795459487.0,2805254300.0,413.0,2753.0,0.0,2139763.0,1414.0,0.0,1.0,0.0,0.0,19.0,20.0,445375992.0,2695092736.0,14432518144.0,54400.0,36000325632.0,2166680325.0,0.0,3492.0,6817353.0,5334.0,417701.0,35023.0,0.0,0.0,4505.0,0.0
1787908184.192769,2026-08-28T09:09:44+00:00,http_log_35m_x1,2866080.0,54468.0,3795459487.0,2805254300.0,413.0,2753.0,0.0,2139763.0,1414.0,0.0,1.0,0.0,0.0,19.0,20.0,445375992.0,2695092736.0,14432518144.0,54400.0,36000325632.0,2166680325.0,0.0,3492.0,6817353.0,5334.0,417701.0,35023.0,0.0,0.0,4505.0,0.0
1787908185.19784,2026-08-28T09:09:45+00:00,http_log_35m_x1,2866080.0,54468.0,3795459487.0,2812642356.0,413.0,2758.0,0.0,2443140.0,2024.0,0.0,0.0,0.0,0.0,19.0,20.0,445375992.0,2695092736.0,14432518144.0,54400.0,36000325632.0,2166680325.0,0.0,3492.0,6817353.0,5334.0,417701.0,35023.0,0.0,0.0,4505.0,0.0
1787908186.2029,2026-08-28T09:09:46+00:00,http_log_35m_x1,2866080.0,54468.0,3795459487.0,2812642356.0,413.0,2758.0,0.0,2443140.0,2024.0,0.0,0.0,0.0,0.0,19.0,20.0,445375992.0,2695092736.0,14432518144.0,54400.0,36000325632.0,2166680325.0,0.0,3492.0,6817353.0,5334.0,417701.0,35023.0,0.0,0.0,4505.0,0.0
1787908187.2072551,2026-08-28T09:09:47+00:00,http_log_35m_x1,2866080.0,54468.0,3795459487.0,2812642356.0,413.0,2758.0,0.0,2443140.0,2024.0,0.0,0.0,0.0,0.0,19.0,20.0,445375992.0,2695092736.0,14432518144.0,54400.0,36000325632.0,2166680325.0,0.0,3492.0,6817353.0,5334.0,417701.0,35023.0,0.0,0.0,4505.0,0.0
1787908188.2123678,2026-08-28T09:09:48+00:00,http_log_35m_x1,2866080.0,54468.0,3795459487.0,2812642356.0,413.0,2758.0,0.0,2443140.0,2024.0,0.0,1.0,0.0,0.0,19.0,36.0,445131008.0,2695092736.0,14501777408.0,54513.0,36000325632.0,2166680325.0,0.0,3511.0,6827553.0,5344.0,419407.0,35082.0,0.0,0.0,4524.0,0.0
1787908189.217441,2026-08-28T09:09:49+00:00,http_log_35m_x1,2866080.0,54468.0,3795459487.0,2812642356.0,413.0,2758.0,0.0,2443140.0,2024.0,0.0,1.0,0.0,0.0,19.0,36.0,445131008.0,2695092736.0,14501777408.0,54513.0,36000325632.0,2166680325.0,0.0,3511.0,6827553.0,5344.0,419407.0,35082.0,0.0,0.0,4524.0,0.0
1787908190.221558,2026-08-28T09:09:50+00:00,http_log_35m_x1,2866080.0,54468.0,3795459487.0,2815629570.0,413.0,2763.0,0.0,1021968.0,1923.0,0.0,0.0,0.0,0.0,19.0,36.0,445131008.0,2695092736.0,14501777408.0,54513.0,36000325632.0,2166680325.0,0.0,3511.0,6827553.0,5344.0,419407.0,35082.0,0.0,0.0,4524.0,0.0
1787908191.226642,2026-08-28T09:09:51+00:00,http_log_35m_x1,2866080.0,54468.0,3795459487.0,2815629570.0,413.0,2763.0,0.0,1021968.0,1923.0,0.0,0.0,0.0,0.0,19.0,36.0,445131008.0,2695092736.0,14501777408.0,54513.0,36000325632.0,2166680325.0,0.0,3511.0,6827553.0,5344.0,419407.0,35082.0,0.0,0.0,4524.0,0.0
1787908192.231694,2026-08-28T09:09:52+00:00,http_log_35m_x1,2866080.0,54468.0,3795459487.0,2815629570.0,413.0,2763.0,0.0,1021968.0,1923.0,0.0,0.0,0.0,0.0,19.0,36.0,445131008.0,2695092736.0,14501777408.0,54513.0,36000325632.0,2166680325.0,0.0,3511.0,6827553.0,5344.0,419407.0,35082.0,0.0,0.0,4524.0,0.0
1787908193.2368052,2026-08-28T09:09:53+00:00,http_log_35m_x1,2866080.0,54468.0,3795459487.0,2815629570.0,413.0,2763.0,0.0,1021968.0,1923.0,0.0,1.0,0.0,0.0,19.0,37.0,445131008.0,2695092736.0,14501777408.0,54513.0,36000325632.0,2166680325.0,0.0,3511.0,6827553.0,5344.0,419407.0,35082.0,0.0,0.0,4524.0,0.0
1787908194.2418602,2026-08-28T09:09:54+00:00,http_log_35m_x1,2866080.0,54468.0,3795459487.0,2815629570.0,413.0,2763.0,0.0,1021968.0,1923.0,0.0,1.0,0.0,0.0,19.0,37.0,445131008.0,2695092736.0,14501777408.0,54513.0,36000325632.0,2166680325.0,0.0,3511.0,6827553.0,5344.0,419407.0,35082.0,0.0,0.0,4524.0,0.0
1787908195.246929,2026-08-28T09:09:55+00:00,http_log_35m_x1,2866080.0,54468.0,3795459487.0,2818634705.0,413.0,2768.0,0.0,1062260.0,1829.0,0.0,0.0,0.0,0.0,19.0,37.0,445131008.0,2695092736.0,14501777408.0,54513.0,36000325632.0,2166680325.0,0.0,3511.0,6827553.0,5344.0,419407.0,35082.0,0.0,0.0,4524.0,0.0
1787908196.252002,2026-08-28T09:09:56+00:00,http_log_35m_x1,2866080.0,54468.0,3795459487.0,2818634705.0,413.0,2768.0,0.0,1062260.0,1829.0,0.0,0.0,0.0,0.0,19.0,37.0,445131008.0,2695092736.0,14501777408.0,54513.0,36000325632.0,2166680325.0,0.0,3511.0,6827553.0,5344.0,419407.0,35082.0,0.0,0.0,4524.0,0.0
1787908197.257071,2026-08-28T09:09:57+00:00,http_log_35m_x1,2866080.0,54468.0,3795459487.0,2818634705.0,413.0,2768.0,0.0,1062260.0,1829.0,0.0,0.0,0.0,0.0,19.0,37.0,445131008.0,2695092736.0,14501777408.0,54513.0,36000325632.0,2166680325.0,0.0,3511.0,6827553.0,5344.0,419407.0,35082.0,0.0,0.0,4524.0,0.0
1787908198.2621381,2026-08-28T09:09:58+00:00,http_log_35m_x1,2866080.0,54468.0,3795459487.0,2818634705.0,413.0,2768.0,0.0,1062260.0,1829.0,0.0,1.0,0.0,0.0,19.0,39.0,445131008.0,2695092736.0,14501777408.0,54513.0,36000325632.0,2166680325.0,0.0,3511.0,6827553.0,5344.0,419407.0,35082.0,0.0,0.0,4524.0,0.0
1787908199.267204,2026-08-28T09:09:59+00:00,http_log_35m_x1,2866080.0,54468.0,3795459487.0,2818634705.0,413.0,2768.0,0.0,1062260.0,1829.0,0.0,1.0,0.0,0.0,19.0,39.0,445131008.0,2695092736.0,14501777408.0,54513.0,36000325632.0,2166680325.0,0.0,3511.0,6827553.0,5344.0,419407.0,35082.0,0.0,0.0,4524.0,0.0
1787908200.272268,2026-08-28T09:10:00+00:00,http_log_35m_x1,2866080.0,54468.0,3795459487.0,2821649571.0,413.0,2773.0,0.0,994021.0,2033.0,0.0,0.0,0.0,0.0,19.0,39.0,445131008.0,2695092736.0,14501777408.0,54513.0,36000325632.0,2166680325.0,0.0,3511.0,6827553.0,5344.0,419407.0,35082.0,0.0,0.0,4524.0,0.0
1787908201.277333,2026-08-28T09:10:01+00:00,http_log_35m_x1,2866080.0,54468.0,3795459487.0,2821649571.0,413.0,2773.0,0.0,994021.0,2033.0,0.0,0.0,0.0,0.0,19.0,39.0,445131008.0,2695092736.0,14501777408.0,54513.0,36000325632.0,2166680325.0,0.0,3511.0,6827553.0,5344.0,419407.0,35082.0,0.0,0.0,4524.0,0.0
1787908202.278562,2026-08-28T09:10:02+00:00,http_log_35m_x1,2866080.0,54468.0,3795459487.0,2821649571.0,413.0,2773.0,0.0,994021.0,2033.0,0.0,0.0,0.0,0.0,19.0,39.0,445131008.0,2695092736.0,14501777408.0,54513.0,36000325632.0,2166680325.0,0.0,3511.0,6827553.0,5344.0,419407.0,35082.0,0.0,0.0,4524.0,0.0
1787908203.283656,2026-08-28T09:10:03+00:00,http_log_35m_x1,2866080.0,54468.0,3795459487.0,2821649571.0,413.0,2773.0,0.0,994021.0,2033.0,0.0,1.0,0.0,0.0,19.0,40.0,447514096.0,2695092736.0,14534868992.0,54627.0,36000325632.0,2166680325.0,0.0,3529.0,6838339.0,5354.0,420559.0,35121.0,0.0,0.0,4540.0,0.0
1787908204.286171,2026-08-28T09:10:04+00:00,http_log_35m_x1,2866080.0,54468.0,3795459487.0,2821649571.0,413.0,2773.0,0.0,994021.0,2033.0,0.0,1.0,0.0,0.0,19.0,40.0,447514096.0,2695092736.0,14534868992.0,54627.0,35810459648.0,2218459987.0,0.0,3529.0,6838339.0,5354.0,420559.0,35121.0,0.0,0.0,4540.0,0.0
1787908205.291268,2026-08-28T09:10:05+00:00,http_log_35m_x1,2866080.0,54468.0,3795459487.0,2824627896.0,413.0,2778.0,0.0,1037382.0,1871.0,0.0,1.0,0.0,0.0,19.0,31.0,447514096.0,2695092736.0,14534868992.0,54627.0,35810459648.0,2218459987.0,0.0,3529.0,6838339.0,5354.0,420559.0,35121.0,0.0,0.0,4540.0,0.0
1787908206.2963378,2026-08-28T09:10:06+00:00,http_log_35m_x1,2866080.0,54468.0,3795459487.0,2824627896.0,413.0,2778.0,0.0,1037382.0,1871.0,0.0,1.0,0.0,0.0,19.0,31.0,447514096.0,2695092736.0,14534868992.0,54627.0,35810459648.0,2218459987.0,0.0,3529.0,6838339.0,5354.0,420559.0,35121.0,0.0,0.0,4540.0,0.0
1787908207.30141,2026-08-28T09:10:07+00:00,http_log_35m_x1,2866080.0,54468.0,3795459487.0,2824627896.0,413.0,2778.0,0.0,1037382.0,1871.0,0.0,1.0,0.0,0.0,19.0,31.0,447514096.0,2695092736.0,14534868992.0,54627.0,35810459648.0,2218459987.0,0.0,3529.0,6838339.0,5354.0,420559.0,35121.0,0.0,0.0,4540.0,0.0
1787908208.306488,2026-08-28T09:10:08+00:00,http_log_35m_x1,2866080.0,54468.0,3795459487.0,2824627896.0,413.0,2778.0,0.0,1037382.0,1871.0,0.0,1.0,0.0,0.0,19.0,31.0,447514096.0,2695092736.0,14534868992.0,54627.0,35810459648.0,2218459987.0,0.0,3529.0,6838339.0,5354.0,420559.0,35121.0,0.0,0.0,4540.0,0.0
1787908209.311559,2026-08-28T09:10:09+00:00,http_log_35m_x1,2866080.0,54468.0,3795459487.0,2824627896.0,413.0,2778.0,0.0,1037382.0,1871.0,0.0,2.0,0.0,0.0,19.0,29.0,447514096.0,2695092736.0,14534868992.0,54627.0,35810459648.0,2218459987.0,0.0,3529.0,6838339.0,5354.0,420559.0,35121.0,0.0,0.0,4540.0,0.0
1787908210.316652,2026-08-28T09:10:10+00:00,http_log_35m_x1,2866080.0,54468.0,3795459487.0,2824627896.0,413.0,2778.0,0.0,1037382.0,1871.0,0.0,2.0,0.0,0.0,19.0,29.0,447514096.0,2695092736.0,14534868992.0,54627.0,35810459648.0,2218459987.0,0.0,3529.0,6838339.0,5354.0,420559.0,35121.0,0.0,0.0,4540.0,0.0
1787908211.321722,2026-08-28T09:10:11+00:00,http_log_35m_x1,2866080.0,54468.0,3795459487.0,2843326472.0,413.0,2783.0,0.0,2642161.0,6077.0,0.0,1.0,0.0,0.0,19.0,29.0,447514096.0,2695092736.0,14534868992.0,54627.0,35810459648.0,2218459987.0,0.0,3529.0,6838339.0,5354.0,420559.0,35121.0,0.0,0.0,4540.0,0.0
1787908212.324618,2026-08-28T09:10:12+00:00,http_log_35m_x1,2866080.0,54468.0,3795459487.0,2846276501.0,413.0,2788.0,0.0,823570.0,2582.0,0.0,0.0,0.0,0.0,19.0,29.0,447514096.0,2695092736.0,14534868992.0,54627.0,35810459648.0,2218459987.0,0.0,3529.0,6838339.0,5354.0,420559.0,35121.0,0.0,0.0,4540.0,0.0
1787908213.329707,2026-08-28T09:10:13+00:00,http_log_35m_x1,2866080.0,54468.0,3795459487.0,2846276501.0,413.0,2788.0,0.0,823570.0,2582.0,0.0,1.0,0.0,0.0,19.0,22.0,447514096.0,2695092736.0,14534868992.0,54627.0,35810459648.0,2218459987.0,0.0,3529.0,6838339.0,5354.0,420559.0,35121.0,0.0,0.0,4540.0,0.0
1787908214.334782,2026-08-28T09:10:14+00:00,http_log_35m_x1,2866080.0,54468.0,3795459487.0,2846276501.0,413.0,2788.0,0.0,823570.0,2582.0,1.0,1.0,0.0,0.0,18.0,22.0,447514096.0,2695092736.0,14534868992.0,54627.0,35810459648.0,2218459987.0,0.0,3529.0,6838339.0,5354.0,420559.0,35121.0,0.0,0.0,4540.0,0.0
1787908215.3376691,2026-08-28T09:10:15+00:00,http_log_35m_x1,2866080.0,54468.0,3795459487.0,2851507364.0,413.0,2793.0,0.0,2011096.0,1601.0,1.0,0.0,0.0,0.0,18.0,22.0,447514096.0,2695092736.0,14534868992.0,54627.0,35810459648.0,2218459987.0,0.0,3529.0,6838339.0,5354.0,420559.0,35121.0,0.0,0.0,4540.0,0.0
1787908216.33808,2026-08-28T09:10:16+00:00,http_log_35m_x1,2866080.0,54468.0,3795459487.0,2851507364.0,413.0,2793.0,0.0,2011096.0,1601.0,1.0,0.0,0.0,0.0,18.0,22.0,447514096.0,2695092736.0,14534868992.0,54627.0,35810459648.0,2218459987.0,0.0,3529.0,6838339.0,5354.0,420559.0,35121.0,0.0,0.0,4540.0,0.0
1787908217.343146,2026-08-28T09:10:17+00:00,http_log_35m_x1,2866080.0,54468.0,3795459487.0,2851507364.0,413.0,2793.0,0.0,2011096.0,1601.0,1.0,1.0,0.0,0.0,18.0,11.0,447514096.0,2695092736.0,14534868992.0,54627.0,35810459648.0,2218459987.0,0.0,3529.0,6838339.0,5354.0,420559.0,35121.0,0.0,0.0,4540.0,0.0
1787908218.347528,2026-08-28T09:10:18+00:00,http_log_35m_x1,2866080.0,54468.0,3795459487.0,2851507364.0,413.0,2793.0,562259024.0,2011096.0,1601.0,1.0,1.0,0.0,0.0,18.0,11.0,1002893376.0,2695092736.0,14599680000.0,54741.0,35810459648.0,2218459987.0,0.0,3550.0,6847878.0,5365.0,422830.0,35260.0,0.0,0.0,4554.0,0.0
1787908219.3526,2026-08-28T09:10:19+00:00,http_log_35m_x1,2866080.0,54468.0,3795459487.0,2858980653.0,413.0,2798.0,562259024.0,2152444.0,2472.0,1.0,0.0,0.0,0.0,18.0,11.0,1002893376.0,2695092736.0,14599680000.0,54741.0,35810459648.0,2218459987.0,0.0,3550.0,6847878.0,5365.0,422830.0,35260.0,0.0,0.0,4554.0,0.0
1787908220.357685,2026-08-28T09:10:20+00:00,http_log_35m_x1,2866080.0,54468.0,3795459487.0,2858980653.0,413.0,2798.0,562259024.0,2152444.0,2472.0,1.0,0.0,0.0,0.0,18.0,11.0,1002893376.0,2695092736.0,14599680000.0,54741.0,35810459648.0,2218459987.0,0.0,3550.0,6847878.0,5365.0,422830.0,35260.0,0.0,0.0,4554.0,0.0
1787908221.362771,2026-08-28T09:10:21+00:00,http_log_35m_x1,2866080.0,54468.0,3795459487.0,2858980653.0,413.0,2798.0,562259024.0,2152444.0,2472.0,1.0,0.0,0.0,0.0,18.0,11.0,1002893376.0,2695092736.0,14599680000.0,54741.0,35810459648.0,2218459987.0,0.0,3550.0,6847878.0,5365.0,422830.0,35260.0,0.0,0.0,4554.0,0.0
1787908222.363961,2026-08-28T09:10:22+00:00,http_log_35m_x1,2866080.0,54468.0,3795459487.0,2858980653.0,413.0,2798.0,562259024.0,2152444.0,2472.0,1.0,1.0,0.0,0.0,18.0,26.0,1002893376.0,2695092736.0,14599680000.0,54741.0,35810459648.0,2218459987.0,0.0,3550.0,6847878.0,5365.0,422830.0,35260.0,0.0,0.0,4554.0,0.0
1787908223.364529,2026-08-28T09:10:23+00:00,http_log_35m_x1,2866080.0,54468.0,3795459487.0,2858980653.0,413.0,2798.0,562259024.0,2152444.0,2472.0,1.0,1.0,0.0,0.0,18.0,26.0,1002893376.0,2695092736.0,14599680000.0,54741.0,35810459648.0,2218459987.0,0.0,3550.0,6847878.0,5365.0,422830.0,35260.0,0.0,0.0,4554.0,0.0
1787908224.36962,2026-08-28T09:10:24+00:00,http_log_35m_x1,2866080.0,54468.0,3795459487.0,2861930739.0,413.0,2803.0,562259024.0,920463.0,2205.0,1.0,0.0,0.0,0.0,18.0,26.0,1002893376.0,2695092736.0,14599680000.0,54741.0,35810459648.0,2218459987.0,0.0,3550.0,6847878.0,5365.0,422830.0,35260.0,0.0,0.0,4554.0,0.0
1787908225.3746939,2026-08-28T09:10:25+00:00,http_log_35m_x1,2866080.0,54468.0,3795459487.0,2861930739.0,413.0,2803.0,562259024.0,920463.0,2205.0,1.0,0.0,0.0,0.0,18.0,26.0,1002893376.0,2695092736.0,14599680000.0,54741.0,35810459648.0,2218459987.0,0.0,3550.0,6847878.0,5365.0,422830.0,35260.0,0.0,0.0,4554.0,0.0
1787908226.37976,2026-08-28T09:10:26+00:00,http_log_35m_x1,2866080.0,54468.0,3795459487.0,2861930739.0,413.0,2803.0,562259024.0,920463.0,2205.0,1.0,0.0,0.0,0.0,18.0,26.0,1002893376.0,2695092736.0,14599680000.0,54741.0,35810459648.0,2218459987.0,0.0,3550.0,6847878.0,5365.0,422830.0,35260.0,0.0,0.0,4554.0,0.0
1787908227.38483,2026-08-28T09:10:27+00:00,http_log_35m_x1,2866080.0,54468.0,3795459487.0,2861930739.0,413.0,2803.0,562259024.0,920463.0,2205.0,1.0,1.0,0.0,0.0,18.0,28.0,1002893376.0,2695092736.0,14599680000.0,54741.0,35810459648.0,2218459987.0,0.0,3550.0,6847878.0,5365.0,422830.0,35260.0,0.0,0.0,4554.0,0.0
1787908228.3899279,2026-08-28T09:10:28+00:00,http_log_35m_x1,2866080.0,54468.0,3795459487.0,2861930739.0,413.0,2803.0,562259024.0,920463.0,2205.0,1.0,1.0,0.0,0.0,18.0,28.0,1002893376.0,2695092736.0,14599680000.0,54741.0,35810459648.0,2218459987.0,0.0,3550.0,6847878.0,5365.0,422830.0,35260.0,0.0,0.0,4554.0,0.0
1787908229.3950012,2026-08-28T09:10:29+00:00,http_log_35m_x1,2866080.0,54468.0,3795459487.0,2864945762.0,413.0,2808.0,562259024.0,949015.0,2177.0,1.0,0.0,0.0,0.0,18.0,28.0,1002893376.0,2695092736.0,14599680000.0,54741.0,35810459648.0,2218459987.0,0.0,3550.0,6847878.0,5365.0,422830.0,35260.0,0.0,0.0,4554.0,0.0
1787908230.39981,2026-08-28T09:10:30+00:00,http_log_35m_x1,2866080.0,54468.0,3795459487.0,2864945762.0,413.0,2808.0,562259024.0,949015.0,2177.0,1.0,0.0,0.0,0.0,18.0,28.0,1002893376.0,2695092736.0,14599680000.0,54741.0,35810459648.0,2218459987.0,0.0,3550.0,6847878.0,5365.0,422830.0,35260.0,0.0,0.0,4554.0,0.0
1787908231.404875,2026-08-28T09:10:31+00:00,http_log_35m_x1,2866080.0,54468.0,3795459487.0,2864945762.0,413.0,2808.0,562259024.0,949015.0,2177.0,1.0,0.0,0.0,0.0,18.0,28.0,1002893376.0,2695092736.0,14599680000.0,54741.0,35810459648.0,2218459987.0,0.0,3550.0,6847878.0,5365.0,422830.0,35260.0,0.0,0.0,4554.0,0.0
1787908232.4088,2026-08-28T09:10:32+00:00,http_log_35m_x1,2866080.0,54468.0,3795459487.0,2864945762.0,413.0,2808.0,562259024.0,949015.0,2177.0,1.0,1.0,0.0,0.0,18.0,30.0,1002893376.0,2695092736.0,14599680000.0,54741.0,35810459648.0,2218459987.0,0.0,3550.0,6847878.0,5365.0,422830.0,35260.0,0.0,0.0,4554.0,0.0
1787908233.4110029,2026-08-28T09:10:33+00:00,http_log_35m_x1,2866080.0,54468.0,3795459487.0,2864945762.0,413.0,2808.0,1105090064.0,949015.0,2177.0,1.0,1.0,0.0,0.0,18.0,30.0,1541746584.0,2695096832.0,14638878720.0,54839.0,35810459648.0,2218459987.0,0.0,3568.0,6856967.0,5373.0,425643.0,35332.0,0.0,0.0,4574.0,0.0
1787908234.4160872,2026-08-28T09:10:34+00:00,http_log_35m_x1,2866080.0,54468.0,3795459487.0,2867886349.0,413.0,2813.0,1105090064.0,861584.0,2413.0,1.0,0.0,0.0,0.0,18.0,30.0,1541746584.0,2695096832.0,14638878720.0,54839.0,35810459648.0,2218459987.0,0.0,3568.0,6856967.0,5373.0,425643.0,35332.0,0.0,0.0,4574.0,0.0
1787908235.421178,2026-08-28T09:10:35+00:00,http_log_35m_x1,2866080.0,54468.0,3795459487.0,2867886349.0,413.0,2813.0,1105090064.0,861584.0,2413.0,1.0,0.0,0.0,0.0,18.0,30.0,1541746584.0,2695096832.0,14638878720.0,54839.0,35810459648.0,2218459987.0,0.0,3568.0,6856967.0,5373.0,425643.0,35332.0,0.0,0.0,4574.0,0.0
1787908236.426255,2026-08-28T09:10:36+00:00,http_log_35m_x1,2866080.0,54468.0,3795459487.0,2867886349.0,413.0,2813.0,1105090064.0,861584.0,2413.0,1.0,0.0,0.0,0.0,18.0,30.0,1541746584.0,2695096832.0,14638878720.0,54839.0,35810459648.0,2218459987.0,0.0,3568.0,6856967.0,5373.0,425643.0,35332.0,0.0,0.0,4574.0,0.0
1787908237.431314,2026-08-28T09:10:37+00:00,http_log_35m_x1,2866080.0,54468.0,3795459487.0,2867886349.0,413.0,2813.0,1105090064.0,861584.0,2413.0,1.0,1.0,0.0,0.0,18.0,32.0,1541746584.0,2695096832.0,14638878720.0,54839.0,35810459648.0,2218459987.0,0.0,3568.0,6856967.0,5373.0,425643.0,35332.0,0.0,0.0,4574.0,0.0
1787908238.436387,2026-08-28T09:10:38+00:00,http_log_35m_x1,2866080.0,54468.0,3795459487.0,2867886349.0,413.0,2813.0,1105090064.0,861584.0,2413.0,1.0,1.0,0.0,0.0,18.0,32.0,1541746584.0,2695096832.0,14638878720.0,54839.0,35810459648.0,2218459987.0,0.0,3568.0,6856967.0,5373.0,425643.0,35332.0,0.0,0.0,4574.0,0.0
1787908239.437804,2026-08-28T09:10:39+00:00,http_log_35m_x1,2866080.0,54468.0,3795459487.0,2867886349.0,413.0,2813.0,1105090064.0,861584.0,2413.0,1.0,1.0,0.0,0.0,18.0,32.0,1541746584.0,2695096832.0,14638878720.0,54839.0,35810459648.0,2218459987.0,0.0,3568.0,6856967.0,5373.0,425643.0,35332.0,0.0,0.0,4574.0,0.0
1787908240.442894,2026-08-28T09:10:40+00:00,http_log_35m_x1,2866080.0,54468.0,3795459487.0,2870892703.0,413.0,2818.0,1105090064.0,782904.0,2840.0,1.0,1.0,0.0,0.0,18.0,27.0,1541746584.0,2695096832.0,14638878720.0,54839.0,35810459648.0,2218459987.0,0.0,3568.0,6856967.0,5373.0,425643.0,35332.0,0.0,0.0,4574.0,0.0
1787908241.447955,2026-08-28T09:10:41+00:00,http_log_35m_x1,2866080.0,54468.0,3795459487.0,2870892703.0,413.0,2818.0,1105090064.0,782904.0,2840.0,1.0,1.0,0.0,0.0,18.0,27.0,1541746584.0,2695096832.0,14638878720.0,54839.0,35810459648.0,2218459987.0,0.0,3568.0,6856967.0,5373.0,425643.0,35332.0,0.0,0.0,4574.0,0.0
1787908242.4496949,2026-08-28T09:10:42+00:00,http_log_35m_x1,2866080.0,54468.0,3795459487.0,2870892703.0,413.0,2818.0,1105090064.0,782904.0,2840.0,1.0,2.0,0.0,0.0,18.0,19.0,1541746584.0,2695096832.0,14638878720.0,54839.0,35810459648.0,2218459987.0,0.0,3568.0,6856967.0,5373.0,425643.0,35332.0,0.0,0.0,4574.0,0.0
1787908243.45407,2026-08-28T09:10:43+00:00,http_log_35m_x1,2866080.0,54468.0,3795459487.0,2870892703.0,413.0,2818.0,1105090064.0,782904.0,2840.0,1.0,2.0,0.0,0.0,18.0,19.0,1541746584.0,2695096832.0,14638878720.0,54839.0,35810459648.0,2218459987.0,0.0,3568.0,6856967.0,5373.0,425643.0,35332.0,0.0,0.0,4574.0,0.0
1787908244.4591491,2026-08-28T09:10:44+00:00,http_log_35m_x1,2866080.0,54468.0,3795459487.0,2873935568.0,413.0,2823.0,1105090064.0,818414.0,2718.0,1.0,1.0,0.0,0.0,18.0,19.0,1541746584.0,2695096832.0,14638878720.0,54839.0,35810459648.0,2218459987.0,0.0,3568.0,6856967.0,5373.0,425643.0,35332.0,0.0,0.0,4574.0,0.0
1787908245.4642172,2026-08-28T09:10:45+00:00,http_log_35m_x1,2866080.0,54468.0,3795459487.0,2873935568.0,413.0,2823.0,1105090064.0,818414.0,2718.0,1.0,1.0,0.0,0.0,18.0,19.0,1541746584.0,2695096832.0,14638878720.0,54839.0,35810459648.0,2218459987.0,0.0,3568.0,6856967.0,5373.0,425643.0,35332.0,0.0,0.0,4574.0,0.0
1787908246.4665222,2026-08-28T09:10:46+00:00,http_log_35m_x1,2866080.0,54468.0,3795459487.0,2873935568.0,413.0,2823.0,1105090064.0,818414.0,2718.0,1.0,2.0,0.0,0.0,18.0,12.0,1541746584.0,2695096832.0,14638878720.0,54839.0,35810459648.0,2218459987.0,0.0,3568.0,6856967.0,5373.0,425643.0,35332.0,0.0,0.0,4574.0,0.0
1787908247.471616,2026-08-28T09:10:47+00:00,http_log_35m_x1,2866080.0,54468.0,3795459487.0,2892645183.0,413.0,2828.0,1105090064.0,2386430.0,6840.0,1.0,1.0,0.0,0.0,18.0,12.0,1541746584.0,2695096832.0,14638878720.0,54839.0,35810459648.0,2218459987.0,0.0,3568.0,6856967.0,5373.0,425643.0,35332.0,0.0,0.0,4574.0,0.0
1787908248.4740832,2026-08-28T09:10:48+00:00,http_log_35m_x1,2866080.0,54468.0,3795459487.0,2897922699.0,413.0,2833.0,1521736888.0,1845285.0,1860.0,1.0,0.0,0.0,0.0,18.0,12.0,1960239872.0,2695096832.0,14840991744.0,55007.0,35810459648.0,2218459987.0,1.0,3587.0,6864981.0,5388.0,429374.0,35458.0,0.0,0.0,4596.0,0.0
1787908249.4791691,2026-08-28T09:10:49+00:00,http_log_35m_x1,2866080.0,54468.0,3795459487.0,2897922699.0,413.0,2833.0,1521736888.0,1845285.0,1860.0,1.0,0.0,0.0,0.0,18.0,12.0,1960239872.0,2695096832.0,14840991744.0,55007.0,35810459648.0,2218459987.0,1.0,3587.0,6864981.0,5388.0,429374.0,35458.0,0.0,0.0,4596.0,0.0
1787908250.484236,2026-08-28T09:10:50+00:00,http_log_35m_x1,2866080.0,54468.0,3795459487.0,2897922699.0,413.0,2833.0,1521736888.0,1845285.0,1860.0,1.0,0.0,0.0,0.0,18.0,12.0,1960239872.0,2695096832.0,14840991744.0,55007.0,35810459648.0,2218459987.0,1.0,3587.0,6864981.0,5388.0,429374.0,35458.0,0.0,0.0,4596.0,0.0
1787908251.4852622,2026-08-28T09:10:51+00:00,http_log_35m_x1,2866080.0,54468.0,3795459487.0,2897922699.0,413.0,2833.0,1521736888.0,1845285.0,1860.0,1.0,1.0,0.0,0.0,18.0,27.0,1960239872.0,2695096832.0,14840991744.0,55007.0,35810459648.0,2218459987.0,1.0,3587.0,6864981.0,5388.0,429374.0,35458.0,0.0,0.0,4596.0,0.0
1787908252.496587,2026-08-28T09:10:52+00:00,http_log_35m_x1,2866080.0,54468.0,3795459487.0,2897922699.0,413.0,2833.0,1521736888.0,1845285.0,1860.0,1.0,1.0,0.0,0.0,18.0,27.0,1960239872.0,2695096832.0,14840991744.0,55007.0,35810459648.0,2218459987.0,1.0,3587.0,6864981.0,5388.0,429374.0,35458.0,0.0,0.0,4596.0,0.0
1787908253.5000372,2026-08-28T09:10:53+00:00,http_log_35m_x1,2866080.0,54468.0,3795459487.0,2900938541.0,413.0,2838.0,1521736888.0,914445.0,2298.0,1.0,0.0,0.0,0.0,18.0,27.0,1960239872.0,2695096832.0,14840991744.0,55007.0,35810459648.0,2218459987.0,1.0,3587.0,6864981.0,5388.0,429374.0,35458.0,0.0,0.0,4596.0,0.0
1787908254.502163,2026-08-28T09:10:54+00:00,http_log_35m_x1,2866080.0,54468.0,3795459487.0,2900938541.0,413.0,2838.0,1521736888.0,914445.0,2298.0,1.0,0.0,0.0,0.0,18.0,27.0,1960239872.0,2695096832.0,14840991744.0,55007.0,35810459648.0,2218459987.0,1.0,3587.0,6864981.0,5388.0,429374.0,35458.0,0.0,0.0,4596.0,0.0
1787908255.502491,2026-08-28T09:10:55+00:00,http_log_35m_x1,2866080.0,54468.0,3795459487.0,2900938541.0,413.0,2838.0,1521736888.0,914445.0,2298.0,1.0,0.0,0.0,0.0,18.0,27.0,1960239872.0,2695096832.0,14840991744.0,55007.0,35810459648.0,2218459987.0,1.0,3587.0,6864981.0,5388.0,429374.0,35458.0,0.0,0.0,4596.0,0.0
1787908256.503867,2026-08-28T09:10:56+00:00,http_log_35m_x1,2866080.0,54468.0,3795459487.0,2900938541.0,413.0,2838.0,1521736888.0,914445.0,2298.0,1.0,1.0,0.0,0.0,18.0,29.0,1960239872.0,2695096832.0,14840991744.0,55007.0,35810459648.0,2218459987.0,1.0,3587.0,6864981.0,5388.0,429374.0,35458.0,0.0,0.0,4596.0,0.0
1787908257.504135,2026-08-28T09:10:57+00:00,http_log_35m_x1,2866080.0,54468.0,3795459487.0,2900938541.0,413.0,2838.0,1521736888.0,914445.0,2298.0,1.0,1.0,0.0,0.0,18.0,29.0,1960239872.0,2695096832.0,14840991744.0,55007.0,35810459648.0,2218459987.0,1.0,3587.0,6864981.0,5388.0,429374.0,35458.0,0.0,0.0,4596.0,0.0
1787908258.505219,2026-08-28T09:10:58+00:00,http_log_35m_x1,2866080.0,54468.0,3795459487.0,2903841349.0,413.0,2843.0,1521736888.0,882849.0,2288.0,1.0,0.0,0.0,0.0,18.0,29.0,1960239872.0,2695096832.0,14840991744.0,55007.0,35810459648.0,2218459987.0,1.0,3587.0,6864981.0,5388.0,429374.0,35458.0,0.0,0.0,4596.0,0.0
1787908259.5055869,2026-08-28T09:10:59+00:00,http_log_35m_x1,2866080.0,54468.0,3795459487.0,2903841349.0,413.0,2843.0,1521736888.0,882849.0,2288.0,1.0,0.0,0.0,0.0,18.0,29.0,1960239872.0,2695096832.0,14840991744.0,55007.0,35810459648.0,2218459987.0,1.0,3587.0,6864981.0,5388.0,429374.0,35458.0,0.0,0.0,4596.0,0.0
1787908260.5067022,2026-08-28T09:11:00+00:00,http_log_35m_x1,2866080.0,54468.0,3795459487.0,2903841349.0,413.0,2843.0,1521736888.0,882849.0,2288.0,1.0,0.0,0.0,0.0,18.0,29.0,1960239872.0,2695096832.0,14840991744.0,55007.0,35810459648.0,2218459987.0,1.0,3587.0,6864981.0,5388.0,429374.0,35458.0,0.0,0.0,4596.0,0.0
1787908261.509717,2026-08-28T09:11:01+00:00,http_log_35m_x1,2866080.0,54468.0,3795459487.0,2903841349.0,413.0,2843.0,1521736888.0,882849.0,2288.0,1.0,1.0,0.0,0.0,18.0,30.0,1960239872.0,2695096832.0,14840991744.0,55007.0,35810459648.0,2218459987.0,1.0,3587.0,6864981.0,5388.0,429374.0,35458.0,0.0,0.0,4596.0,0.0
1787908262.512355,2026-08-28T09:11:02+00:00,http_log_35m_x1,2866080.0,54468.0,3795459487.0,2903841349.0,413.0,2843.0,1521736888.0,882849.0,2288.0,1.0,1.0,0.0,0.0,18.0,30.0,1960239872.0,2695096832.0,14840991744.0,55007.0,35810459648.0,2218459987.0,1.0,3587.0,6864981.0,5388.0,429374.0,35458.0,0.0,0.0,4596.0,0.0
1787908263.515863,2026-08-28T09:11:03+00:00,http_log_35m_x1,2866080.0,54468.0,3795459487.0,2906819280.0,413.0,2848.0,2062698632.0,884972.0,2365.0,1.0,0.0,0.0,0.0,18.0,30.0,2496169960.0,2695096832.0,14868398080.0,55099.0,35486433280.0,2270183344.0,0.0,3605.0,6874021.0,5397.0,432216.0,35542.0,0.0,0.0,4616.0,0.0
1787908264.5163,2026-08-28T09:11:04+00:00,http_log_35m_x1,2866080.0,54468.0,3795459487.0,2906819280.0,413.0,2848.0,2062698632.0,884972.0,2365.0,1.0,0.0,0.0,0.0,18.0,30.0,2496169960.0,2695096832.0,14868398080.0,55099.0,35486433280.0,2270183344.0,0.0,3605.0,6874021.0,5397.0,432216.0,35542.0,0.0,0.0,4616.0,0.0
1787908265.5213609,2026-08-28T09:11:05+00:00,http_log_35m_x1,2866080.0,54468.0,3795459487.0,2906819280.0,413.0,2848.0,2062698632.0,884972.0,2365.0,1.0,0.0,0.0,0.0,18.0,30.0,2496169960.0,2695096832.0,14868398080.0,55099.0,35486433280.0,2270183344.0,0.0,3605.0,6874021.0,5397.0,432216.0,35542.0,0.0,0.0,4616.0,0.0
1787908266.526423,2026-08-28T09:11:06+00:00,http_log_35m_x1,2866080.0,54468.0,3795459487.0,2906819280.0,413.0,2848.0,2062698632.0,884972.0,2365.0,1.0,1.0,0.0,0.0,18.0,31.0,2496169960.0,2695096832.0,14868398080.0,55099.0,35486433280.0,2270183344.0,0.0,3605.0,6874021.0,5397.0,432216.0,35542.0,0.0,0.0,4616.0,0.0
1787908267.531497,2026-08-28T09:11:07+00:00,http_log_35m_x1,2866080.0,54468.0,3795459487.0,2906819280.0,413.0,2848.0,2062698632.0,884972.0,2365.0,1.0,2.0,0.0,0.0,18.0,19.0,2496169960.0,2695096832.0,14868398080.0,55099.0,35486433280.0,2270183344.0,0.0,3605.0,6874021.0,5397.0,432216.0,35542.0,0.0,0.0,4616.0,0.0
1787908268.53295,2026-08-28T09:11:08+00:00,http_log_35m_x1,2866080.0,54468.0,3795459487.0,2909778170.0,413.0,2853.0,2062698632.0,873344.0,2388.0,1.0,1.0,0.0,0.0,18.0,19.0,2496169960.0,2695096832.0,14868398080.0,55099.0,35486433280.0,2270183344.0,0.0,3605.0,6874021.0,5397.0,432216.0,35542.0,0.0,0.0,4616.0,0.0
1787908269.534029,2026-08-28T09:11:09+00:00,http_log_35m_x1,2866080.0,54468.0,3795459487.0,2909778170.0,413.0,2853.0,2062698632.0,873344.0,2388.0,1.0,2.0,0.0,0.0,18.0,12.0,2496169960.0,2695096832.0,14868398080.0,55099.0,35486433280.0,2270183344.0,0.0,3605.0,6874021.0,5397.0,432216.0,35542.0,0.0,0.0,4616.0,0.0
1787908270.539108,2026-08-28T09:11:10+00:00,http_log_35m_x1,2866080.0,54468.0,3795459487.0,2909778170.0,413.0,2853.0,2062698632.0,873344.0,2388.0,1.0,2.0,0.0,0.0,18.0,12.0,2496169960.0,2695096832.0,14868398080.0,55099.0,35486433280.0,2270183344.0,0.0,3605.0,6874021.0,5397.0,432216.0,35542.0,0.0,0.0,4616.0,0.0
1787908271.544186,2026-08-28T09:11:11+00:00,http_log_35m_x1,2866080.0,54468.0,3795459487.0,2914952479.0,413.0,2858.0,2062698632.0,1847307.0,1801.0,1.0,1.0,0.0,0.0,18.0,12.0,2496169960.0,2695096832.0,14868398080.0,55099.0,35486433280.0,2270183344.0,0.0,3605.0,6874021.0,5397.0,432216.0,35542.0,0.0,0.0,4616.0,0.0
1787908272.5492601,2026-08-28T09:11:12+00:00,http_log_35m_x1,2866080.0,54468.0,3795459487.0,2914952479.0,413.0,2858.0,2062698632.0,1847307.0,1801.0,1.0,1.0,0.0,0.0,18.0,12.0,2496169960.0,2695096832.0,14868398080.0,55099.0,35486433280.0,2270183344.0,0.0,3605.0,6874021.0,5397.0,432216.0,35542.0,0.0,0.0,4616.0,0.0
1787908273.553399,2026-08-28T09:11:13+00:00,http_log_35m_x1,2866080.0,54468.0,3795459487.0,2914952479.0,413.0,2858.0,2062698632.0,1847307.0,1801.0,1.0,2.0,0.0,0.0,18.0,11.0,2496169960.0,2695096832.0,14868398080.0,55099.0,35486433280.0,2270183344.0,0.0,3605.0,6874021.0,5397.0,432216.0,35542.0,0.0,0.0,4616.0,0.0
1787908274.558509,2026-08-28T09:11:14+00:00,http_log_35m_x1,2866080.0,54468.0,3795459487.0,2914952479.0,413.0,2858.0,2062698632.0,1847307.0,1801.0,1.0,2.0,0.0,0.0,18.0,11.0,2496169960.0,2695096832.0,14868398080.0,55099.0,35486433280.0,2270183344.0,0.0,3605.0,6874021.0,5397.0,432216.0,35542.0,0.0,0.0,4616.0,0.0
1787908275.563662,2026-08-28T09:11:15+00:00,http_log_35m_x1,2866080.0,54468.0,3795459487.0,2914952479.0,413.0,2858.0,2062698632.0,1847307.0,1801.0,1.0,2.0,0.0,0.0,18.0,11.0,2496169960.0,2695096832.0,14868398080.0,55099.0,35486433280.0,2270183344.0,0.0,3605.0,6874021.0,5397.0,432216.0,35542.0,0.0,0.0,4616.0,0.0
1787908276.5662231,2026-08-28T09:11:16+00:00,http_log_35m_x1,2866080.0,54468.0,3795459487.0,2922349647.0,413.0,2863.0,2062698632.0,1997075.0,2704.0,1.0,1.0,0.0,0.0,18.0,11.0,2496169960.0,2695096832.0,14868398080.0,55099.0,35486433280.0,2270183344.0,0.0,3605.0,6874021.0,5397.0,432216.0,35542.0,0.0,0.0,4616.0,0.0
1787908277.5692859,2026-08-28T09:11:17+00:00,http_log_35m_x1,2866080.0,54468.0,3795459487.0,2922349647.0,413.0,2863.0,2759704824.0,1997075.0,2704.0,1.0,1.0,0.0,0.0,18.0,11.0,3180214912.0,2695096832.0,14914691072.0,55208.0,35486433280.0,2270183344.0,0.0,3623.0,6881797.0,5407.0,436253.0,35676.0,0.0,0.0,4635.0,0.0
1787908278.5743759,2026-08-28T09:11:18+00:00,http_log_35m_x1,2866080.0,54468.0,3795459487.0,2954602962.0,413.0,2868.0,2759704824.0,2572034.0,11540.0,1.0,1.0,0.0,0.0,18.0,27.0,3180214912.0,2695096832.0,14914691072.0,55208.0,35486433280.0,2270183344.0,0.0,3623.0,6881797.0,5407.0,436253.0,35676.0,0.0,0.0,4635.0,0.0
1787908279.579445,2026-08-28T09:11:19+00:00,http_log_35m_x1,2866080.0,54468.0,3795459487.0,2954602962.0,413.0,2868.0,2759704824.0,2572034.0,11540.0,1.0,1.0,0.0,0.0,18.0,27.0,3180214912.0,2695096832.0,14914691072.0,55208.0,35486433280.0,2270183344.0,0.0,3623.0,6881797.0,5407.0,436253.0,35676.0,0.0,0.0,4635.0,0.0
1787908280.584517,2026-08-28T09:11:20+00:00,http_log_35m_x1,2866080.0,54468.0,3795459487.0,2954602962.0,413.0,2868.0,2759704824.0,2572034.0,11540.0,1.0,1.0,0.0,0.0,18.0,27.0,3180214912.0,2695096832.0,14914691072.0,55208.0,35486433280.0,2270183344.0,0.0,3623.0,6881797.0,5407.0,436253.0,35676.0,0.0,0.0,4635.0,0.0
1787908281.58959,2026-08-28T09:11:21+00:00,http_log_35m_x1,2866080.0,54468.0,3795459487.0,2957599296.0,413.0,2873.0,2759704824.0,873566.0,2430.0,1.0,0.0,0.0,0.0,18.0,27.0,3180214912.0,2695096832.0,14914691072.0,55208.0,35486433280.0,2270183344.0,0.0,3623.0,6881797.0,5407.0,436253.0,35676.0,0.0,0.0,4635.0,0.0
1787908282.594696,2026-08-28T09:11:22+00:00,http_log_35m_x1,2866080.0,54468.0,3795459487.0,2957599296.0,413.0,2873.0,2759704824.0,873566.0,2430.0,1.0,1.0,0.0,0.0,18.0,20.0,3180214912.0,2695096832.0,14914691072.0,55208.0,35486433280.0,2270183344.0,0.0,3623.0,6881797.0,5407.0,436253.0,35676.0,0.0,0.0,4635.0,0.0
1787908283.599776,2026-08-28T09:11:23+00:00,http_log_35m_x1,2866080.0,54468.0,3795459487.0,2957599296.0,413.0,2873.0,2759704824.0,873566.0,2430.0,1.0,1.0,0.0,0.0,18.0,20.0,3180214912.0,2695096832.0,14914691072.0,55208.0,35486433280.0,2270183344.0,0.0,3623.0,6881797.0,5407.0,436253.0,35676.0,0.0,0.0,4635.0,0.0
1787908284.6048489,2026-08-28T09:11:24+00:00,http_log_35m_x1,2866080.0,54468.0,3795459487.0,2962877187.0,413.0,2878.0,2759704824.0,1926237.0,1740.0,1.0,0.0,0.0,0.0,18.0,20.0,3180214912.0,2695096832.0,14914691072.0,55208.0,35486433280.0,2270183344.0,0.0,3623.0,6881797.0,5407.0,436253.0,35676.0,0.0,0.0,4635.0,0.0
1787908285.606708,2026-08-28T09:11:25+00:00,http_log_35m_x1,2866080.0,54468.0,3795459487.0,2962877187.0,413.0,2878.0,2759704824.0,1926237.0,1740.0,1.0,0.0,0.0,0.0,18.0,20.0,3180214912.0,2695096832.0,14914691072.0,55208.0,35486433280.0,2270183344.0,0.0,3623.0,6881797.0,5407.0,436253.0,35676.0,0.0,0.0,4635.0,0.0
1787908286.6117928,2026-08-28T09:11:26+00:00,http_log_35m_x1,2866080.0,54468.0,3795459487.0,2962877187.0,413.0,2878.0,2759704824.0,1926237.0,1740.0,1.0,0.0,0.0,0.0,18.0,20.0,3180214912.0,2695096832.0,14914691072.0,55208.0,35486433280.0,2270183344.0,0.0,3623.0,6881797.0,5407.0,436253.0,35676.0,0.0,0.0,4635.0,0.0
1787908287.616093,2026-08-28T09:11:27+00:00,http_log_35m_x1,2866080.0,54468.0,3795459487.0,2962877187.0,413.0,2878.0,2759704824.0,1926237.0,1740.0,1.0,1.0,0.0,0.0,18.0,28.0,3180214912.0,2695096832.0,14914691072.0,55208.0,35486433280.0,2270183344.0,0.0,3623.0,6881797.0,5407.0,436253.0,35676.0,0.0,0.0,4635.0,0.0
1787908288.621165,2026-08-28T09:11:28+00:00,http_log_35m_x1,2866080.0,54468.0,3795459487.0,2962877187.0,413.0,2878.0,2759704824.0,1926237.0,1740.0,1.0,1.0,0.0,0.0,18.0,28.0,3180214912.0,2695096832.0,14914691072.0,55208.0,35486433280.0,2270183344.0,0.0,3623.0,6881797.0,5407.0,436253.0,35676.0,0.0,0.0,4635.0,0.0
1787908289.624588,2026-08-28T09:11:29+00:00,http_log_35m_x1,2866080.0,54468.0,3795459487.0,2962877187.0,413.0,2878.0,2759704824.0,1926237.0,1740.0,1.0,1.0,0.0,0.0,18.0,28.0,3180214912.0,2695096832.0,14914691072.0,55208.0,35486433280.0,2270183344.0,0.0,3623.0,6881797.0,5407.0,436253.0,35676.0,0.0,0.0,4635.0,0.0
1787908290.6296809,2026-08-28T09:11:30+00:00,http_log_35m_x1,2866080.0,54468.0,3795459487.0,2965910577.0,413.0,2883.0,2759704824.0,858830.0,2532.0,1.0,0.0,0.0,0.0,18.0,28.0,3180214912.0,2695096832.0,14914691072.0,55208.0,35486433280.0,2270183344.0,0.0,3623.0,6881797.0,5407.0,436253.0,35676.0,0.0,0.0,4635.0,0.0
1787908291.634753,2026-08-28T09:11:31+00:00,http_log_35m_x1,2866080.0,54468.0,3795459487.0,2965910577.0,413.0,2883.0,2759704824.0,858830.0,2532.0,1.0,1.0,0.0,0.0,18.0,21.0,3180214912.0,2695096832.0,14914691072.0,55208.0,35486433280.0,2270183344.0,0.0,3623.0,6881797.0,5407.0,436253.0,35676.0,0.0,0.0,4635.0,0.0
1787908292.639818,2026-08-28T09:11:32+00:00,http_log_35m_x1,2866080.0,54468.0,3795459487.0,2965910577.0,413.0,2883.0,2661917744.0,858830.0,2532.0,1.0,1.0,0.0,0.0,18.0,21.0,3085636248.0,2695096832.0,15000674304.0,55330.0,35486433280.0,2270183344.0,0.0,3642.0,6890617.0,5418.0,439299.0,35761.0,0.0,0.0,4654.0,0.0
1787908293.640469,2026-08-28T09:11:33+00:00,http_log_35m_x1,2866080.0,54468.0,3795459487.0,2971170819.0,413.0,2888.0,2661917744.0,1919796.0,1740.0,1.0,0.0,0.0,0.0,18.0,21.0,3085636248.0,2695096832.0,15000674304.0,55330.0,35486433280.0,2270183344.0,0.0,3642.0,6890617.0,5418.0,439299.0,35761.0,0.0,0.0,4654.0,0.0
1787908294.645539,2026-08-28T09:11:34+00:00,http_log_35m_x1,2866080.0,54468.0,3795459487.0,2971170819.0,413.0,2888.0,2661917744.0,1919796.0,1740.0,1.0,0.0,0.0,0.0,18.0,21.0,3085636248.0,2695096832.0,15000674304.0,55330.0,35486433280.0,2270183344.0,0.0,3642.0,6890617.0,5418.0,439299.0,35761.0,0.0,0.0,4654.0,0.0
1787908295.6505961,2026-08-28T09:11:35+00:00,http_log_35m_x1,2866080.0,54468.0,3795459487.0,2971170819.0,413.0,2888.0,2661917744.0,1919796.0,1740.0,1.0,0.0,0.0,0.0,18.0,21.0,3085636248.0,2695096832.0,15000674304.0,55330.0,35486433280.0,2270183344.0,0.0,3642.0,6890617.0,5418.0,439299.0,35761.0,0.0,0.0,4654.0,0.0
1787908296.65566,2026-08-28T09:11:36+00:00,http_log_35m_x1,2866080.0,54468.0,3795459487.0,2971170819.0,413.0,2888.0,2661917744.0,1919796.0,1740.0,1.0,1.0,0.0,0.0,18.0,30.0,3085636248.0,2695096832.0,15000674304.0,55330.0,35486433280.0,2270183344.0,0.0,3642.0,6890617.0,5418.0,439299.0,35761.0,0.0,0.0,4654.0,0.0
1787908297.660151,2026-08-28T09:11:37+00:00,http_log_35m_x1,2866080.0,54468.0,3795459487.0,2971170819.0,413.0,2888.0,2661917744.0,1919796.0,1740.0,1.0,1.0,0.0,0.0,18.0,30.0,3085636248.0,2695096832.0,15000674304.0,55330.0,35486433280.0,2270183344.0,0.0,3642.0,6890617.0,5418.0,439299.0,35761.0,0.0,0.0,4654.0,0.0
1787908298.665218,2026-08-28T09:11:38+00:00,http_log_35m_x1,2887725.0,84594.0,4042631432.0,2971170819.0,418.0,2888.0,2661917744.0,1919796.0,1740.0,0.0,1.0,0.0,0.0,18.0,30.0,3085636248.0,2695096832.0,15000674304.0,55330.0,35486433280.0,2270183344.0,0.0,3642.0,6890617.0,5418.0,439299.0,35761.0,0.0,0.0,4654.0,0.0
1787908299.670321,2026-08-28T09:11:39+00:00,http_log_35m_x1,2887725.0,84594.0,4042631432.0,2974102449.0,418.0,2893.0,2661917744.0,839767.0,2491.0,0.0,0.0,0.0,0.0,18.0,30.0,3085636248.0,2695096832.0,15000674304.0,55330.0,35486433280.0,2270183344.0,0.0,3642.0,6890617.0,5418.0,439299.0,35761.0,0.0,0.0,4654.0,0.0
1787908300.674873,2026-08-28T09:11:40+00:00,http_log_35m_x1,2887725.0,84594.0,4042631432.0,2974102449.0,418.0,2893.0,2661917744.0,839767.0,2491.0,0.0,0.0,0.0,0.0,18.0,30.0,3085636248.0,2695096832.0,15000674304.0,55330.0,35486433280.0,2270183344.0,0.0,3642.0,6890617.0,5418.0,439299.0,35761.0,0.0,0.0,4654.0,0.0
1787908301.6783412,2026-08-28T09:11:41+00:00,http_log_35m_x1,2887725.0,84594.0,4042631432.0,2974102449.0,418.0,2893.0,2661917744.0,839767.0,2491.0,0.0,1.0,0.0,0.0,18.0,39.0,3085636248.0,2695096832.0,15000674304.0,55330.0,35486433280.0,2270183344.0,0.0,3642.0,6890617.0,5418.0,439299.0,35761.0,0.0,0.0,4654.0,0.0
1787908302.680083,2026-08-28T09:11:42+00:00,http_log_35m_x1,2887725.0,84594.0,4042631432.0,2974102449.0,418.0,2893.0,2661917744.0,839767.0,2491.0,0.0,1.0,0.0,0.0,18.0,39.0,3085636248.0,2695096832.0,15000674304.0,55330.0,35486433280.0,2270183344.0,0.0,3642.0,6890617.0,5418.0,439299.0,35761.0,0.0,0.0,4654.0,0.0
1787908303.6851509,2026-08-28T09:11:43+00:00,http_log_35m_x1,2887725.0,84594.0,4042631432.0,2977098671.0,418.0,2898.0,2661917744.0,944286.0,2173.0,0.0,0.0,0.0,0.0,18.0,39.0,3085636248.0,2695096832.0,15000674304.0,55330.0,35486433280.0,2270183344.0,0.0,3642.0,6890617.0,5418.0,439299.0,35761.0,0.0,0.0,4654.0,0.0
1787908304.685363,2026-08-28T09:11:44+00:00,http_log_35m_x1,2887725.0,84594.0,4042631432.0,2977098671.0,418.0,2898.0,2661917744.0,944286.0,2173.0,0.0,1.0,0.0,0.0,18.0,35.0,3085636248.0,2695096832.0,15000674304.0,55330.0,35486433280.0,2270183344.0,0.0,3642.0,6890617.0,5418.0,439299.0,35761.0,0.0,0.0,4654.0,0.0
1787908305.690442,2026-08-28T09:11:45+00:00,http_log_35m_x1,2887725.0,84594.0,4042631432.0,2977098671.0,418.0,2898.0,2661917744.0,944286.0,2173.0,0.0,1.0,0.0,0.0,18.0,35.0,3085636248.0,2695096832.0,15000674304.0,55330.0,35486433280.0,2270183344.0,0.0,3642.0,6890617.0,5418.0,439299.0,35761.0,0.0,0.0,4654.0,0.0
1787908306.691285,2026-08-28T09:11:46+00:00,http_log_35m_x1,2887725.0,84594.0,4042631432.0,2977098671.0,418.0,2898.0,2661917744.0,944286.0,2173.0,0.0,2.0,0.0,0.0,18.0,25.0,3085636248.0,2695096832.0,15000674304.0,55330.0,35486433280.0,2270183344.0,0.0,3642.0,6890617.0,5418.0,439299.0,35761.0,0.0,0.0,4654.0,0.0
1787908307.696367,2026-08-28T09:11:47+00:00,http_log_35m_x1,2887725.0,84594.0,4042631432.0,2977098671.0,418.0,2898.0,152665096.0,944286.0,2173.0,0.0,2.0,0.0,0.0,18.0,25.0,578673040.0,2695096832.0,15285194752.0,55592.0,35486433280.0,2270183344.0,1.0,3661.0,6900254.0,5440.0,441481.0,35884.0,0.0,0.0,4670.0,0.0
1787908308.699688,2026-08-28T09:11:48+00:00,http_log_35m_x1,2887725.0,84594.0,4042631432.0,2977098671.0,418.0,2898.0,152665096.0,944286.0,2173.0,0.0,2.0,0.0,0.0,18.0,25.0,578673040.0,2695096832.0,15285194752.0,55592.0,35486433280.0,2270183344.0,1.0,3661.0,6900254.0,5440.0,441481.0,35884.0,0.0,0.0,4670.0,0.0
1787908309.700254,2026-08-28T09:11:49+00:00,http_log_35m_x1,2887725.0,84594.0,4042631432.0,2980075893.0,418.0,2903.0,152665096.0,856508.0,2476.0,0.0,1.0,0.0,0.0,18.0,25.0,578673040.0,2695096832.0,15285194752.0,55592.0,35486433280.0,2270183344.0,1.0,3661.0,6900254.0,5440.0,441481.0,35884.0,0.0,0.0,4670.0,0.0
1787908310.704837,2026-08-28T09:11:50+00:00,http_log_35m_x1,2887725.0,84594.0,4042631432.0,2980075893.0,418.0,2903.0,152665096.0,856508.0,2476.0,0.0,2.0,0.0,0.0,18.0,18.0,578673040.0,2695096832.0,15285194752.0,55592.0,35486433280.0,2270183344.0,1.0,3661.0,6900254.0,5440.0,441481.0,35884.0,0.0,0.0,4670.0,0.0
1787908311.709922,2026-08-28T09:11:51+00:00,http_log_35m_x1,2887725.0,84594.0,4042631432.0,2980075893.0,418.0,2903.0,152665096.0,856508.0,2476.0,0.0,2.0,0.0,0.0,18.0,18.0,578673040.0,2695096832.0,15285194752.0,55592.0,35486433280.0,2270183344.0,1.0,3661.0,6900254.0,5440.0,441481.0,35884.0,0.0,0.0,4670.0,0.0
1787908312.7133389,2026-08-28T09:11:52+00:00,http_log_35m_x1,2887725.0,84594.0,4042631432.0,3008515690.0,418.0,2913.0,152665096.0,2653571.0,7750.0,0.0,0.0,0.0,0.0,18.0,18.0,578673040.0,2695096832.0,15285194752.0,55592.0,35486433280.0,2270183344.0,1.0,3661.0,6900254.0,5440.0,441481.0,35884.0,0.0,0.0,4670.0,0.0
1787908313.718436,2026-08-28T09:11:53+00:00,http_log_35m_x1,2887725.0,84594.0,4042631432.0,3008515690.0,418.0,2913.0,152665096.0,2653571.0,7750.0,0.0,0.0,0.0,0.0,18.0,18.0,578673040.0,2695096832.0,15285194752.0,55592.0,35486433280.0,2270183344.0,1.0,3661.0,6900254.0,5440.0,441481.0,35884.0,0.0,0.0,4670.0,0.0
1787908314.723522,2026-08-28T09:11:54+00:00,http_log_35m_x1,2887725.0,84594.0,4042631432.0,3008515690.0,418.0,2913.0,152665096.0,2653571.0,7750.0,0.0,0.0,0.0,0.0,18.0,18.0,578673040.0,2695096832.0,15285194752.0,55592.0,35486433280.0,2270183344.0,1.0,3661.0,6900254.0,5440.0,441481.0,35884.0,0.0,0.0,4670.0,0.0
1787908315.7286038,2026-08-28T09:11:55+00:00,http_log_35m_x1,2887725.0,84594.0,4042631432.0,3008515690.0,418.0,2913.0,152665096.0,2653571.0,7750.0,0.0,1.0,0.0,0.0,18.0,33.0,578673040.0,2695096832.0,15285194752.0,55592.0,35486433280.0,2270183344.0,1.0,3661.0,6900254.0,5440.0,441481.0,35884.0,0.0,0.0,4670.0,0.0
1787908316.733675,2026-08-28T09:11:56+00:00,http_log_35m_x1,2887725.0,84594.0,4042631432.0,3008515690.0,418.0,2913.0,152665096.0,2653571.0,7750.0,0.0,1.0,0.0,0.0,18.0,33.0,578673040.0,2695096832.0,15285194752.0,55592.0,35486433280.0,2270183344.0,1.0,3661.0,6900254.0,5440.0,441481.0,35884.0,0.0,0.0,4670.0,0.0
1787908317.7387562,2026-08-28T09:11:57+00:00,http_log_35m_x1,2887725.0,84594.0,4042631432.0,3011512380.0,418.0,2918.0,152665096.0,954056.0,2141.0,0.0,0.0,0.0,0.0,18.0,33.0,578673040.0,2695096832.0,15285194752.0,55592.0,35486433280.0,2270183344.0,1.0,3661.0,6900254.0,5440.0,441481.0,35884.0,0.0,0.0,4670.0,0.0
1787908318.7438312,2026-08-28T09:11:58+00:00,http_log_35m_x1,2887725.0,84594.0,4042631432.0,3011512380.0,418.0,2918.0,152665096.0,954056.0,2141.0,0.0,0.0,0.0,0.0,18.0,33.0,578673040.0,2695096832.0,15285194752.0,55592.0,35486433280.0,2270183344.0,1.0,3661.0,6900254.0,5440.0,441481.0,35884.0,0.0,0.0,4670.0,0.0
1787908319.748906,2026-08-28T09:11:59+00:00,http_log_35m_x1,2887725.0,84594.0,4042631432.0,3011512380.0,418.0,2918.0,152665096.0,954056.0,2141.0,0.0,0.0,0.0,0.0,18.0,33.0,578673040.0,2695096832.0,15285194752.0,55592.0,35486433280.0,2270183344.0,1.0,3661.0,6900254.0,5440.0,441481.0,35884.0,0.0,0.0,4670.0,0.0
1787908320.753394,2026-08-28T09:12:00+00:00,http_log_35m_x1,2887725.0,84594.0,4042631432.0,3011512380.0,418.0,2918.0,152665096.0,954056.0,2141.0,0.0,1.0,0.0,0.0,18.0,34.0,578673040.0,2695096832.0,15285194752.0,55592.0,35486433280.0,2270183344.0,1.0,3661.0,6900254.0,5440.0,441481.0,35884.0,0.0,0.0,4670.0,0.0
1787908321.758362,2026-08-28T09:12:01+00:00,http_log_35m_x1,2887725.0,84594.0,4042631432.0,3011512380.0,418.0,2918.0,152665096.0,954056.0,2141.0,0.0,1.0,0.0,0.0,18.0,34.0,578673040.0,2695096832.0,15285194752.0,55592.0,35486433280.0,2270183344.0,1.0,3661.0,6900254.0,5440.0,441481.0,35884.0,0.0,0.0,4670.0,0.0
1787908322.7634308,2026-08-28T09:12:02+00:00,http_log_35m_x1,2887725.0,84594.0,4042631432.0,3014500090.0,418.0,2923.0,29651144.0,945777.0,2159.0,0.0,0.0,0.0,0.0,18.0,34.0,454398616.0,2695645696.0,15356706816.0,55711.0,35486433280.0,2270183344.0,0.0,3685.0,6910207.0,5452.0,443396.0,35952.0,0.0,0.0,4690.0,0.0
1787908323.766322,2026-08-28T09:12:03+00:00,http_log_35m_x1,2887725.0,84594.0,4042631432.0,3014500090.0,418.0,2923.0,29651144.0,945777.0,2159.0,0.0,0.0,0.0,0.0,18.0,34.0,454398616.0,2695645696.0,15356706816.0,55711.0,35010498560.0,2322348947.0,0.0,3685.0,6910207.0,5452.0,443396.0,35952.0,0.0,0.0,4690.0,0.0
1787908324.771082,2026-08-28T09:12:04+00:00,http_log_35m_x1,2887725.0,84594.0,4042631432.0,3014500090.0,418.0,2923.0,29651144.0,945777.0,2159.0,0.0,0.0,0.0,0.0,18.0,34.0,454398616.0,2695645696.0,15356706816.0,55711.0,35010498560.0,2322348947.0,0.0,3685.0,6910207.0,5452.0,443396.0,35952.0,0.0,0.0,4690.0,0.0
1787908325.776175,2026-08-28T09:12:05+00:00,http_log_35m_x1,2887725.0,84594.0,4042631432.0,3014500090.0,418.0,2923.0,29651144.0,945777.0,2159.0,0.0,1.0,0.0,0.0,18.0,36.0,454398616.0,2695645696.0,15356706816.0,55711.0,35010498560.0,2322348947.0,0.0,3685.0,6910207.0,5452.0,443396.0,35952.0,0.0,0.0,4690.0,0.0
1787908326.781278,2026-08-28T09:12:06+00:00,http_log_35m_x1,2887725.0,84594.0,4042631432.0,3014500090.0,418.0,2923.0,29651144.0,945777.0,2159.0,0.0,1.0,0.0,0.0,18.0,36.0,454398616.0,2695645696.0,15356706816.0,55711.0,35010498560.0,2322348947.0,0.0,3685.0,6910207.0,5452.0,443396.0,35952.0,0.0,0.0,4690.0,0.0
1787908327.7824378,2026-08-28T09:12:07+00:00,http_log_35m_x1,2887725.0,84594.0,4042631432.0,3017450463.0,418.0,2928.0,29651144.0,981168.0,2007.0,0.0,0.0,0.0,0.0,18.0,36.0,454398616.0,2695645696.0,15356706816.0,55711.0,35010498560.0,2322348947.0,0.0,3685.0,6910207.0,5452.0,443396.0,35952.0,0.0,0.0,4690.0,0.0
1787908328.786716,2026-08-28T09:12:08+00:00,http_log_35m_x1,2887725.0,84594.0,4042631432.0,3017450463.0,418.0,2928.0,29651144.0,981168.0,2007.0,0.0,0.0,0.0,0.0,18.0,36.0,454398616.0,2695645696.0,15356706816.0,55711.0,35010498560.0,2322348947.0,0.0,3685.0,6910207.0,5452.0,443396.0,35952.0,0.0,0.0,4690.0,0.0
1787908329.791799,2026-08-28T09:12:09+00:00,http_log_35m_x1,2887725.0,84594.0,4042631432.0,3017450463.0,418.0,2928.0,29651144.0,981168.0,2007.0,0.0,0.0,0.0,0.0,18.0,36.0,454398616.0,2695645696.0,15356706816.0,55711.0,35010498560.0,2322348947.0,0.0,3685.0,6910207.0,5452.0,443396.0,35952.0,0.0,0.0,4690.0,0.0
1787908330.79687,2026-08-28T09:12:10+00:00,http_log_35m_x1,2887725.0,84594.0,4042631432.0,3017450463.0,418.0,2928.0,29651144.0,981168.0,2007.0,0.0,1.0,0.0,0.0,18.0,37.0,454398616.0,2695645696.0,15356706816.0,55711.0,35010498560.0,2322348947.0,0.0,3685.0,6910207.0,5452.0,443396.0,35952.0,0.0,0.0,4690.0,0.0
1787908331.7997062,2026-08-28T09:12:11+00:00,http_log_35m_x1,2887725.0,84594.0,4042631432.0,3017450463.0,418.0,2928.0,29651144.0,981168.0,2007.0,0.0,2.0,0.0,0.0,18.0,25.0,454398616.0,2695645696.0,15356706816.0,55711.0,35010498560.0,2322348947.0,0.0,3685.0,6910207.0,5452.0,443396.0,35952.0,0.0,0.0,4690.0,0.0
1787908332.8047738,2026-08-28T09:12:12+00:00,http_log_35m_x1,2887725.0,84594.0,4042631432.0,3020400867.0,418.0,2933.0,29651144.0,938722.0,2143.0,0.0,1.0,0.0,0.0,18.0,25.0,454398616.0,2695645696.0,15356706816.0,55711.0,35010498560.0,2322348947.0,0.0,3685.0,6910207.0,5452.0,443396.0,35952.0,0.0,0.0,4690.0,0.0
1787908333.809856,2026-08-28T09:12:13+00:00,http_log_35m_x1,2887725.0,84594.0,4042631432.0,3020400867.0,418.0,2933.0,29651144.0,938722.0,2143.0,0.0,1.0,0.0,0.0,18.0,25.0,454398616.0,2695645696.0,15356706816.0,55711.0,35010498560.0,2322348947.0,0.0,3685.0,6910207.0,5452.0,443396.0,35952.0,0.0,0.0,4690.0,0.0
1787908334.814979,2026-08-28T09:12:14+00:00,http_log_35m_x1,2887725.0,84594.0,4042631432.0,3020400867.0,418.0,2933.0,29651144.0,938722.0,2143.0,0.0,2.0,0.0,0.0,18.0,18.0,454398616.0,2695645696.0,15356706816.0,55711.0,35010498560.0,2322348947.0,0.0,3685.0,6910207.0,5452.0,443396.0,35952.0,0.0,0.0,4690.0,0.0
1787908335.816416,2026-08-28T09:12:15+00:00,http_log_35m_x1,2887725.0,84594.0,4042631432.0,3020400867.0,418.0,2933.0,29651144.0,938722.0,2143.0,0.0,2.0,0.0,0.0,18.0,18.0,454398616.0,2695645696.0,15356706816.0,55711.0,35010498560.0,2322348947.0,0.0,3685.0,6910207.0,5452.0,443396.0,35952.0,0.0,0.0,4690.0,0.0
1787908336.821524,2026-08-28T09:12:16+00:00,http_log_35m_x1,2887725.0,84594.0,4042631432.0,3025622657.0,418.0,2938.0,29651144.0,1941907.0,1689.0,0.0,1.0,0.0,0.0,18.0,18.0,454398616.0,2695645696.0,15356706816.0,55711.0,35010498560.0,2322348947.0,0.0,3685.0,6910207.0,5452.0,443396.0,35952.0,0.0,0.0,4690.0,0.0
1787908337.82585,2026-08-28T09:12:17+00:00,http_log_35m_x1,2887725.0,84594.0,4042631432.0,3025622657.0,418.0,2938.0,223575088.0,1941907.0,1689.0,0.0,1.0,0.0,0.0,18.0,18.0,646183576.0,2695645696.0,15396499456.0,55837.0,35010498560.0,2322348947.0,0.0,3704.0,6920240.0,5466.0,445257.0,36009.0,0.0,0.0,4702.0,0.0
1787908338.828421,2026-08-28T09:12:18+00:00,http_log_35m_x1,2887725.0,84594.0,4042631432.0,3025622657.0,418.0,2938.0,223575088.0,1941907.0,1689.0,0.0,2.0,0.0,0.0,18.0,18.0,646183576.0,2695645696.0,15396499456.0,55837.0,35010498560.0,2322348947.0,0.0,3704.0,6920240.0,5466.0,445257.0,36009.0,0.0,0.0,4702.0,0.0
1787908339.83196,2026-08-28T09:12:19+00:00,http_log_35m_x1,2887725.0,84594.0,4042631432.0,3025622657.0,418.0,2938.0,223575088.0,1941907.0,1689.0,0.0,2.0,0.0,0.0,18.0,18.0,646183576.0,2695645696.0,15396499456.0,55837.0,35010498560.0,2322348947.0,0.0,3704.0,6920240.0,5466.0,445257.0,36009.0,0.0,0.0,4702.0,0.0
1787908340.837034,2026-08-28T09:12:20+00:00,http_log_35m_x1,2887725.0,84594.0,4042631432.0,3033122071.0,418.0,2943.0,223575088.0,2167460.0,2460.0,0.0,1.0,0.0,0.0,18.0,18.0,646183576.0,2695645696.0,15396499456.0,55837.0,35010498560.0,2322348947.0,0.0,3704.0,6920240.0,5466.0,445257.0,36009.0,0.0,0.0,4702.0,0.0
1787908341.8421109,2026-08-28T09:12:21+00:00,http_log_35m_x1,2887725.0,84594.0,4042631432.0,3033122071.0,418.0,2943.0,223575088.0,2167460.0,2460.0,0.0,1.0,0.0,0.0,18.0,18.0,646183576.0,2695645696.0,15396499456.0,55837.0,35010498560.0,2322348947.0,0.0,3704.0,6920240.0,5466.0,445257.0,36009.0,0.0,0.0,4702.0,0.0
1787908342.8472168,2026-08-28T09:12:22+00:00,http_log_35m_x1,2887725.0,84594.0,4042631432.0,3033122071.0,418.0,2943.0,223575088.0,2167460.0,2460.0,0.0,1.0,0.0,0.0,18.0,18.0,646183576.0,2695645696.0,15396499456.0,55837.0,35010498560.0,2322348947.0,0.0,3704.0,6920240.0,5466.0,445257.0,36009.0,0.0,0.0,4702.0,0.0
1787908343.850274,2026-08-28T09:12:23+00:00,http_log_35m_x1,2887725.0,84594.0,4042631432.0,3069852712.0,418.0,2948.0,223575088.0,2816334.0,12042.0,0.0,1.0,0.0,0.0,18.0,33.0,646183576.0,2695645696.0,15396499456.0,55837.0,35010498560.0,2322348947.0,0.0,3704.0,6920240.0,5466.0,445257.0,36009.0,0.0,0.0,4702.0,0.0
1787908344.85391,2026-08-28T09:12:24+00:00,http_log_35m_x1,2887725.0,84594.0,4042631432.0,3069852712.0,418.0,2948.0,223575088.0,2816334.0,12042.0,0.0,1.0,0.0,0.0,18.0,33.0,646183576.0,2695645696.0,15396499456.0,55837.0,35010498560.0,2322348947.0,0.0,3704.0,6920240.0,5466.0,445257.0,36009.0,0.0,0.0,4702.0,0.0
1787908345.85901,2026-08-28T09:12:25+00:00,http_log_35m_x1,2887725.0,84594.0,4042631432.0,3072820949.0,418.0,2953.0,223575088.0,944095.0,2144.0,0.0,0.0,0.0,0.0,18.0,33.0,646183576.0,2695645696.0,15396499456.0,55837.0,35010498560.0,2322348947.0,0.0,3704.0,6920240.0,5466.0,445257.0,36009.0,0.0,0.0,4702.0,0.0
1787908346.864118,2026-08-28T09:12:26+00:00,http_log_35m_x1,2887725.0,84594.0,4042631432.0,3072820949.0,418.0,2953.0,223575088.0,944095.0,2144.0,0.0,0.0,0.0,0.0,18.0,33.0,646183576.0,2695645696.0,15396499456.0,55837.0,35010498560.0,2322348947.0,0.0,3704.0,6920240.0,5466.0,445257.0,36009.0,0.0,0.0,4702.0,0.0
1787908347.866369,2026-08-28T09:12:27+00:00,http_log_35m_x1,2887725.0,84594.0,4042631432.0,3072820949.0,418.0,2953.0,223575088.0,944095.0,2144.0,0.0,0.0,0.0,0.0,18.0,33.0,646183576.0,2695645696.0,15396499456.0,55837.0,35010498560.0,2322348947.0,0.0,3704.0,6920240.0,5466.0,445257.0,36009.0,0.0,0.0,4702.0,0.0
1787908348.8715038,2026-08-28T09:12:28+00:00,http_log_35m_x1,2887725.0,84594.0,4042631432.0,3072820949.0,418.0,2953.0,223575088.0,944095.0,2144.0,0.0,1.0,0.0,0.0,18.0,36.0,646183576.0,2695645696.0,15396499456.0,55837.0,35010498560.0,2322348947.0,0.0,3704.0,6920240.0,5466.0,445257.0,36009.0,0.0,0.0,4702.0,0.0
1787908349.876579,2026-08-28T09:12:29+00:00,http_log_35m_x1,2887725.0,84594.0,4042631432.0,3072820949.0,418.0,2953.0,223575088.0,944095.0,2144.0,0.0,1.0,0.0,0.0,18.0,36.0,646183576.0,2695645696.0,15396499456.0,55837.0,35010498560.0,2322348947.0,0.0,3704.0,6920240.0,5466.0,445257.0,36009.0,0.0,0.0,4702.0,0.0
1787908350.881692,2026-08-28T09:12:30+00:00,http_log_35m_x1,2887725.0,84594.0,4042631432.0,3075780410.0,418.0,2958.0,223575088.0,968727.0,2055.0,0.0,0.0,0.0,0.0,18.0,36.0,646183576.0,2695645696.0,15396499456.0,55837.0,35010498560.0,2322348947.0,0.0,3704.0,6920240.0,5466.0,445257.0,36009.0,0.0,0.0,4702.0,0.0
1787908351.8867788,2026-08-28T09:12:31+00:00,http_log_35m_x1,2887725.0,84594.0,4042631432.0,3075780410.0,418.0,2958.0,223575088.0,968727.0,2055.0,0.0,0.0,0.0,0.0,18.0,36.0,646183576.0,2695645696.0,15396499456.0,55837.0,35010498560.0,2322348947.0,0.0,3704.0,6920240.0,5466.0,445257.0,36009.0,0.0,0.0,4702.0,0.0
1787908352.890838,2026-08-28T09:12:32+00:00,http_log_35m_x1,2887725.0,84594.0,4042631432.0,3075780410.0,418.0,2958.0,0.0,968727.0,2055.0,0.0,0.0,0.0,0.0,18.0,36.0,423474328.0,2695645696.0,15492386816.0,55968.0,35010498560.0,2322348947.0,0.0,3722.0,6930179.0,5477.0,447201.0,36079.0,0.0,0.0,4720.0,0.0
1787908353.894609,2026-08-28T09:12:33+00:00,http_log_35m_x1,2887725.0,84594.0,4042631432.0,3075780410.0,418.0,2958.0,0.0,968727.0,2055.0,0.0,1.0,0.0,0.0,18.0,37.0,423474328.0,2695645696.0,15492386816.0,55968.0,35010498560.0,2322348947.0,0.0,3722.0,6930179.0,5477.0,447201.0,36079.0,0.0,0.0,4720.0,0.0
1787908354.899702,2026-08-28T09:12:34+00:00,http_log_35m_x1,2887725.0,84594.0,4042631432.0,3075780410.0,418.0,2958.0,0.0,968727.0,2055.0,0.0,1.0,0.0,0.0,18.0,37.0,423474328.0,2695645696.0,15492386816.0,55968.0,35010498560.0,2322348947.0,0.0,3722.0,6930179.0,5477.0,447201.0,36079.0,0.0,0.0,4720.0,0.0
1787908355.900681,2026-08-28T09:12:35+00:00,http_log_35m_x1,2887725.0,84594.0,4042631432.0,3078786470.0,418.0,2963.0,0.0,925511.0,2248.0,0.0,0.0,0.0,0.0,18.0,37.0,423474328.0,2695645696.0,15492386816.0,55968.0,35010498560.0,2322348947.0,0.0,3722.0,6930179.0,5477.0,447201.0,36079.0,0.0,0.0,4720.0,0.0
1787908356.9057431,2026-08-28T09:12:36+00:00,http_log_35m_x1,2887725.0,84594.0,4042631432.0,3078786470.0,418.0,2963.0,0.0,925511.0,2248.0,0.0,0.0,0.0,0.0,18.0,37.0,423474328.0,2695645696.0,15492386816.0,55968.0,35010498560.0,2322348947.0,0.0,3722.0,6930179.0,5477.0,447201.0,36079.0,0.0,0.0,4720.0,0.0
1787908357.907937,2026-08-28T09:12:37+00:00,http_log_35m_x1,2887725.0,84594.0,4042631432.0,3078786470.0,418.0,2963.0,0.0,925511.0,2248.0,0.0,0.0,0.0,0.0,18.0,37.0,423474328.0,2695645696.0,15492386816.0,55968.0,35010498560.0,2322348947.0,0.0,3722.0,6930179.0,5477.0,447201.0,36079.0,0.0,0.0,4720.0,0.0
1787908358.912212,2026-08-28T09:12:38+00:00,http_log_35m_x1,2887725.0,84594.0,4042631432.0,3078786470.0,418.0,2963.0,0.0,925511.0,2248.0,0.0,1.0,0.0,0.0,18.0,39.0,423474328.0,2695645696.0,15492386816.0,55968.0,35010498560.0,2322348947.0,0.0,3722.0,6930179.0,5477.0,447201.0,36079.0,0.0,0.0,4720.0,0.0
1787908359.915543,2026-08-28T09:12:39+00:00,http_log_35m_x1,2887725.0,84594.0,4042631432.0,3078786470.0,418.0,2963.0,0.0,925511.0,2248.0,0.0,1.0,0.0,0.0,18.0,39.0,423474328.0,2695645696.0,15492386816.0,55968.0,35010498560.0,2322348947.0,0.0,3722.0,6930179.0,5477.0,447201.0,36079.0,0.0,0.0,4720.0,0.0
1787908360.916611,2026-08-28T09:12:40+00:00,http_log_35m_x1,2887725.0,84594.0,4042631432.0,3081792391.0,418.0,2968.0,0.0,963127.0,2121.0,0.0,1.0,0.0,0.0,18.0,32.0,423474328.0,2695645696.0,15492386816.0,55968.0,35010498560.0,2322348947.0,0.0,3722.0,6930179.0,5477.0,447201.0,36079.0,0.0,0.0,4720.0,0.0
1787908361.9216719,2026-08-28T09:12:41+00:00,http_log_35m_x1,2887725.0,84594.0,4042631432.0,3081792391.0,418.0,2968.0,0.0,963127.0,2121.0,0.0,1.0,0.0,0.0,18.0,32.0,423474328.0,2695645696.0,15492386816.0,55968.0,35010498560.0,2322348947.0,0.0,3722.0,6930179.0,5477.0,447201.0,36079.0,0.0,0.0,4720.0,0.0
1787908362.9267352,2026-08-28T09:12:42+00:00,http_log_35m_x1,2887725.0,84594.0,4042631432.0,3081792391.0,418.0,2968.0,0.0,963127.0,2121.0,0.0,1.0,0.0,0.0,18.0,32.0,423474328.0,2695645696.0,15492386816.0,55968.0,35010498560.0,2322348947.0,0.0,3722.0,6930179.0,5477.0,447201.0,36079.0,0.0,0.0,4720.0,0.0
1787908363.931793,2026-08-28T09:12:43+00:00,http_log_35m_x1,2887725.0,84594.0,4042631432.0,3081792391.0,418.0,2968.0,0.0,963127.0,2121.0,0.0,2.0,0.0,0.0,18.0,27.0,423474328.0,2695645696.0,15492386816.0,55968.0,35010498560.0,2322348947.0,0.0,3722.0,6930179.0,5477.0,447201.0,36079.0,0.0,0.0,4720.0,0.0
1787908364.934865,2026-08-28T09:12:44+00:00,http_log_35m_x1,2887725.0,84594.0,4042631432.0,3081792391.0,418.0,2968.0,0.0,963127.0,2121.0,0.0,2.0,0.0,0.0,18.0,27.0,423474328.0,2695645696.0,15492386816.0,55968.0,35010498560.0,2322348947.0,0.0,3722.0,6930179.0,5477.0,447201.0,36079.0,0.0,0.0,4720.0,0.0
1787908365.9365602,2026-08-28T09:12:45+00:00,http_log_35m_x1,2887725.0,84594.0,4042631432.0,3081792391.0,418.0,2968.0,0.0,963127.0,2121.0,0.0,2.0,0.0,0.0,18.0,27.0,423474328.0,2695645696.0,15492386816.0,55968.0,35010498560.0,2322348947.0,0.0,3722.0,6930179.0,5477.0,447201.0,36079.0,0.0,0.0,4720.0,0.0
1787908366.9391732,2026-08-28T09:12:46+00:00,http_log_35m_x1,2887725.0,84594.0,4042631432.0,3084816439.0,418.0,2973.0,217657832.0,925634.0,2267.0,0.0,1.0,0.0,0.0,18.0,27.0,668961304.0,2695645696.0,15524462592.0,56046.0,35010498560.0,2322348947.0,0.0,3741.0,6940096.0,5485.0,449174.0,36137.0,0.0,0.0,4738.0,0.0
1787908367.944253,2026-08-28T09:12:47+00:00,http_log_35m_x1,2887725.0,84594.0,4042631432.0,3103581034.0,418.0,2978.0,217657832.0,2686413.0,5985.0,0.0,1.0,0.0,0.0,18.0,34.0,668961304.0,2695645696.0,15524462592.0,56046.0,35010498560.0,2322348947.0,0.0,3741.0,6940096.0,5485.0,449174.0,36137.0,0.0,0.0,4738.0,0.0
1787908368.9493172,2026-08-28T09:12:48+00:00,http_log_35m_x1,2887725.0,84594.0,4042631432.0,3103581034.0,418.0,2978.0,217657832.0,2686413.0,5985.0,0.0,1.0,0.0,0.0,18.0,34.0,668961304.0,2695645696.0,15524462592.0,56046.0,35010498560.0,2322348947.0,0.0,3741.0,6940096.0,5485.0,449174.0,36137.0,0.0,0.0,4738.0,0.0
1787908369.954416,2026-08-28T09:12:49+00:00,http_log_35m_x1,2887725.0,84594.0,4042631432.0,3106521943.0,418.0,2983.0,217657832.0,943809.0,2116.0,0.0,0.0,0.0,0.0,18.0,34.0,668961304.0,2695645696.0,15524462592.0,56046.0,35010498560.0,2322348947.0,0.0,3741.0,6940096.0,5485.0,449174.0,36137.0,0.0,0.0,4738.0,0.0
1787908370.958113,2026-08-28T09:12:50+00:00,http_log_35m_x1,2887725.0,84594.0,4042631432.0,3106521943.0,418.0,2983.0,217657832.0,943809.0,2116.0,0.0,0.0,0.0,0.0,18.0,34.0,668961304.0,2695645696.0,15524462592.0,56046.0,35010498560.0,2322348947.0,0.0,3741.0,6940096.0,5485.0,449174.0,36137.0,0.0,0.0,4738.0,0.0
1787908371.963207,2026-08-28T09:12:51+00:00,http_log_35m_x1,2887725.0,84594.0,4042631432.0,3106521943.0,418.0,2983.0,217657832.0,943809.0,2116.0,0.0,0.0,0.0,0.0,18.0,34.0,668961304.0,2695645696.0,15524462592.0,56046.0,35010498560.0,2322348947.0,0.0,3741.0,6940096.0,5485.0,449174.0,36137.0,0.0,0.0,4738.0,0.0
1787908372.9682639,2026-08-28T09:12:52+00:00,http_log_35m_x1,2887725.0,84594.0,4042631432.0,3106521943.0,418.0,2983.0,217657832.0,943809.0,2116.0,0.0,0.0,0.0,0.0,18.0,34.0,668961304.0,2695645696.0,15524462592.0,56046.0,35010498560.0,2322348947.0,0.0,3741.0,6940096.0,5485.0,449174.0,36137.0,0.0,0.0,4738.0,0.0
1787908373.970334,2026-08-28T09:12:53+00:00,http_log_35m_x1,2887725.0,84594.0,4042631432.0,3106521943.0,418.0,2983.0,217657832.0,943809.0,2116.0,0.0,1.0,0.0,0.0,18.0,36.0,668961304.0,2695645696.0,15524462592.0,56046.0,35010498560.0,2322348947.0,0.0,3741.0,6940096.0,5485.0,449174.0,36137.0,0.0,0.0,4738.0,0.0
1787908374.975414,2026-08-28T09:12:54+00:00,http_log_35m_x1,2887725.0,84594.0,4042631432.0,3106521943.0,418.0,2983.0,217657832.0,943809.0,2116.0,0.0,1.0,0.0,0.0,18.0,36.0,668961304.0,2695645696.0,15524462592.0,56046.0,35010498560.0,2322348947.0,0.0,3741.0,6940096.0,5485.0,449174.0,36137.0,0.0,0.0,4738.0,0.0
1787908375.980504,2026-08-28T09:12:55+00:00,http_log_35m_x1,2887725.0,84594.0,4042631432.0,3109536993.0,418.0,2988.0,217657832.0,1007030.0,1994.0,0.0,0.0,0.0,0.0,18.0,36.0,668961304.0,2695645696.0,15524462592.0,56046.0,35010498560.0,2322348947.0,0.0,3741.0,6940096.0,5485.0,449174.0,36137.0,0.0,0.0,4738.0,0.0
1787908376.9856021,2026-08-28T09:12:56+00:00,http_log_35m_x1,2887725.0,84594.0,4042631432.0,3109536993.0,418.0,2988.0,217657832.0,1007030.0,1994.0,0.0,0.0,0.0,0.0,18.0,36.0,668961304.0,2695645696.0,15524462592.0,56046.0,35010498560.0,2322348947.0,0.0,3741.0,6940096.0,5485.0,449174.0,36137.0,0.0,0.0,4738.0,0.0
1787908377.9906938,2026-08-28T09:12:58+00:00,http_log_35m_x1,2887725.0,84594.0,4042631432.0,3109536993.0,418.0,2988.0,217657832.0,1007030.0,1994.0,0.0,0.0,0.0,0.0,18.0,36.0,668961304.0,2695645696.0,15524462592.0,56046.0,35010498560.0,2322348947.0,0.0,3741.0,6940096.0,5485.0,449174.0,36137.0,0.0,0.0,4738.0,0.0
1787908378.993213,2026-08-28T09:12:59+00:00,http_log_35m_x1,2887725.0,84594.0,4042631432.0,3109536993.0,418.0,2988.0,217657832.0,1007030.0,1994.0,0.0,1.0,0.0,0.0,18.0,37.0,668961304.0,2695645696.0,15524462592.0,56046.0,35010498560.0,2322348947.0,0.0,3741.0,6940096.0,5485.0,449174.0,36137.0,0.0,0.0,4738.0,0.0
1787908379.997747,2026-08-28T09:13:00+00:00,http_log_35m_x1,2887725.0,84594.0,4042631432.0,3109536993.0,418.0,2988.0,217657832.0,1007030.0,1994.0,0.0,1.0,0.0,0.0,18.0,37.0,668961304.0,2695645696.0,15524462592.0,56046.0,35010498560.0,2322348947.0,0.0,3741.0,6940096.0,5485.0,449174.0,36137.0,0.0,0.0,4738.0,0.0
1787908380.9987168,2026-08-28T09:13:01+00:00,http_log_35m_x1,2887725.0,84594.0,4042631432.0,3112458609.0,418.0,2993.0,217657832.0,934917.0,2125.0,0.0,0.0,0.0,0.0,18.0,37.0,668961304.0,2695645696.0,15524462592.0,56046.0,35010498560.0,2322348947.0,0.0,3741.0,6940096.0,5485.0,449174.0,36137.0,0.0,0.0,4738.0,0.0
1787908382.003788,2026-08-28T09:13:02+00:00,http_log_35m_x1,2887725.0,84594.0,4042631432.0,3112458609.0,418.0,2993.0,0.0,934917.0,2125.0,0.0,0.0,0.0,0.0,18.0,37.0,457334392.0,2695645696.0,15585255424.0,56156.0,35010498560.0,2322348947.0,0.0,3762.0,6950736.0,5495.0,450436.0,36190.0,0.0,0.0,4754.0,0.0
1787908383.007186,2026-08-28T09:13:03+00:00,http_log_35m_x1,2887725.0,84594.0,4042631432.0,3112458609.0,418.0,2993.0,0.0,934917.0,2125.0,0.0,0.0,0.0,0.0,18.0,37.0,457334392.0,2695645696.0,15585255424.0,56156.0,34799058944.0,2373720262.0,0.0,3762.0,6950736.0,5495.0,450436.0,36190.0,0.0,0.0,4754.0,0.0
1787908384.0122628,2026-08-28T09:13:04+00:00,http_log_35m_x1,2887725.0,84594.0,4042631432.0,3112458609.0,418.0,2993.0,0.0,934917.0,2125.0,0.0,1.0,0.0,0.0,18.0,38.0,457334392.0,2695645696.0,15585255424.0,56156.0,34799058944.0,2373720262.0,0.0,3762.0,6950736.0,5495.0,450436.0,36190.0,0.0,0.0,4754.0,0.0
1787908385.0171251,2026-08-28T09:13:05+00:00,http_log_35m_x1,2887725.0,84594.0,4042631432.0,3112458609.0,418.0,2993.0,0.0,934917.0,2125.0,0.0,2.0,0.0,0.0,18.0,26.0,457334392.0,2695645696.0,15585255424.0,56156.0,34799058944.0,2373720262.0,0.0,3762.0,6950736.0,5495.0,450436.0,36190.0,0.0,0.0,4754.0,0.0
1787908386.0196779,2026-08-28T09:13:06+00:00,http_log_35m_x1,2887725.0,84594.0,4042631432.0,3115399095.0,418.0,2998.0,0.0,920339.0,2195.0,0.0,1.0,0.0,0.0,18.0,26.0,457334392.0,2695645696.0,15585255424.0,56156.0,34799058944.0,2373720262.0,0.0,3762.0,6950736.0,5495.0,450436.0,36190.0,0.0,0.0,4754.0,0.0
1787908387.024758,2026-08-28T09:13:07+00:00,http_log_35m_x1,2887725.0,84594.0,4042631432.0,3115399095.0,418.0,2998.0,0.0,920339.0,2195.0,0.0,1.0,0.0,0.0,18.0,26.0,457334392.0,2695645696.0,15585255424.0,56156.0,34799058944.0,2373720262.0,0.0,3762.0,6950736.0,5495.0,450436.0,36190.0,0.0,0.0,4754.0,0.0
1787908388.029836,2026-08-28T09:13:08+00:00,http_log_35m_x1,2887725.0,84594.0,4042631432.0,3115399095.0,418.0,2998.0,0.0,920339.0,2195.0,0.0,2.0,0.0,0.0,18.0,20.0,457334392.0,2695645696.0,15585255424.0,56156.0,34799058944.0,2373720262.0,0.0,3762.0,6950736.0,5495.0,450436.0,36190.0,0.0,0.0,4754.0,0.0
1787908389.0350232,2026-08-28T09:13:09+00:00,http_log_35m_x1,2887725.0,84594.0,4042631432.0,3115399095.0,418.0,2998.0,0.0,920339.0,2195.0,0.0,2.0,0.0,0.0,18.0,20.0,457334392.0,2695645696.0,15585255424.0,56156.0,34799058944.0,2373720262.0,0.0,3762.0,6950736.0,5495.0,450436.0,36190.0,0.0,0.0,4754.0,0.0
1787908390.038988,2026-08-28T09:13:10+00:00,http_log_35m_x1,2887725.0,84594.0,4042631432.0,3120583453.0,418.0,3003.0,0.0,1780954.0,1911.0,0.0,1.0,0.0,0.0,18.0,20.0,457334392.0,2695645696.0,15585255424.0,56156.0,34799058944.0,2373720262.0,0.0,3762.0,6950736.0,5495.0,450436.0,36190.0,0.0,0.0,4754.0,0.0
1787908391.039215,2026-08-28T09:13:11+00:00,http_log_35m_x1,2887725.0,84594.0,4042631432.0,3120583453.0,418.0,3003.0,0.0,1780954.0,1911.0,0.0,1.0,0.0,0.0,18.0,20.0,457334392.0,2695645696.0,15585255424.0,56156.0,34799058944.0,2373720262.0,0.0,3762.0,6950736.0,5495.0,450436.0,36190.0,0.0,0.0,4754.0,0.0
1787908392.044354,2026-08-28T09:13:12+00:00,http_log_35m_x1,2887725.0,84594.0,4042631432.0,3120583453.0,418.0,3003.0,0.0,1780954.0,1911.0,0.0,2.0,0.0,0.0,18.0,19.0,457334392.0,2695645696.0,15585255424.0,56156.0,34799058944.0,2373720262.0,0.0,3762.0,6950736.0,5495.0,450436.0,36190.0,0.0,0.0,4754.0,0.0
1787908393.04497,2026-08-28T09:13:13+00:00,http_log_35m_x1,2887725.0,84594.0,4042631432.0,3120583453.0,418.0,3003.0,0.0,1780954.0,1911.0,0.0,2.0,0.0,0.0,18.0,19.0,457334392.0,2695645696.0,15585255424.0,56156.0,34799058944.0,2373720262.0,0.0,3762.0,6950736.0,5495.0,450436.0,36190.0,0.0,0.0,4754.0,0.0
1787908394.0500631,2026-08-28T09:13:14+00:00,http_log_35m_x1,2887725.0,84594.0,4042631432.0,3120583453.0,418.0,3003.0,0.0,1780954.0,1911.0,0.0,2.0,0.0,0.0,18.0,19.0,457334392.0,2695645696.0,15585255424.0,56156.0,34799058944.0,2373720262.0,0.0,3762.0,6950736.0,5495.0,450436.0,36190.0,0.0,0.0,4754.0,0.0
1787908395.0509608,2026-08-28T09:13:15+00:00,http_log_35m_x1,2887725.0,84594.0,4042631432.0,3127962201.0,418.0,3008.0,0.0,2071518.0,2562.0,0.0,1.0,0.0,0.0,18.0,19.0,457334392.0,2695645696.0,15585255424.0,56156.0,34799058944.0,2373720262.0,0.0,3762.0,6950736.0,5495.0,450436.0,36190.0,0.0,0.0,4754.0,0.0
1787908396.053963,2026-08-28T09:13:16+00:00,http_log_35m_x1,2887725.0,84594.0,4042631432.0,3157985609.0,418.0,3013.0,0.0,2592918.0,10579.0,0.0,0.0,0.0,0.0,18.0,19.0,457334392.0,2695645696.0,15585255424.0,56156.0,34799058944.0,2373720262.0,0.0,3762.0,6950736.0,5495.0,450436.0,36190.0,0.0,0.0,4754.0,0.0
1787908397.057778,2026-08-28T09:13:17+00:00,http_log_35m_x1,2887725.0,84594.0,4042631432.0,3157985609.0,418.0,3013.0,327440.0,2592918.0,10579.0,0.0,1.0,0.0,0.0,18.0,35.0,461056976.0,2695645696.0,15672848384.0,56298.0,34799058944.0,2373720262.0,0.0,3782.0,6960146.0,5507.0,452841.0,36272.0,0.0,0.0,4778.0,0.0
1787908398.0628831,2026-08-28T09:13:18+00:00,http_log_35m_x1,2887725.0,84594.0,4042631432.0,3157985609.0,418.0,3013.0,327440.0,2592918.0,10579.0,0.0,1.0,0.0,0.0,18.0,35.0,461056976.0,2695645696.0,15672848384.0,56298.0,34799058944.0,2373720262.0,0.0,3782.0,6960146.0,5507.0,452841.0,36272.0,0.0,0.0,4778.0,0.0
1787908399.067968,2026-08-28T09:13:19+00:00,http_log_35m_x1,2887725.0,84594.0,4042631432.0,3160944587.0,418.0,3018.0,327440.0,914959.0,2234.0,0.0,0.0,0.0,0.0,18.0,35.0,461056976.0,2695645696.0,15672848384.0,56298.0,34799058944.0,2373720262.0,0.0,3782.0,6960146.0,5507.0,452841.0,36272.0,0.0,0.0,4778.0,0.0
1787908400.0730581,2026-08-28T09:13:20+00:00,http_log_35m_x1,2887725.0,84594.0,4042631432.0,3160944587.0,418.0,3018.0,327440.0,914959.0,2234.0,0.0,0.0,0.0,0.0,18.0,35.0,461056976.0,2695645696.0,15672848384.0,56298.0,34799058944.0,2373720262.0,0.0,3782.0,6960146.0,5507.0,452841.0,36272.0,0.0,0.0,4778.0,0.0
1787908401.078143,2026-08-28T09:13:21+00:00,http_log_35m_x1,2887725.0,84594.0,4042631432.0,3160944587.0,418.0,3018.0,327440.0,914959.0,2234.0,0.0,0.0,0.0,0.0,18.0,35.0,461056976.0,2695645696.0,15672848384.0,56298.0,34799058944.0,2373720262.0,0.0,3782.0,6960146.0,5507.0,452841.0,36272.0,0.0,0.0,4778.0,0.0
1787908402.0832262,2026-08-28T09:13:22+00:00,http_log_35m_x1,2887725.0,84594.0,4042631432.0,3160944587.0,418.0,3018.0,327440.0,914959.0,2234.0,0.0,1.0,0.0,0.0,18.0,37.0,461056976.0,2695645696.0,15672848384.0,56298.0,34799058944.0,2373720262.0,0.0,3782.0,6960146.0,5507.0,452841.0,36272.0,0.0,0.0,4778.0,0.0
1787908403.088324,2026-08-28T09:13:23+00:00,http_log_35m_x1,2887725.0,84594.0,4042631432.0,3160944587.0,418.0,3018.0,327440.0,914959.0,2234.0,0.0,1.0,0.0,0.0,18.0,37.0,461056976.0,2695645696.0,15672848384.0,56298.0,34799058944.0,2373720262.0,0.0,3782.0,6960146.0,5507.0,452841.0,36272.0,0.0,0.0,4778.0,0.0
1787908404.093442,2026-08-28T09:13:24+00:00,http_log_35m_x1,2887725.0,84594.0,4042631432.0,3163959155.0,418.0,3023.0,327440.0,966827.0,2118.0,0.0,0.0,0.0,0.0,18.0,37.0,461056976.0,2695645696.0,15672848384.0,56298.0,34799058944.0,2373720262.0,0.0,3782.0,6960146.0,5507.0,452841.0,36272.0,0.0,0.0,4778.0,0.0
1787908405.096009,2026-08-28T09:13:25+00:00,http_log_35m_x1,2887725.0,84594.0,4042631432.0,3163959155.0,418.0,3023.0,327440.0,966827.0,2118.0,0.0,0.0,0.0,0.0,18.0,37.0,461056976.0,2695645696.0,15672848384.0,56298.0,34799058944.0,2373720262.0,0.0,3782.0,6960146.0,5507.0,452841.0,36272.0,0.0,0.0,4778.0,0.0
1787908406.101123,2026-08-28T09:13:26+00:00,http_log_35m_x1,2887725.0,84594.0,4042631432.0,3163959155.0,418.0,3023.0,327440.0,966827.0,2118.0,0.0,0.0,0.0,0.0,18.0,37.0,461056976.0,2695645696.0,15672848384.0,56298.0,34799058944.0,2373720262.0,0.0,3782.0,6960146.0,5507.0,452841.0,36272.0,0.0,0.0,4778.0,0.0
1787908407.106199,2026-08-28T09:13:27+00:00,http_log_35m_x1,2887725.0,84594.0,4042631432.0,3163959155.0,418.0,3023.0,327440.0,966827.0,2118.0,0.0,1.0,0.0,0.0,18.0,39.0,461056976.0,2695645696.0,15672848384.0,56298.0,34799058944.0,2373720262.0,0.0,3782.0,6960146.0,5507.0,452841.0,36272.0,0.0,0.0,4778.0,0.0
1787908408.111275,2026-08-28T09:13:28+00:00,http_log_35m_x1,2887725.0,84594.0,4042631432.0,3163959155.0,418.0,3023.0,327440.0,966827.0,2118.0,0.0,1.0,0.0,0.0,18.0,39.0,461056976.0,2695645696.0,15672848384.0,56298.0,34799058944.0,2373720262.0,0.0,3782.0,6960146.0,5507.0,452841.0,36272.0,0.0,0.0,4778.0,0.0
1787908409.112344,2026-08-28T09:13:29+00:00,http_log_35m_x1,2887725.0,84594.0,4042631432.0,3166992668.0,418.0,3028.0,327440.0,971656.0,2122.0,0.0,0.0,0.0,0.0,18.0,39.0,461056976.0,2695645696.0,15672848384.0,56298.0,34799058944.0,2373720262.0,0.0,3782.0,6960146.0,5507.0,452841.0,36272.0,0.0,0.0,4778.0,0.0
1787908410.117426,2026-08-28T09:13:30+00:00,http_log_35m_x1,2887725.0,84594.0,4042631432.0,3166992668.0,418.0,3028.0,327440.0,971656.0,2122.0,0.0,0.0,0.0,0.0,18.0,39.0,461056976.0,2695645696.0,15672848384.0,56298.0,34799058944.0,2373720262.0,0.0,3782.0,6960146.0,5507.0,452841.0,36272.0,0.0,0.0,4778.0,0.0
1787908411.1225011,2026-08-28T09:13:31+00:00,http_log_35m_x1,2887725.0,84594.0,4042631432.0,3166992668.0,418.0,3028.0,327440.0,971656.0,2122.0,0.0,0.0,0.0,0.0,18.0,39.0,461056976.0,2695645696.0,15672848384.0,56298.0,34799058944.0,2373720262.0,0.0,3782.0,6960146.0,5507.0,452841.0,36272.0,0.0,0.0,4778.0,0.0
1787908412.127578,2026-08-28T09:13:32+00:00,http_log_35m_x1,2887725.0,84594.0,4042631432.0,3166992668.0,418.0,3028.0,1972152.0,971656.0,2122.0,0.0,1.0,0.0,0.0,18.0,41.0,454664832.0,2695645696.0,15706058752.0,56386.0,34799058944.0,2373720262.0,0.0,3800.0,6970766.0,5515.0,454142.0,36320.0,0.0,0.0,4795.0,0.0
1787908413.132679,2026-08-28T09:13:33+00:00,http_log_35m_x1,2887725.0,84594.0,4042631432.0,3166992668.0,418.0,3028.0,1972152.0,971656.0,2122.0,0.0,1.0,0.0,0.0,18.0,41.0,454664832.0,2695645696.0,15706058752.0,56386.0,34799058944.0,2373720262.0,0.0,3800.0,6970766.0,5515.0,454142.0,36320.0,0.0,0.0,4795.0,0.0
1787908414.137752,2026-08-28T09:13:34+00:00,http_log_35m_x1,2887725.0,84594.0,4042631432.0,3169979682.0,418.0,3033.0,1972152.0,967610.0,2087.0,0.0,0.0,0.0,0.0,18.0,41.0,454664832.0,2695645696.0,15706058752.0,56386.0,34799058944.0,2373720262.0,0.0,3800.0,6970766.0,5515.0,454142.0,36320.0,0.0,0.0,4795.0,0.0
1787908415.1411772,2026-08-28T09:13:35+00:00,http_log_35m_x1,2887725.0,84594.0,4042631432.0,3169979682.0,418.0,3033.0,1972152.0,967610.0,2087.0,0.0,0.0,0.0,0.0,18.0,41.0,454664832.0,2695645696.0,15706058752.0,56386.0,34799058944.0,2373720262.0,0.0,3800.0,6970766.0,5515.0,454142.0,36320.0,0.0,0.0,4795.0,0.0
1787908416.1437519,2026-08-28T09:13:36+00:00,http_log_35m_x1,2887725.0,84594.0,4042631432.0,3169979682.0,418.0,3033.0,1972152.0,967610.0,2087.0,0.0,0.0,0.0,0.0,18.0,41.0,454664832.0,2695645696.0,15706058752.0,56386.0,34799058944.0,2373720262.0,0.0,3800.0,6970766.0,5515.0,454142.0,36320.0,0.0,0.0,4795.0,0.0
1787908417.148822,2026-08-28T09:13:37+00:00,http_log_35m_x1,2887725.0,84594.0,4042631432.0,3169979682.0,418.0,3033.0,1972152.0,967610.0,2087.0,0.0,1.0,0.0,0.0,18.0,43.0,454664832.0,2695645696.0,15706058752.0,56386.0,34799058944.0,2373720262.0,0.0,3800.0,6970766.0,5515.0,454142.0,36320.0,0.0,0.0,4795.0,0.0
1787908418.152983,2026-08-28T09:13:38+00:00,http_log_35m_x1,2887725.0,84594.0,4042631432.0,3169979682.0,418.0,3033.0,1972152.0,967610.0,2087.0,0.0,2.0,0.0,0.0,18.0,30.0,454664832.0,2695645696.0,15706058752.0,56386.0,34799058944.0,2373720262.0,0.0,3800.0,6970766.0,5515.0,454142.0,36320.0,0.0,0.0,4795.0,0.0
1787908419.1580632,2026-08-28T09:13:39+00:00,http_log_35m_x1,2887725.0,84594.0,4042631432.0,3172985775.0,418.0,3038.0,1972152.0,897341.0,2350.0,0.0,1.0,0.0,0.0,18.0,30.0,454664832.0,2695645696.0,15706058752.0,56386.0,34799058944.0,2373720262.0,0.0,3800.0,6970766.0,5515.0,454142.0,36320.0,0.0,0.0,4795.0,0.0
1787908420.1631832,2026-08-28T09:13:40+00:00,http_log_35m_x1,2887725.0,84594.0,4042631432.0,3172985775.0,418.0,3038.0,1972152.0,897341.0,2350.0,0.0,1.0,0.0,0.0,18.0,30.0,454664832.0,2695645696.0,15706058752.0,56386.0,34799058944.0,2373720262.0,0.0,3800.0,6970766.0,5515.0,454142.0,36320.0,0.0,0.0,4795.0,0.0
1787908421.166087,2026-08-28T09:13:41+00:00,http_log_35m_x1,2887725.0,84594.0,4042631432.0,3172985775.0,418.0,3038.0,1972152.0,897341.0,2350.0,0.0,2.0,0.0,0.0,18.0,21.0,454664832.0,2695645696.0,15706058752.0,56386.0,34799058944.0,2373720262.0,0.0,3800.0,6970766.0,5515.0,454142.0,36320.0,0.0,0.0,4795.0,0.0
1787908422.170679,2026-08-28T09:13:42+00:00,http_log_35m_x1,2887725.0,84594.0,4042631432.0,3172985775.0,418.0,3038.0,1972152.0,897341.0,2350.0,0.0,2.0,0.0,0.0,18.0,21.0,454664832.0,2695645696.0,15706058752.0,56386.0,34799058944.0,2373720262.0,0.0,3800.0,6970766.0,5515.0,454142.0,36320.0,0.0,0.0,4795.0,0.0
1787908423.175755,2026-08-28T09:13:43+00:00,http_log_35m_x1,2887725.0,84594.0,4042631432.0,3178272886.0,418.0,3043.0,1972152.0,1840275.0,1873.0,0.0,1.0,0.0,0.0,18.0,21.0,454664832.0,2695645696.0,15706058752.0,56386.0,34799058944.0,2373720262.0,0.0,3800.0,6970766.0,5515.0,454142.0,36320.0,0.0,0.0,4795.0,0.0
1787908424.1808388,2026-08-28T09:13:44+00:00,http_log_35m_x1,2887725.0,84594.0,4042631432.0,3196973684.0,418.0,3048.0,1972152.0,2578353.0,6253.0,0.0,0.0,0.0,0.0,18.0,21.0,454664832.0,2695645696.0,15706058752.0,56386.0,34799058944.0,2373720262.0,0.0,3800.0,6970766.0,5515.0,454142.0,36320.0,0.0,0.0,4795.0,0.0
1787908425.1859462,2026-08-28T09:13:45+00:00,http_log_35m_x1,2887725.0,84594.0,4042631432.0,3196973684.0,418.0,3048.0,1972152.0,2578353.0,6253.0,0.0,0.0,0.0,0.0,18.0,21.0,454664832.0,2695645696.0,15706058752.0,56386.0,34799058944.0,2373720262.0,0.0,3800.0,6970766.0,5515.0,454142.0,36320.0,0.0,0.0,4795.0,0.0
1787908426.190999,2026-08-28T09:13:46+00:00,http_log_35m_x1,2887725.0,84594.0,4042631432.0,3196973684.0,418.0,3048.0,1972152.0,2578353.0,6253.0,0.0,1.0,0.0,0.0,18.0,36.0,454664832.0,2695645696.0,15706058752.0,56386.0,34799058944.0,2373720262.0,0.0,3800.0,6970766.0,5515.0,454142.0,36320.0,0.0,0.0,4795.0,0.0
1787908427.196095,2026-08-28T09:13:47+00:00,http_log_35m_x1,2887725.0,84594.0,4042631432.0,3196973684.0,418.0,3048.0,45085592.0,2578353.0,6253.0,0.0,1.0,0.0,0.0,18.0,36.0,476471896.0,2695645696.0,15771734016.0,56499.0,34799058944.0,2373720262.0,0.0,3818.0,6980634.0,5526.0,456170.0,36380.0,0.0,0.0,4811.0,0.0
1787908428.198373,2026-08-28T09:13:48+00:00,http_log_35m_x1,2887725.0,84594.0,4042631432.0,3199969633.0,418.0,3053.0,45085592.0,954427.0,2139.0,0.0,0.0,0.0,0.0,18.0,36.0,476471896.0,2695645696.0,15771734016.0,56499.0,34799058944.0,2373720262.0,0.0,3818.0,6980634.0,5526.0,456170.0,36380.0,0.0,0.0,4811.0,0.0
1787908429.203454,2026-08-28T09:13:49+00:00,http_log_35m_x1,2887725.0,84594.0,4042631432.0,3199969633.0,418.0,3053.0,45085592.0,954427.0,2139.0,0.0,0.0,0.0,0.0,18.0,36.0,476471896.0,2695645696.0,15771734016.0,56499.0,34799058944.0,2373720262.0,0.0,3818.0,6980634.0,5526.0,456170.0,36380.0,0.0,0.0,4811.0,0.0
1787908430.208522,2026-08-28T09:13:50+00:00,http_log_35m_x1,2887725.0,84594.0,4042631432.0,3199969633.0,418.0,3053.0,45085592.0,954427.0,2139.0,0.0,0.0,0.0,0.0,18.0,36.0,476471896.0,2695645696.0,15771734016.0,56499.0,34799058944.0,2373720262.0,0.0,3818.0,6980634.0,5526.0,456170.0,36380.0,0.0,0.0,4811.0,0.0
1787908431.213574,2026-08-28T09:13:51+00:00,http_log_35m_x1,2887725.0,84594.0,4042631432.0,3199969633.0,418.0,3053.0,45085592.0,954427.0,2139.0,0.0,1.0,0.0,0.0,18.0,37.0,476471896.0,2695645696.0,15771734016.0,56499.0,34799058944.0,2373720262.0,0.0,3818.0,6980634.0,5526.0,456170.0,36380.0,0.0,0.0,4811.0,0.0
1787908432.2186801,2026-08-28T09:13:52+00:00,http_log_35m_x1,2887725.0,84594.0,4042631432.0,3199969633.0,418.0,3053.0,45085592.0,954427.0,2139.0,0.0,1.0,0.0,0.0,18.0,37.0,476471896.0,2695645696.0,15771734016.0,56499.0,34799058944.0,2373720262.0,0.0,3818.0,6980634.0,5526.0,456170.0,36380.0,0.0,0.0,4811.0,0.0
1787908433.223734,2026-08-28T09:13:53+00:00,http_log_35m_x1,2887725.0,84594.0,4042631432.0,3202965953.0,418.0,3058.0,45085592.0,890172.0,2366.0,0.0,0.0,0.0,0.0,18.0,37.0,476471896.0,2695645696.0,15771734016.0,56499.0,34799058944.0,2373720262.0,0.0,3818.0,6980634.0,5526.0,456170.0,36380.0,0.0,0.0,4811.0,0.0
1787908434.228811,2026-08-28T09:13:54+00:00,http_log_35m_x1,2887725.0,84594.0,4042631432.0,3202965953.0,418.0,3058.0,45085592.0,890172.0,2366.0,0.0,0.0,0.0,0.0,18.0,37.0,476471896.0,2695645696.0,15771734016.0,56499.0,34799058944.0,2373720262.0,0.0,3818.0,6980634.0,5526.0,456170.0,36380.0,0.0,0.0,4811.0,0.0
1787908435.2338629,2026-08-28T09:13:55+00:00,http_log_35m_x1,2887725.0,84594.0,4042631432.0,3202965953.0,418.0,3058.0,45085592.0,890172.0,2366.0,0.0,0.0,0.0,0.0,18.0,37.0,476471896.0,2695645696.0,15771734016.0,56499.0,34799058944.0,2373720262.0,0.0,3818.0,6980634.0,5526.0,456170.0,36380.0,0.0,0.0,4811.0,0.0
1787908436.237464,2026-08-28T09:13:56+00:00,http_log_35m_x1,2887725.0,84594.0,4042631432.0,3202965953.0,418.0,3058.0,45085592.0,890172.0,2366.0,0.0,1.0,0.0,0.0,18.0,39.0,476471896.0,2695645696.0,15771734016.0,56499.0,34799058944.0,2373720262.0,0.0,3818.0,6980634.0,5526.0,456170.0,36380.0,0.0,0.0,4811.0,0.0
1787908437.243488,2026-08-28T09:13:57+00:00,http_log_35m_x1,2887725.0,84594.0,4042631432.0,3202965953.0,418.0,3058.0,45085592.0,890172.0,2366.0,0.0,1.0,0.0,0.0,18.0,39.0,476471896.0,2695645696.0,15771734016.0,56499.0,34799058944.0,2373720262.0,0.0,3818.0,6980634.0,5526.0,456170.0,36380.0,0.0,0.0,4811.0,0.0
1787908438.248577,2026-08-28T09:13:58+00:00,http_log_35m_x1,2887725.0,84594.0,4042631432.0,3205934477.0,418.0,3063.0,45085592.0,836911.0,2547.0,0.0,0.0,0.0,0.0,18.0,39.0,476471896.0,2695645696.0,15771734016.0,56499.0,34799058944.0,2373720262.0,0.0,3818.0,6980634.0,5526.0,456170.0,36380.0,0.0,0.0,4811.0,0.0
1787908439.253658,2026-08-28T09:13:59+00:00,http_log_35m_x1,2887725.0,84594.0,4042631432.0,3205934477.0,418.0,3063.0,45085592.0,836911.0,2547.0,0.0,0.0,0.0,0.0,18.0,39.0,476471896.0,2695645696.0,15771734016.0,56499.0,34799058944.0,2373720262.0,0.0,3818.0,6980634.0,5526.0,456170.0,36380.0,0.0,0.0,4811.0,0.0
1787908440.258733,2026-08-28T09:14:00+00:00,http_log_35m_x1,2887725.0,84594.0,4042631432.0,3205934477.0,418.0,3063.0,45085592.0,836911.0,2547.0,0.0,0.0,0.0,0.0,18.0,39.0,476471896.0,2695645696.0,15771734016.0,56499.0,34799058944.0,2373720262.0,0.0,3818.0,6980634.0,5526.0,456170.0,36380.0,0.0,0.0,4811.0,0.0
1787908441.263834,2026-08-28T09:14:01+00:00,http_log_35m_x1,2887725.0,84594.0,4042631432.0,3205934477.0,418.0,3063.0,45085592.0,836911.0,2547.0,0.0,1.0,0.0,0.0,18.0,39.0,476471896.0,2695645696.0,15771734016.0,56499.0,34799058944.0,2373720262.0,0.0,3818.0,6980634.0,5526.0,456170.0,36380.0,0.0,0.0,4811.0,0.0
1787908442.265642,2026-08-28T09:14:02+00:00,http_log_35m_x1,2887725.0,84594.0,4042631432.0,3205934477.0,418.0,3063.0,43131328.0,836911.0,2547.0,0.0,2.0,0.0,0.0,18.0,28.0,479109968.0,2695645696.0,15803465728.0,56596.0,34799058944.0,2373720262.0,0.0,3840.0,6991157.0,5534.0,457546.0,36438.0,0.0,0.0,4826.0,0.0
1787908443.270714,2026-08-28T09:14:03+00:00,http_log_35m_x1,2887725.0,84594.0,4042631432.0,3208865427.0,418.0,3068.0,43131328.0,866375.0,2383.0,0.0,1.0,0.0,0.0,18.0,28.0,479109968.0,2695645696.0,15803465728.0,56596.0,34574491648.0,2426464132.0,0.0,3840.0,6991157.0,5534.0,457546.0,36438.0,0.0,0.0,4826.0,0.0
1787908444.275784,2026-08-28T09:14:04+00:00,http_log_35m_x1,2887725.0,84594.0,4042631432.0,3208865427.0,418.0,3068.0,43131328.0,866375.0,2383.0,0.0,1.0,0.0,0.0,18.0,28.0,479109968.0,2695645696.0,15803465728.0,56596.0,34574491648.0,2426464132.0,0.0,3840.0,6991157.0,5534.0,457546.0,36438.0,0.0,0.0,4826.0,0.0
1787908445.27844,2026-08-28T09:14:05+00:00,http_log_35m_x1,2887725.0,84594.0,4042631432.0,3208865427.0,418.0,3068.0,43131328.0,866375.0,2383.0,0.0,2.0,0.0,0.0,18.0,21.0,479109968.0,2695645696.0,15803465728.0,56596.0,34574491648.0,2426464132.0,0.0,3840.0,6991157.0,5534.0,457546.0,36438.0,0.0,0.0,4826.0,0.0
1787908446.283492,2026-08-28T09:14:06+00:00,http_log_35m_x1,2887725.0,84594.0,4042631432.0,3214077697.0,418.0,3073.0,43131328.0,1858206.0,1805.0,0.0,1.0,0.0,0.0,18.0,21.0,479109968.0,2695645696.0,15803465728.0,56596.0,34574491648.0,2426464132.0,0.0,3840.0,6991157.0,5534.0,457546.0,36438.0,0.0,0.0,4826.0,0.0
1787908447.288547,2026-08-28T09:14:07+00:00,http_log_35m_x1,2887725.0,84594.0,4042631432.0,3214077697.0,418.0,3073.0,43131328.0,1858206.0,1805.0,0.0,1.0,0.0,0.0,18.0,21.0,479109968.0,2695645696.0,15803465728.0,56596.0,34574491648.0,2426464132.0,0.0,3840.0,6991157.0,5534.0,457546.0,36438.0,0.0,0.0,4826.0,0.0
1787908448.2936351,2026-08-28T09:14:08+00:00,http_log_35m_x1,2887725.0,84594.0,4042631432.0,3214077697.0,418.0,3073.0,43131328.0,1858206.0,1805.0,0.0,1.0,0.0,0.0,18.0,21.0,479109968.0,2695645696.0,15803465728.0,56596.0,34574491648.0,2426464132.0,0.0,3840.0,6991157.0,5534.0,457546.0,36438.0,0.0,0.0,4826.0,0.0
1787908449.2987032,2026-08-28T09:14:09+00:00,http_log_35m_x1,2887725.0,84594.0,4042631432.0,3214077697.0,418.0,3073.0,43131328.0,1858206.0,1805.0,0.0,2.0,0.0,0.0,18.0,20.0,479109968.0,2695645696.0,15803465728.0,56596.0,34574491648.0,2426464132.0,0.0,3840.0,6991157.0,5534.0,457546.0,36438.0,0.0,0.0,4826.0,0.0
1787908450.3036401,2026-08-28T09:14:10+00:00,http_log_35m_x1,2887725.0,84594.0,4042631432.0,3214077697.0,418.0,3073.0,43131328.0,1858206.0,1805.0,0.0,2.0,0.0,0.0,18.0,20.0,479109968.0,2695645696.0,15803465728.0,56596.0,34574491648.0,2426464132.0,0.0,3840.0,6991157.0,5534.0,457546.0,36438.0,0.0,0.0,4826.0,0.0
1787908451.3082502,2026-08-28T09:14:11+00:00,http_log_35m_x1,2887725.0,84594.0,4042631432.0,3221577605.0,418.0,3078.0,43131328.0,2073516.0,2617.0,0.0,1.0,0.0,0.0,18.0,20.0,479109968.0,2695645696.0,15803465728.0,56596.0,34574491648.0,2426464132.0,0.0,3840.0,6991157.0,5534.0,457546.0,36438.0,0.0,0.0,4826.0,0.0
1787908452.312862,2026-08-28T09:14:12+00:00,http_log_35m_x1,2887725.0,84594.0,4042631432.0,3221577605.0,418.0,3078.0,43131328.0,2073516.0,2617.0,0.0,1.0,0.0,0.0,18.0,20.0,479109968.0,2695645696.0,15803465728.0,56596.0,34574491648.0,2426464132.0,0.0,3840.0,6991157.0,5534.0,457546.0,36438.0,0.0,0.0,4826.0,0.0
1787908453.317929,2026-08-28T09:14:13+00:00,http_log_35m_x1,2887725.0,84594.0,4042631432.0,3253895650.0,418.0,3083.0,43131328.0,2632405.0,11277.0,0.0,0.0,0.0,0.0,18.0,20.0,479109968.0,2695645696.0,15803465728.0,56596.0,34574491648.0,2426464132.0,0.0,3840.0,6991157.0,5534.0,457546.0,36438.0,0.0,0.0,4826.0,0.0
1787908454.3230138,2026-08-28T09:14:14+00:00,http_log_35m_x1,2887725.0,84594.0,4042631432.0,3253895650.0,418.0,3083.0,43131328.0,2632405.0,11277.0,0.0,1.0,0.0,0.0,18.0,37.0,479109968.0,2695645696.0,15803465728.0,56596.0,34574491648.0,2426464132.0,0.0,3840.0,6991157.0,5534.0,457546.0,36438.0,0.0,0.0,4826.0,0.0
1787908455.328079,2026-08-28T09:14:15+00:00,http_log_35m_x1,2887725.0,84594.0,4042631432.0,3253895650.0,418.0,3083.0,43131328.0,2632405.0,11277.0,1.0,1.0,0.0,0.0,25.0,37.0,479109968.0,2695645696.0,15803465728.0,56596.0,34574491648.0,2426464132.0,0.0,3840.0,6991157.0,5534.0,457546.0,36438.0,0.0,0.0,4826.0,0.0
1787908456.3325582,2026-08-28T09:14:16+00:00,http_log_35m_x1,2887725.0,84594.0,4042631432.0,3256901556.0,418.0,3088.0,43131328.0,884870.0,2397.0,1.0,0.0,0.0,0.0,25.0,37.0,479109968.0,2695645696.0,15803465728.0,56596.0,34574491648.0,2426464132.0,0.0,3840.0,6991157.0,5534.0,457546.0,36438.0,0.0,0.0,4826.0,0.0
1787908457.337643,2026-08-28T09:14:17+00:00,http_log_35m_x1,2887725.0,84594.0,4042631432.0,3256901556.0,418.0,3088.0,597066832.0,884870.0,2397.0,1.0,0.0,0.0,0.0,25.0,37.0,1032533424.0,2695645696.0,15901859840.0,56738.0,34574491648.0,2426464132.0,0.0,3859.0,7000100.0,5547.0,460427.0,36574.0,0.0,0.0,4846.0,0.0
1787908458.342705,2026-08-28T09:14:18+00:00,http_log_35m_x1,2887725.0,84594.0,4042631432.0,3256901556.0,418.0,3088.0,597066832.0,884870.0,2397.0,1.0,1.0,0.0,0.0,25.0,28.0,1032533424.0,2695645696.0,15901859840.0,56738.0,34574491648.0,2426464132.0,0.0,3859.0,7000100.0,5547.0,460427.0,36574.0,0.0,0.0,4846.0,0.0
1787908459.347798,2026-08-28T09:14:19+00:00,http_log_35m_x1,2887725.0,84594.0,4042631432.0,3256901556.0,418.0,3088.0,597066832.0,884870.0,2397.0,1.0,1.0,0.0,0.0,25.0,28.0,1032533424.0,2695645696.0,15901859840.0,56738.0,34574491648.0,2426464132.0,0.0,3859.0,7000100.0,5547.0,460427.0,36574.0,0.0,0.0,4846.0,0.0
1787908460.349917,2026-08-28T09:14:20+00:00,http_log_35m_x1,2887725.0,84594.0,4042631432.0,3256901556.0,418.0,3088.0,597066832.0,884870.0,2397.0,1.0,1.0,0.0,0.0,25.0,28.0,1032533424.0,2695645696.0,15901859840.0,56738.0,34574491648.0,2426464132.0,0.0,3859.0,7000100.0,5547.0,460427.0,36574.0,0.0,0.0,4846.0,0.0
1787908461.354976,2026-08-28T09:14:21+00:00,http_log_35m_x1,2887725.0,84594.0,4042631432.0,3259879777.0,418.0,3093.0,597066832.0,866265.0,2438.0,1.0,0.0,0.0,0.0,25.0,28.0,1032533424.0,2695645696.0,15901859840.0,56738.0,34574491648.0,2426464132.0,0.0,3859.0,7000100.0,5547.0,460427.0,36574.0,0.0,0.0,4846.0,0.0
1787908462.360032,2026-08-28T09:14:22+00:00,http_log_35m_x1,2887725.0,84594.0,4042631432.0,3259879777.0,418.0,3093.0,597066832.0,866265.0,2438.0,1.0,0.0,0.0,0.0,25.0,28.0,1032533424.0,2695645696.0,15901859840.0,56738.0,34574491648.0,2426464132.0,0.0,3859.0,7000100.0,5547.0,460427.0,36574.0,0.0,0.0,4846.0,0.0
1787908463.364618,2026-08-28T09:14:23+00:00,http_log_35m_x1,2887725.0,84594.0,4042631432.0,3259879777.0,418.0,3093.0,597066832.0,866265.0,2438.0,1.0,1.0,0.0,0.0,25.0,31.0,1032533424.0,2695645696.0,15901859840.0,56738.0,34574491648.0,2426464132.0,0.0,3859.0,7000100.0,5547.0,460427.0,36574.0,0.0,0.0,4846.0,0.0
1787908464.3679302,2026-08-28T09:14:24+00:00,http_log_35m_x1,2887725.0,84594.0,4042631432.0,3259879777.0,418.0,3093.0,597066832.0,866265.0,2438.0,1.0,1.0,0.0,0.0,25.0,31.0,1032533424.0,2695645696.0,15901859840.0,56738.0,34574491648.0,2426464132.0,0.0,3859.0,7000100.0,5547.0,460427.0,36574.0,0.0,0.0,4846.0,0.0
1787908465.373009,2026-08-28T09:14:25+00:00,http_log_35m_x1,2887725.0,84594.0,4042631432.0,3259879777.0,418.0,3093.0,597066832.0,866265.0,2438.0,1.0,1.0,0.0,0.0,25.0,31.0,1032533424.0,2695645696.0,15901859840.0,56738.0,34574491648.0,2426464132.0,0.0,3859.0,7000100.0,5547.0,460427.0,36574.0,0.0,0.0,4846.0,0.0
1787908466.37807,2026-08-28T09:14:26+00:00,http_log_35m_x1,2887725.0,84594.0,4042631432.0,3262867358.0,418.0,3098.0,597066832.0,929841.0,2213.0,1.0,0.0,0.0,0.0,25.0,31.0,1032533424.0,2695645696.0,15901859840.0,56738.0,34574491648.0,2426464132.0,0.0,3859.0,7000100.0,5547.0,460427.0,36574.0,0.0,0.0,4846.0,0.0
1787908467.383135,2026-08-28T09:14:27+00:00,http_log_35m_x1,2887725.0,84594.0,4042631432.0,3262867358.0,418.0,3098.0,597066832.0,929841.0,2213.0,1.0,0.0,0.0,0.0,25.0,31.0,1032533424.0,2695645696.0,15901859840.0,56738.0,34574491648.0,2426464132.0,0.0,3859.0,7000100.0,5547.0,460427.0,36574.0,0.0,0.0,4846.0,0.0
1787908468.388204,2026-08-28T09:14:28+00:00,http_log_35m_x1,2887725.0,84594.0,4042631432.0,3262867358.0,418.0,3098.0,597066832.0,929841.0,2213.0,1.0,1.0,0.0,0.0,25.0,32.0,1032533424.0,2695645696.0,15901859840.0,56738.0,34574491648.0,2426464132.0,0.0,3859.0,7000100.0,5547.0,460427.0,36574.0,0.0,0.0,4846.0,0.0
1787908469.393281,2026-08-28T09:14:29+00:00,http_log_35m_x1,2887725.0,84594.0,4042631432.0,3262867358.0,418.0,3098.0,597066832.0,929841.0,2213.0,1.0,1.0,0.0,0.0,25.0,32.0,1032533424.0,2695645696.0,15901859840.0,56738.0,34574491648.0,2426464132.0,0.0,3859.0,7000100.0,5547.0,460427.0,36574.0,0.0,0.0,4846.0,0.0
1787908470.398369,2026-08-28T09:14:30+00:00,http_log_35m_x1,2887725.0,84594.0,4042631432.0,3262867358.0,418.0,3098.0,597066832.0,929841.0,2213.0,1.0,1.0,0.0,0.0,25.0,32.0,1032533424.0,2695645696.0,15901859840.0,56738.0,34574491648.0,2426464132.0,0.0,3859.0,7000100.0,5547.0,460427.0,36574.0,0.0,0.0,4846.0,0.0
1787908471.4031801,2026-08-28T09:14:31+00:00,http_log_35m_x1,2887725.0,84594.0,4042631432.0,3265816773.0,418.0,3103.0,1002610928.0,908630.0,2246.0,1.0,1.0,0.0,0.0,25.0,28.0,1438240560.0,2695645696.0,15934824448.0,56824.0,34574491648.0,2426464132.0,0.0,3878.0,7009058.0,5556.0,463337.0,36667.0,0.0,0.0,4864.0,0.0
1787908472.408245,2026-08-28T09:14:32+00:00,http_log_35m_x1,2887725.0,84594.0,4042631432.0,3265816773.0,418.0,3103.0,1002610928.0,908630.0,2246.0,1.0,1.0,0.0,0.0,25.0,28.0,1438240560.0,2695645696.0,15934824448.0,56824.0,34574491648.0,2426464132.0,0.0,3878.0,7009058.0,5556.0,463337.0,36667.0,0.0,0.0,4864.0,0.0
1787908473.4133198,2026-08-28T09:14:33+00:00,http_log_35m_x1,2887725.0,84594.0,4042631432.0,3265816773.0,418.0,3103.0,1002610928.0,908630.0,2246.0,1.0,2.0,0.0,0.0,25.0,19.0,1438240560.0,2695645696.0,15934824448.0,56824.0,34574491648.0,2426464132.0,0.0,3878.0,7009058.0,5556.0,463337.0,36667.0,0.0,0.0,4864.0,0.0
1787908474.419183,2026-08-28T09:14:34+00:00,http_log_35m_x1,2887725.0,84594.0,4042631432.0,3265816773.0,418.0,3103.0,1002610928.0,908630.0,2246.0,1.0,2.0,0.0,0.0,25.0,19.0,1438240560.0,2695645696.0,15934824448.0,56824.0,34574491648.0,2426464132.0,0.0,3878.0,7009058.0,5556.0,463337.0,36667.0,0.0,0.0,4864.0,0.0
1787908475.424267,2026-08-28T09:14:35+00:00,http_log_35m_x1,2887725.0,84594.0,4042631432.0,3265816773.0,418.0,3103.0,1002610928.0,908630.0,2246.0,1.0,2.0,0.0,0.0,25.0,19.0,1438240560.0,2695645696.0,15934824448.0,56824.0,34574491648.0,2426464132.0,0.0,3878.0,7009058.0,5556.0,463337.0,36667.0,0.0,0.0,4864.0,0.0
1787908476.425032,2026-08-28T09:14:36+00:00,http_log_35m_x1,2887725.0,84594.0,4042631432.0,3268813483.0,418.0,3108.0,1002610928.0,857182.0,2496.0,1.0,1.0,0.0,0.0,25.0,19.0,1438240560.0,2695645696.0,15934824448.0,56824.0,34574491648.0,2426464132.0,0.0,3878.0,7009058.0,5556.0,463337.0,36667.0,0.0,0.0,4864.0,0.0
1787908477.430093,2026-08-28T09:14:37+00:00,http_log_35m_x1,2887725.0,84594.0,4042631432.0,3268813483.0,418.0,3108.0,1002610928.0,857182.0,2496.0,1.0,2.0,0.0,0.0,25.0,12.0,1438240560.0,2695645696.0,15934824448.0,56824.0,34574491648.0,2426464132.0,0.0,3878.0,7009058.0,5556.0,463337.0,36667.0,0.0,0.0,4864.0,0.0
1787908478.432641,2026-08-28T09:14:38+00:00,http_log_35m_x1,2887725.0,84594.0,4042631432.0,3287560630.0,418.0,3113.0,1002610928.0,2400095.0,6811.0,1.0,1.0,0.0,0.0,25.0,12.0,1438240560.0,2695645696.0,15934824448.0,56824.0,34574491648.0,2426464132.0,0.0,3878.0,7009058.0,5556.0,463337.0,36667.0,0.0,0.0,4864.0,0.0
1787908479.4377248,2026-08-28T09:14:39+00:00,http_log_35m_x1,2887725.0,84594.0,4042631432.0,3292792118.0,418.0,3118.0,1002610928.0,1847276.0,1832.0,1.0,0.0,0.0,0.0,25.0,12.0,1438240560.0,2695645696.0,15934824448.0,56824.0,34574491648.0,2426464132.0,0.0,3878.0,7009058.0,5556.0,463337.0,36667.0,0.0,0.0,4864.0,0.0
1787908480.4427881,2026-08-28T09:14:40+00:00,http_log_35m_x1,2887725.0,84594.0,4042631432.0,3292792118.0,418.0,3118.0,1002610928.0,1847276.0,1832.0,1.0,0.0,0.0,0.0,25.0,12.0,1438240560.0,2695645696.0,15934824448.0,56824.0,34574491648.0,2426464132.0,0.0,3878.0,7009058.0,5556.0,463337.0,36667.0,0.0,0.0,4864.0,0.0
1787908481.447851,2026-08-28T09:14:41+00:00,http_log_35m_x1,2887725.0,84594.0,4042631432.0,3292792118.0,418.0,3118.0,1002610928.0,1847276.0,1832.0,1.0,0.0,0.0,0.0,25.0,12.0,1438240560.0,2695645696.0,15934824448.0,56824.0,34574491648.0,2426464132.0,0.0,3878.0,7009058.0,5556.0,463337.0,36667.0,0.0,0.0,4864.0,0.0
1787908482.4529438,2026-08-28T09:14:42+00:00,http_log_35m_x1,2887725.0,84594.0,4042631432.0,3292792118.0,418.0,3118.0,1002610928.0,1847276.0,1832.0,1.0,1.0,0.0,0.0,25.0,27.0,1438240560.0,2695645696.0,15934824448.0,56824.0,34574491648.0,2426464132.0,0.0,3878.0,7009058.0,5556.0,463337.0,36667.0,0.0,0.0,4864.0,0.0
1787908483.458009,2026-08-28T09:14:43+00:00,http_log_35m_x1,2887725.0,84594.0,4042631432.0,3292792118.0,418.0,3118.0,1002610928.0,1847276.0,1832.0,1.0,1.0,0.0,0.0,25.0,27.0,1438240560.0,2695645696.0,15934824448.0,56824.0,34574491648.0,2426464132.0,0.0,3878.0,7009058.0,5556.0,463337.0,36667.0,0.0,0.0,4864.0,0.0
1787908484.463083,2026-08-28T09:14:44+00:00,http_log_35m_x1,2887725.0,84594.0,4042631432.0,3295751473.0,418.0,3123.0,1002610928.0,915642.0,2232.0,1.0,0.0,0.0,0.0,25.0,27.0,1438240560.0,2695645696.0,15934824448.0,56824.0,34574491648.0,2426464132.0,0.0,3878.0,7009058.0,5556.0,463337.0,36667.0,0.0,0.0,4864.0,0.0
1787908485.4681642,2026-08-28T09:14:45+00:00,http_log_35m_x1,2887725.0,84594.0,4042631432.0,3295751473.0,418.0,3123.0,1002610928.0,915642.0,2232.0,1.0,0.0,0.0,0.0,25.0,27.0,1438240560.0,2695645696.0,15934824448.0,56824.0,34574491648.0,2426464132.0,0.0,3878.0,7009058.0,5556.0,463337.0,36667.0,0.0,0.0,4864.0,0.0
1787908486.4732249,2026-08-28T09:14:46+00:00,http_log_35m_x1,2887725.0,84594.0,4042631432.0,3295751473.0,418.0,3123.0,1470918608.0,915642.0,2232.0,1.0,0.0,0.0,0.0,25.0,27.0,1906340736.0,2695645696.0,16202379264.0,56987.0,34574491648.0,2426464132.0,1.0,3896.0,7017345.0,5573.0,466892.0,36773.0,0.0,0.0,4886.0,0.0
1787908487.4784498,2026-08-28T09:14:47+00:00,http_log_35m_x1,2887725.0,84594.0,4042631432.0,3295751473.0,418.0,3123.0,1470918608.0,915642.0,2232.0,1.0,1.0,0.0,0.0,25.0,28.0,1906340736.0,2695645696.0,16202379264.0,56987.0,34574491648.0,2426464132.0,1.0,3896.0,7017345.0,5573.0,466892.0,36773.0,0.0,0.0,4886.0,0.0
1787908488.48354,2026-08-28T09:14:48+00:00,http_log_35m_x1,2887725.0,84594.0,4042631432.0,3295751473.0,418.0,3123.0,1470918608.0,915642.0,2232.0,1.0,1.0,0.0,0.0,25.0,28.0,1906340736.0,2695645696.0,16202379264.0,56987.0,34574491648.0,2426464132.0,1.0,3896.0,7017345.0,5573.0,466892.0,36773.0,0.0,0.0,4886.0,0.0
1787908489.4870348,2026-08-28T09:14:49+00:00,http_log_35m_x1,2887725.0,84594.0,4042631432.0,3298710846.0,418.0,3128.0,1470918608.0,903073.0,2277.0,1.0,0.0,0.0,0.0,25.0,28.0,1906340736.0,2695645696.0,16202379264.0,56987.0,34574491648.0,2426464132.0,1.0,3896.0,7017345.0,5573.0,466892.0,36773.0,0.0,0.0,4886.0,0.0
1787908490.497943,2026-08-28T09:14:50+00:00,http_log_35m_x1,2887725.0,84594.0,4042631432.0,3298710846.0,418.0,3128.0,1470918608.0,903073.0,2277.0,1.0,0.0,0.0,0.0,25.0,28.0,1906340736.0,2695645696.0,16202379264.0,56987.0,34574491648.0,2426464132.0,1.0,3896.0,7017345.0,5573.0,466892.0,36773.0,0.0,0.0,4886.0,0.0
1787908491.499768,2026-08-28T09:14:51+00:00,http_log_35m_x1,2887725.0,84594.0,4042631432.0,3298710846.0,418.0,3128.0,1470918608.0,903073.0,2277.0,1.0,0.0,0.0,0.0,25.0,28.0,1906340736.0,2695645696.0,16202379264.0,56987.0,34574491648.0,2426464132.0,1.0,3896.0,7017345.0,5573.0,466892.0,36773.0,0.0,0.0,4886.0,0.0
1787908492.510077,2026-08-28T09:14:52+00:00,http_log_35m_x1,2887725.0,84594.0,4042631432.0,3298710846.0,418.0,3128.0,1470918608.0,903073.0,2277.0,1.0,1.0,0.0,0.0,25.0,30.0,1906340736.0,2695645696.0,16202379264.0,56987.0,34574491648.0,2426464132.0,1.0,3896.0,7017345.0,5573.0,466892.0,36773.0,0.0,0.0,4886.0,0.0
1787908493.5142121,2026-08-28T09:14:53+00:00,http_log_35m_x1,2887725.0,84594.0,4042631432.0,3298710846.0,418.0,3128.0,1470918608.0,903073.0,2277.0,1.0,1.0,0.0,0.0,25.0,30.0,1906340736.0,2695645696.0,16202379264.0,56987.0,34574491648.0,2426464132.0,1.0,3896.0,7017345.0,5573.0,466892.0,36773.0,0.0,0.0,4886.0,0.0
1787908494.517208,2026-08-28T09:14:54+00:00,http_log_35m_x1,2887725.0,84594.0,4042631432.0,3298710846.0,418.0,3128.0,1470918608.0,903073.0,2277.0,1.0,1.0,0.0,0.0,25.0,30.0,1906340736.0,2695645696.0,16202379264.0,56987.0,34574491648.0,2426464132.0,1.0,3896.0,7017345.0,5573.0,466892.0,36773.0,0.0,0.0,4886.0,0.0
1787908495.5222871,2026-08-28T09:14:55+00:00,http_log_35m_x1,2887725.0,84594.0,4042631432.0,3301745397.0,418.0,3133.0,1470918608.0,783312.0,2874.0,1.0,0.0,0.0,0.0,25.0,30.0,1906340736.0,2695645696.0,16202379264.0,56987.0,34574491648.0,2426464132.0,1.0,3896.0,7017345.0,5573.0,466892.0,36773.0,0.0,0.0,4886.0,0.0
1787908496.5271559,2026-08-28T09:14:56+00:00,http_log_35m_x1,2887725.0,84594.0,4042631432.0,3301745397.0,418.0,3133.0,1470918608.0,783312.0,2874.0,1.0,0.0,0.0,0.0,25.0,30.0,1906340736.0,2695645696.0,16202379264.0,56987.0,34574491648.0,2426464132.0,1.0,3896.0,7017345.0,5573.0,466892.0,36773.0,0.0,0.0,4886.0,0.0
1787908497.53224,2026-08-28T09:14:57+00:00,http_log_35m_x1,2887725.0,84594.0,4042631432.0,3301745397.0,418.0,3133.0,1470918608.0,783312.0,2874.0,1.0,1.0,0.0,0.0,25.0,31.0,1906340736.0,2695645696.0,16202379264.0,56987.0,34574491648.0,2426464132.0,1.0,3896.0,7017345.0,5573.0,466892.0,36773.0,0.0,0.0,4886.0,0.0
1787908498.537363,2026-08-28T09:14:58+00:00,http_log_35m_x1,2887725.0,84594.0,4042631432.0,3301745397.0,418.0,3133.0,1470918608.0,783312.0,2874.0,1.0,2.0,0.0,0.0,25.0,19.0,1906340736.0,2695645696.0,16202379264.0,56987.0,34574491648.0,2426464132.0,1.0,3896.0,7017345.0,5573.0,466892.0,36773.0,0.0,0.0,4886.0,0.0
1787908499.538273,2026-08-28T09:14:59+00:00,http_log_35m_x1,20030.0,6.0,4042678383.0,3304741822.0,433.0,3138.0,1470918608.0,868528.0,2450.0,1.0,1.0,0.0,0.0,28.0,19.0,1906340736.0,2695645696.0,16202379264.0,56987.0,34574491648.0,2426464132.0,1.0,3896.0,7017345.0,5573.0,466892.0,36773.0,0.0,0.0,4886.0,0.0
1787908500.542739,2026-08-28T09:15:00+00:00,http_log_35m_x1,20030.0,6.0,4042678383.0,3304741822.0,433.0,3138.0,1470918608.0,868528.0,2450.0,1.0,1.0,0.0,0.0,28.0,19.0,1906340736.0,2695645696.0,16202379264.0,56987.0,34574491648.0,2426464132.0,1.0,3896.0,7017345.0,5573.0,466892.0,36773.0,0.0,0.0,4886.0,0.0
1787908501.5478752,2026-08-28T09:15:01+00:00,http_log_35m_x1,20030.0,6.0,4042678383.0,3304741822.0,433.0,3138.0,2048322512.0,868528.0,2450.0,1.0,2.0,0.0,0.0,28.0,12.0,2483510384.0,2695645696.0,16235364352.0,57097.0,34574491648.0,2426464132.0,0.0,3922.0,7025854.0,5585.0,470172.0,36887.0,0.0,0.0,4905.0,0.0
1787908502.552453,2026-08-28T09:15:02+00:00,http_log_35m_x1,20030.0,6.0,4042678383.0,3304741822.0,433.0,3138.0,2048322512.0,868528.0,2450.0,1.0,2.0,0.0,0.0,28.0,12.0,2483510384.0,2695645696.0,16235364352.0,57097.0,34154860544.0,2478488798.0,0.0,3922.0,7025854.0,5585.0,470172.0,36887.0,0.0,0.0,4905.0,0.0
1787908503.557546,2026-08-28T09:15:03+00:00,http_log_35m_x1,20030.0,6.0,4042678383.0,3309964054.0,433.0,3143.0,2048322512.0,1774458.0,1943.0,1.0,1.0,0.0,0.0,28.0,12.0,2483510384.0,2695645696.0,16235364352.0,57097.0,34154860544.0,2478488798.0,0.0,3922.0,7025854.0,5585.0,470172.0,36887.0,0.0,0.0,4905.0,0.0
1787908504.562643,2026-08-28T09:15:04+00:00,http_log_35m_x1,20030.0,6.0,4042678383.0,3309964054.0,433.0,3143.0,2048322512.0,1774458.0,1943.0,1.0,1.0,0.0,0.0,28.0,12.0,2483510384.0,2695645696.0,16235364352.0,57097.0,34154860544.0,2478488798.0,0.0,3922.0,7025854.0,5585.0,470172.0,36887.0,0.0,0.0,4905.0,0.0
1787908505.564737,2026-08-28T09:15:05+00:00,http_log_35m_x1,20030.0,6.0,4042678383.0,3309964054.0,433.0,3143.0,2048322512.0,1774458.0,1943.0,1.0,1.0,0.0,0.0,28.0,12.0,2483510384.0,2695645696.0,16235364352.0,57097.0,34154860544.0,2478488798.0,0.0,3922.0,7025854.0,5585.0,470172.0,36887.0,0.0,0.0,4905.0,0.0
1787908506.566071,2026-08-28T09:15:06+00:00,http_log_35m_x1,20030.0,6.0,4042678383.0,3309964054.0,433.0,3143.0,2048322512.0,1774458.0,1943.0,1.0,2.0,0.0,0.0,28.0,13.0,2483510384.0,2695645696.0,16235364352.0,57097.0,34154860544.0,2478488798.0,0.0,3922.0,7025854.0,5585.0,470172.0,36887.0,0.0,0.0,4905.0,0.0
1787908507.5667121,2026-08-28T09:15:07+00:00,http_log_35m_x1,20030.0,6.0,4042678383.0,3309964054.0,433.0,3143.0,2048322512.0,1774458.0,1943.0,1.0,2.0,0.0,0.0,28.0,13.0,2483510384.0,2695645696.0,16235364352.0,57097.0,34154860544.0,2478488798.0,0.0,3922.0,7025854.0,5585.0,470172.0,36887.0,0.0,0.0,4905.0,0.0
1787908508.571765,2026-08-28T09:15:08+00:00,http_log_35m_x1,20030.0,6.0,4042678383.0,3309964054.0,433.0,3143.0,2048322512.0,1774458.0,1943.0,1.0,2.0,0.0,0.0,28.0,13.0,2483510384.0,2695645696.0,16235364352.0,57097.0,34154860544.0,2478488798.0,0.0,3922.0,7025854.0,5585.0,470172.0,36887.0,0.0,0.0,4905.0,0.0
1787908509.574987,2026-08-28T09:15:09+00:00,http_log_35m_x1,20030.0,6.0,4042678383.0,3317978294.0,433.0,3149.0,2048322512.0,2078381.0,2856.0,1.0,1.0,0.0,0.0,28.0,13.0,2483510384.0,2695645696.0,16235364352.0,57097.0,34154860544.0,2478488798.0,0.0,3922.0,7025854.0,5585.0,470172.0,36887.0,0.0,0.0,4905.0,0.0
1787908510.577307,2026-08-28T09:15:10+00:00,http_log_35m_x1,20030.0,6.0,4042678383.0,3350281933.0,433.0,3154.0,2048322512.0,2452819.0,12170.0,1.0,0.0,0.0,0.0,28.0,13.0,2483510384.0,2695645696.0,16235364352.0,57097.0,34154860544.0,2478488798.0,0.0,3922.0,7025854.0,5585.0,470172.0,36887.0,0.0,0.0,4905.0,0.0
1787908511.5823739,2026-08-28T09:15:11+00:00,http_log_35m_x1,20030.0,6.0,4042678383.0,3350281933.0,433.0,3154.0,2048322512.0,2452819.0,12170.0,1.0,1.0,0.0,0.0,28.0,27.0,2483510384.0,2695645696.0,16235364352.0,57097.0,34154860544.0,2478488798.0,0.0,3922.0,7025854.0,5585.0,470172.0,36887.0,0.0,0.0,4905.0,0.0
1787908512.58709,2026-08-28T09:15:12+00:00,http_log_35m_x1,20030.0,6.0,4042678383.0,3350281933.0,433.0,3154.0,2048322512.0,2452819.0,12170.0,1.0,1.0,0.0,0.0,28.0,27.0,2483510384.0,2695645696.0,16235364352.0,57097.0,34154860544.0,2478488798.0,0.0,3922.0,7025854.0,5585.0,470172.0,36887.0,0.0,0.0,4905.0,0.0
1787908513.590761,2026-08-28T09:15:13+00:00,http_log_35m_x1,20030.0,6.0,4042678383.0,3353278687.0,433.0,3159.0,2048322512.0,921227.0,2253.0,1.0,0.0,0.0,0.0,28.0,27.0,2483510384.0,2695645696.0,16235364352.0,57097.0,34154860544.0,2478488798.0,0.0,3922.0,7025854.0,5585.0,470172.0,36887.0,0.0,0.0,4905.0,0.0
1787908514.5958421,2026-08-28T09:15:14+00:00,http_log_35m_x1,20030.0,6.0,4042678383.0,3353278687.0,433.0,3159.0,2048322512.0,921227.0,2253.0,1.0,0.0,0.0,0.0,28.0,27.0,2483510384.0,2695645696.0,16235364352.0,57097.0,34154860544.0,2478488798.0,0.0,3922.0,7025854.0,5585.0,470172.0,36887.0,0.0,0.0,4905.0,0.0
1787908515.600848,2026-08-28T09:15:15+00:00,http_log_35m_x1,20030.0,6.0,4042678383.0,3353278687.0,433.0,3159.0,2048322512.0,921227.0,2253.0,1.0,1.0,0.0,0.0,28.0,20.0,2483510384.0,2695645696.0,16235364352.0,57097.0,34154860544.0,2478488798.0,0.0,3922.0,7025854.0,5585.0,470172.0,36887.0,0.0,0.0,4905.0,0.0
1787908516.6054358,2026-08-28T09:15:16+00:00,http_log_35m_x1,20030.0,6.0,4042678383.0,3353278687.0,433.0,3159.0,2346323944.0,921227.0,2253.0,1.0,1.0,0.0,0.0,28.0,20.0,2781237328.0,2695645696.0,16327909376.0,57247.0,34154860544.0,2478488798.0,1.0,3940.0,7033807.0,5599.0,474054.0,37005.0,0.0,0.0,4926.0,0.0
1787908517.610511,2026-08-28T09:15:17+00:00,http_log_35m_x1,20030.0,6.0,4042678383.0,3358518867.0,433.0,3164.0,2346323944.0,1935073.0,1708.0,1.0,0.0,0.0,0.0,28.0,20.0,2781237328.0,2695645696.0,16327909376.0,57247.0,34154860544.0,2478488798.0,1.0,3940.0,7033807.0,5599.0,474054.0,37005.0,0.0,0.0,4926.0,0.0
1787908518.615572,2026-08-28T09:15:18+00:00,http_log_35m_x1,20030.0,6.0,4042678383.0,3358518867.0,433.0,3164.0,2346323944.0,1935073.0,1708.0,1.0,0.0,0.0,0.0,28.0,20.0,2781237328.0,2695645696.0,16327909376.0,57247.0,34154860544.0,2478488798.0,1.0,3940.0,7033807.0,5599.0,474054.0,37005.0,0.0,0.0,4926.0,0.0
1787908519.6207092,2026-08-28T09:15:19+00:00,http_log_35m_x1,20030.0,6.0,4042678383.0,3358518867.0,433.0,3164.0,2346323944.0,1935073.0,1708.0,1.0,0.0,0.0,0.0,28.0,20.0,2781237328.0,2695645696.0,16327909376.0,57247.0,34154860544.0,2478488798.0,1.0,3940.0,7033807.0,5599.0,474054.0,37005.0,0.0,0.0,4926.0,0.0
1787908520.625799,2026-08-28T09:15:20+00:00,http_log_35m_x1,20030.0,6.0,4042678383.0,3358518867.0,433.0,3164.0,2346323944.0,1935073.0,1708.0,1.0,0.0,0.0,0.0,28.0,20.0,2781237328.0,2695645696.0,16327909376.0,57247.0,34154860544.0,2478488798.0,1.0,3940.0,7033807.0,5599.0,474054.0,37005.0,0.0,0.0,4926.0,0.0
1787908521.63087,2026-08-28T09:15:21+00:00,http_log_35m_x1,20030.0,6.0,4042678383.0,3358518867.0,433.0,3164.0,2346323944.0,1935073.0,1708.0,1.0,1.0,0.0,0.0,28.0,28.0,2781237328.0,2695645696.0,16327909376.0,57247.0,34154860544.0,2478488798.0,1.0,3940.0,7033807.0,5599.0,474054.0,37005.0,0.0,0.0,4926.0,0.0
1787908522.635946,2026-08-28T09:15:22+00:00,http_log_35m_x1,20030.0,6.0,4042678383.0,3358518867.0,433.0,3164.0,2346323944.0,1935073.0,1708.0,1.0,1.0,0.0,0.0,28.0,28.0,2781237328.0,2695645696.0,16327909376.0,57247.0,34154860544.0,2478488798.0,1.0,3940.0,7033807.0,5599.0,474054.0,37005.0,0.0,0.0,4926.0,0.0
1787908523.641013,2026-08-28T09:15:23+00:00,http_log_35m_x1,20030.0,6.0,4042678383.0,3361469146.0,433.0,3169.0,2346323944.0,903607.0,2265.0,1.0,0.0,0.0,0.0,28.0,28.0,2781237328.0,2695645696.0,16327909376.0,57247.0,34154860544.0,2478488798.0,1.0,3940.0,7033807.0,5599.0,474054.0,37005.0,0.0,0.0,4926.0,0.0
1787908524.6441321,2026-08-28T09:15:24+00:00,http_log_35m_x1,20030.0,6.0,4042678383.0,3361469146.0,433.0,3169.0,2346323944.0,903607.0,2265.0,1.0,1.0,0.0,0.0,28.0,21.0,2781237328.0,2695645696.0,16327909376.0,57247.0,34154860544.0,2478488798.0,1.0,3940.0,7033807.0,5599.0,474054.0,37005.0,0.0,0.0,4926.0,0.0
1787908525.647727,2026-08-28T09:15:25+00:00,http_log_35m_x1,20030.0,6.0,4042678383.0,3366700189.0,433.0,3174.0,2346323944.0,1941017.0,1695.0,1.0,0.0,0.0,0.0,28.0,21.0,2781237328.0,2695645696.0,16327909376.0,57247.0,34154860544.0,2478488798.0,1.0,3940.0,7033807.0,5599.0,474054.0,37005.0,0.0,0.0,4926.0,0.0
1787908526.650007,2026-08-28T09:15:26+00:00,http_log_35m_x1,20030.0,6.0,4042678383.0,3366700189.0,433.0,3174.0,2346323944.0,1941017.0,1695.0,1.0,0.0,0.0,0.0,28.0,21.0,2781237328.0,2695645696.0,16327909376.0,57247.0,34154860544.0,2478488798.0,1.0,3940.0,7033807.0,5599.0,474054.0,37005.0,0.0,0.0,4926.0,0.0
1787908527.653641,2026-08-28T09:15:27+00:00,http_log_35m_x1,20030.0,6.0,4042678383.0,3366700189.0,433.0,3174.0,2346323944.0,1941017.0,1695.0,1.0,0.0,0.0,0.0,28.0,21.0,2781237328.0,2695645696.0,16327909376.0,57247.0,34154860544.0,2478488798.0,1.0,3940.0,7033807.0,5599.0,474054.0,37005.0,0.0,0.0,4926.0,0.0
1787908528.658714,2026-08-28T09:15:28+00:00,http_log_35m_x1,20030.0,6.0,4042678383.0,3366700189.0,433.0,3174.0,2346323944.0,1941017.0,1695.0,1.0,0.0,0.0,0.0,28.0,21.0,2781237328.0,2695645696.0,16327909376.0,57247.0,34154860544.0,2478488798.0,1.0,3940.0,7033807.0,5599.0,474054.0,37005.0,0.0,0.0,4926.0,0.0
1787908529.6615942,2026-08-28T09:15:29+00:00,http_log_35m_x1,20030.0,6.0,4042678383.0,3366700189.0,433.0,3174.0,2346323944.0,1941017.0,1695.0,1.0,0.0,0.0,0.0,28.0,21.0,2781237328.0,2695645696.0,16327909376.0,57247.0,34154860544.0,2478488798.0,1.0,3940.0,7033807.0,5599.0,474054.0,37005.0,0.0,0.0,4926.0,0.0
1787908530.66186,2026-08-28T09:15:30+00:00,http_log_35m_x1,20030.0,6.0,4042678383.0,3366700189.0,433.0,3174.0,2346323944.0,1941017.0,1695.0,1.0,1.0,0.0,0.0,28.0,29.0,2781237328.0,2695645696.0,16327909376.0,57247.0,34154860544.0,2478488798.0,1.0,3940.0,7033807.0,5599.0,474054.0,37005.0,0.0,0.0,4926.0,0.0
1787908531.666927,2026-08-28T09:15:31+00:00,http_log_35m_x1,20030.0,6.0,4042678383.0,3366700189.0,433.0,3174.0,2859757528.0,1941017.0,1695.0,1.0,1.0,0.0,0.0,28.0,29.0,3296858808.0,2695645696.0,16367120384.0,57342.0,34154860544.0,2478488798.0,0.0,3958.0,7042960.0,5608.0,476792.0,37095.0,0.0,0.0,4946.0,0.0
1787908532.671998,2026-08-28T09:15:32+00:00,http_log_35m_x1,20030.0,6.0,4042678383.0,3369677958.0,433.0,3179.0,2859757528.0,876329.0,2398.0,1.0,0.0,0.0,0.0,28.0,29.0,3296858808.0,2695645696.0,16367120384.0,57342.0,34154860544.0,2478488798.0,0.0,3958.0,7042960.0,5608.0,476792.0,37095.0,0.0,0.0,4946.0,0.0
1787908533.6770828,2026-08-28T09:15:33+00:00,http_log_35m_x1,20030.0,6.0,4042678383.0,3369677958.0,433.0,3179.0,2859757528.0,876329.0,2398.0,1.0,0.0,0.0,0.0,28.0,29.0,3296858808.0,2695645696.0,16367120384.0,57342.0,34154860544.0,2478488798.0,0.0,3958.0,7042960.0,5608.0,476792.0,37095.0,0.0,0.0,4946.0,0.0
1787908534.682156,2026-08-28T09:15:34+00:00,http_log_35m_x1,20030.0,6.0,4042678383.0,3369677958.0,433.0,3179.0,2859757528.0,876329.0,2398.0,1.0,1.0,0.0,0.0,28.0,24.0,3296858808.0,2695645696.0,16367120384.0,57342.0,34154860544.0,2478488798.0,0.0,3958.0,7042960.0,5608.0,476792.0,37095.0,0.0,0.0,4946.0,0.0
1787908535.68724,2026-08-28T09:15:35+00:00,http_log_35m_x1,20030.0,6.0,4042678383.0,3369677958.0,433.0,3179.0,2859757528.0,876329.0,2398.0,1.0,1.0,0.0,0.0,28.0,24.0,3296858808.0,2695645696.0,16367120384.0,57342.0,34154860544.0,2478488798.0,0.0,3958.0,7042960.0,5608.0,476792.0,37095.0,0.0,0.0,4946.0,0.0
1787908536.690974,2026-08-28T09:15:36+00:00,http_log_35m_x1,20030.0,6.0,4042678383.0,3375552818.0,433.0,3185.0,2859757528.0,2000292.0,1937.0,1.0,1.0,0.0,0.0,28.0,22.0,3296858808.0,2695645696.0,16367120384.0,57342.0,34154860544.0,2478488798.0,0.0,3958.0,7042960.0,5608.0,476792.0,37095.0,0.0,0.0,4946.0,0.0
1787908537.6961238,2026-08-28T09:15:37+00:00,http_log_35m_x1,20030.0,6.0,4042678383.0,3375552818.0,433.0,3185.0,2859757528.0,2000292.0,1937.0,1.0,1.0,0.0,0.0,28.0,22.0,3296858808.0,2695645696.0,16367120384.0,57342.0,34154860544.0,2478488798.0,0.0,3958.0,7042960.0,5608.0,476792.0,37095.0,0.0,0.0,4946.0,0.0
1787908538.701183,2026-08-28T09:15:38+00:00,http_log_35m_x1,20030.0,6.0,4042678383.0,3375552818.0,433.0,3185.0,2859757528.0,2000292.0,1937.0,1.0,1.0,0.0,0.0,28.0,22.0,3296858808.0,2695645696.0,16367120384.0,57342.0,34154860544.0,2478488798.0,0.0,3958.0,7042960.0,5608.0,476792.0,37095.0,0.0,0.0,4946.0,0.0
1787908539.7062552,2026-08-28T09:15:39+00:00,http_log_35m_x1,20030.0,6.0,4042678383.0,3375552818.0,433.0,3185.0,2859757528.0,2000292.0,1937.0,1.0,1.0,0.0,0.0,28.0,22.0,3296858808.0,2695645696.0,16367120384.0,57342.0,34154860544.0,2478488798.0,0.0,3958.0,7042960.0,5608.0,476792.0,37095.0,0.0,0.0,4946.0,0.0
1787908540.7113228,2026-08-28T09:15:40+00:00,http_log_35m_x1,20030.0,6.0,4042678383.0,3375552818.0,433.0,3185.0,2859757528.0,2000292.0,1937.0,1.0,2.0,0.0,0.0,28.0,23.0,3296858808.0,2695645696.0,16367120384.0,57342.0,34154860544.0,2478488798.0,0.0,3958.0,7042960.0,5608.0,476792.0,37095.0,0.0,0.0,4946.0,0.0
1787908541.7160242,2026-08-28T09:15:41+00:00,http_log_35m_x1,20030.0,6.0,4042678383.0,3375552818.0,433.0,3185.0,2859757528.0,2000292.0,1937.0,1.0,2.0,0.0,0.0,28.0,23.0,3296858808.0,2695645696.0,16367120384.0,57342.0,34154860544.0,2478488798.0,0.0,3958.0,7042960.0,5608.0,476792.0,37095.0,0.0,0.0,4946.0,0.0
1787908542.718573,2026-08-28T09:15:42+00:00,http_log_35m_x1,20030.0,6.0,4042678383.0,3379109769.0,433.0,3191.0,2859757528.0,981498.0,2624.0,1.0,1.0,0.0,0.0,28.0,23.0,3296858808.0,2695645696.0,16367120384.0,57342.0,34154860544.0,2478488798.0,0.0,3958.0,7042960.0,5608.0,476792.0,37095.0,0.0,0.0,4946.0,0.0
1787908543.720779,2026-08-28T09:15:43+00:00,http_log_35m_x1,20030.0,6.0,4042678383.0,3379109769.0,433.0,3191.0,2859757528.0,981498.0,2624.0,1.0,1.0,0.0,0.0,28.0,23.0,3296858808.0,2695645696.0,16367120384.0,57342.0,34154860544.0,2478488798.0,0.0,3958.0,7042960.0,5608.0,476792.0,37095.0,0.0,0.0,4946.0,0.0
1787908544.721506,2026-08-28T09:15:44+00:00,http_log_35m_x1,20030.0,6.0,4042678383.0,3379109769.0,433.0,3191.0,2859757528.0,981498.0,2624.0,1.0,1.0,0.0,0.0,28.0,23.0,3296858808.0,2695645696.0,16367120384.0,57342.0,34154860544.0,2478488798.0,0.0,3958.0,7042960.0,5608.0,476792.0,37095.0,0.0,0.0,4946.0,0.0
1787908545.726592,2026-08-28T09:15:45+00:00,http_log_35m_x1,20030.0,6.0,4042678383.0,3379109769.0,433.0,3191.0,2859757528.0,981498.0,2624.0,1.0,2.0,0.0,0.0,28.0,12.0,3296858808.0,2695645696.0,16367120384.0,57342.0,34154860544.0,2478488798.0,0.0,3958.0,7042960.0,5608.0,476792.0,37095.0,0.0,0.0,4946.0,0.0
1787908546.731735,2026-08-28T09:15:46+00:00,http_log_35m_x1,20030.0,6.0,4042678383.0,3379109769.0,433.0,3191.0,3678643896.0,981498.0,2624.0,1.0,2.0,0.0,0.0,28.0,12.0,4118424520.0,2695645696.0,16405131264.0,57435.0,34154860544.0,2478488798.0,0.0,3977.0,7050899.0,5617.0,480654.0,37257.0,0.0,0.0,4968.0,0.0
1787908547.736862,2026-08-28T09:15:47+00:00,http_log_35m_x1,20030.0,6.0,4042678383.0,3384906913.0,433.0,3196.0,3678643896.0,1764194.0,2286.0,1.0,1.0,0.0,0.0,28.0,12.0,4118424520.0,2695645696.0,16405131264.0,57435.0,34154860544.0,2478488798.0,0.0,3977.0,7050899.0,5617.0,480654.0,37257.0,0.0,0.0,4968.0,0.0
1787908548.7420318,2026-08-28T09:15:48+00:00,http_log_35m_x1,20030.0,6.0,4042678383.0,3384906913.0,433.0,3196.0,3678643896.0,1764194.0,2286.0,1.0,1.0,0.0,0.0,28.0,12.0,4118424520.0,2695645696.0,16405131264.0,57435.0,34154860544.0,2478488798.0,0.0,3977.0,7050899.0,5617.0,480654.0,37257.0,0.0,0.0,4968.0,0.0
1787908549.744416,2026-08-28T09:15:49+00:00,http_log_35m_x1,20030.0,6.0,4042678383.0,3384906913.0,433.0,3196.0,3678643896.0,1764194.0,2286.0,1.0,2.0,0.0,0.0,28.0,11.0,4118424520.0,2695645696.0,16405131264.0,57435.0,34154860544.0,2478488798.0,0.0,3977.0,7050899.0,5617.0,480654.0,37257.0,0.0,0.0,4968.0,0.0
1787908550.749374,2026-08-28T09:15:50+00:00,http_log_35m_x1,20030.0,6.0,4042678383.0,3384906913.0,433.0,3196.0,3678643896.0,1764194.0,2286.0,1.0,2.0,0.0,0.0,28.0,11.0,4118424520.0,2695645696.0,16405131264.0,57435.0,34154860544.0,2478488798.0,0.0,3977.0,7050899.0,5617.0,480654.0,37257.0,0.0,0.0,4968.0,0.0
1787908551.749494,2026-08-28T09:15:51+00:00,http_log_35m_x1,20030.0,6.0,4042678383.0,3384906913.0,433.0,3196.0,3678643896.0,1764194.0,2286.0,1.0,2.0,0.0,0.0,28.0,11.0,4118424520.0,2695645696.0,16405131264.0,57435.0,34154860544.0,2478488798.0,0.0,3977.0,7050899.0,5617.0,480654.0,37257.0,0.0,0.0,4968.0,0.0
1787908552.754263,2026-08-28T09:15:52+00:00,http_log_35m_x1,20030.0,6.0,4042678383.0,3392993299.0,433.0,3201.0,3678643896.0,2055512.0,2934.0,1.0,1.0,0.0,0.0,28.0,11.0,4118424520.0,2695645696.0,16405131264.0,57435.0,34154860544.0,2478488798.0,0.0,3977.0,7050899.0,5617.0,480654.0,37257.0,0.0,0.0,4968.0,0.0
1787908553.75443,2026-08-28T09:15:53+00:00,http_log_35m_x1,20030.0,6.0,4042678383.0,3392993299.0,433.0,3201.0,3678643896.0,2055512.0,2934.0,1.0,1.0,0.0,0.0,28.0,11.0,4118424520.0,2695645696.0,16405131264.0,57435.0,34154860544.0,2478488798.0,0.0,3977.0,7050899.0,5617.0,480654.0,37257.0,0.0,0.0,4968.0,0.0
1787908554.757477,2026-08-28T09:15:54+00:00,http_log_35m_x1,20030.0,6.0,4042678383.0,3392993299.0,433.0,3201.0,3678643896.0,2055512.0,2934.0,1.0,2.0,0.0,0.0,28.0,26.0,4118424520.0,2695645696.0,16405131264.0,57435.0,34154860544.0,2478488798.0,0.0,3977.0,7050899.0,5617.0,480654.0,37257.0,0.0,0.0,4968.0,0.0
1787908555.7621,2026-08-28T09:15:55+00:00,http_log_35m_x1,20030.0,6.0,4042678383.0,3392993299.0,433.0,3201.0,3678643896.0,2055512.0,2934.0,1.0,2.0,0.0,0.0,28.0,26.0,4118424520.0,2695645696.0,16405131264.0,57435.0,34154860544.0,2478488798.0,0.0,3977.0,7050899.0,5617.0,480654.0,37257.0,0.0,0.0,4968.0,0.0
1787908556.765059,2026-08-28T09:15:56+00:00,http_log_35m_x1,20030.0,6.0,4042678383.0,3451931068.0,433.0,3211.0,3678643896.0,838595.0,2495.0,1.0,0.0,0.0,0.0,28.0,26.0,4118424520.0,2695645696.0,16405131264.0,57435.0,34154860544.0,2478488798.0,0.0,3977.0,7050899.0,5617.0,480654.0,37257.0,0.0,0.0,4968.0,0.0
1787908557.770141,2026-08-28T09:15:57+00:00,http_log_35m_x1,20030.0,6.0,4042678383.0,3451931068.0,433.0,3211.0,3678643896.0,838595.0,2495.0,1.0,0.0,0.0,0.0,28.0,26.0,4118424520.0,2695645696.0,16405131264.0,57435.0,34154860544.0,2478488798.0,0.0,3977.0,7050899.0,5617.0,480654.0,37257.0,0.0,0.0,4968.0,0.0
1787908558.771266,2026-08-28T09:15:58+00:00,http_log_35m_x1,20030.0,6.0,4042678383.0,3451931068.0,433.0,3211.0,3678643896.0,838595.0,2495.0,1.0,1.0,0.0,0.0,28.0,19.0,4118424520.0,2695645696.0,16405131264.0,57435.0,34154860544.0,2478488798.0,0.0,3977.0,7050899.0,5617.0,480654.0,37257.0,0.0,0.0,4968.0,0.0
1787908559.77511,2026-08-28T09:15:59+00:00,http_log_35m_x1,20030.0,6.0,4042678383.0,3457115396.0,433.0,3216.0,3678643896.0,1884524.0,1751.0,1.0,0.0,0.0,0.0,28.0,19.0,4118424520.0,2695645696.0,16405131264.0,57435.0,34154860544.0,2478488798.0,0.0,3977.0,7050899.0,5617.0,480654.0,37257.0,0.0,0.0,4968.0,0.0
1787908560.78021,2026-08-28T09:16:00+00:00,http_log_35m_x1,20030.0,6.0,4042678383.0,3457115396.0,433.0,3216.0,3678643896.0,1884524.0,1751.0,1.0,0.0,0.0,0.0,28.0,19.0,4118424520.0,2695645696.0,16405131264.0,57435.0,34154860544.0,2478488798.0,0.0,3977.0,7050899.0,5617.0,480654.0,37257.0,0.0,0.0,4968.0,0.0
1787908561.784448,2026-08-28T09:16:01+00:00,http_log_35m_x1,20030.0,6.0,4042678383.0,3457115396.0,433.0,3216.0,3450657464.0,1884524.0,1751.0,1.0,0.0,0.0,0.0,28.0,19.0,3894647888.0,2695645696.0,16543924224.0,57600.0,34154860544.0,2478488798.0,1.0,3998.0,7058679.0,5633.0,484671.0,37419.0,0.0,0.0,4989.0,0.0
1787908562.78954,2026-08-28T09:16:02+00:00,http_log_35m_x1,20030.0,6.0,4042678383.0,3457115396.0,433.0,3216.0,3450657464.0,1884524.0,1751.0,1.0,1.0,0.0,0.0,28.0,19.0,3894647888.0,2695645696.0,16543924224.0,57600.0,33879875584.0,2529583106.0,1.0,3998.0,7058679.0,5633.0,484671.0,37419.0,0.0,0.0,4989.0,0.0
1787908563.7917418,2026-08-28T09:16:03+00:00,http_log_35m_x1,20030.0,6.0,4042678383.0,3457115396.0,433.0,3216.0,3450657464.0,1884524.0,1751.0,1.0,1.0,0.0,0.0,28.0,19.0,3894647888.0,2695645696.0,16543924224.0,57600.0,33879875584.0,2529583106.0,1.0,3998.0,7058679.0,5633.0,484671.0,37419.0,0.0,0.0,4989.0,0.0
1787908564.796833,2026-08-28T09:16:04+00:00,http_log_35m_x1,20030.0,6.0,4042678383.0,3464578283.0,433.0,3221.0,3450657464.0,2183407.0,2418.0,1.0,0.0,0.0,0.0,28.0,19.0,3894647888.0,2695645696.0,16543924224.0,57600.0,33879875584.0,2529583106.0,1.0,3998.0,7058679.0,5633.0,484671.0,37419.0,0.0,0.0,4989.0,0.0
1787908565.80191,2026-08-28T09:16:05+00:00,http_log_35m_x1,20030.0,6.0,4042678383.0,3464578283.0,433.0,3221.0,3450657464.0,2183407.0,2418.0,1.0,0.0,0.0,0.0,28.0,19.0,3894647888.0,2695645696.0,16543924224.0,57600.0,33879875584.0,2529583106.0,1.0,3998.0,7058679.0,5633.0,484671.0,37419.0,0.0,0.0,4989.0,0.0
1787908566.806974,2026-08-28T09:16:06+00:00,http_log_35m_x1,20030.0,6.0,4042678383.0,3464578283.0,433.0,3221.0,3450657464.0,2183407.0,2418.0,1.0,0.0,0.0,0.0,28.0,19.0,3894647888.0,2695645696.0,16543924224.0,57600.0,33879875584.0,2529583106.0,1.0,3998.0,7058679.0,5633.0,484671.0,37419.0,0.0,0.0,4989.0,0.0
1787908567.8120651,2026-08-28T09:16:07+00:00,http_log_35m_x1,20030.0,6.0,4042678383.0,3464578283.0,433.0,3221.0,3450657464.0,2183407.0,2418.0,1.0,1.0,0.0,0.0,28.0,28.0,3894647888.0,2695645696.0,16543924224.0,57600.0,33879875584.0,2529583106.0,1.0,3998.0,7058679.0,5633.0,484671.0,37419.0,0.0,0.0,4989.0,0.0
1787908568.8171258,2026-08-28T09:16:08+00:00,http_log_35m_x1,20030.0,6.0,4042678383.0,3464578283.0,433.0,3221.0,3450657464.0,2183407.0,2418.0,1.0,1.0,0.0,0.0,28.0,28.0,3894647888.0,2695645696.0,16543924224.0,57600.0,33879875584.0,2529583106.0,1.0,3998.0,7058679.0,5633.0,484671.0,37419.0,0.0,0.0,4989.0,0.0
1787908569.822197,2026-08-28T09:16:09+00:00,http_log_35m_x1,20030.0,6.0,4042678383.0,3467574802.0,433.0,3226.0,3450657464.0,878744.0,2410.0,1.0,0.0,0.0,0.0,28.0,28.0,3894647888.0,2695645696.0,16543924224.0,57600.0,33879875584.0,2529583106.0,1.0,3998.0,7058679.0,5633.0,484671.0,37419.0,0.0,0.0,4989.0,0.0
1787908570.8272672,2026-08-28T09:16:10+00:00,http_log_35m_x1,20030.0,6.0,4042678383.0,3467574802.0,433.0,3226.0,3450657464.0,878744.0,2410.0,1.0,1.0,0.0,0.0,28.0,21.0,3894647888.0,2695645696.0,16543924224.0,57600.0,33879875584.0,2529583106.0,1.0,3998.0,7058679.0,5633.0,484671.0,37419.0,0.0,0.0,4989.0,0.0
1787908571.831415,2026-08-28T09:16:11+00:00,http_log_35m_x1,20030.0,6.0,4042678383.0,3467574802.0,433.0,3226.0,3450657464.0,878744.0,2410.0,1.0,1.0,0.0,0.0,28.0,21.0,3894647888.0,2695645696.0,16543924224.0,57600.0,33879875584.0,2529583106.0,1.0,3998.0,7058679.0,5633.0,484671.0,37419.0,0.0,0.0,4989.0,0.0
1787908572.83285,2026-08-28T09:16:12+00:00,http_log_35m_x1,20030.0,6.0,4042678383.0,3472777773.0,433.0,3231.0,3450657464.0,1985109.0,1621.0,1.0,0.0,0.0,0.0,28.0,21.0,3894647888.0,2695645696.0,16543924224.0,57600.0,33879875584.0,2529583106.0,1.0,3998.0,7058679.0,5633.0,484671.0,37419.0,0.0,0.0,4989.0,0.0
1787908573.835082,2026-08-28T09:16:13+00:00,http_log_35m_x1,20030.0,6.0,4042678383.0,3472777773.0,433.0,3231.0,3450657464.0,1985109.0,1621.0,1.0,0.0,0.0,0.0,28.0,21.0,3894647888.0,2695645696.0,16543924224.0,57600.0,33879875584.0,2529583106.0,1.0,3998.0,7058679.0,5633.0,484671.0,37419.0,0.0,0.0,4989.0,0.0
1787908574.835859,2026-08-28T09:16:14+00:00,http_log_35m_x1,20030.0,6.0,4042678383.0,3472777773.0,433.0,3231.0,3450657464.0,1985109.0,1621.0,1.0,1.0,0.0,0.0,28.0,20.0,3894647888.0,2695645696.0,16543924224.0,57600.0,33879875584.0,2529583106.0,1.0,3998.0,7058679.0,5633.0,484671.0,37419.0,0.0,0.0,4989.0,0.0
1787908575.8408058,2026-08-28T09:16:15+00:00,http_log_35m_x1,20030.0,6.0,4042678383.0,3472777773.0,433.0,3231.0,3450657464.0,1985109.0,1621.0,1.0,1.0,0.0,0.0,28.0,20.0,3894647888.0,2695645696.0,16543924224.0,57600.0,33879875584.0,2529583106.0,1.0,3998.0,7058679.0,5633.0,484671.0,37419.0,0.0,0.0,4989.0,0.0
1787908576.8458738,2026-08-28T09:16:16+00:00,http_log_35m_x1,20030.0,6.0,4042678383.0,3472777773.0,433.0,3231.0,4016790784.0,1985109.0,1621.0,1.0,1.0,0.0,0.0,28.0,20.0,4460830488.0,2695645696.0,16587395072.0,57712.0,33879875584.0,2529583106.0,0.0,4017.0,7067618.0,5643.0,487642.0,37482.0,0.0,0.0,5009.0,0.0
1787908577.8509598,2026-08-28T09:16:17+00:00,http_log_35m_x1,20030.0,6.0,4042678383.0,3480306685.0,433.0,3236.0,4016790784.0,2291906.0,2285.0,1.0,0.0,0.0,0.0,28.0,20.0,4460830488.0,2695645696.0,16587395072.0,57712.0,33879875584.0,2529583106.0,0.0,4017.0,7067618.0,5643.0,487642.0,37482.0,0.0,0.0,5009.0,0.0
1787908578.8537989,2026-08-28T09:16:18+00:00,http_log_35m_x1,20030.0,6.0,4042678383.0,3480306685.0,433.0,3236.0,4016790784.0,2291906.0,2285.0,1.0,0.0,0.0,0.0,28.0,20.0,4460830488.0,2695645696.0,16587395072.0,57712.0,33879875584.0,2529583106.0,0.0,4017.0,7067618.0,5643.0,487642.0,37482.0,0.0,0.0,5009.0,0.0
1787908579.857976,2026-08-28T09:16:19+00:00,http_log_35m_x1,20030.0,6.0,4042678383.0,3480306685.0,433.0,3236.0,4016790784.0,2291906.0,2285.0,1.0,1.0,0.0,0.0,28.0,29.0,4460830488.0,2695645696.0,16587395072.0,57712.0,33879875584.0,2529583106.0,0.0,4017.0,7067618.0,5643.0,487642.0,37482.0,0.0,0.0,5009.0,0.0
1787908580.863051,2026-08-28T09:16:20+00:00,http_log_35m_x1,20030.0,6.0,4042678383.0,3480306685.0,433.0,3236.0,4016790784.0,2291906.0,2285.0,1.0,1.0,0.0,0.0,28.0,29.0,4460830488.0,2695645696.0,16587395072.0,57712.0,33879875584.0,2529583106.0,0.0,4017.0,7067618.0,5643.0,487642.0,37482.0,0.0,0.0,5009.0,0.0
1787908581.868115,2026-08-28T09:16:21+00:00,http_log_35m_x1,20030.0,6.0,4042678383.0,3480306685.0,433.0,3236.0,4016790784.0,2291906.0,2285.0,1.0,1.0,0.0,0.0,28.0,29.0,4460830488.0,2695645696.0,16587395072.0,57712.0,33879875584.0,2529583106.0,0.0,4017.0,7067618.0,5643.0,487642.0,37482.0,0.0,0.0,5009.0,0.0
1787908582.87323,2026-08-28T09:16:22+00:00,http_log_35m_x1,20030.0,6.0,4042678383.0,3483303543.0,433.0,3241.0,4016790784.0,916470.0,2270.0,1.0,0.0,0.0,0.0,28.0,29.0,4460830488.0,2695645696.0,16587395072.0,57712.0,33879875584.0,2529583106.0,0.0,4017.0,7067618.0,5643.0,487642.0,37482.0,0.0,0.0,5009.0,0.0
1787908583.878295,2026-08-28T09:16:23+00:00,http_log_35m_x1,20030.0,6.0,4042678383.0,3483303543.0,433.0,3241.0,4016790784.0,916470.0,2270.0,1.0,1.0,0.0,0.0,28.0,22.0,4460830488.0,2695645696.0,16587395072.0,57712.0,33879875584.0,2529583106.0,0.0,4017.0,7067618.0,5643.0,487642.0,37482.0,0.0,0.0,5009.0,0.0
1787908584.8833752,2026-08-28T09:16:24+00:00,http_log_35m_x1,20030.0,6.0,4042678383.0,3483303543.0,433.0,3241.0,4016790784.0,916470.0,2270.0,1.0,1.0,0.0,0.0,28.0,22.0,4460830488.0,2695645696.0,16587395072.0,57712.0,33879875584.0,2529583106.0,0.0,4017.0,7067618.0,5643.0,487642.0,37482.0,0.0,0.0,5009.0,0.0
1787908585.884376,2026-08-28T09:16:25+00:00,http_log_35m_x1,20030.0,6.0,4042678383.0,3488553254.0,433.0,3246.0,4016790784.0,1725176.0,2043.0,1.0,0.0,0.0,0.0,28.0,22.0,4460830488.0,2695645696.0,16587395072.0,57712.0,33879875584.0,2529583106.0,0.0,4017.0,7067618.0,5643.0,487642.0,37482.0,0.0,0.0,5009.0,0.0
1787908586.8894331,2026-08-28T09:16:26+00:00,http_log_35m_x1,2846926.0,131773.0,4420673349.0,3488553254.0,438.0,3246.0,4016790784.0,1725176.0,2043.0,0.0,0.0,0.0,0.0,28.0,22.0,4460830488.0,2695645696.0,16587395072.0,57712.0,33879875584.0,2529583106.0,0.0,4017.0,7067618.0,5643.0,487642.0,37482.0,0.0,0.0,5009.0,0.0
1787908587.894509,2026-08-28T09:16:27+00:00,http_log_35m_x1,2846926.0,131773.0,4420673349.0,3488553254.0,438.0,3246.0,4016790784.0,1725176.0,2043.0,0.0,0.0,0.0,0.0,28.0,22.0,4460830488.0,2695645696.0,16587395072.0,57712.0,33879875584.0,2529583106.0,0.0,4017.0,7067618.0,5643.0,487642.0,37482.0,0.0,0.0,5009.0,0.0
1787908588.8955572,2026-08-28T09:16:28+00:00,http_log_35m_x1,2846926.0,131773.0,4420673349.0,3488553254.0,438.0,3246.0,4016790784.0,1725176.0,2043.0,0.0,1.0,0.0,0.0,28.0,41.0,4460830488.0,2695645696.0,16587395072.0,57712.0,33879875584.0,2529583106.0,0.0,4017.0,7067618.0,5643.0,487642.0,37482.0,0.0,0.0,5009.0,0.0
1787908589.9006479,2026-08-28T09:16:29+00:00,http_log_35m_x1,2846926.0,131773.0,4420673349.0,3488553254.0,438.0,3246.0,4016790784.0,1725176.0,2043.0,0.0,1.0,0.0,0.0,28.0,41.0,4460830488.0,2695645696.0,16587395072.0,57712.0,33879875584.0,2529583106.0,0.0,4017.0,7067618.0,5643.0,487642.0,37482.0,0.0,0.0,5009.0,0.0
1787908590.905741,2026-08-28T09:16:30+00:00,http_log_35m_x1,2846926.0,131773.0,4420673349.0,3488553254.0,438.0,3246.0,4016790784.0,1725176.0,2043.0,0.0,1.0,0.0,0.0,28.0,41.0,4460830488.0,2695645696.0,16587395072.0,57712.0,33879875584.0,2529583106.0,0.0,4017.0,7067618.0,5643.0,487642.0,37482.0,0.0,0.0,5009.0,0.0
1787908591.910837,2026-08-28T09:16:31+00:00,http_log_35m_x1,2846926.0,131773.0,4420673349.0,3491503586.0,438.0,3251.0,33973512.0,885719.0,2331.0,0.0,1.0,0.0,0.0,28.0,37.0,479150864.0,2695645696.0,17010601984.0,58080.0,33879875584.0,2529583106.0,2.0,4035.0,7076951.0,5678.0,490027.0,37691.0,0.0,0.0,5030.0,0.0
1787908592.915906,2026-08-28T09:16:32+00:00,http_log_35m_x1,2846926.0,131773.0,4420673349.0,3491503586.0,438.0,3251.0,33973512.0,885719.0,2331.0,0.0,1.0,0.0,0.0,28.0,37.0,479150864.0,2695645696.0,17010601984.0,58080.0,33879875584.0,2529583106.0,2.0,4035.0,7076951.0,5678.0,490027.0,37691.0,0.0,0.0,5030.0,0.0
1787908593.9209752,2026-08-28T09:16:33+00:00,http_log_35m_x1,2846926.0,131773.0,4420673349.0,3491503586.0,438.0,3251.0,33973512.0,885719.0,2331.0,0.0,2.0,0.0,0.0,28.0,26.0,479150864.0,2695645696.0,17010601984.0,58080.0,33879875584.0,2529583106.0,2.0,4035.0,7076951.0,5678.0,490027.0,37691.0,0.0,0.0,5030.0,0.0
1787908594.92584,2026-08-28T09:16:34+00:00,http_log_35m_x1,2846926.0,131773.0,4420673349.0,3491503586.0,438.0,3251.0,33973512.0,885719.0,2331.0,0.0,2.0,0.0,0.0,28.0,26.0,479150864.0,2695645696.0,17010601984.0,58080.0,33879875584.0,2529583106.0,2.0,4035.0,7076951.0,5678.0,490027.0,37691.0,0.0,0.0,5030.0,0.0
1787908595.927407,2026-08-28T09:16:35+00:00,http_log_35m_x1,2846926.0,131773.0,4420673349.0,3491503586.0,438.0,3251.0,33973512.0,885719.0,2331.0,0.0,2.0,0.0,0.0,28.0,26.0,479150864.0,2695645696.0,17010601984.0,58080.0,33879875584.0,2529583106.0,2.0,4035.0,7076951.0,5678.0,490027.0,37691.0,0.0,0.0,5030.0,0.0
1787908596.92976,2026-08-28T09:16:36+00:00,http_log_35m_x1,2846926.0,131773.0,4420673349.0,3494508839.0,438.0,3256.0,33973512.0,918475.0,2272.0,0.0,1.0,0.0,0.0,28.0,26.0,479150864.0,2695645696.0,17010601984.0,58080.0,33879875584.0,2529583106.0,2.0,4035.0,7076951.0,5678.0,490027.0,37691.0,0.0,0.0,5030.0,0.0
1787908597.9298759,2026-08-28T09:16:37+00:00,http_log_35m_x1,2846926.0,131773.0,4420673349.0,3494508839.0,438.0,3256.0,33973512.0,918475.0,2272.0,0.0,2.0,0.0,0.0,28.0,18.0,479150864.0,2695645696.0,17010601984.0,58080.0,33879875584.0,2529583106.0,2.0,4035.0,7076951.0,5678.0,490027.0,37691.0,0.0,0.0,5030.0,0.0
1787908598.934939,2026-08-28T09:16:38+00:00,http_log_35m_x1,2846926.0,131773.0,4420673349.0,3494508839.0,438.0,3256.0,33973512.0,918475.0,2272.0,0.0,2.0,0.0,0.0,28.0,18.0,479150864.0,2695645696.0,17010601984.0,58080.0,33879875584.0,2529583106.0,2.0,4035.0,7076951.0,5678.0,490027.0,37691.0,0.0,0.0,5030.0,0.0
1787908599.9360871,2026-08-28T09:16:39+00:00,http_log_35m_x1,2846926.0,131773.0,4420673349.0,3499757668.0,438.0,3261.0,33973512.0,1926175.0,1725.0,0.0,1.0,0.0,0.0,28.0,18.0,479150864.0,2695645696.0,17010601984.0,58080.0,33879875584.0,2529583106.0,2.0,4035.0,7076951.0,5678.0,490027.0,37691.0,0.0,0.0,5030.0,0.0
1787908600.941186,2026-08-28T09:16:40+00:00,http_log_35m_x1,2846926.0,131773.0,4420673349.0,3499757668.0,438.0,3261.0,33973512.0,1926175.0,1725.0,0.0,1.0,0.0,0.0,28.0,18.0,479150864.0,2695645696.0,17010601984.0,58080.0,33879875584.0,2529583106.0,2.0,4035.0,7076951.0,5678.0,490027.0,37691.0,0.0,0.0,5030.0,0.0
1787908601.9436228,2026-08-28T09:16:41+00:00,http_log_35m_x1,2846926.0,131773.0,4420673349.0,3530390542.0,438.0,3266.0,33973512.0,2814228.0,9885.0,0.0,1.0,0.0,0.0,28.0,18.0,479150864.0,2695645696.0,17010601984.0,58080.0,33879875584.0,2529583106.0,2.0,4035.0,7076951.0,5678.0,490027.0,37691.0,0.0,0.0,5030.0,0.0
1787908602.945676,2026-08-28T09:16:42+00:00,http_log_35m_x1,2846926.0,131773.0,4420673349.0,3530390542.0,438.0,3266.0,33973512.0,2814228.0,9885.0,0.0,1.0,0.0,0.0,28.0,18.0,479150864.0,2695645696.0,17010601984.0,58080.0,33879875584.0,2529583106.0,2.0,4035.0,7076951.0,5678.0,490027.0,37691.0,0.0,0.0,5030.0,0.0
1787908603.950759,2026-08-28T09:16:43+00:00,http_log_35m_x1,2846926.0,131773.0,4420673349.0,3537901240.0,438.0,3271.0,33973512.0,2289846.0,2280.0,0.0,0.0,0.0,0.0,28.0,18.0,479150864.0,2695645696.0,17010601984.0,58080.0,33879875584.0,2529583106.0,2.0,4035.0,7076951.0,5678.0,490027.0,37691.0,0.0,0.0,5030.0,0.0
1787908604.9558458,2026-08-28T09:16:44+00:00,http_log_35m_x1,2846926.0,131773.0,4420673349.0,3537901240.0,438.0,3271.0,33973512.0,2289846.0,2280.0,0.0,0.0,0.0,0.0,28.0,18.0,479150864.0,2695645696.0,17010601984.0,58080.0,33879875584.0,2529583106.0,2.0,4035.0,7076951.0,5678.0,490027.0,37691.0,0.0,0.0,5030.0,0.0
1787908605.960916,2026-08-28T09:16:45+00:00,http_log_35m_x1,2846926.0,131773.0,4420673349.0,3537901240.0,438.0,3271.0,0.0,2289846.0,2280.0,0.0,0.0,0.0,0.0,28.0,18.0,466278064.0,2695645696.0,17104588800.0,58214.0,33879875584.0,2529583106.0,0.0,4054.0,7086547.0,5691.0,492310.0,37768.0,0.0,0.0,5049.0,0.0
1787908606.965992,2026-08-28T09:16:46+00:00,http_log_35m_x1,2846926.0,131773.0,4420673349.0,3537901240.0,438.0,3271.0,0.0,2289846.0,2280.0,0.0,1.0,0.0,0.0,28.0,33.0,466278064.0,2695645696.0,17104588800.0,58214.0,33879875584.0,2529583106.0,0.0,4054.0,7086547.0,5691.0,492310.0,37768.0,0.0,0.0,5049.0,0.0
1787908607.97104,2026-08-28T09:16:47+00:00,http_log_35m_x1,2846926.0,131773.0,4420673349.0,3537901240.0,438.0,3271.0,0.0,2289846.0,2280.0,0.0,1.0,0.0,0.0,28.0,33.0,466278064.0,2695645696.0,17104588800.0,58214.0,33879875584.0,2529583106.0,0.0,4054.0,7086547.0,5691.0,492310.0,37768.0,0.0,0.0,5049.0,0.0
1787908608.974606,2026-08-28T09:16:48+00:00,http_log_35m_x1,2846926.0,131773.0,4420673349.0,3540879436.0,438.0,3276.0,0.0,946360.0,2147.0,0.0,0.0,0.0,0.0,28.0,33.0,466278064.0,2695645696.0,17104588800.0,58214.0,33879875584.0,2529583106.0,0.0,4054.0,7086547.0,5691.0,492310.0,37768.0,0.0,0.0,5049.0,0.0
1787908609.9761128,2026-08-28T09:16:49+00:00,http_log_35m_x1,2846926.0,131773.0,4420673349.0,3540879436.0,438.0,3276.0,0.0,946360.0,2147.0,0.0,0.0,0.0,0.0,28.0,33.0,466278064.0,2695645696.0,17104588800.0,58214.0,33879875584.0,2529583106.0,0.0,4054.0,7086547.0,5691.0,492310.0,37768.0,0.0,0.0,5049.0,0.0
1787908610.9812,2026-08-28T09:16:50+00:00,http_log_35m_x1,2846926.0,131773.0,4420673349.0,3540879436.0,438.0,3276.0,0.0,946360.0,2147.0,0.0,1.0,0.0,0.0,28.0,26.0,466278064.0,2695645696.0,17104588800.0,58214.0,33879875584.0,2529583106.0,0.0,4054.0,7086547.0,5691.0,492310.0,37768.0,0.0,0.0,5049.0,0.0
1787908611.986275,2026-08-28T09:16:51+00:00,http_log_35m_x1,2846926.0,131773.0,4420673349.0,3540879436.0,438.0,3276.0,0.0,946360.0,2147.0,0.0,1.0,0.0,0.0,28.0,26.0,466278064.0,2695645696.0,17104588800.0,58214.0,33879875584.0,2529583106.0,0.0,4054.0,7086547.0,5691.0,492310.0,37768.0,0.0,0.0,5049.0,0.0
1787908612.991362,2026-08-28T09:16:53+00:00,http_log_35m_x1,2846926.0,131773.0,4420673349.0,3546092772.0,438.0,3281.0,0.0,2074546.0,1513.0,0.0,0.0,0.0,0.0,28.0,26.0,466278064.0,2695645696.0,17104588800.0,58214.0,33879875584.0,2529583106.0,0.0,4054.0,7086547.0,5691.0,492310.0,37768.0,0.0,0.0,5049.0,0.0
1787908613.9964569,2026-08-28T09:16:54+00:00,http_log_35m_x1,2846926.0,131773.0,4420673349.0,3546092772.0,438.0,3281.0,0.0,2074546.0,1513.0,0.0,0.0,0.0,0.0,28.0,26.0,466278064.0,2695645696.0,17104588800.0,58214.0,33879875584.0,2529583106.0,0.0,4054.0,7086547.0,5691.0,492310.0,37768.0,0.0,0.0,5049.0,0.0
1787908615.001527,2026-08-28T09:16:55+00:00,http_log_35m_x1,2846926.0,131773.0,4420673349.0,3546092772.0,438.0,3281.0,0.0,2074546.0,1513.0,0.0,0.0,0.0,0.0,28.0,26.0,466278064.0,2695645696.0,17104588800.0,58214.0,33879875584.0,2529583106.0,0.0,4054.0,7086547.0,5691.0,492310.0,37768.0,0.0,0.0,5049.0,0.0
1787908616.006631,2026-08-28T09:16:56+00:00,http_log_35m_x1,2846926.0,131773.0,4420673349.0,3546092772.0,438.0,3281.0,0.0,2074546.0,1513.0,0.0,1.0,0.0,0.0,28.0,35.0,466278064.0,2695645696.0,17104588800.0,58214.0,33879875584.0,2529583106.0,0.0,4054.0,7086547.0,5691.0,492310.0,37768.0,0.0,0.0,5049.0,0.0
1787908617.011714,2026-08-28T09:16:57+00:00,http_log_35m_x1,2846926.0,131773.0,4420673349.0,3546092772.0,438.0,3281.0,0.0,2074546.0,1513.0,0.0,1.0,0.0,0.0,28.0,35.0,466278064.0,2695645696.0,17104588800.0,58214.0,33879875584.0,2529583106.0,0.0,4054.0,7086547.0,5691.0,492310.0,37768.0,0.0,0.0,5049.0,0.0
1787908618.0168362,2026-08-28T09:16:58+00:00,http_log_35m_x1,2846926.0,131773.0,4420673349.0,3549061553.0,438.0,3286.0,0.0,956129.0,2105.0,0.0,0.0,0.0,0.0,28.0,35.0,466278064.0,2695645696.0,17104588800.0,58214.0,33879875584.0,2529583106.0,0.0,4054.0,7086547.0,5691.0,492310.0,37768.0,0.0,0.0,5049.0,0.0
1787908619.021915,2026-08-28T09:16:59+00:00,http_log_35m_x1,2846926.0,131773.0,4420673349.0,3549061553.0,438.0,3286.0,0.0,956129.0,2105.0,0.0,0.0,0.0,0.0,28.0,35.0,466278064.0,2695645696.0,17104588800.0,58214.0,33879875584.0,2529583106.0,0.0,4054.0,7086547.0,5691.0,492310.0,37768.0,0.0,0.0,5049.0,0.0
1787908620.027013,2026-08-28T09:17:00+00:00,http_log_35m_x1,2846926.0,131773.0,4420673349.0,3549061553.0,438.0,3286.0,0.0,956129.0,2105.0,0.0,1.0,0.0,0.0,28.0,27.0,466278064.0,2695645696.0,17104588800.0,58214.0,33879875584.0,2529583106.0,0.0,4054.0,7086547.0,5691.0,492310.0,37768.0,0.0,0.0,5049.0,0.0
1787908621.0292249,2026-08-28T09:17:01+00:00,http_log_35m_x1,2846926.0,131773.0,4420673349.0,3554311318.0,438.0,3291.0,53254952.0,2061965.0,1546.0,0.0,0.0,0.0,0.0,28.0,27.0,526625752.0,2695645696.0,17140678656.0,58327.0,33879875584.0,2529583106.0,0.0,4076.0,7097181.0,5703.0,493591.0,37811.0,0.0,0.0,5062.0,0.0
1787908622.0343459,2026-08-28T09:17:02+00:00,http_log_35m_x1,2846926.0,131773.0,4420673349.0,3554311318.0,438.0,3291.0,53254952.0,2061965.0,1546.0,0.0,0.0,0.0,0.0,28.0,27.0,526625752.0,2695645696.0,17140678656.0,58327.0,33287897088.0,2581408468.0,0.0,4076.0,7097181.0,5703.0,493591.0,37811.0,0.0,0.0,5062.0,0.0
1787908623.039426,2026-08-28T09:17:03+00:00,http_log_35m_x1,2846926.0,131773.0,4420673349.0,3554311318.0,438.0,3291.0,53254952.0,2061965.0,1546.0,0.0,0.0,0.0,0.0,28.0,27.0,526625752.0,2695645696.0,17140678656.0,58327.0,33287897088.0,2581408468.0,0.0,4076.0,7097181.0,5703.0,493591.0,37811.0,0.0,0.0,5062.0,0.0
1787908624.044509,2026-08-28T09:17:04+00:00,http_log_35m_x1,2846926.0,131773.0,4420673349.0,3554311318.0,438.0,3291.0,53254952.0,2061965.0,1546.0,0.0,0.0,0.0,0.0,28.0,27.0,526625752.0,2695645696.0,17140678656.0,58327.0,33287897088.0,2581408468.0,0.0,4076.0,7097181.0,5703.0,493591.0,37811.0,0.0,0.0,5062.0,0.0
1787908625.0491872,2026-08-28T09:17:05+00:00,http_log_35m_x1,2846926.0,131773.0,4420673349.0,3554311318.0,438.0,3291.0,53254952.0,2061965.0,1546.0,0.0,1.0,0.0,0.0,28.0,36.0,526625752.0,2695645696.0,17140678656.0,58327.0,33287897088.0,2581408468.0,0.0,4076.0,7097181.0,5703.0,493591.0,37811.0,0.0,0.0,5062.0,0.0
1787908626.052109,2026-08-28T09:17:06+00:00,http_log_35m_x1,2846926.0,131773.0,4420673349.0,3554311318.0,438.0,3291.0,53254952.0,2061965.0,1546.0,0.0,1.0,0.0,0.0,28.0,36.0,526625752.0,2695645696.0,17140678656.0,58327.0,33287897088.0,2581408468.0,0.0,4076.0,7097181.0,5703.0,493591.0,37811.0,0.0,0.0,5062.0,0.0
1787908627.0571918,2026-08-28T09:17:07+00:00,http_log_35m_x1,2846926.0,131773.0,4420673349.0,3554311318.0,438.0,3291.0,53254952.0,2061965.0,1546.0,0.0,1.0,0.0,0.0,28.0,36.0,526625752.0,2695645696.0,17140678656.0,58327.0,33287897088.0,2581408468.0,0.0,4076.0,7097181.0,5703.0,493591.0,37811.0,0.0,0.0,5062.0,0.0
1787908628.062277,2026-08-28T09:17:08+00:00,http_log_35m_x1,2846926.0,131773.0,4420673349.0,3557298562.0,438.0,3296.0,53254952.0,812634.0,2676.0,0.0,0.0,0.0,0.0,28.0,36.0,526625752.0,2695645696.0,17140678656.0,58327.0,33287897088.0,2581408468.0,0.0,4076.0,7097181.0,5703.0,493591.0,37811.0,0.0,0.0,5062.0,0.0
1787908629.066129,2026-08-28T09:17:09+00:00,http_log_35m_x1,2846926.0,131773.0,4420673349.0,3557298562.0,438.0,3296.0,53254952.0,812634.0,2676.0,0.0,1.0,0.0,0.0,28.0,29.0,526625752.0,2695645696.0,17140678656.0,58327.0,33287897088.0,2581408468.0,0.0,4076.0,7097181.0,5703.0,493591.0,37811.0,0.0,0.0,5062.0,0.0
1787908630.071275,2026-08-28T09:17:10+00:00,http_log_35m_x1,2846926.0,131773.0,4420673349.0,3562521170.0,438.0,3301.0,53254952.0,1956032.0,1670.0,0.0,0.0,0.0,0.0,28.0,29.0,526625752.0,2695645696.0,17140678656.0,58327.0,33287897088.0,2581408468.0,0.0,4076.0,7097181.0,5703.0,493591.0,37811.0,0.0,0.0,5062.0,0.0
1787908631.072427,2026-08-28T09:17:11+00:00,http_log_35m_x1,2846926.0,131773.0,4420673349.0,3562521170.0,438.0,3301.0,53254952.0,1956032.0,1670.0,0.0,1.0,0.0,0.0,28.0,28.0,526625752.0,2695645696.0,17140678656.0,58327.0,33287897088.0,2581408468.0,0.0,4076.0,7097181.0,5703.0,493591.0,37811.0,0.0,0.0,5062.0,0.0
1787908632.077507,2026-08-28T09:17:12+00:00,http_log_35m_x1,2846926.0,131773.0,4420673349.0,3562521170.0,438.0,3301.0,53254952.0,1956032.0,1670.0,0.0,1.0,0.0,0.0,28.0,28.0,526625752.0,2695645696.0,17140678656.0,58327.0,33287897088.0,2581408468.0,0.0,4076.0,7097181.0,5703.0,493591.0,37811.0,0.0,0.0,5062.0,0.0
1787908633.0791218,2026-08-28T09:17:13+00:00,http_log_35m_x1,2846926.0,131773.0,4420673349.0,3562521170.0,438.0,3301.0,53254952.0,1956032.0,1670.0,0.0,1.0,0.0,0.0,28.0,28.0,526625752.0,2695645696.0,17140678656.0,58327.0,33287897088.0,2581408468.0,0.0,4076.0,7097181.0,5703.0,493591.0,37811.0,0.0,0.0,5062.0,0.0
1787908634.084193,2026-08-28T09:17:14+00:00,http_log_35m_x1,2846926.0,131773.0,4420673349.0,3562521170.0,438.0,3301.0,53254952.0,1956032.0,1670.0,0.0,2.0,0.0,0.0,28.0,26.0,526625752.0,2695645696.0,17140678656.0,58327.0,33287897088.0,2581408468.0,0.0,4076.0,7097181.0,5703.0,493591.0,37811.0,0.0,0.0,5062.0,0.0
1787908635.0879738,2026-08-28T09:17:15+00:00,http_log_35m_x1,2846926.0,131773.0,4420673349.0,3562521170.0,438.0,3301.0,53254952.0,1956032.0,1670.0,0.0,2.0,0.0,0.0,28.0,26.0,526625752.0,2695645696.0,17140678656.0,58327.0,33287897088.0,2581408468.0,0.0,4076.0,7097181.0,5703.0,493591.0,37811.0,0.0,0.0,5062.0,0.0
1787908636.093056,2026-08-28T09:17:16+00:00,http_log_35m_x1,2846926.0,131773.0,4420673349.0,3565544442.0,438.0,3306.0,246803864.0,933108.0,2240.0,0.0,1.0,0.0,0.0,28.0,26.0,710020248.0,2695645696.0,17179828224.0,58443.0,33287897088.0,2581408468.0,0.0,4095.0,7107143.0,5714.0,495485.0,37892.0,0.0,0.0,5083.0,0.0
1787908637.09729,2026-08-28T09:17:17+00:00,http_log_35m_x1,2846926.0,131773.0,4420673349.0,3565544442.0,438.0,3306.0,246803864.0,933108.0,2240.0,0.0,1.0,0.0,0.0,28.0,26.0,710020248.0,2695645696.0,17179828224.0,58443.0,33287897088.0,2581408468.0,0.0,4095.0,7107143.0,5714.0,495485.0,37892.0,0.0,0.0,5083.0,0.0
1787908638.10237,2026-08-28T09:17:18+00:00,http_log_35m_x1,2846926.0,131773.0,4420673349.0,3565544442.0,438.0,3306.0,246803864.0,933108.0,2240.0,0.0,2.0,0.0,0.0,28.0,18.0,710020248.0,2695645696.0,17179828224.0,58443.0,33287897088.0,2581408468.0,0.0,4095.0,7107143.0,5714.0,495485.0,37892.0,0.0,0.0,5083.0,0.0
1787908639.107465,2026-08-28T09:17:19+00:00,http_log_35m_x1,2846926.0,131773.0,4420673349.0,3570822180.0,438.0,3311.0,246803864.0,1958344.0,1695.0,0.0,1.0,0.0,0.0,28.0,18.0,710020248.0,2695645696.0,17179828224.0,58443.0,33287897088.0,2581408468.0,0.0,4095.0,7107143.0,5714.0,495485.0,37892.0,0.0,0.0,5083.0,0.0
1787908640.111118,2026-08-28T09:17:20+00:00,http_log_35m_x1,2846926.0,131773.0,4420673349.0,3570822180.0,438.0,3311.0,246803864.0,1958344.0,1695.0,0.0,1.0,0.0,0.0,28.0,18.0,710020248.0,2695645696.0,17179828224.0,58443.0,33287897088.0,2581408468.0,0.0,4095.0,7107143.0,5714.0,495485.0,37892.0,0.0,0.0,5083.0,0.0
1787908641.116204,2026-08-28T09:17:21+00:00,http_log_35m_x1,2846926.0,131773.0,4420673349.0,3570822180.0,438.0,3311.0,246803864.0,1958344.0,1695.0,0.0,1.0,0.0,0.0,28.0,18.0,710020248.0,2695645696.0,17179828224.0,58443.0,33287897088.0,2581408468.0,0.0,4095.0,7107143.0,5714.0,495485.0,37892.0,0.0,0.0,5083.0,0.0
1787908642.1213,2026-08-28T09:17:22+00:00,http_log_35m_x1,2846926.0,131773.0,4420673349.0,3570822180.0,438.0,3311.0,246803864.0,1958344.0,1695.0,0.0,2.0,0.0,0.0,28.0,18.0,710020248.0,2695645696.0,17179828224.0,58443.0,33287897088.0,2581408468.0,0.0,4095.0,7107143.0,5714.0,495485.0,37892.0,0.0,0.0,5083.0,0.0
1787908643.1263812,2026-08-28T09:17:23+00:00,http_log_35m_x1,2846926.0,131773.0,4420673349.0,3570822180.0,438.0,3311.0,246803864.0,1958344.0,1695.0,0.0,2.0,0.0,0.0,28.0,18.0,710020248.0,2695645696.0,17179828224.0,58443.0,33287897088.0,2581408468.0,0.0,4095.0,7107143.0,5714.0,495485.0,37892.0,0.0,0.0,5083.0,0.0
1787908644.131486,2026-08-28T09:17:24+00:00,http_log_35m_x1,2846926.0,131773.0,4420673349.0,3578370127.0,438.0,3316.0,246803864.0,2169573.0,2479.0,0.0,1.0,0.0,0.0,28.0,18.0,710020248.0,2695645696.0,17179828224.0,58443.0,33287897088.0,2581408468.0,0.0,4095.0,7107143.0,5714.0,495485.0,37892.0,0.0,0.0,5083.0,0.0
1787908645.136566,2026-08-28T09:17:25+00:00,http_log_35m_x1,2846926.0,131773.0,4420673349.0,3578370127.0,438.0,3316.0,246803864.0,2169573.0,2479.0,0.0,1.0,0.0,0.0,28.0,18.0,710020248.0,2695645696.0,17179828224.0,58443.0,33287897088.0,2581408468.0,0.0,4095.0,7107143.0,5714.0,495485.0,37892.0,0.0,0.0,5083.0,0.0
1787908646.139752,2026-08-28T09:17:26+00:00,http_log_35m_x1,2846926.0,131773.0,4420673349.0,3578370127.0,438.0,3316.0,246803864.0,2169573.0,2479.0,0.0,1.0,0.0,0.0,28.0,18.0,710020248.0,2695645696.0,17179828224.0,58443.0,33287897088.0,2581408468.0,0.0,4095.0,7107143.0,5714.0,495485.0,37892.0,0.0,0.0,5083.0,0.0
1787908647.142237,2026-08-28T09:17:27+00:00,http_log_35m_x1,2846926.0,131773.0,4420673349.0,3578370127.0,438.0,3316.0,246803864.0,2169573.0,2479.0,0.0,2.0,0.0,0.0,28.0,33.0,710020248.0,2695645696.0,17179828224.0,58443.0,33287897088.0,2581408468.0,0.0,4095.0,7107143.0,5714.0,495485.0,37892.0,0.0,0.0,5083.0,0.0
1787908648.147307,2026-08-28T09:17:28+00:00,http_log_35m_x1,2846926.0,131773.0,4420673349.0,3631593031.0,438.0,3321.0,246803864.0,2914886.0,17259.0,0.0,1.0,0.0,0.0,28.0,33.0,710020248.0,2695645696.0,17179828224.0,58443.0,33287897088.0,2581408468.0,0.0,4095.0,7107143.0,5714.0,495485.0,37892.0,0.0,0.0,5083.0,0.0
1787908649.151571,2026-08-28T09:17:29+00:00,http_log_35m_x1,2846926.0,131773.0,4420673349.0,3634486921.0,438.0,3326.0,246803864.0,889333.0,2254.0,0.0,0.0,0.0,0.0,28.0,33.0,710020248.0,2695645696.0,17179828224.0,58443.0,33287897088.0,2581408468.0,0.0,4095.0,7107143.0,5714.0,495485.0,37892.0,0.0,0.0,5083.0,0.0
1787908650.156136,2026-08-28T09:17:30+00:00,http_log_35m_x1,2846926.0,131773.0,4420673349.0,3634486921.0,438.0,3326.0,246803864.0,889333.0,2254.0,0.0,0.0,0.0,0.0,28.0,33.0,710020248.0,2695645696.0,17179828224.0,58443.0,33287897088.0,2581408468.0,0.0,4095.0,7107143.0,5714.0,495485.0,37892.0,0.0,0.0,5083.0,0.0
1787908651.161199,2026-08-28T09:17:31+00:00,http_log_35m_x1,2846926.0,131773.0,4420673349.0,3634486921.0,438.0,3326.0,0.0,889333.0,2254.0,0.0,0.0,0.0,0.0,28.0,33.0,448143728.0,2695645696.0,17309265920.0,58618.0,33287897088.0,2581408468.0,1.0,4112.0,7116541.0,5729.0,497962.0,37975.0,0.0,0.0,5100.0,0.0
1787908652.165731,2026-08-28T09:17:32+00:00,http_log_35m_x1,2846926.0,131773.0,4420673349.0,3634486921.0,438.0,3326.0,0.0,889333.0,2254.0,0.0,1.0,0.0,0.0,28.0,36.0,448143728.0,2695645696.0,17309265920.0,58618.0,33287897088.0,2581408468.0,1.0,4112.0,7116541.0,5729.0,497962.0,37975.0,0.0,0.0,5100.0,0.0
1787908653.1701171,2026-08-28T09:17:33+00:00,http_log_35m_x1,2846926.0,131773.0,4420673349.0,3634486921.0,438.0,3326.0,0.0,889333.0,2254.0,0.0,1.0,0.0,0.0,28.0,36.0,448143728.0,2695645696.0,17309265920.0,58618.0,33287897088.0,2581408468.0,1.0,4112.0,7116541.0,5729.0,497962.0,37975.0,0.0,0.0,5100.0,0.0
1787908654.175195,2026-08-28T09:17:34+00:00,http_log_35m_x1,2846926.0,131773.0,4420673349.0,3637502405.0,438.0,3331.0,0.0,1002821.0,2007.0,0.0,0.0,0.0,0.0,28.0,36.0,448143728.0,2695645696.0,17309265920.0,58618.0,33287897088.0,2581408468.0,1.0,4112.0,7116541.0,5729.0,497962.0,37975.0,0.0,0.0,5100.0,0.0
1787908655.178283,2026-08-28T09:17:35+00:00,http_log_35m_x1,2846926.0,131773.0,4420673349.0,3637502405.0,438.0,3331.0,0.0,1002821.0,2007.0,0.0,0.0,0.0,0.0,28.0,36.0,448143728.0,2695645696.0,17309265920.0,58618.0,33287897088.0,2581408468.0,1.0,4112.0,7116541.0,5729.0,497962.0,37975.0,0.0,0.0,5100.0,0.0
1787908656.183359,2026-08-28T09:17:36+00:00,http_log_35m_x1,2846926.0,131773.0,4420673349.0,3637502405.0,438.0,3331.0,0.0,1002821.0,2007.0,0.0,0.0,0.0,0.0,28.0,36.0,448143728.0,2695645696.0,17309265920.0,58618.0,33287897088.0,2581408468.0,1.0,4112.0,7116541.0,5729.0,497962.0,37975.0,0.0,0.0,5100.0,0.0
1787908657.188433,2026-08-28T09:17:37+00:00,http_log_35m_x1,2846926.0,131773.0,4420673349.0,3637502405.0,438.0,3331.0,0.0,1002821.0,2007.0,0.0,1.0,0.0,0.0,28.0,38.0,448143728.0,2695645696.0,17309265920.0,58618.0,33287897088.0,2581408468.0,1.0,4112.0,7116541.0,5729.0,497962.0,37975.0,0.0,0.0,5100.0,0.0
1787908658.189471,2026-08-28T09:17:38+00:00,http_log_35m_x1,2846926.0,131773.0,4420673349.0,3637502405.0,438.0,3331.0,0.0,1002821.0,2007.0,0.0,1.0,0.0,0.0,28.0,38.0,448143728.0,2695645696.0,17309265920.0,58618.0,33287897088.0,2581408468.0,1.0,4112.0,7116541.0,5729.0,497962.0,37975.0,0.0,0.0,5100.0,0.0
1787908659.194539,2026-08-28T09:17:39+00:00,http_log_35m_x1,2846926.0,131773.0,4420673349.0,3640507723.0,438.0,3336.0,0.0,958328.0,2136.0,0.0,0.0,0.0,0.0,28.0,38.0,448143728.0,2695645696.0,17309265920.0,58618.0,33287897088.0,2581408468.0,1.0,4112.0,7116541.0,5729.0,497962.0,37975.0,0.0,0.0,5100.0,0.0
1787908660.198892,2026-08-28T09:17:40+00:00,http_log_35m_x1,2846926.0,131773.0,4420673349.0,3640507723.0,438.0,3336.0,0.0,958328.0,2136.0,0.0,0.0,0.0,0.0,28.0,38.0,448143728.0,2695645696.0,17309265920.0,58618.0,33287897088.0,2581408468.0,1.0,4112.0,7116541.0,5729.0,497962.0,37975.0,0.0,0.0,5100.0,0.0
1787908661.202303,2026-08-28T09:17:41+00:00,http_log_35m_x1,2846926.0,131773.0,4420673349.0,3640507723.0,438.0,3336.0,0.0,958328.0,2136.0,0.0,1.0,0.0,0.0,28.0,39.0,448143728.0,2695645696.0,17309265920.0,58618.0,33287897088.0,2581408468.0,1.0,4112.0,7116541.0,5729.0,497962.0,37975.0,0.0,0.0,5100.0,0.0
1787908662.203325,2026-08-28T09:17:42+00:00,http_log_35m_x1,2846926.0,131773.0,4420673349.0,3640507723.0,438.0,3336.0,0.0,958328.0,2136.0,0.0,1.0,0.0,0.0,28.0,39.0,448143728.0,2695645696.0,17309265920.0,58618.0,33287897088.0,2581408468.0,1.0,4112.0,7116541.0,5729.0,497962.0,37975.0,0.0,0.0,5100.0,0.0
1787908663.208398,2026-08-28T09:17:43+00:00,http_log_35m_x1,2846926.0,131773.0,4420673349.0,3643439112.0,438.0,3341.0,0.0,980069.0,1991.0,0.0,1.0,0.0,0.0,28.0,32.0,448143728.0,2695645696.0,17309265920.0,58618.0,33287897088.0,2581408468.0,1.0,4112.0,7116541.0,5729.0,497962.0,37975.0,0.0,0.0,5100.0,0.0
1787908664.2134862,2026-08-28T09:17:44+00:00,http_log_35m_x1,2846926.0,131773.0,4420673349.0,3643439112.0,438.0,3341.0,0.0,980069.0,1991.0,0.0,1.0,0.0,0.0,28.0,32.0,448143728.0,2695645696.0,17309265920.0,58618.0,33287897088.0,2581408468.0,1.0,4112.0,7116541.0,5729.0,497962.0,37975.0,0.0,0.0,5100.0,0.0
1787908665.218573,2026-08-28T09:17:45+00:00,http_log_35m_x1,2846926.0,131773.0,4420673349.0,3643439112.0,438.0,3341.0,0.0,980069.0,1991.0,0.0,1.0,0.0,0.0,28.0,32.0,448143728.0,2695645696.0,17309265920.0,58618.0,33287897088.0,2581408468.0,1.0,4112.0,7116541.0,5729.0,497962.0,37975.0,0.0,0.0,5100.0,0.0
1787908666.2236621,2026-08-28T09:17:46+00:00,http_log_35m_x1,2846926.0,131773.0,4420673349.0,3643439112.0,438.0,3341.0,94524808.0,980069.0,1991.0,0.0,2.0,0.0,0.0,28.0,27.0,544037928.0,2695645696.0,17341128704.0,58695.0,33287897088.0,2581408468.0,0.0,4131.0,7127012.0,5737.0,499408.0,38027.0,0.0,0.0,5115.0,0.0
1787908667.224307,2026-08-28T09:17:47+00:00,http_log_35m_x1,2846926.0,131773.0,4420673349.0,3643439112.0,438.0,3341.0,94524808.0,980069.0,1991.0,0.0,2.0,0.0,0.0,28.0,27.0,544037928.0,2695645696.0,17341128704.0,58695.0,33287897088.0,2581408468.0,0.0,4131.0,7127012.0,5737.0,499408.0,38027.0,0.0,0.0,5115.0,0.0
1787908668.228569,2026-08-28T09:17:48+00:00,http_log_35m_x1,2846926.0,131773.0,4420673349.0,3643439112.0,438.0,3341.0,94524808.0,980069.0,1991.0,0.0,2.0,0.0,0.0,28.0,27.0,544037928.0,2695645696.0,17341128704.0,58695.0,33287897088.0,2581408468.0,0.0,4131.0,7127012.0,5737.0,499408.0,38027.0,0.0,0.0,5115.0,0.0
1787908669.233693,2026-08-28T09:17:49+00:00,http_log_35m_x1,2846926.0,131773.0,4420673349.0,3665107142.0,438.0,3351.0,94524808.0,2733826.0,5847.0,0.0,0.0,0.0,0.0,28.0,27.0,544037928.0,2695645696.0,17341128704.0,58695.0,33287897088.0,2581408468.0,0.0,4131.0,7127012.0,5737.0,499408.0,38027.0,0.0,0.0,5115.0,0.0
1787908670.238762,2026-08-28T09:17:50+00:00,http_log_35m_x1,2846926.0,131773.0,4420673349.0,3665107142.0,438.0,3351.0,94524808.0,2733826.0,5847.0,0.0,0.0,0.0,0.0,28.0,27.0,544037928.0,2695645696.0,17341128704.0,58695.0,33287897088.0,2581408468.0,0.0,4131.0,7127012.0,5737.0,499408.0,38027.0,0.0,0.0,5115.0,0.0
1787908671.24383,2026-08-28T09:17:51+00:00,http_log_35m_x1,2846926.0,131773.0,4420673349.0,3665107142.0,438.0,3351.0,94524808.0,2733826.0,5847.0,0.0,1.0,0.0,0.0,28.0,34.0,544037928.0,2695645696.0,17341128704.0,58695.0,33287897088.0,2581408468.0,0.0,4131.0,7127012.0,5737.0,499408.0,38027.0,0.0,0.0,5115.0,0.0
1787908672.2471418,2026-08-28T09:17:52+00:00,http_log_35m_x1,2846926.0,131773.0,4420673349.0,3665107142.0,438.0,3351.0,94524808.0,2733826.0,5847.0,0.0,1.0,0.0,0.0,28.0,34.0,544037928.0,2695645696.0,17341128704.0,58695.0,33287897088.0,2581408468.0,0.0,4131.0,7127012.0,5737.0,499408.0,38027.0,0.0,0.0,5115.0,0.0
1787908673.252225,2026-08-28T09:17:53+00:00,http_log_35m_x1,2846926.0,131773.0,4420673349.0,3668103635.0,438.0,3356.0,94524808.0,1004860.0,1982.0,0.0,0.0,0.0,0.0,28.0,34.0,544037928.0,2695645696.0,17341128704.0,58695.0,33287897088.0,2581408468.0,0.0,4131.0,7127012.0,5737.0,499408.0,38027.0,0.0,0.0,5115.0,0.0
1787908674.25728,2026-08-28T09:17:54+00:00,http_log_35m_x1,2846926.0,131773.0,4420673349.0,3668103635.0,438.0,3356.0,94524808.0,1004860.0,1982.0,0.0,0.0,0.0,0.0,28.0,34.0,544037928.0,2695645696.0,17341128704.0,58695.0,33287897088.0,2581408468.0,0.0,4131.0,7127012.0,5737.0,499408.0,38027.0,0.0,0.0,5115.0,0.0
1787908675.2579122,2026-08-28T09:17:55+00:00,http_log_35m_x1,2846926.0,131773.0,4420673349.0,3668103635.0,438.0,3356.0,94524808.0,1004860.0,1982.0,0.0,0.0,0.0,0.0,28.0,34.0,544037928.0,2695645696.0,17341128704.0,58695.0,33287897088.0,2581408468.0,0.0,4131.0,7127012.0,5737.0,499408.0,38027.0,0.0,0.0,5115.0,0.0
1787908676.2586198,2026-08-28T09:17:56+00:00,http_log_35m_x1,2846926.0,131773.0,4420673349.0,3668103635.0,438.0,3356.0,94524808.0,1004860.0,1982.0,0.0,1.0,0.0,0.0,28.0,36.0,544037928.0,2695645696.0,17341128704.0,58695.0,33287897088.0,2581408468.0,0.0,4131.0,7127012.0,5737.0,499408.0,38027.0,0.0,0.0,5115.0,0.0
1787908677.2637079,2026-08-28T09:17:57+00:00,http_log_35m_x1,2846926.0,131773.0,4420673349.0,3668103635.0,438.0,3356.0,94524808.0,1004860.0,1982.0,0.0,1.0,0.0,0.0,28.0,36.0,544037928.0,2695645696.0,17341128704.0,58695.0,33287897088.0,2581408468.0,0.0,4131.0,7127012.0,5737.0,499408.0,38027.0,0.0,0.0,5115.0,0.0
1787908678.267055,2026-08-28T09:17:58+00:00,http_log_35m_x1,2846926.0,131773.0,4420673349.0,3671128428.0,438.0,3361.0,94524808.0,1011298.0,1991.0,0.0,0.0,0.0,0.0,28.0,36.0,544037928.0,2695645696.0,17341128704.0,58695.0,33287897088.0,2581408468.0,0.0,4131.0,7127012.0,5737.0,499408.0,38027.0,0.0,0.0,5115.0,0.0
1787908679.268251,2026-08-28T09:17:59+00:00,http_log_35m_x1,2846926.0,131773.0,4420673349.0,3671128428.0,438.0,3361.0,94524808.0,1011298.0,1991.0,0.0,0.0,0.0,0.0,28.0,36.0,544037928.0,2695645696.0,17341128704.0,58695.0,33287897088.0,2581408468.0,0.0,4131.0,7127012.0,5737.0,499408.0,38027.0,0.0,0.0,5115.0,0.0
1787908680.2728262,2026-08-28T09:18:00+00:00,http_log_35m_x1,2846926.0,131773.0,4420673349.0,3671128428.0,438.0,3361.0,94524808.0,1011298.0,1991.0,0.0,0.0,0.0,0.0,28.0,36.0,544037928.0,2695645696.0,17341128704.0,58695.0,33287897088.0,2581408468.0,0.0,4131.0,7127012.0,5737.0,499408.0,38027.0,0.0,0.0,5115.0,0.0
1787908681.2778912,2026-08-28T09:18:01+00:00,http_log_35m_x1,2846926.0,131773.0,4420673349.0,3671128428.0,438.0,3361.0,0.0,1011298.0,1991.0,0.0,1.0,0.0,0.0,28.0,37.0,450623096.0,2695645696.0,17404575744.0,58822.0,33045626880.0,2634907394.0,0.0,4152.0,7137322.0,5750.0,501020.0,38084.0,0.0,0.0,5133.0,0.0
1787908682.2829618,2026-08-28T09:18:02+00:00,http_log_35m_x1,2846926.0,131773.0,4420673349.0,3671128428.0,438.0,3361.0,0.0,1011298.0,1991.0,0.0,1.0,0.0,0.0,28.0,37.0,450623096.0,2695645696.0,17404575744.0,58822.0,33045626880.0,2634907394.0,0.0,4152.0,7137322.0,5750.0,501020.0,38084.0,0.0,0.0,5133.0,0.0
1787908683.288033,2026-08-28T09:18:03+00:00,http_log_35m_x1,2846926.0,131773.0,4420673349.0,3674134126.0,438.0,3366.0,0.0,1016468.0,1957.0,0.0,1.0,0.0,0.0,28.0,29.0,450623096.0,2695645696.0,17404575744.0,58822.0,33045626880.0,2634907394.0,0.0,4152.0,7137322.0,5750.0,501020.0,38084.0,0.0,0.0,5133.0,0.0
1787908684.2930949,2026-08-28T09:18:04+00:00,http_log_35m_x1,2846926.0,131773.0,4420673349.0,3674134126.0,438.0,3366.0,0.0,1016468.0,1957.0,0.0,1.0,0.0,0.0,28.0,29.0,450623096.0,2695645696.0,17404575744.0,58822.0,33045626880.0,2634907394.0,0.0,4152.0,7137322.0,5750.0,501020.0,38084.0,0.0,0.0,5133.0,0.0
1787908685.298166,2026-08-28T09:18:05+00:00,http_log_35m_x1,2846926.0,131773.0,4420673349.0,3674134126.0,438.0,3366.0,0.0,1016468.0,1957.0,0.0,1.0,0.0,0.0,28.0,29.0,450623096.0,2695645696.0,17404575744.0,58822.0,33045626880.0,2634907394.0,0.0,4152.0,7137322.0,5750.0,501020.0,38084.0,0.0,0.0,5133.0,0.0
1787908686.3032389,2026-08-28T09:18:06+00:00,http_log_35m_x1,2846926.0,131773.0,4420673349.0,3674134126.0,438.0,3366.0,0.0,1016468.0,1957.0,0.0,2.0,0.0,0.0,28.0,27.0,450623096.0,2695645696.0,17404575744.0,58822.0,33045626880.0,2634907394.0,0.0,4152.0,7137322.0,5750.0,501020.0,38084.0,0.0,0.0,5133.0,0.0
1787908687.308314,2026-08-28T09:18:07+00:00,http_log_35m_x1,2846926.0,131773.0,4420673349.0,3674134126.0,438.0,3366.0,0.0,1016468.0,1957.0,0.0,2.0,0.0,0.0,28.0,27.0,450623096.0,2695645696.0,17404575744.0,58822.0,33045626880.0,2634907394.0,0.0,4152.0,7137322.0,5750.0,501020.0,38084.0,0.0,0.0,5133.0,0.0
1787908688.3133938,2026-08-28T09:18:08+00:00,http_log_35m_x1,2846926.0,131773.0,4420673349.0,3677121510.0,438.0,3371.0,0.0,929780.0,2213.0,0.0,1.0,0.0,0.0,28.0,27.0,450623096.0,2695645696.0,17404575744.0,58822.0,33045626880.0,2634907394.0,0.0,4152.0,7137322.0,5750.0,501020.0,38084.0,0.0,0.0,5133.0,0.0
1787908689.31846,2026-08-28T09:18:09+00:00,http_log_35m_x1,2846926.0,131773.0,4420673349.0,3677121510.0,438.0,3371.0,0.0,929780.0,2213.0,0.0,1.0,0.0,0.0,28.0,27.0,450623096.0,2695645696.0,17404575744.0,58822.0,33045626880.0,2634907394.0,0.0,4152.0,7137322.0,5750.0,501020.0,38084.0,0.0,0.0,5133.0,0.0
1787908690.323541,2026-08-28T09:18:10+00:00,http_log_35m_x1,2846926.0,131773.0,4420673349.0,3677121510.0,438.0,3371.0,0.0,929780.0,2213.0,0.0,2.0,0.0,0.0,28.0,20.0,450623096.0,2695645696.0,17404575744.0,58822.0,33045626880.0,2634907394.0,0.0,4152.0,7137322.0,5750.0,501020.0,38084.0,0.0,0.0,5133.0,0.0
1787908691.3286111,2026-08-28T09:18:11+00:00,http_log_35m_x1,2846926.0,131773.0,4420673349.0,3677121510.0,438.0,3371.0,0.0,929780.0,2213.0,0.0,2.0,0.0,0.0,28.0,20.0,450623096.0,2695645696.0,17404575744.0,58822.0,33045626880.0,2634907394.0,0.0,4152.0,7137322.0,5750.0,501020.0,38084.0,0.0,0.0,5133.0,0.0
1787908692.3336902,2026-08-28T09:18:12+00:00,http_log_35m_x1,2846926.0,131773.0,4420673349.0,3712423944.0,438.0,3381.0,0.0,2961115.0,9149.0,0.0,0.0,0.0,0.0,28.0,20.0,450623096.0,2695645696.0,17404575744.0,58822.0,33045626880.0,2634907394.0,0.0,4152.0,7137322.0,5750.0,501020.0,38084.0,0.0,0.0,5133.0,0.0
1787908693.338518,2026-08-28T09:18:13+00:00,http_log_35m_x1,2846926.0,131773.0,4420673349.0,3712423944.0,438.0,3381.0,0.0,2961115.0,9149.0,0.0,0.0,0.0,0.0,28.0,20.0,450623096.0,2695645696.0,17404575744.0,58822.0,33045626880.0,2634907394.0,0.0,4152.0,7137322.0,5750.0,501020.0,38084.0,0.0,0.0,5133.0,0.0
1787908694.3436291,2026-08-28T09:18:14+00:00,http_log_35m_x1,2846926.0,131773.0,4420673349.0,3712423944.0,438.0,3381.0,0.0,2961115.0,9149.0,0.0,0.0,0.0,0.0,28.0,20.0,450623096.0,2695645696.0,17404575744.0,58822.0,33045626880.0,2634907394.0,0.0,4152.0,7137322.0,5750.0,501020.0,38084.0,0.0,0.0,5133.0,0.0
1787908695.346422,2026-08-28T09:18:15+00:00,http_log_35m_x1,2846926.0,131773.0,4420673349.0,3712423944.0,438.0,3381.0,20553272.0,2961115.0,9149.0,0.0,1.0,0.0,0.0,28.0,34.0,471126576.0,2695645696.0,17487032320.0,58935.0,33045626880.0,2634907394.0,0.0,4172.0,7146834.0,5761.0,503350.0,38206.0,0.0,0.0,5151.0,0.0
1787908696.350516,2026-08-28T09:18:16+00:00,http_log_35m_x1,2846926.0,131773.0,4420673349.0,3712423944.0,438.0,3381.0,20553272.0,2961115.0,9149.0,0.0,1.0,0.0,0.0,28.0,34.0,471126576.0,2695645696.0,17487032320.0,58935.0,33045626880.0,2634907394.0,0.0,4172.0,7146834.0,5761.0,503350.0,38206.0,0.0,0.0,5151.0,0.0
1787908697.3540428,2026-08-28T09:18:17+00:00,http_log_35m_x1,2846926.0,131773.0,4420673349.0,3715345472.0,438.0,3386.0,20553272.0,878126.0,2327.0,0.0,0.0,0.0,0.0,28.0,34.0,471126576.0,2695645696.0,17487032320.0,58935.0,33045626880.0,2634907394.0,0.0,4172.0,7146834.0,5761.0,503350.0,38206.0,0.0,0.0,5151.0,0.0
1787908698.358089,2026-08-28T09:18:18+00:00,http_log_35m_x1,2846926.0,131773.0,4420673349.0,3715345472.0,438.0,3386.0,20553272.0,878126.0,2327.0,0.0,0.0,0.0,0.0,28.0,34.0,471126576.0,2695645696.0,17487032320.0,58935.0,33045626880.0,2634907394.0,0.0,4172.0,7146834.0,5761.0,503350.0,38206.0,0.0,0.0,5151.0,0.0
1787908699.363153,2026-08-28T09:18:19+00:00,http_log_35m_x1,2846926.0,131773.0,4420673349.0,3715345472.0,438.0,3386.0,20553272.0,878126.0,2327.0,0.0,1.0,0.0,0.0,28.0,27.0,471126576.0,2695645696.0,17487032320.0,58935.0,33045626880.0,2634907394.0,0.0,4172.0,7146834.0,5761.0,503350.0,38206.0,0.0,0.0,5151.0,0.0
1787908700.368224,2026-08-28T09:18:20+00:00,http_log_35m_x1,2846926.0,131773.0,4420673349.0,3715345472.0,438.0,3386.0,20553272.0,878126.0,2327.0,0.0,1.0,0.0,0.0,28.0,27.0,471126576.0,2695645696.0,17487032320.0,58935.0,33045626880.0,2634907394.0,0.0,4172.0,7146834.0,5761.0,503350.0,38206.0,0.0,0.0,5151.0,0.0
1787908701.373307,2026-08-28T09:18:21+00:00,http_log_35m_x1,2846926.0,131773.0,4420673349.0,3720548348.0,438.0,3391.0,20553272.0,2085321.0,1495.0,0.0,0.0,0.0,0.0,28.0,27.0,471126576.0,2695645696.0,17487032320.0,58935.0,33045626880.0,2634907394.0,0.0,4172.0,7146834.0,5761.0,503350.0,38206.0,0.0,0.0,5151.0,0.0
1787908702.3783958,2026-08-28T09:18:22+00:00,http_log_35m_x1,2846926.0,131773.0,4420673349.0,3720548348.0,438.0,3391.0,20553272.0,2085321.0,1495.0,0.0,0.0,0.0,0.0,28.0,27.0,471126576.0,2695645696.0,17487032320.0,58935.0,33045626880.0,2634907394.0,0.0,4172.0,7146834.0,5761.0,503350.0,38206.0,0.0,0.0,5151.0,0.0
1787908703.383483,2026-08-28T09:18:23+00:00,http_log_35m_x1,2846926.0,131773.0,4420673349.0,3720548348.0,438.0,3391.0,20553272.0,2085321.0,1495.0,0.0,0.0,0.0,0.0,28.0,27.0,471126576.0,2695645696.0,17487032320.0,58935.0,33045626880.0,2634907394.0,0.0,4172.0,7146834.0,5761.0,503350.0,38206.0,0.0,0.0,5151.0,0.0
1787908704.388001,2026-08-28T09:18:24+00:00,http_log_35m_x1,2846926.0,131773.0,4420673349.0,3720548348.0,438.0,3391.0,20553272.0,2085321.0,1495.0,0.0,1.0,0.0,0.0,28.0,36.0,471126576.0,2695645696.0,17487032320.0,58935.0,33045626880.0,2634907394.0,0.0,4172.0,7146834.0,5761.0,503350.0,38206.0,0.0,0.0,5151.0,0.0
1787908705.392989,2026-08-28T09:18:25+00:00,http_log_35m_x1,2846926.0,131773.0,4420673349.0,3720548348.0,438.0,3391.0,20553272.0,2085321.0,1495.0,0.0,1.0,0.0,0.0,28.0,36.0,471126576.0,2695645696.0,17487032320.0,58935.0,33045626880.0,2634907394.0,0.0,4172.0,7146834.0,5761.0,503350.0,38206.0,0.0,0.0,5151.0,0.0
1787908706.398067,2026-08-28T09:18:26+00:00,http_log_35m_x1,2846926.0,131773.0,4420673349.0,3723508052.0,438.0,3396.0,20553272.0,1018480.0,1906.0,0.0,0.0,0.0,0.0,28.0,36.0,471126576.0,2695645696.0,17487032320.0,58935.0,33045626880.0,2634907394.0,0.0,4172.0,7146834.0,5761.0,503350.0,38206.0,0.0,0.0,5151.0,0.0
1787908707.4008389,2026-08-28T09:18:27+00:00,http_log_35m_x1,2846926.0,131773.0,4420673349.0,3723508052.0,438.0,3396.0,20553272.0,1018480.0,1906.0,0.0,0.0,0.0,0.0,28.0,36.0,471126576.0,2695645696.0,17487032320.0,58935.0,33045626880.0,2634907394.0,0.0,4172.0,7146834.0,5761.0,503350.0,38206.0,0.0,0.0,5151.0,0.0
1787908708.40288,2026-08-28T09:18:28+00:00,http_log_35m_x1,2846926.0,131773.0,4420673349.0,3723508052.0,438.0,3396.0,20553272.0,1018480.0,1906.0,0.0,1.0,0.0,0.0,28.0,28.0,471126576.0,2695645696.0,17487032320.0,58935.0,33045626880.0,2634907394.0,0.0,4172.0,7146834.0,5761.0,503350.0,38206.0,0.0,0.0,5151.0,0.0
1787908709.4079528,2026-08-28T09:18:29+00:00,http_log_35m_x1,2846926.0,131773.0,4420673349.0,3723508052.0,438.0,3396.0,20553272.0,1018480.0,1906.0,0.0,1.0,0.0,0.0,28.0,28.0,471126576.0,2695645696.0,17487032320.0,58935.0,33045626880.0,2634907394.0,0.0,4172.0,7146834.0,5761.0,503350.0,38206.0,0.0,0.0,5151.0,0.0
1787908710.413022,2026-08-28T09:18:30+00:00,http_log_35m_x1,2846926.0,131773.0,4420673349.0,3728691402.0,438.0,3401.0,0.0,1966369.0,1636.0,0.0,0.0,0.0,0.0,28.0,28.0,454569744.0,2695645696.0,17536053248.0,59073.0,33045626880.0,2634907394.0,0.0,4210.0,7157298.0,5775.0,504743.0,38304.0,0.0,0.0,5167.0,0.0
1787908711.4181042,2026-08-28T09:18:31+00:00,http_log_35m_x1,2846926.0,131773.0,4420673349.0,3728691402.0,438.0,3401.0,0.0,1966369.0,1636.0,0.0,0.0,0.0,0.0,28.0,28.0,454569744.0,2695645696.0,17536053248.0,59073.0,33045626880.0,2634907394.0,0.0,4210.0,7157298.0,5775.0,504743.0,38304.0,0.0,0.0,5167.0,0.0
1787908712.4231548,2026-08-28T09:18:32+00:00,http_log_35m_x1,2846926.0,131773.0,4420673349.0,3728691402.0,438.0,3401.0,0.0,1966369.0,1636.0,0.0,0.0,0.0,0.0,28.0,28.0,454569744.0,2695645696.0,17536053248.0,59073.0,33045626880.0,2634907394.0,0.0,4210.0,7157298.0,5775.0,504743.0,38304.0,0.0,0.0,5167.0,0.0
1787908713.428233,2026-08-28T09:18:33+00:00,http_log_35m_x1,2846926.0,131773.0,4420673349.0,3728691402.0,438.0,3401.0,0.0,1966369.0,1636.0,0.0,0.0,0.0,0.0,28.0,28.0,454569744.0,2695645696.0,17536053248.0,59073.0,33045626880.0,2634907394.0,0.0,4210.0,7157298.0,5775.0,504743.0,38304.0,0.0,0.0,5167.0,0.0
1787908714.433302,2026-08-28T09:18:34+00:00,http_log_35m_x1,2846926.0,131773.0,4420673349.0,3728691402.0,438.0,3401.0,0.0,1966369.0,1636.0,0.0,1.0,0.0,0.0,28.0,37.0,454569744.0,2695645696.0,17536053248.0,59073.0,33045626880.0,2634907394.0,0.0,4210.0,7157298.0,5775.0,504743.0,38304.0,0.0,0.0,5167.0,0.0
1787908715.436949,2026-08-28T09:18:35+00:00,http_log_35m_x1,2846926.0,131773.0,4420673349.0,3728691402.0,438.0,3401.0,0.0,1966369.0,1636.0,0.0,1.0,0.0,0.0,28.0,37.0,454569744.0,2695645696.0,17536053248.0,59073.0,33045626880.0,2634907394.0,0.0,4210.0,7157298.0,5775.0,504743.0,38304.0,0.0,0.0,5167.0,0.0
1787908716.44206,2026-08-28T09:18:36+00:00,http_log_35m_x1,2846926.0,131773.0,4420673349.0,3731715592.0,438.0,3406.0,0.0,972721.0,2109.0,0.0,0.0,0.0,0.0,28.0,37.0,454569744.0,2695645696.0,17536053248.0,59073.0,33045626880.0,2634907394.0,0.0,4210.0,7157298.0,5775.0,504743.0,38304.0,0.0,0.0,5167.0,0.0
1787908717.447135,2026-08-28T09:18:37+00:00,http_log_35m_x1,2846926.0,131773.0,4420673349.0,3731715592.0,438.0,3406.0,0.0,972721.0,2109.0,0.0,0.0,0.0,0.0,28.0,37.0,454569744.0,2695645696.0,17536053248.0,59073.0,33045626880.0,2634907394.0,0.0,4210.0,7157298.0,5775.0,504743.0,38304.0,0.0,0.0,5167.0,0.0
1787908718.4484742,2026-08-28T09:18:38+00:00,http_log_35m_x1,2846926.0,131773.0,4420673349.0,3731715592.0,438.0,3406.0,0.0,972721.0,2109.0,0.0,1.0,0.0,0.0,28.0,30.0,454569744.0,2695645696.0,17536053248.0,59073.0,33045626880.0,2634907394.0,0.0,4210.0,7157298.0,5775.0,504743.0,38304.0,0.0,0.0,5167.0,0.0
1787908719.453547,2026-08-28T09:18:39+00:00,http_log_35m_x1,2846926.0,131773.0,4420673349.0,3737013438.0,438.0,3411.0,0.0,2002966.0,1645.0,0.0,0.0,0.0,0.0,28.0,30.0,454569744.0,2695645696.0,17536053248.0,59073.0,33045626880.0,2634907394.0,0.0,4210.0,7157298.0,5775.0,504743.0,38304.0,0.0,0.0,5167.0,0.0
1787908720.458645,2026-08-28T09:18:40+00:00,http_log_35m_x1,2846926.0,131773.0,4420673349.0,3737013438.0,438.0,3411.0,0.0,2002966.0,1645.0,0.0,1.0,0.0,0.0,28.0,29.0,454569744.0,2695645696.0,17536053248.0,59073.0,33045626880.0,2634907394.0,0.0,4210.0,7157298.0,5775.0,504743.0,38304.0,0.0,0.0,5167.0,0.0
1787908721.463695,2026-08-28T09:18:41+00:00,http_log_35m_x1,2846926.0,131773.0,4420673349.0,3737013438.0,438.0,3411.0,0.0,2002966.0,1645.0,0.0,1.0,0.0,0.0,28.0,29.0,454569744.0,2695645696.0,17536053248.0,59073.0,33045626880.0,2634907394.0,0.0,4210.0,7157298.0,5775.0,504743.0,38304.0,0.0,0.0,5167.0,0.0
1787908722.468765,2026-08-28T09:18:42+00:00,http_log_35m_x1,2846926.0,131773.0,4420673349.0,3737013438.0,438.0,3411.0,0.0,2002966.0,1645.0,0.0,1.0,0.0,0.0,28.0,29.0,454569744.0,2695645696.0,17536053248.0,59073.0,33045626880.0,2634907394.0,0.0,4210.0,7157298.0,5775.0,504743.0,38304.0,0.0,0.0,5167.0,0.0
1787908723.468988,2026-08-28T09:18:43+00:00,http_log_35m_x1,2846926.0,131773.0,4420673349.0,3737013438.0,438.0,3411.0,0.0,2002966.0,1645.0,0.0,2.0,0.0,0.0,28.0,27.0,454569744.0,2695645696.0,17536053248.0,59073.0,33045626880.0,2634907394.0,0.0,4210.0,7157298.0,5775.0,504743.0,38304.0,0.0,0.0,5167.0,0.0
1787908724.471461,2026-08-28T09:18:44+00:00,http_log_35m_x1,2846926.0,131773.0,4420673349.0,3737013438.0,438.0,3411.0,0.0,2002966.0,1645.0,0.0,2.0,0.0,0.0,28.0,27.0,454569744.0,2695645696.0,17536053248.0,59073.0,33045626880.0,2634907394.0,0.0,4210.0,7157298.0,5775.0,504743.0,38304.0,0.0,0.0,5167.0,0.0
1787908725.476532,2026-08-28T09:18:45+00:00,http_log_35m_x1,2846926.0,131773.0,4420673349.0,3739954189.0,438.0,3416.0,214995352.0,975050.0,2016.0,0.0,1.0,0.0,0.0,28.0,27.0,670253872.0,2695645696.0,17572573184.0,59155.0,33045626880.0,2634907394.0,0.0,4229.0,7167480.0,5783.0,506458.0,38365.0,0.0,0.0,5182.0,0.0
1787908726.481604,2026-08-28T09:18:46+00:00,http_log_35m_x1,2846926.0,131773.0,4420673349.0,3739954189.0,438.0,3416.0,214995352.0,975050.0,2016.0,0.0,1.0,0.0,0.0,28.0,27.0,670253872.0,2695645696.0,17572573184.0,59155.0,33045626880.0,2634907394.0,0.0,4229.0,7167480.0,5783.0,506458.0,38365.0,0.0,0.0,5182.0,0.0
1787908727.486679,2026-08-28T09:18:47+00:00,http_log_35m_x1,2846926.0,131773.0,4420673349.0,3739954189.0,438.0,3416.0,214995352.0,975050.0,2016.0,0.0,2.0,0.0,0.0,28.0,20.0,670253872.0,2695645696.0,17572573184.0,59155.0,33045626880.0,2634907394.0,0.0,4229.0,7167480.0,5783.0,506458.0,38365.0,0.0,0.0,5182.0,0.0
1787908728.491759,2026-08-28T09:18:48+00:00,http_log_35m_x1,2846926.0,131773.0,4420673349.0,3745156499.0,438.0,3421.0,214995352.0,1990933.0,1613.0,0.0,1.0,0.0,0.0,28.0,20.0,670253872.0,2695645696.0,17572573184.0,59155.0,33045626880.0,2634907394.0,0.0,4229.0,7167480.0,5783.0,506458.0,38365.0,0.0,0.0,5182.0,0.0
1787908729.499521,2026-08-28T09:18:49+00:00,http_log_35m_x1,2846926.0,131773.0,4420673349.0,3745156499.0,438.0,3421.0,214995352.0,1990933.0,1613.0,0.0,1.0,0.0,0.0,28.0,20.0,670253872.0,2695645696.0,17572573184.0,59155.0,33045626880.0,2634907394.0,0.0,4229.0,7167480.0,5783.0,506458.0,38365.0,0.0,0.0,5182.0,0.0
1787908730.4997828,2026-08-28T09:18:50+00:00,http_log_35m_x1,2846926.0,131773.0,4420673349.0,3745156499.0,438.0,3421.0,214995352.0,1990933.0,1613.0,0.0,1.0,0.0,0.0,28.0,20.0,670253872.0,2695645696.0,17572573184.0,59155.0,33045626880.0,2634907394.0,0.0,4229.0,7167480.0,5783.0,506458.0,38365.0,0.0,0.0,5182.0,0.0
1787908731.504098,2026-08-28T09:18:51+00:00,http_log_35m_x1,2846926.0,131773.0,4420673349.0,3745156499.0,438.0,3421.0,214995352.0,1990933.0,1613.0,0.0,2.0,0.0,0.0,28.0,19.0,670253872.0,2695645696.0,17572573184.0,59155.0,33045626880.0,2634907394.0,0.0,4229.0,7167480.0,5783.0,506458.0,38365.0,0.0,0.0,5182.0,0.0
1787908732.504272,2026-08-28T09:18:52+00:00,http_log_35m_x1,2846926.0,131773.0,4420673349.0,3745156499.0,438.0,3421.0,214995352.0,1990933.0,1613.0,0.0,2.0,0.0,0.0,28.0,19.0,670253872.0,2695645696.0,17572573184.0,59155.0,33045626880.0,2634907394.0,0.0,4229.0,7167480.0,5783.0,506458.0,38365.0,0.0,0.0,5182.0,0.0
1787908733.5043578,2026-08-28T09:18:53+00:00,http_log_35m_x1,2846926.0,131773.0,4420673349.0,3752629749.0,438.0,3426.0,214995352.0,2278429.0,2280.0,0.0,1.0,0.0,0.0,28.0,19.0,670253872.0,2695645696.0,17572573184.0,59155.0,33045626880.0,2634907394.0,0.0,4229.0,7167480.0,5783.0,506458.0,38365.0,0.0,0.0,5182.0,0.0
1787908734.504478,2026-08-28T09:18:54+00:00,http_log_35m_x1,2846926.0,131773.0,4420673349.0,3752629749.0,438.0,3426.0,214995352.0,2278429.0,2280.0,0.0,1.0,0.0,0.0,28.0,19.0,670253872.0,2695645696.0,17572573184.0,59155.0,33045626880.0,2634907394.0,0.0,4229.0,7167480.0,5783.0,506458.0,38365.0,0.0,0.0,5182.0,0.0
1787908735.507807,2026-08-28T09:18:55+00:00,http_log_35m_x1,2846926.0,131773.0,4420673349.0,3803041429.0,438.0,3431.0,214995352.0,3061376.0,15467.0,0.0,0.0,0.0,0.0,28.0,19.0,670253872.0,2695645696.0,17572573184.0,59155.0,33045626880.0,2634907394.0,0.0,4229.0,7167480.0,5783.0,506458.0,38365.0,0.0,0.0,5182.0,0.0
1787908736.5082948,2026-08-28T09:18:56+00:00,http_log_35m_x1,2846926.0,131773.0,4420673349.0,3803041429.0,438.0,3431.0,214995352.0,3061376.0,15467.0,0.0,1.0,0.0,0.0,28.0,36.0,670253872.0,2695645696.0,17572573184.0,59155.0,33045626880.0,2634907394.0,0.0,4229.0,7167480.0,5783.0,506458.0,38365.0,0.0,0.0,5182.0,0.0
1787908737.50904,2026-08-28T09:18:57+00:00,http_log_35m_x1,2846926.0,131773.0,4420673349.0,3803041429.0,438.0,3431.0,214995352.0,3061376.0,15467.0,0.0,1.0,0.0,0.0,28.0,36.0,670253872.0,2695645696.0,17572573184.0,59155.0,33045626880.0,2634907394.0,0.0,4229.0,7167480.0,5783.0,506458.0,38365.0,0.0,0.0,5182.0,0.0
1787908738.5103528,2026-08-28T09:18:58+00:00,http_log_35m_x1,2846926.0,131773.0,4420673349.0,3806046420.0,438.0,3436.0,214995352.0,1000996.0,2002.0,0.0,0.0,0.0,0.0,28.0,36.0,670253872.0,2695645696.0,17572573184.0,59155.0,33045626880.0,2634907394.0,0.0,4229.0,7167480.0,5783.0,506458.0,38365.0,0.0,0.0,5182.0,0.0
1787908739.515431,2026-08-28T09:18:59+00:00,http_log_35m_x1,33610.0,4.0,4420754354.0,3806046420.0,453.0,3436.0,214995352.0,1000996.0,2002.0,0.0,0.0,0.0,0.0,16.0,36.0,670253872.0,2695645696.0,17572573184.0,59155.0,33045626880.0,2634907394.0,0.0,4229.0,7167480.0,5783.0,506458.0,38365.0,0.0,0.0,5182.0,0.0
1787908740.5178251,2026-08-28T09:19:00+00:00,http_log_35m_x1,33610.0,4.0,4420754354.0,3806046420.0,453.0,3436.0,0.0,1000996.0,2002.0,0.0,0.0,0.0,0.0,16.0,36.0,453542288.0,2695645696.0,17694433280.0,59298.0,33045626880.0,2634907394.0,0.0,4253.0,7177157.0,5796.0,508685.0,38424.0,0.0,0.0,5197.0,0.0
1787908741.518327,2026-08-28T09:19:01+00:00,http_log_35m_x1,33610.0,4.0,4420754354.0,3806046420.0,453.0,3436.0,0.0,1000996.0,2002.0,0.0,1.0,0.0,0.0,16.0,37.0,453542288.0,2695645696.0,17694433280.0,59298.0,32772247552.0,2686054038.0,0.0,4253.0,7177157.0,5796.0,508685.0,38424.0,0.0,0.0,5197.0,0.0
1787908742.5234041,2026-08-28T09:19:02+00:00,http_log_35m_x1,33610.0,4.0,4420754354.0,3806046420.0,453.0,3436.0,0.0,1000996.0,2002.0,0.0,1.0,0.0,0.0,16.0,37.0,453542288.0,2695645696.0,17694433280.0,59298.0,32772247552.0,2686054038.0,0.0,4253.0,7177157.0,5796.0,508685.0,38424.0,0.0,0.0,5197.0,0.0
1787908743.527817,2026-08-28T09:19:03+00:00,http_log_35m_x1,33610.0,4.0,4420754354.0,3809024202.0,453.0,3441.0,0.0,1033593.0,1881.0,0.0,0.0,0.0,0.0,16.0,37.0,453542288.0,2695645696.0,17694433280.0,59298.0,32772247552.0,2686054038.0,0.0,4253.0,7177157.0,5796.0,508685.0,38424.0,0.0,0.0,5197.0,0.0
1787908744.5328782,2026-08-28T09:19:04+00:00,http_log_35m_x1,33610.0,4.0,4420754354.0,3809024202.0,453.0,3441.0,0.0,1033593.0,1881.0,0.0,0.0,0.0,0.0,16.0,37.0,453542288.0,2695645696.0,17694433280.0,59298.0,32772247552.0,2686054038.0,0.0,4253.0,7177157.0,5796.0,508685.0,38424.0,0.0,0.0,5197.0,0.0
1787908745.533799,2026-08-28T09:19:05+00:00,http_log_35m_x1,33610.0,4.0,4420754354.0,3809024202.0,453.0,3441.0,0.0,1033593.0,1881.0,0.0,0.0,0.0,0.0,16.0,37.0,453542288.0,2695645696.0,17694433280.0,59298.0,32772247552.0,2686054038.0,0.0,4253.0,7177157.0,5796.0,508685.0,38424.0,0.0,0.0,5197.0,0.0
1787908746.5388641,2026-08-28T09:19:06+00:00,http_log_35m_x1,33610.0,4.0,4420754354.0,3809024202.0,453.0,3441.0,0.0,1033593.0,1881.0,0.0,1.0,0.0,0.0,16.0,39.0,453542288.0,2695645696.0,17694433280.0,59298.0,32772247552.0,2686054038.0,0.0,4253.0,7177157.0,5796.0,508685.0,38424.0,0.0,0.0,5197.0,0.0
1787908747.54393,2026-08-28T09:19:07+00:00,http_log_35m_x1,33610.0,4.0,4420754354.0,3811964876.0,453.0,3446.0,0.0,1014725.0,1898.0,0.0,0.0,0.0,0.0,16.0,39.0,453542288.0,2695645696.0,17694433280.0,59298.0,32772247552.0,2686054038.0,0.0,4253.0,7177157.0,5796.0,508685.0,38424.0,0.0,0.0,5197.0,0.0
1787908748.548985,2026-08-28T09:19:08+00:00,http_log_35m_x1,33610.0,4.0,4420754354.0,3811964876.0,453.0,3446.0,0.0,1014725.0,1898.0,0.0,0.0,0.0,0.0,16.0,39.0,453542288.0,2695645696.0,17694433280.0,59298.0,32772247552.0,2686054038.0,0.0,4253.0,7177157.0,5796.0,508685.0,38424.0,0.0,0.0,5197.0,0.0
1787908749.5505128,2026-08-28T09:19:09+00:00,http_log_35m_x1,33610.0,4.0,4420754354.0,3811964876.0,453.0,3446.0,0.0,1014725.0,1898.0,0.0,0.0,0.0,0.0,16.0,39.0,453542288.0,2695645696.0,17694433280.0,59298.0,32772247552.0,2686054038.0,0.0,4253.0,7177157.0,5796.0,508685.0,38424.0,0.0,0.0,5197.0,0.0
1787908750.555572,2026-08-28T09:19:10+00:00,http_log_35m_x1,33610.0,4.0,4420754354.0,3811964876.0,453.0,3446.0,0.0,1014725.0,1898.0,0.0,0.0,0.0,0.0,16.0,39.0,453542288.0,2695645696.0,17694433280.0,59298.0,32772247552.0,2686054038.0,0.0,4253.0,7177157.0,5796.0,508685.0,38424.0,0.0,0.0,5197.0,0.0
1787908751.560649,2026-08-28T09:19:11+00:00,http_log_35m_x1,33610.0,4.0,4420754354.0,3811964876.0,453.0,3446.0,0.0,1014725.0,1898.0,0.0,1.0,0.0,0.0,16.0,41.0,453542288.0,2695645696.0,17694433280.0,59298.0,32772247552.0,2686054038.0,0.0,4253.0,7177157.0,5796.0,508685.0,38424.0,0.0,0.0,5197.0,0.0
1787908752.565755,2026-08-28T09:19:12+00:00,http_log_35m_x1,33610.0,4.0,4420754354.0,3811964876.0,453.0,3446.0,0.0,1014725.0,1898.0,0.0,1.0,0.0,0.0,16.0,41.0,453542288.0,2695645696.0,17694433280.0,59298.0,32772247552.0,2686054038.0,0.0,4253.0,7177157.0,5796.0,508685.0,38424.0,0.0,0.0,5197.0,0.0
1787908753.5670688,2026-08-28T09:19:13+00:00,http_log_35m_x1,33610.0,4.0,4420754354.0,3814952322.0,453.0,3451.0,0.0,993497.0,2007.0,0.0,0.0,0.0,0.0,16.0,41.0,453542288.0,2695645696.0,17694433280.0,59298.0,32772247552.0,2686054038.0,0.0,4253.0,7177157.0,5796.0,508685.0,38424.0,0.0,0.0,5197.0,0.0
1787908754.5721421,2026-08-28T09:19:14+00:00,http_log_35m_x1,33610.0,4.0,4420754354.0,3814952322.0,453.0,3451.0,0.0,993497.0,2007.0,0.0,1.0,0.0,0.0,16.0,36.0,453542288.0,2695645696.0,17694433280.0,59298.0,32772247552.0,2686054038.0,0.0,4253.0,7177157.0,5796.0,508685.0,38424.0,0.0,0.0,5197.0,0.0
1787908755.574472,2026-08-28T09:19:15+00:00,http_log_35m_x1,33610.0,4.0,4420754354.0,3814952322.0,453.0,3451.0,58004120.0,993497.0,2007.0,0.0,2.0,0.0,0.0,16.0,28.0,522019200.0,2695645696.0,17728282624.0,59423.0,32772247552.0,2686054038.0,0.0,4288.0,7187795.0,5807.0,509965.0,38471.0,0.0,0.0,5213.0,0.0
1787908756.579135,2026-08-28T09:19:16+00:00,http_log_35m_x1,33610.0,4.0,4420754354.0,3814952322.0,453.0,3451.0,58004120.0,993497.0,2007.0,0.0,2.0,0.0,0.0,16.0,28.0,522019200.0,2695645696.0,17728282624.0,59423.0,32772247552.0,2686054038.0,0.0,4288.0,7187795.0,5807.0,509965.0,38471.0,0.0,0.0,5213.0,0.0
1787908757.584245,2026-08-28T09:19:17+00:00,http_log_35m_x1,33610.0,4.0,4420754354.0,3814952322.0,453.0,3451.0,58004120.0,993497.0,2007.0,0.0,2.0,0.0,0.0,16.0,28.0,522019200.0,2695645696.0,17728282624.0,59423.0,32772247552.0,2686054038.0,0.0,4288.0,7187795.0,5807.0,509965.0,38471.0,0.0,0.0,5213.0,0.0
1787908758.58931,2026-08-28T09:19:18+00:00,http_log_35m_x1,33610.0,4.0,4420754354.0,3817967085.0,453.0,3456.0,58004120.0,955550.0,2155.0,0.0,1.0,0.0,0.0,16.0,28.0,522019200.0,2695645696.0,17728282624.0,59423.0,32772247552.0,2686054038.0,0.0,4288.0,7187795.0,5807.0,509965.0,38471.0,0.0,0.0,5213.0,0.0
1787908759.591839,2026-08-28T09:19:19+00:00,http_log_35m_x1,33610.0,4.0,4420754354.0,3836673454.0,453.0,3461.0,58004120.0,2803292.0,5673.0,0.0,0.0,0.0,0.0,16.0,28.0,522019200.0,2695645696.0,17728282624.0,59423.0,32772247552.0,2686054038.0,0.0,4288.0,7187795.0,5807.0,509965.0,38471.0,0.0,0.0,5213.0,0.0
1787908760.5954869,2026-08-28T09:19:20+00:00,http_log_35m_x1,33610.0,4.0,4420754354.0,3836673454.0,453.0,3461.0,58004120.0,2803292.0,5673.0,0.0,1.0,0.0,0.0,16.0,36.0,522019200.0,2695645696.0,17728282624.0,59423.0,32772247552.0,2686054038.0,0.0,4288.0,7187795.0,5807.0,509965.0,38471.0,0.0,0.0,5213.0,0.0
1787908761.600565,2026-08-28T09:19:21+00:00,http_log_35m_x1,33610.0,4.0,4420754354.0,3836673454.0,453.0,3461.0,58004120.0,2803292.0,5673.0,0.0,1.0,0.0,0.0,16.0,36.0,522019200.0,2695645696.0,17728282624.0,59423.0,32772247552.0,2686054038.0,0.0,4288.0,7187795.0,5807.0,509965.0,38471.0,0.0,0.0,5213.0,0.0
1787908762.6056309,2026-08-28T09:19:22+00:00,http_log_35m_x1,33610.0,4.0,4420754354.0,3839651242.0,453.0,3466.0,58004120.0,998922.0,1981.0,0.0,0.0,0.0,0.0,16.0,36.0,522019200.0,2695645696.0,17728282624.0,59423.0,32772247552.0,2686054038.0,0.0,4288.0,7187795.0,5807.0,509965.0,38471.0,0.0,0.0,5213.0,0.0
1787908763.6107001,2026-08-28T09:19:23+00:00,http_log_35m_x1,33610.0,4.0,4420754354.0,3839651242.0,453.0,3466.0,58004120.0,998922.0,1981.0,0.0,0.0,0.0,0.0,16.0,36.0,522019200.0,2695645696.0,17728282624.0,59423.0,32772247552.0,2686054038.0,0.0,4288.0,7187795.0,5807.0,509965.0,38471.0,0.0,0.0,5213.0,0.0
1787908764.615799,2026-08-28T09:19:24+00:00,http_log_35m_x1,33610.0,4.0,4420754354.0,3839651242.0,453.0,3466.0,58004120.0,998922.0,1981.0,0.0,0.0,0.0,0.0,16.0,36.0,522019200.0,2695645696.0,17728282624.0,59423.0,32772247552.0,2686054038.0,0.0,4288.0,7187795.0,5807.0,509965.0,38471.0,0.0,0.0,5213.0,0.0
1787908765.617095,2026-08-28T09:19:25+00:00,http_log_35m_x1,33610.0,4.0,4420754354.0,3839651242.0,453.0,3466.0,58004120.0,998922.0,1981.0,0.0,1.0,0.0,0.0,16.0,37.0,522019200.0,2695645696.0,17728282624.0,59423.0,32772247552.0,2686054038.0,0.0,4288.0,7187795.0,5807.0,509965.0,38471.0,0.0,0.0,5213.0,0.0
1787908766.622169,2026-08-28T09:19:26+00:00,http_log_35m_x1,33610.0,4.0,4420754354.0,3839651242.0,453.0,3466.0,58004120.0,998922.0,1981.0,0.0,1.0,0.0,0.0,16.0,37.0,522019200.0,2695645696.0,17728282624.0,59423.0,32772247552.0,2686054038.0,0.0,4288.0,7187795.0,5807.0,509965.0,38471.0,0.0,0.0,5213.0,0.0
1787908767.627237,2026-08-28T09:19:27+00:00,http_log_35m_x1,33610.0,4.0,4420754354.0,3842629292.0,453.0,3471.0,58004120.0,981558.0,2034.0,0.0,0.0,0.0,0.0,16.0,37.0,522019200.0,2695645696.0,17728282624.0,59423.0,32772247552.0,2686054038.0,0.0,4288.0,7187795.0,5807.0,509965.0,38471.0,0.0,0.0,5213.0,0.0
1787908768.6323059,2026-08-28T09:19:28+00:00,http_log_35m_x1,33610.0,4.0,4420754354.0,3842629292.0,453.0,3471.0,58004120.0,981558.0,2034.0,0.0,0.0,0.0,0.0,16.0,37.0,522019200.0,2695645696.0,17728282624.0,59423.0,32772247552.0,2686054038.0,0.0,4288.0,7187795.0,5807.0,509965.0,38471.0,0.0,0.0,5213.0,0.0
1787908769.637381,2026-08-28T09:19:29+00:00,http_log_35m_x1,33610.0,4.0,4420754354.0,3842629292.0,453.0,3471.0,58004120.0,981558.0,2034.0,0.0,0.0,0.0,0.0,16.0,37.0,522019200.0,2695645696.0,17728282624.0,59423.0,32772247552.0,2686054038.0,0.0,4288.0,7187795.0,5807.0,509965.0,38471.0,0.0,0.0,5213.0,0.0
1787908770.642464,2026-08-28T09:19:30+00:00,http_log_35m_x1,33610.0,4.0,4420754354.0,3842629292.0,453.0,3471.0,0.0,981558.0,2034.0,0.0,1.0,0.0,0.0,16.0,38.0,474880592.0,2695645696.0,17788850176.0,59531.0,32772247552.0,2686054038.0,0.0,4306.0,7198066.0,5818.0,511607.0,38520.0,0.0,0.0,5227.0,0.0
1787908771.644158,2026-08-28T09:19:31+00:00,http_log_35m_x1,33610.0,4.0,4420754354.0,3842629292.0,453.0,3471.0,0.0,981558.0,2034.0,0.0,1.0,0.0,0.0,16.0,38.0,474880592.0,2695645696.0,17788850176.0,59531.0,32772247552.0,2686054038.0,0.0,4306.0,7198066.0,5818.0,511607.0,38520.0,0.0,0.0,5227.0,0.0
1787908772.649237,2026-08-28T09:19:32+00:00,http_log_35m_x1,33610.0,4.0,4420754354.0,3842629292.0,453.0,3471.0,0.0,981558.0,2034.0,0.0,1.0,0.0,0.0,16.0,38.0,474880592.0,2695645696.0,17788850176.0,59531.0,32772247552.0,2686054038.0,0.0,4306.0,7198066.0,5818.0,511607.0,38520.0,0.0,0.0,5227.0,0.0
1787908773.654298,2026-08-28T09:19:33+00:00,http_log_35m_x1,33610.0,4.0,4420754354.0,3845588806.0,453.0,3476.0,0.0,915124.0,2234.0,0.0,0.0,0.0,0.0,16.0,38.0,474880592.0,2695645696.0,17788850176.0,59531.0,32772247552.0,2686054038.0,0.0,4306.0,7198066.0,5818.0,511607.0,38520.0,0.0,0.0,5227.0,0.0
1787908774.6593878,2026-08-28T09:19:34+00:00,http_log_35m_x1,33610.0,4.0,4420754354.0,3845588806.0,453.0,3476.0,0.0,915124.0,2234.0,0.0,0.0,0.0,0.0,16.0,38.0,474880592.0,2695645696.0,17788850176.0,59531.0,32772247552.0,2686054038.0,0.0,4306.0,7198066.0,5818.0,511607.0,38520.0,0.0,0.0,5227.0,0.0
1787908775.6620731,2026-08-28T09:19:35+00:00,http_log_35m_x1,33610.0,4.0,4420754354.0,3845588806.0,453.0,3476.0,0.0,915124.0,2234.0,0.0,1.0,0.0,0.0,16.0,39.0,474880592.0,2695645696.0,17788850176.0,59531.0,32772247552.0,2686054038.0,0.0,4306.0,7198066.0,5818.0,511607.0,38520.0,0.0,0.0,5227.0,0.0
1787908776.667153,2026-08-28T09:19:36+00:00,http_log_35m_x1,33610.0,4.0,4420754354.0,3845588806.0,453.0,3476.0,0.0,915124.0,2234.0,0.0,2.0,0.0,0.0,16.0,28.0,474880592.0,2695645696.0,17788850176.0,59531.0,32772247552.0,2686054038.0,0.0,4306.0,7198066.0,5818.0,511607.0,38520.0,0.0,0.0,5227.0,0.0
1787908777.671377,2026-08-28T09:19:37+00:00,http_log_35m_x1,33610.0,4.0,4420754354.0,3848548784.0,453.0,3481.0,0.0,939973.0,2149.0,0.0,1.0,0.0,0.0,16.0,28.0,474880592.0,2695645696.0,17788850176.0,59531.0,32772247552.0,2686054038.0,0.0,4306.0,7198066.0,5818.0,511607.0,38520.0,0.0,0.0,5227.0,0.0
1787908778.6764338,2026-08-28T09:19:38+00:00,http_log_35m_x1,33610.0,4.0,4420754354.0,3848548784.0,453.0,3481.0,0.0,939973.0,2149.0,0.0,1.0,0.0,0.0,16.0,28.0,474880592.0,2695645696.0,17788850176.0,59531.0,32772247552.0,2686054038.0,0.0,4306.0,7198066.0,5818.0,511607.0,38520.0,0.0,0.0,5227.0,0.0
1787908779.681519,2026-08-28T09:19:39+00:00,http_log_35m_x1,33610.0,4.0,4420754354.0,3848548784.0,453.0,3481.0,0.0,939973.0,2149.0,0.0,2.0,0.0,0.0,16.0,21.0,474880592.0,2695645696.0,17788850176.0,59531.0,32772247552.0,2686054038.0,0.0,4306.0,7198066.0,5818.0,511607.0,38520.0,0.0,0.0,5227.0,0.0
1787908780.6866162,2026-08-28T09:19:40+00:00,http_log_35m_x1,33610.0,4.0,4420754354.0,3848548784.0,453.0,3481.0,0.0,939973.0,2149.0,0.0,2.0,0.0,0.0,16.0,21.0,474880592.0,2695645696.0,17788850176.0,59531.0,32772247552.0,2686054038.0,0.0,4306.0,7198066.0,5818.0,511607.0,38520.0,0.0,0.0,5227.0,0.0
1787908781.690441,2026-08-28T09:19:41+00:00,http_log_35m_x1,33610.0,4.0,4420754354.0,3853788843.0,453.0,3486.0,0.0,1940044.0,1701.0,0.0,1.0,0.0,0.0,16.0,21.0,474880592.0,2695645696.0,17788850176.0,59531.0,32772247552.0,2686054038.0,0.0,4306.0,7198066.0,5818.0,511607.0,38520.0,0.0,0.0,5227.0,0.0
1787908782.695531,2026-08-28T09:19:42+00:00,http_log_35m_x1,33610.0,4.0,4420754354.0,3853788843.0,453.0,3486.0,0.0,1940044.0,1701.0,0.0,1.0,0.0,0.0,16.0,21.0,474880592.0,2695645696.0,17788850176.0,59531.0,32772247552.0,2686054038.0,0.0,4306.0,7198066.0,5818.0,511607.0,38520.0,0.0,0.0,5227.0,0.0
1787908783.7006102,2026-08-28T09:19:43+00:00,http_log_35m_x1,33610.0,4.0,4420754354.0,3853788843.0,453.0,3486.0,0.0,1940044.0,1701.0,0.0,2.0,0.0,0.0,16.0,20.0,474880592.0,2695645696.0,17788850176.0,59531.0,32772247552.0,2686054038.0,0.0,4306.0,7198066.0,5818.0,511607.0,38520.0,0.0,0.0,5227.0,0.0
1787908784.705677,2026-08-28T09:19:44+00:00,http_log_35m_x1,33610.0,4.0,4420754354.0,3853788843.0,453.0,3486.0,365625896.0,1940044.0,1701.0,0.0,2.0,0.0,0.0,16.0,20.0,847147712.0,2695645696.0,17824542720.0,59614.0,32772247552.0,2686054038.0,0.0,4326.0,7207760.0,5826.0,513796.0,38586.0,0.0,0.0,5245.0,0.0
1787908785.708384,2026-08-28T09:19:45+00:00,http_log_35m_x1,33610.0,4.0,4420754354.0,3861242239.0,453.0,3491.0,365625896.0,2326278.0,2204.0,0.0,1.0,0.0,0.0,16.0,20.0,847147712.0,2695645696.0,17824542720.0,59614.0,32772247552.0,2686054038.0,0.0,4326.0,7207760.0,5826.0,513796.0,38586.0,0.0,0.0,5245.0,0.0
1787908786.713001,2026-08-28T09:19:46+00:00,http_log_35m_x1,33610.0,4.0,4420754354.0,3891235383.0,453.0,3496.0,365625896.0,2926160.0,9250.0,0.0,0.0,0.0,0.0,16.0,20.0,847147712.0,2695645696.0,17824542720.0,59614.0,32772247552.0,2686054038.0,0.0,4326.0,7207760.0,5826.0,513796.0,38586.0,0.0,0.0,5245.0,0.0
1787908787.7180958,2026-08-28T09:19:47+00:00,http_log_35m_x1,33610.0,4.0,4420754354.0,3891235383.0,453.0,3496.0,365625896.0,2926160.0,9250.0,0.0,0.0,0.0,0.0,16.0,20.0,847147712.0,2695645696.0,17824542720.0,59614.0,32772247552.0,2686054038.0,0.0,4326.0,7207760.0,5826.0,513796.0,38586.0,0.0,0.0,5245.0,0.0
1787908788.721343,2026-08-28T09:19:48+00:00,http_log_35m_x1,33610.0,4.0,4420754354.0,3891235383.0,453.0,3496.0,365625896.0,2926160.0,9250.0,0.0,1.0,0.0,0.0,16.0,36.0,847147712.0,2695645696.0,17824542720.0,59614.0,32772247552.0,2686054038.0,0.0,4326.0,7207760.0,5826.0,513796.0,38586.0,0.0,0.0,5245.0,0.0
1787908789.72641,2026-08-28T09:19:49+00:00,http_log_35m_x1,33610.0,4.0,4420754354.0,3891235383.0,453.0,3496.0,365625896.0,2926160.0,9250.0,0.0,1.0,0.0,0.0,16.0,36.0,847147712.0,2695645696.0,17824542720.0,59614.0,32772247552.0,2686054038.0,0.0,4326.0,7207760.0,5826.0,513796.0,38586.0,0.0,0.0,5245.0,0.0
1787908790.729676,2026-08-28T09:19:50+00:00,http_log_35m_x1,33610.0,4.0,4420754354.0,3894176051.0,453.0,3501.0,365625896.0,946160.0,2108.0,0.0,0.0,0.0,0.0,16.0,36.0,847147712.0,2695645696.0,17824542720.0,59614.0,32772247552.0,2686054038.0,0.0,4326.0,7207760.0,5826.0,513796.0,38586.0,0.0,0.0,5245.0,0.0
1787908791.734754,2026-08-28T09:19:51+00:00,http_log_35m_x1,33610.0,4.0,4420754354.0,3894176051.0,453.0,3501.0,365625896.0,946160.0,2108.0,0.0,0.0,0.0,0.0,16.0,36.0,847147712.0,2695645696.0,17824542720.0,59614.0,32772247552.0,2686054038.0,0.0,4326.0,7207760.0,5826.0,513796.0,38586.0,0.0,0.0,5245.0,0.0
1787908792.73982,2026-08-28T09:19:52+00:00,http_log_35m_x1,33610.0,4.0,4420754354.0,3894176051.0,453.0,3501.0,365625896.0,946160.0,2108.0,0.0,1.0,0.0,0.0,16.0,29.0,847147712.0,2695645696.0,17824542720.0,59614.0,32772247552.0,2686054038.0,0.0,4326.0,7207760.0,5826.0,513796.0,38586.0,0.0,0.0,5245.0,0.0
1787908793.744898,2026-08-28T09:19:53+00:00,http_log_35m_x1,33610.0,4.0,4420754354.0,3894176051.0,453.0,3501.0,365625896.0,946160.0,2108.0,0.0,1.0,0.0,0.0,16.0,29.0,847147712.0,2695645696.0,17824542720.0,59614.0,32772247552.0,2686054038.0,0.0,4326.0,7207760.0,5826.0,513796.0,38586.0,0.0,0.0,5245.0,0.0
1787908794.747444,2026-08-28T09:19:54+00:00,http_log_35m_x1,33610.0,4.0,4420754354.0,3899351424.0,453.0,3506.0,365625896.0,2076794.0,1492.0,0.0,0.0,0.0,0.0,16.0,29.0,847147712.0,2695645696.0,17824542720.0,59614.0,32772247552.0,2686054038.0,0.0,4326.0,7207760.0,5826.0,513796.0,38586.0,0.0,0.0,5245.0,0.0
1787908795.747917,2026-08-28T09:19:55+00:00,http_log_35m_x1,33610.0,4.0,4420754354.0,3899351424.0,453.0,3506.0,365625896.0,2076794.0,1492.0,0.0,0.0,0.0,0.0,16.0,29.0,847147712.0,2695645696.0,17824542720.0,59614.0,32772247552.0,2686054038.0,0.0,4326.0,7207760.0,5826.0,513796.0,38586.0,0.0,0.0,5245.0,0.0
1787908796.752987,2026-08-28T09:19:56+00:00,http_log_35m_x1,33610.0,4.0,4420754354.0,3899351424.0,453.0,3506.0,365625896.0,2076794.0,1492.0,0.0,0.0,0.0,0.0,16.0,29.0,847147712.0,2695645696.0,17824542720.0,59614.0,32772247552.0,2686054038.0,0.0,4326.0,7207760.0,5826.0,513796.0,38586.0,0.0,0.0,5245.0,0.0
1787908797.7549188,2026-08-28T09:19:57+00:00,http_log_35m_x1,33610.0,4.0,4420754354.0,3899351424.0,453.0,3506.0,365625896.0,2076794.0,1492.0,0.0,1.0,0.0,0.0,16.0,37.0,847147712.0,2695645696.0,17824542720.0,59614.0,32772247552.0,2686054038.0,0.0,4326.0,7207760.0,5826.0,513796.0,38586.0,0.0,0.0,5245.0,0.0
1787908798.76,2026-08-28T09:19:58+00:00,http_log_35m_x1,33610.0,4.0,4420754354.0,3899351424.0,453.0,3506.0,365625896.0,2076794.0,1492.0,0.0,1.0,0.0,0.0,16.0,37.0,847147712.0,2695645696.0,17824542720.0,59614.0,32772247552.0,2686054038.0,0.0,4326.0,7207760.0,5826.0,513796.0,38586.0,0.0,0.0,5245.0,0.0
1787908799.770137,2026-08-28T09:19:59+00:00,http_log_35m_x1,33610.0,4.0,4420754354.0,3902339167.0,453.0,3511.0,0.0,955771.0,2126.0,0.0,0.0,0.0,0.0,16.0,37.0,478133144.0,2695645696.0,17918017536.0,59746.0,32772247552.0,2686054038.0,0.0,4347.0,7218294.0,5838.0,515165.0,38638.0,0.0,0.0,5260.0,0.0
1787908800.775208,2026-08-28T09:20:00+00:00,http_log_35m_x1,33610.0,4.0,4420754354.0,3902339167.0,453.0,3511.0,0.0,955771.0,2126.0,0.0,0.0,0.0,0.0,16.0,37.0,478133144.0,2695645696.0,17918017536.0,59746.0,32562577408.0,2737679026.0,0.0,4347.0,7218294.0,5838.0,515165.0,38638.0,0.0,0.0,5260.0,0.0
1787908801.7802749,2026-08-28T09:20:01+00:00,http_log_35m_x1,33610.0,4.0,4420754354.0,3902339167.0,453.0,3511.0,0.0,955771.0,2126.0,0.0,1.0,0.0,0.0,16.0,30.0,478133144.0,2695645696.0,17918017536.0,59746.0,32562577408.0,2737679026.0,0.0,4347.0,7218294.0,5838.0,515165.0,38638.0,0.0,0.0,5260.0,0.0
1787908802.785335,2026-08-28T09:20:02+00:00,http_log_35m_x1,33610.0,4.0,4420754354.0,3902339167.0,453.0,3511.0,0.0,955771.0,2126.0,0.0,1.0,0.0,0.0,16.0,30.0,478133144.0,2695645696.0,17918017536.0,59746.0,32562577408.0,2737679026.0,0.0,4347.0,7218294.0,5838.0,515165.0,38638.0,0.0,0.0,5260.0,0.0
1787908803.790397,2026-08-28T09:20:03+00:00,http_log_35m_x1,33610.0,4.0,4420754354.0,3907569963.0,453.0,3516.0,0.0,2026654.0,1581.0,0.0,0.0,0.0,0.0,16.0,30.0,478133144.0,2695645696.0,17918017536.0,59746.0,32562577408.0,2737679026.0,0.0,4347.0,7218294.0,5838.0,515165.0,38638.0,0.0,0.0,5260.0,0.0
1787908804.795472,2026-08-28T09:20:04+00:00,http_log_35m_x1,33610.0,4.0,4420754354.0,3907569963.0,453.0,3516.0,0.0,2026654.0,1581.0,0.0,0.0,0.0,0.0,16.0,30.0,478133144.0,2695645696.0,17918017536.0,59746.0,32562577408.0,2737679026.0,0.0,4347.0,7218294.0,5838.0,515165.0,38638.0,0.0,0.0,5260.0,0.0
1787908805.800561,2026-08-28T09:20:05+00:00,http_log_35m_x1,33610.0,4.0,4420754354.0,3907569963.0,453.0,3516.0,0.0,2026654.0,1581.0,0.0,0.0,0.0,0.0,16.0,30.0,478133144.0,2695645696.0,17918017536.0,59746.0,32562577408.0,2737679026.0,0.0,4347.0,7218294.0,5838.0,515165.0,38638.0,0.0,0.0,5260.0,0.0
1787908806.805666,2026-08-28T09:20:06+00:00,http_log_35m_x1,33610.0,4.0,4420754354.0,3907569963.0,453.0,3516.0,0.0,2026654.0,1581.0,0.0,1.0,0.0,0.0,16.0,39.0,478133144.0,2695645696.0,17918017536.0,59746.0,32562577408.0,2737679026.0,0.0,4347.0,7218294.0,5838.0,515165.0,38638.0,0.0,0.0,5260.0,0.0
1787908807.8065732,2026-08-28T09:20:07+00:00,http_log_35m_x1,33610.0,4.0,4420754354.0,3907569963.0,453.0,3516.0,0.0,2026654.0,1581.0,0.0,1.0,0.0,0.0,16.0,39.0,478133144.0,2695645696.0,17918017536.0,59746.0,32562577408.0,2737679026.0,0.0,4347.0,7218294.0,5838.0,515165.0,38638.0,0.0,0.0,5260.0,0.0
1787908808.8116548,2026-08-28T09:20:08+00:00,http_log_35m_x1,33610.0,4.0,4420754354.0,3910557246.0,453.0,3521.0,0.0,967384.0,2088.0,0.0,0.0,0.0,0.0,16.0,39.0,478133144.0,2695645696.0,17918017536.0,59746.0,32562577408.0,2737679026.0,0.0,4347.0,7218294.0,5838.0,515165.0,38638.0,0.0,0.0,5260.0,0.0
1787908809.816739,2026-08-28T09:20:09+00:00,http_log_35m_x1,33610.0,4.0,4420754354.0,3910557246.0,453.0,3521.0,0.0,967384.0,2088.0,0.0,0.0,0.0,0.0,16.0,39.0,478133144.0,2695645696.0,17918017536.0,59746.0,32562577408.0,2737679026.0,0.0,4347.0,7218294.0,5838.0,515165.0,38638.0,0.0,0.0,5260.0,0.0
1787908810.8178508,2026-08-28T09:20:10+00:00,http_log_35m_x1,33610.0,4.0,4420754354.0,3910557246.0,453.0,3521.0,0.0,967384.0,2088.0,0.0,1.0,0.0,0.0,16.0,31.0,478133144.0,2695645696.0,17918017536.0,59746.0,32562577408.0,2737679026.0,0.0,4347.0,7218294.0,5838.0,515165.0,38638.0,0.0,0.0,5260.0,0.0
1787908811.818698,2026-08-28T09:20:11+00:00,http_log_35m_x1,33610.0,4.0,4420754354.0,3910557246.0,453.0,3521.0,0.0,967384.0,2088.0,0.0,1.0,0.0,0.0,16.0,31.0,478133144.0,2695645696.0,17918017536.0,59746.0,32562577408.0,2737679026.0,0.0,4347.0,7218294.0,5838.0,515165.0,38638.0,0.0,0.0,5260.0,0.0
1787908812.821413,2026-08-28T09:20:12+00:00,http_log_35m_x1,33610.0,4.0,4420754354.0,3915807014.0,453.0,3526.0,0.0,2067651.0,1539.0,0.0,1.0,0.0,0.0,16.0,31.0,478133144.0,2695645696.0,17918017536.0,59746.0,32562577408.0,2737679026.0,0.0,4347.0,7218294.0,5838.0,515165.0,38638.0,0.0,0.0,5260.0,0.0
1787908813.8264918,2026-08-28T09:20:13+00:00,http_log_35m_x1,33610.0,4.0,4420754354.0,3915807014.0,453.0,3526.0,0.0,2067651.0,1539.0,0.0,1.0,0.0,0.0,16.0,31.0,478133144.0,2695645696.0,17918017536.0,59746.0,32562577408.0,2737679026.0,0.0,4347.0,7218294.0,5838.0,515165.0,38638.0,0.0,0.0,5260.0,0.0
1787908814.8280692,2026-08-28T09:20:14+00:00,http_log_35m_x1,33610.0,4.0,4420754354.0,3915807014.0,453.0,3526.0,102728968.0,2067651.0,1539.0,0.0,1.0,0.0,0.0,16.0,31.0,581961432.0,2695645696.0,17957494784.0,59850.0,32562577408.0,2737679026.0,0.0,4366.0,7228808.0,5848.0,516546.0,38693.0,0.0,0.0,5276.0,0.0
1787908815.828958,2026-08-28T09:20:15+00:00,http_log_35m_x1,33610.0,4.0,4420754354.0,3915807014.0,453.0,3526.0,102728968.0,2067651.0,1539.0,0.0,2.0,0.0,0.0,16.0,29.0,581961432.0,2695645696.0,17957494784.0,59850.0,32562577408.0,2737679026.0,0.0,4366.0,7228808.0,5848.0,516546.0,38693.0,0.0,0.0,5276.0,0.0
1787908816.82982,2026-08-28T09:20:16+00:00,http_log_35m_x1,33610.0,4.0,4420754354.0,3915807014.0,453.0,3526.0,102728968.0,2067651.0,1539.0,0.0,2.0,0.0,0.0,16.0,29.0,581961432.0,2695645696.0,17957494784.0,59850.0,32562577408.0,2737679026.0,0.0,4366.0,7228808.0,5848.0,516546.0,38693.0,0.0,0.0,5276.0,0.0
1787908817.8342268,2026-08-28T09:20:17+00:00,http_log_35m_x1,33610.0,4.0,4420754354.0,3918775860.0,453.0,3531.0,102728968.0,878616.0,2379.0,0.0,1.0,0.0,0.0,16.0,29.0,581961432.0,2695645696.0,17957494784.0,59850.0,32562577408.0,2737679026.0,0.0,4366.0,7228808.0,5848.0,516546.0,38693.0,0.0,0.0,5276.0,0.0
1787908818.837187,2026-08-28T09:20:18+00:00,http_log_35m_x1,33610.0,4.0,4420754354.0,3918775860.0,453.0,3531.0,102728968.0,878616.0,2379.0,0.0,1.0,0.0,0.0,16.0,29.0,581961432.0,2695645696.0,17957494784.0,59850.0,32562577408.0,2737679026.0,0.0,4366.0,7228808.0,5848.0,516546.0,38693.0,0.0,0.0,5276.0,0.0
1787908819.838636,2026-08-28T09:20:19+00:00,http_log_35m_x1,33610.0,4.0,4420754354.0,3918775860.0,453.0,3531.0,102728968.0,878616.0,2379.0,0.0,2.0,0.0,0.0,16.0,21.0,581961432.0,2695645696.0,17957494784.0,59850.0,32562577408.0,2737679026.0,0.0,4366.0,7228808.0,5848.0,516546.0,38693.0,0.0,0.0,5276.0,0.0
1787908820.83888,2026-08-28T09:20:20+00:00,http_log_35m_x1,33610.0,4.0,4420754354.0,3918775860.0,453.0,3531.0,102728968.0,878616.0,2379.0,0.0,2.0,0.0,0.0,16.0,21.0,581961432.0,2695645696.0,17957494784.0,59850.0,32562577408.0,2737679026.0,0.0,4366.0,7228808.0,5848.0,516546.0,38693.0,0.0,0.0,5276.0,0.0
1787908821.843938,2026-08-28T09:20:21+00:00,http_log_35m_x1,33610.0,4.0,4420754354.0,3924035040.0,453.0,3536.0,102728968.0,1895883.0,1774.0,0.0,1.0,0.0,0.0,16.0,21.0,581961432.0,2695645696.0,17957494784.0,59850.0,32562577408.0,2737679026.0,0.0,4366.0,7228808.0,5848.0,516546.0,38693.0,0.0,0.0,5276.0,0.0
1787908822.845935,2026-08-28T09:20:22+00:00,http_log_35m_x1,33610.0,4.0,4420754354.0,3924035040.0,453.0,3536.0,102728968.0,1895883.0,1774.0,0.0,1.0,0.0,0.0,16.0,21.0,581961432.0,2695645696.0,17957494784.0,59850.0,32562577408.0,2737679026.0,0.0,4366.0,7228808.0,5848.0,516546.0,38693.0,0.0,0.0,5276.0,0.0
1787908823.8510022,2026-08-28T09:20:23+00:00,http_log_35m_x1,33610.0,4.0,4420754354.0,3924035040.0,453.0,3536.0,102728968.0,1895883.0,1774.0,0.0,2.0,0.0,0.0,16.0,20.0,581961432.0,2695645696.0,17957494784.0,59850.0,32562577408.0,2737679026.0,0.0,4366.0,7228808.0,5848.0,516546.0,38693.0,0.0,0.0,5276.0,0.0
1787908824.8560681,2026-08-28T09:20:24+00:00,http_log_35m_x1,33610.0,4.0,4420754354.0,3924035040.0,453.0,3536.0,102728968.0,1895883.0,1774.0,0.0,2.0,0.0,0.0,16.0,20.0,581961432.0,2695645696.0,17957494784.0,59850.0,32562577408.0,2737679026.0,0.0,4366.0,7228808.0,5848.0,516546.0,38693.0,0.0,0.0,5276.0,0.0
1787908825.861214,2026-08-28T09:20:25+00:00,http_log_35m_x1,33610.0,4.0,4420754354.0,3931564136.0,453.0,3541.0,102728968.0,2304590.0,2267.0,0.0,1.0,0.0,0.0,16.0,20.0,581961432.0,2695645696.0,17957494784.0,59850.0,32562577408.0,2737679026.0,0.0,4366.0,7228808.0,5848.0,516546.0,38693.0,0.0,0.0,5276.0,0.0
1787908826.866292,2026-08-28T09:20:26+00:00,http_log_35m_x1,33610.0,4.0,4420754354.0,3931564136.0,453.0,3541.0,102728968.0,2304590.0,2267.0,0.0,1.0,0.0,0.0,16.0,20.0,581961432.0,2695645696.0,17957494784.0,59850.0,32562577408.0,2737679026.0,0.0,4366.0,7228808.0,5848.0,516546.0,38693.0,0.0,0.0,5276.0,0.0
1787908827.871368,2026-08-28T09:20:27+00:00,http_log_35m_x1,33610.0,4.0,4420754354.0,3931564136.0,453.0,3541.0,102728968.0,2304590.0,2267.0,0.0,1.0,0.0,0.0,16.0,20.0,581961432.0,2695645696.0,17957494784.0,59850.0,32562577408.0,2737679026.0,0.0,4366.0,7228808.0,5848.0,516546.0,38693.0,0.0,0.0,5276.0,0.0
1787908828.875533,2026-08-28T09:20:28+00:00,http_log_35m_x1,33610.0,4.0,4420754354.0,3931564136.0,453.0,3541.0,102728968.0,2304590.0,2267.0,0.0,2.0,0.0,0.0,16.0,35.0,581961432.0,2695645696.0,17957494784.0,59850.0,32562577408.0,2737679026.0,0.0,4366.0,7228808.0,5848.0,516546.0,38693.0,0.0,0.0,5276.0,0.0
1787908829.880627,2026-08-28T09:20:29+00:00,http_log_35m_x1,33610.0,4.0,4420754354.0,3984088209.0,453.0,3546.0,48113800.0,2902203.0,17098.0,0.0,1.0,0.0,0.0,16.0,35.0,507835224.0,2695645696.0,18081697792.0,59967.0,32562577408.0,2737679026.0,0.0,4384.0,7237722.0,5861.0,519497.0,38773.0,0.0,0.0,5292.0,0.0
1787908830.882866,2026-08-28T09:20:30+00:00,http_log_35m_x1,33610.0,4.0,4420754354.0,3987075644.0,453.0,3551.0,48113800.0,905832.0,2298.0,0.0,0.0,0.0,0.0,16.0,35.0,507835224.0,2695645696.0,18081697792.0,59967.0,32562577408.0,2737679026.0,0.0,4384.0,7237722.0,5861.0,519497.0,38773.0,0.0,0.0,5292.0,0.0
1787908831.887934,2026-08-28T09:20:31+00:00,http_log_35m_x1,33610.0,4.0,4420754354.0,3987075644.0,453.0,3551.0,48113800.0,905832.0,2298.0,0.0,0.0,0.0,0.0,16.0,35.0,507835224.0,2695645696.0,18081697792.0,59967.0,32562577408.0,2737679026.0,0.0,4384.0,7237722.0,5861.0,519497.0,38773.0,0.0,0.0,5292.0,0.0
1787908832.889459,2026-08-28T09:20:32+00:00,http_log_35m_x1,33610.0,4.0,4420754354.0,3987075644.0,453.0,3551.0,48113800.0,905832.0,2298.0,0.0,0.0,0.0,0.0,16.0,35.0,507835224.0,2695645696.0,18081697792.0,59967.0,32562577408.0,2737679026.0,0.0,4384.0,7237722.0,5861.0,519497.0,38773.0,0.0,0.0,5292.0,0.0
1787908833.8936388,2026-08-28T09:20:33+00:00,http_log_35m_x1,33610.0,4.0,4420754354.0,3987075644.0,453.0,3551.0,48113800.0,905832.0,2298.0,0.0,1.0,0.0,0.0,16.0,38.0,507835224.0,2695645696.0,18081697792.0,59967.0,32562577408.0,2737679026.0,0.0,4384.0,7237722.0,5861.0,519497.0,38773.0,0.0,0.0,5292.0,0.0
1787908834.898705,2026-08-28T09:20:34+00:00,http_log_35m_x1,33610.0,4.0,4420754354.0,3987075644.0,453.0,3551.0,48113800.0,905832.0,2298.0,1.0,1.0,0.0,0.0,26.0,38.0,507835224.0,2695645696.0,18081697792.0,59967.0,32562577408.0,2737679026.0,0.0,4384.0,7237722.0,5861.0,519497.0,38773.0,0.0,0.0,5292.0,0.0
1787908835.903808,2026-08-28T09:20:35+00:00,http_log_35m_x1,33610.0,4.0,4420754354.0,3990035756.0,453.0,3556.0,48113800.0,965463.0,2066.0,1.0,0.0,0.0,0.0,26.0,38.0,507835224.0,2695645696.0,18081697792.0,59967.0,32562577408.0,2737679026.0,0.0,4384.0,7237722.0,5861.0,519497.0,38773.0,0.0,0.0,5292.0,0.0
1787908836.905183,2026-08-28T09:20:36+00:00,http_log_35m_x1,33610.0,4.0,4420754354.0,3990035756.0,453.0,3556.0,48113800.0,965463.0,2066.0,1.0,0.0,0.0,0.0,26.0,38.0,507835224.0,2695645696.0,18081697792.0,59967.0,32562577408.0,2737679026.0,0.0,4384.0,7237722.0,5861.0,519497.0,38773.0,0.0,0.0,5292.0,0.0
1787908837.9102871,2026-08-28T09:20:37+00:00,http_log_35m_x1,33610.0,4.0,4420754354.0,3990035756.0,453.0,3556.0,48113800.0,965463.0,2066.0,1.0,0.0,0.0,0.0,26.0,38.0,507835224.0,2695645696.0,18081697792.0,59967.0,32562577408.0,2737679026.0,0.0,4384.0,7237722.0,5861.0,519497.0,38773.0,0.0,0.0,5292.0,0.0
1787908838.914612,2026-08-28T09:20:38+00:00,http_log_35m_x1,33610.0,4.0,4420754354.0,3990035756.0,453.0,3556.0,48113800.0,965463.0,2066.0,1.0,1.0,0.0,0.0,26.0,30.0,507835224.0,2695645696.0,18081697792.0,59967.0,32562577408.0,2737679026.0,0.0,4384.0,7237722.0,5861.0,519497.0,38773.0,0.0,0.0,5292.0,0.0
1787908839.9196851,2026-08-28T09:20:39+00:00,http_log_35m_x1,33610.0,4.0,4420754354.0,3990035756.0,453.0,3556.0,48113800.0,965463.0,2066.0,1.0,1.0,0.0,0.0,26.0,30.0,507835224.0,2695645696.0,18081697792.0,59967.0,32562577408.0,2737679026.0,0.0,4384.0,7237722.0,5861.0,519497.0,38773.0,0.0,0.0,5292.0,0.0
1787908840.9214258,2026-08-28T09:20:40+00:00,http_log_35m_x1,33610.0,4.0,4420754354.0,3993013860.0,453.0,3561.0,48113800.0,884235.0,2368.0,1.0,0.0,0.0,0.0,26.0,30.0,507835224.0,2695645696.0,18081697792.0,59967.0,32562577408.0,2737679026.0,0.0,4384.0,7237722.0,5861.0,519497.0,38773.0,0.0,0.0,5292.0,0.0
1787908841.9219332,2026-08-28T09:20:41+00:00,http_log_35m_x1,33610.0,4.0,4420754354.0,3993013860.0,453.0,3561.0,48113800.0,884235.0,2368.0,1.0,0.0,0.0,0.0,26.0,30.0,507835224.0,2695645696.0,18081697792.0,59967.0,32562577408.0,2737679026.0,0.0,4384.0,7237722.0,5861.0,519497.0,38773.0,0.0,0.0,5292.0,0.0
1787908842.925499,2026-08-28T09:20:42+00:00,http_log_35m_x1,33610.0,4.0,4420754354.0,3993013860.0,453.0,3561.0,48113800.0,884235.0,2368.0,1.0,0.0,0.0,0.0,26.0,30.0,507835224.0,2695645696.0,18081697792.0,59967.0,32562577408.0,2737679026.0,0.0,4384.0,7237722.0,5861.0,519497.0,38773.0,0.0,0.0,5292.0,0.0
1787908843.929045,2026-08-28T09:20:43+00:00,http_log_35m_x1,33610.0,4.0,4420754354.0,3993013860.0,453.0,3561.0,48113800.0,884235.0,2368.0,1.0,1.0,0.0,0.0,26.0,32.0,507835224.0,2695645696.0,18081697792.0,59967.0,32562577408.0,2737679026.0,0.0,4384.0,7237722.0,5861.0,519497.0,38773.0,0.0,0.0,5292.0,0.0
1787908844.934131,2026-08-28T09:20:44+00:00,http_log_35m_x1,33610.0,4.0,4420754354.0,3993013860.0,453.0,3561.0,899922184.0,884235.0,2368.0,1.0,1.0,0.0,0.0,26.0,32.0,1360446968.0,2695645696.0,18114797568.0,60084.0,32562577408.0,2737679026.0,0.0,4403.0,7247193.0,5870.0,521842.0,38917.0,0.0,0.0,5308.0,0.0
1787908845.939233,2026-08-28T09:20:45+00:00,http_log_35m_x1,33610.0,4.0,4420754354.0,3996020247.0,453.0,3566.0,899922184.0,937445.0,2207.0,1.0,0.0,0.0,0.0,26.0,32.0,1360446968.0,2695645696.0,18114797568.0,60084.0,32562577408.0,2737679026.0,0.0,4403.0,7247193.0,5870.0,521842.0,38917.0,0.0,0.0,5308.0,0.0
1787908846.944337,2026-08-28T09:20:46+00:00,http_log_35m_x1,33610.0,4.0,4420754354.0,3996020247.0,453.0,3566.0,899922184.0,937445.0,2207.0,1.0,1.0,0.0,0.0,26.0,27.0,1360446968.0,2695645696.0,18114797568.0,60084.0,32562577408.0,2737679026.0,0.0,4403.0,7247193.0,5870.0,521842.0,38917.0,0.0,0.0,5308.0,0.0
1787908847.9477818,2026-08-28T09:20:47+00:00,http_log_35m_x1,33610.0,4.0,4420754354.0,3996020247.0,453.0,3566.0,899922184.0,937445.0,2207.0,1.0,1.0,0.0,0.0,26.0,27.0,1360446968.0,2695645696.0,18114797568.0,60084.0,32562577408.0,2737679026.0,0.0,4403.0,7247193.0,5870.0,521842.0,38917.0,0.0,0.0,5308.0,0.0
1787908848.952868,2026-08-28T09:20:48+00:00,http_log_35m_x1,33610.0,4.0,4420754354.0,3996020247.0,453.0,3566.0,899922184.0,937445.0,2207.0,1.0,2.0,0.0,0.0,26.0,19.0,1360446968.0,2695645696.0,18114797568.0,60084.0,32562577408.0,2737679026.0,0.0,4403.0,7247193.0,5870.0,521842.0,38917.0,0.0,0.0,5308.0,0.0
1787908849.957954,2026-08-28T09:20:49+00:00,http_log_35m_x1,33610.0,4.0,4420754354.0,3996020247.0,453.0,3566.0,899922184.0,937445.0,2207.0,1.0,2.0,0.0,0.0,26.0,19.0,1360446968.0,2695645696.0,18114797568.0,60084.0,32562577408.0,2737679026.0,0.0,4403.0,7247193.0,5870.0,521842.0,38917.0,0.0,0.0,5308.0,0.0
1787908850.9627452,2026-08-28T09:20:50+00:00,http_log_35m_x1,33610.0,4.0,4420754354.0,3998998125.0,453.0,3571.0,899922184.0,794100.0,2750.0,1.0,1.0,0.0,0.0,26.0,19.0,1360446968.0,2695645696.0,18114797568.0,60084.0,32562577408.0,2737679026.0,0.0,4403.0,7247193.0,5870.0,521842.0,38917.0,0.0,0.0,5308.0,0.0
1787908851.967815,2026-08-28T09:20:51+00:00,http_log_35m_x1,33610.0,4.0,4420754354.0,3998998125.0,453.0,3571.0,899922184.0,794100.0,2750.0,1.0,1.0,0.0,0.0,26.0,19.0,1360446968.0,2695645696.0,18114797568.0,60084.0,32562577408.0,2737679026.0,0.0,4403.0,7247193.0,5870.0,521842.0,38917.0,0.0,0.0,5308.0,0.0
1787908852.968586,2026-08-28T09:20:52+00:00,http_log_35m_x1,33610.0,4.0,4420754354.0,3998998125.0,453.0,3571.0,899922184.0,794100.0,2750.0,1.0,1.0,0.0,0.0,26.0,19.0,1360446968.0,2695645696.0,18114797568.0,60084.0,32562577408.0,2737679026.0,0.0,4403.0,7247193.0,5870.0,521842.0,38917.0,0.0,0.0,5308.0,0.0
1787908853.973671,2026-08-28T09:20:53+00:00,http_log_35m_x1,33610.0,4.0,4420754354.0,4017783285.0,453.0,3576.0,899922184.0,2179000.0,7621.0,1.0,1.0,0.0,0.0,26.0,14.0,1360446968.0,2695645696.0,18114797568.0,60084.0,32562577408.0,2737679026.0,0.0,4403.0,7247193.0,5870.0,521842.0,38917.0,0.0,0.0,5308.0,0.0
1787908854.975652,2026-08-28T09:20:54+00:00,http_log_35m_x1,33610.0,4.0,4420754354.0,4017783285.0,453.0,3576.0,899922184.0,2179000.0,7621.0,1.0,1.0,0.0,0.0,26.0,14.0,1360446968.0,2695645696.0,18114797568.0,60084.0,32562577408.0,2737679026.0,0.0,4403.0,7247193.0,5870.0,521842.0,38917.0,0.0,0.0,5308.0,0.0
1787908855.978931,2026-08-28T09:20:55+00:00,http_log_35m_x1,33610.0,4.0,4420754354.0,4023593040.0,453.0,3582.0,899922184.0,2029963.0,1862.0,1.0,0.0,0.0,0.0,26.0,14.0,1360446968.0,2695645696.0,18114797568.0,60084.0,32562577408.0,2737679026.0,0.0,4403.0,7247193.0,5870.0,521842.0,38917.0,0.0,0.0,5308.0,0.0
1787908856.9840362,2026-08-28T09:20:56+00:00,http_log_35m_x1,33610.0,4.0,4420754354.0,4023593040.0,453.0,3582.0,899922184.0,2029963.0,1862.0,1.0,0.0,0.0,0.0,26.0,14.0,1360446968.0,2695645696.0,18114797568.0,60084.0,32562577408.0,2737679026.0,0.0,4403.0,7247193.0,5870.0,521842.0,38917.0,0.0,0.0,5308.0,0.0
1787908857.989134,2026-08-28T09:20:57+00:00,http_log_35m_x1,33610.0,4.0,4420754354.0,4023593040.0,453.0,3582.0,899922184.0,2029963.0,1862.0,1.0,1.0,0.0,0.0,26.0,27.0,1360446968.0,2695645696.0,18114797568.0,60084.0,32562577408.0,2737679026.0,0.0,4403.0,7247193.0,5870.0,521842.0,38917.0,0.0,0.0,5308.0,0.0
1787908858.9941828,2026-08-28T09:20:59+00:00,http_log_35m_x1,33610.0,4.0,4420754354.0,4023593040.0,453.0,3582.0,899922184.0,2029963.0,1862.0,1.0,1.0,0.0,0.0,26.0,27.0,1360446968.0,2695645696.0,18114797568.0,60084.0,32562577408.0,2737679026.0,0.0,4403.0,7247193.0,5870.0,521842.0,38917.0,0.0,0.0,5308.0,0.0
1787908859.9962938,2026-08-28T09:21:00+00:00,http_log_35m_x1,33610.0,4.0,4420754354.0,4023593040.0,453.0,3582.0,1366110216.0,2029963.0,1862.0,1.0,1.0,0.0,0.0,26.0,27.0,1830105856.0,2695645696.0,18180952064.0,60226.0,31996186624.0,2787170589.0,0.0,4425.0,7255350.0,5884.0,525458.0,39027.0,0.0,0.0,5327.0,0.0
1787908861.0014012,2026-08-28T09:21:01+00:00,http_log_35m_x1,33610.0,4.0,4420754354.0,4026617319.0,453.0,3587.0,1366110216.0,905201.0,2341.0,1.0,0.0,0.0,0.0,26.0,27.0,1830105856.0,2695645696.0,18180952064.0,60226.0,31996186624.0,2787170589.0,0.0,4425.0,7255350.0,5884.0,525458.0,39027.0,0.0,0.0,5327.0,0.0
1787908862.002335,2026-08-28T09:21:02+00:00,http_log_35m_x1,33610.0,4.0,4420754354.0,4026617319.0,453.0,3587.0,1366110216.0,905201.0,2341.0,1.0,0.0,0.0,0.0,26.0,27.0,1830105856.0,2695645696.0,18180952064.0,60226.0,31996186624.0,2787170589.0,0.0,4425.0,7255350.0,5884.0,525458.0,39027.0,0.0,0.0,5327.0,0.0
1787908863.0074189,2026-08-28T09:21:03+00:00,http_log_35m_x1,33610.0,4.0,4420754354.0,4026617319.0,453.0,3587.0,1366110216.0,905201.0,2341.0,1.0,1.0,0.0,0.0,26.0,28.0,1830105856.0,2695645696.0,18180952064.0,60226.0,31996186624.0,2787170589.0,0.0,4425.0,7255350.0,5884.0,525458.0,39027.0,0.0,0.0,5327.0,0.0
1787908864.010924,2026-08-28T09:21:04+00:00,http_log_35m_x1,33610.0,4.0,4420754354.0,4026617319.0,453.0,3587.0,1366110216.0,905201.0,2341.0,1.0,1.0,0.0,0.0,26.0,28.0,1830105856.0,2695645696.0,18180952064.0,60226.0,31996186624.0,2787170589.0,0.0,4425.0,7255350.0,5884.0,525458.0,39027.0,0.0,0.0,5327.0,0.0
1787908865.01114,2026-08-28T09:21:05+00:00,http_log_35m_x1,33610.0,4.0,4420754354.0,4026617319.0,453.0,3587.0,1366110216.0,905201.0,2341.0,1.0,1.0,0.0,0.0,26.0,28.0,1830105856.0,2695645696.0,18180952064.0,60226.0,31996186624.0,2787170589.0,0.0,4425.0,7255350.0,5884.0,525458.0,39027.0,0.0,0.0,5327.0,0.0
1787908866.0155342,2026-08-28T09:21:06+00:00,http_log_35m_x1,33610.0,4.0,4420754354.0,4029632734.0,453.0,3592.0,1366110216.0,899586.0,2352.0,1.0,0.0,0.0,0.0,26.0,28.0,1830105856.0,2695645696.0,18180952064.0,60226.0,31996186624.0,2787170589.0,0.0,4425.0,7255350.0,5884.0,525458.0,39027.0,0.0,0.0,5327.0,0.0
1787908867.01579,2026-08-28T09:21:07+00:00,http_log_35m_x1,33610.0,4.0,4420754354.0,4029632734.0,453.0,3592.0,1366110216.0,899586.0,2352.0,1.0,0.0,0.0,0.0,26.0,28.0,1830105856.0,2695645696.0,18180952064.0,60226.0,31996186624.0,2787170589.0,0.0,4425.0,7255350.0,5884.0,525458.0,39027.0,0.0,0.0,5327.0,0.0
1787908868.020874,2026-08-28T09:21:08+00:00,http_log_35m_x1,33610.0,4.0,4420754354.0,4029632734.0,453.0,3592.0,1366110216.0,899586.0,2352.0,1.0,0.0,0.0,0.0,26.0,28.0,1830105856.0,2695645696.0,18180952064.0,60226.0,31996186624.0,2787170589.0,0.0,4425.0,7255350.0,5884.0,525458.0,39027.0,0.0,0.0,5327.0,0.0
1787908869.0259578,2026-08-28T09:21:09+00:00,http_log_35m_x1,33610.0,4.0,4420754354.0,4029632734.0,453.0,3592.0,1366110216.0,899586.0,2352.0,1.0,1.0,0.0,0.0,26.0,30.0,1830105856.0,2695645696.0,18180952064.0,60226.0,31996186624.0,2787170589.0,0.0,4425.0,7255350.0,5884.0,525458.0,39027.0,0.0,0.0,5327.0,0.0
1787908870.031057,2026-08-28T09:21:10+00:00,http_log_35m_x1,33610.0,4.0,4420754354.0,4029632734.0,453.0,3592.0,1366110216.0,899586.0,2352.0,1.0,1.0,0.0,0.0,26.0,30.0,1830105856.0,2695645696.0,18180952064.0,60226.0,31996186624.0,2787170589.0,0.0,4425.0,7255350.0,5884.0,525458.0,39027.0,0.0,0.0,5327.0,0.0
1787908871.033896,2026-08-28T09:21:11+00:00,http_log_35m_x1,33610.0,4.0,4420754354.0,4029632734.0,453.0,3592.0,1366110216.0,899586.0,2352.0,1.0,1.0,0.0,0.0,26.0,30.0,1830105856.0,2695645696.0,18180952064.0,60226.0,31996186624.0,2787170589.0,0.0,4425.0,7255350.0,5884.0,525458.0,39027.0,0.0,0.0,5327.0,0.0
1787908872.038997,2026-08-28T09:21:12+00:00,http_log_35m_x1,33610.0,4.0,4420754354.0,4032628809.0,453.0,3597.0,1366110216.0,893817.0,2352.0,1.0,0.0,0.0,0.0,26.0,30.0,1830105856.0,2695645696.0,18180952064.0,60226.0,31996186624.0,2787170589.0,0.0,4425.0,7255350.0,5884.0,525458.0,39027.0,0.0,0.0,5327.0,0.0
1787908873.044064,2026-08-28T09:21:13+00:00,http_log_35m_x1,33610.0,4.0,4420754354.0,4032628809.0,453.0,3597.0,1366110216.0,893817.0,2352.0,1.0,0.0,0.0,0.0,26.0,30.0,1830105856.0,2695645696.0,18180952064.0,60226.0,31996186624.0,2787170589.0,0.0,4425.0,7255350.0,5884.0,525458.0,39027.0,0.0,0.0,5327.0,0.0
1787908874.044445,2026-08-28T09:21:14+00:00,http_log_35m_x1,33610.0,4.0,4420754354.0,4032628809.0,453.0,3597.0,1366110216.0,893817.0,2352.0,1.0,1.0,0.0,0.0,26.0,31.0,1830105856.0,2695645696.0,18180952064.0,60226.0,31996186624.0,2787170589.0,0.0,4425.0,7255350.0,5884.0,525458.0,39027.0,0.0,0.0,5327.0,0.0
1787908875.047252,2026-08-28T09:21:15+00:00,http_log_35m_x1,33610.0,4.0,4420754354.0,4032628809.0,453.0,3597.0,1851610840.0,893817.0,2352.0,1.0,2.0,0.0,0.0,26.0,19.0,2316908496.0,2695645696.0,18530836480.0,60516.0,31996186624.0,2787170589.0,1.0,4443.0,7264401.0,5905.0,528255.0,39117.0,0.0,0.0,5343.0,0.0
1787908876.0521731,2026-08-28T09:21:16+00:00,http_log_35m_x1,33610.0,4.0,4420754354.0,4032628809.0,453.0,3597.0,1851610840.0,893817.0,2352.0,1.0,2.0,0.0,0.0,26.0,19.0,2316908496.0,2695645696.0,18530836480.0,60516.0,31996186624.0,2787170589.0,1.0,4443.0,7264401.0,5905.0,528255.0,39117.0,0.0,0.0,5343.0,0.0
1787908877.055701,2026-08-28T09:21:17+00:00,http_log_35m_x1,33610.0,4.0,4420754354.0,4035653482.0,453.0,3602.0,1851610840.0,907220.0,2334.0,1.0,1.0,0.0,0.0,26.0,19.0,2316908496.0,2695645696.0,18530836480.0,60516.0,31996186624.0,2787170589.0,1.0,4443.0,7264401.0,5905.0,528255.0,39117.0,0.0,0.0,5343.0,0.0
1787908878.0607831,2026-08-28T09:21:18+00:00,http_log_35m_x1,33610.0,4.0,4420754354.0,4035653482.0,453.0,3602.0,1851610840.0,907220.0,2334.0,1.0,2.0,0.0,0.0,26.0,12.0,2316908496.0,2695645696.0,18530836480.0,60516.0,31996186624.0,2787170589.0,1.0,4443.0,7264401.0,5905.0,528255.0,39117.0,0.0,0.0,5343.0,0.0
1787908879.065907,2026-08-28T09:21:19+00:00,http_log_35m_x1,33610.0,4.0,4420754354.0,4035653482.0,453.0,3602.0,1851610840.0,907220.0,2334.0,1.0,2.0,0.0,0.0,26.0,12.0,2316908496.0,2695645696.0,18530836480.0,60516.0,31996186624.0,2787170589.0,1.0,4443.0,7264401.0,5905.0,528255.0,39117.0,0.0,0.0,5343.0,0.0
1787908880.070997,2026-08-28T09:21:20+00:00,http_log_35m_x1,33610.0,4.0,4420754354.0,4040941347.0,453.0,3607.0,1851610840.0,1787044.0,1959.0,1.0,1.0,0.0,0.0,26.0,12.0,2316908496.0,2695645696.0,18530836480.0,60516.0,31996186624.0,2787170589.0,1.0,4443.0,7264401.0,5905.0,528255.0,39117.0,0.0,0.0,5343.0,0.0
1787908881.076142,2026-08-28T09:21:21+00:00,http_log_35m_x1,33610.0,4.0,4420754354.0,4040941347.0,453.0,3607.0,1851610840.0,1787044.0,1959.0,1.0,1.0,0.0,0.0,26.0,12.0,2316908496.0,2695645696.0,18530836480.0,60516.0,31996186624.0,2787170589.0,1.0,4443.0,7264401.0,5905.0,528255.0,39117.0,0.0,0.0,5343.0,0.0
1787908882.080287,2026-08-28T09:21:22+00:00,http_log_35m_x1,33610.0,4.0,4420754354.0,4040941347.0,453.0,3607.0,1851610840.0,1787044.0,1959.0,1.0,2.0,0.0,0.0,26.0,11.0,2316908496.0,2695645696.0,18530836480.0,60516.0,31996186624.0,2787170589.0,1.0,4443.0,7264401.0,5905.0,528255.0,39117.0,0.0,0.0,5343.0,0.0
1787908883.083693,2026-08-28T09:21:23+00:00,http_log_35m_x1,33610.0,4.0,4420754354.0,4040941347.0,453.0,3607.0,1851610840.0,1787044.0,1959.0,1.0,2.0,0.0,0.0,26.0,11.0,2316908496.0,2695645696.0,18530836480.0,60516.0,31996186624.0,2787170589.0,1.0,4443.0,7264401.0,5905.0,528255.0,39117.0,0.0,0.0,5343.0,0.0
1787908884.0857139,2026-08-28T09:21:24+00:00,http_log_35m_x1,33610.0,4.0,4420754354.0,4040941347.0,453.0,3607.0,1851610840.0,1787044.0,1959.0,1.0,2.0,0.0,0.0,26.0,11.0,2316908496.0,2695645696.0,18530836480.0,60516.0,31996186624.0,2787170589.0,1.0,4443.0,7264401.0,5905.0,528255.0,39117.0,0.0,0.0,5343.0,0.0
1787908885.09039,2026-08-28T09:21:25+00:00,http_log_35m_x1,33610.0,4.0,4420754354.0,4048490155.0,453.0,3612.0,1851610840.0,1955143.0,2861.0,1.0,1.0,0.0,0.0,26.0,11.0,2316908496.0,2695645696.0,18530836480.0,60516.0,31996186624.0,2787170589.0,1.0,4443.0,7264401.0,5905.0,528255.0,39117.0,0.0,0.0,5343.0,0.0
1787908886.095488,2026-08-28T09:21:26+00:00,http_log_35m_x1,33610.0,4.0,4420754354.0,4048490155.0,453.0,3612.0,1851610840.0,1955143.0,2861.0,1.0,1.0,0.0,0.0,26.0,11.0,2316908496.0,2695645696.0,18530836480.0,60516.0,31996186624.0,2787170589.0,1.0,4443.0,7264401.0,5905.0,528255.0,39117.0,0.0,0.0,5343.0,0.0
1787908887.100597,2026-08-28T09:21:27+00:00,http_log_35m_x1,33610.0,4.0,4420754354.0,4081461839.0,453.0,3617.0,1851610840.0,2531415.0,12025.0,1.0,1.0,0.0,0.0,26.0,26.0,2316908496.0,2695645696.0,18530836480.0,60516.0,31996186624.0,2787170589.0,1.0,4443.0,7264401.0,5905.0,528255.0,39117.0,0.0,0.0,5343.0,0.0
1787908888.105686,2026-08-28T09:21:28+00:00,http_log_35m_x1,33610.0,4.0,4420754354.0,4081461839.0,453.0,3617.0,1851610840.0,2531415.0,12025.0,1.0,1.0,0.0,0.0,26.0,26.0,2316908496.0,2695645696.0,18530836480.0,60516.0,31996186624.0,2787170589.0,1.0,4443.0,7264401.0,5905.0,528255.0,39117.0,0.0,0.0,5343.0,0.0
1787908889.110762,2026-08-28T09:21:29+00:00,http_log_35m_x1,33610.0,4.0,4420754354.0,4081461839.0,453.0,3617.0,2240127592.0,2531415.0,12025.0,1.0,2.0,0.0,0.0,26.0,18.0,2710725912.0,2695645696.0,18626031616.0,60662.0,31996186624.0,2787170589.0,0.0,4463.0,7271843.0,5919.0,532601.0,39255.0,0.0,0.0,5361.0,0.0
1787908890.115836,2026-08-28T09:21:30+00:00,http_log_35m_x1,33610.0,4.0,4420754354.0,4085699865.0,453.0,3624.0,2240127592.0,550089.0,1206.0,1.0,0.0,0.0,0.0,26.0,18.0,2710725912.0,2695645696.0,18626031616.0,60662.0,31996186624.0,2787170589.0,0.0,4463.0,7271843.0,5919.0,532601.0,39255.0,0.0,0.0,5361.0,0.0
1787908891.120951,2026-08-28T09:21:31+00:00,http_log_35m_x1,33610.0,4.0,4420754354.0,4085699865.0,453.0,3624.0,2240127592.0,550089.0,1206.0,1.0,1.0,0.0,0.0,26.0,19.0,2710725912.0,2695645696.0,18626031616.0,60662.0,31996186624.0,2787170589.0,0.0,4463.0,7271843.0,5919.0,532601.0,39255.0,0.0,0.0,5361.0,0.0
1787908892.12417,2026-08-28T09:21:32+00:00,http_log_35m_x1,33610.0,4.0,4420754354.0,4085699865.0,453.0,3624.0,2240127592.0,550089.0,1206.0,1.0,1.0,0.0,0.0,26.0,19.0,2710725912.0,2695645696.0,18626031616.0,60662.0,31996186624.0,2787170589.0,0.0,4463.0,7271843.0,5919.0,532601.0,39255.0,0.0,0.0,5361.0,0.0
1787908893.129259,2026-08-28T09:21:33+00:00,http_log_35m_x1,33610.0,4.0,4420754354.0,4090971373.0,453.0,3628.0,2240127592.0,1954582.0,1697.0,1.0,1.0,0.0,0.0,26.0,19.0,2710725912.0,2695645696.0,18626031616.0,60662.0,31996186624.0,2787170589.0,0.0,4463.0,7271843.0,5919.0,532601.0,39255.0,0.0,0.0,5361.0,0.0
1787908894.1343591,2026-08-28T09:21:34+00:00,http_log_35m_x1,33610.0,4.0,4420754354.0,4092184891.0,453.0,3630.0,2240127592.0,572414.0,1120.0,1.0,1.0,0.0,0.0,26.0,16.0,2710725912.0,2695645696.0,18626031616.0,60662.0,31996186624.0,2787170589.0,0.0,4463.0,7271843.0,5919.0,532601.0,39255.0,0.0,0.0,5361.0,0.0
1787908895.139467,2026-08-28T09:21:35+00:00,http_log_35m_x1,33610.0,4.0,4420754354.0,4092184891.0,453.0,3630.0,2240127592.0,572414.0,1120.0,1.0,2.0,0.0,0.0,26.0,12.0,2710725912.0,2695645696.0,18626031616.0,60662.0,31996186624.0,2787170589.0,0.0,4463.0,7271843.0,5919.0,532601.0,39255.0,0.0,0.0,5361.0,0.0
1787908896.1416981,2026-08-28T09:21:36+00:00,http_log_35m_x1,33610.0,4.0,4420754354.0,4092184891.0,453.0,3630.0,2240127592.0,572414.0,1120.0,1.0,2.0,0.0,0.0,26.0,12.0,2710725912.0,2695645696.0,18626031616.0,60662.0,31996186624.0,2787170589.0,0.0,4463.0,7271843.0,5919.0,532601.0,39255.0,0.0,0.0,5361.0,0.0
1787908897.142758,2026-08-28T09:21:37+00:00,http_log_35m_x1,33610.0,4.0,4420754354.0,4094548397.0,453.0,3633.0,2240127592.0,753428.0,2137.0,1.0,2.0,0.0,0.0,26.0,11.0,2710725912.0,2695645696.0,18626031616.0,60662.0,31996186624.0,2787170589.0,0.0,4463.0,7271843.0,5919.0,532601.0,39255.0,0.0,0.0,5361.0,0.0
1787908898.143648,2026-08-28T09:21:38+00:00,http_log_35m_x1,33610.0,4.0,4420754354.0,4095724433.0,453.0,3635.0,2240127592.0,539218.0,1181.0,1.0,1.0,0.0,0.0,26.0,11.0,2710725912.0,2695645696.0,18626031616.0,60662.0,31996186624.0,2787170589.0,0.0,4463.0,7271843.0,5919.0,532601.0,39255.0,0.0,0.0,5361.0,0.0
1787908899.148737,2026-08-28T09:21:39+00:00,http_log_35m_x1,33610.0,4.0,4420754354.0,4095724433.0,453.0,3635.0,2240127592.0,539218.0,1181.0,1.0,2.0,0.0,0.0,26.0,12.0,2710725912.0,2695645696.0,18626031616.0,60662.0,31996186624.0,2787170589.0,0.0,4463.0,7271843.0,5919.0,532601.0,39255.0,0.0,0.0,5361.0,0.0
1787908900.153814,2026-08-28T09:21:40+00:00,http_log_35m_x1,33610.0,4.0,4420754354.0,4095724433.0,453.0,3635.0,2240127592.0,539218.0,1181.0,1.0,2.0,0.0,0.0,26.0,12.0,2710725912.0,2695645696.0,18626031616.0,60662.0,31996186624.0,2787170589.0,0.0,4463.0,7271843.0,5919.0,532601.0,39255.0,0.0,0.0,5361.0,0.0
1787908901.159161,2026-08-28T09:21:41+00:00,http_log_35m_x1,33610.0,4.0,4420754354.0,4095724433.0,453.0,3635.0,2240127592.0,539218.0,1181.0,1.0,3.0,0.0,0.0,26.0,11.0,2710725912.0,2695645696.0,18626031616.0,60662.0,31996186624.0,2787170589.0,0.0,4463.0,7271843.0,5919.0,532601.0,39255.0,0.0,0.0,5361.0,0.0
1787908902.164246,2026-08-28T09:21:42+00:00,http_log_35m_x1,33610.0,4.0,4420754354.0,4101548208.0,453.0,3641.0,2240127592.0,499271.0,1412.0,1.0,1.0,0.0,0.0,26.0,11.0,2710725912.0,2695645696.0,18626031616.0,60662.0,31996186624.0,2787170589.0,0.0,4463.0,7271843.0,5919.0,532601.0,39255.0,0.0,0.0,5361.0,0.0
1787908903.169323,2026-08-28T09:21:43+00:00,http_log_35m_x1,33610.0,4.0,4420754354.0,4101548208.0,453.0,3641.0,2240127592.0,499271.0,1412.0,1.0,2.0,0.0,0.0,26.0,11.0,2710725912.0,2695645696.0,18626031616.0,60662.0,31996186624.0,2787170589.0,0.0,4463.0,7271843.0,5919.0,532601.0,39255.0,0.0,0.0,5361.0,0.0
1787908904.171125,2026-08-28T09:21:44+00:00,http_log_35m_x1,33610.0,4.0,4420754354.0,4101548208.0,453.0,3641.0,3010349256.0,499271.0,1412.0,1.0,2.0,0.0,0.0,26.0,11.0,3515708728.0,2695645696.0,18676035584.0,60784.0,31996186624.0,2787170589.0,0.0,4486.0,7279083.0,5930.0,537165.0,39399.0,0.0,0.0,5382.0,0.0
1787908905.176213,2026-08-28T09:21:45+00:00,http_log_35m_x1,33610.0,4.0,4420754354.0,4101548208.0,453.0,3641.0,3010349256.0,499271.0,1412.0,1.0,3.0,0.0,0.0,26.0,11.0,3515708728.0,2695645696.0,18676035584.0,60784.0,31996186624.0,2787170589.0,0.0,4486.0,7279083.0,5930.0,537165.0,39399.0,0.0,0.0,5382.0,0.0
1787908906.17948,2026-08-28T09:21:46+00:00,http_log_35m_x1,33610.0,4.0,4420754354.0,4109671695.0,453.0,3647.0,3010349256.0,530933.0,1302.0,1.0,1.0,0.0,0.0,26.0,11.0,3515708728.0,2695645696.0,18676035584.0,60784.0,31996186624.0,2787170589.0,0.0,4486.0,7279083.0,5930.0,537165.0,39399.0,0.0,0.0,5382.0,0.0
1787908907.1846132,2026-08-28T09:21:47+00:00,http_log_35m_x1,33610.0,4.0,4420754354.0,4109671695.0,453.0,3647.0,3010349256.0,530933.0,1302.0,1.0,2.0,0.0,0.0,26.0,19.0,3515708728.0,2695645696.0,18676035584.0,60784.0,31996186624.0,2787170589.0,0.0,4486.0,7279083.0,5930.0,537165.0,39399.0,0.0,0.0,5382.0,0.0
1787908908.1871428,2026-08-28T09:21:48+00:00,http_log_35m_x1,33610.0,4.0,4420754354.0,4110875977.0,453.0,3649.0,3010349256.0,503883.0,1390.0,1.0,2.0,0.0,0.0,26.0,16.0,3515708728.0,2695645696.0,18676035584.0,60784.0,31996186624.0,2787170589.0,0.0,4486.0,7279083.0,5930.0,537165.0,39399.0,0.0,0.0,5382.0,0.0
1787908909.189394,2026-08-28T09:21:49+00:00,http_log_35m_x1,33610.0,4.0,4420754354.0,4110875977.0,453.0,3649.0,3010349256.0,503883.0,1390.0,1.0,3.0,0.0,0.0,26.0,12.0,3515708728.0,2695645696.0,18676035584.0,60784.0,31996186624.0,2787170589.0,0.0,4486.0,7279083.0,5930.0,537165.0,39399.0,0.0,0.0,5382.0,0.0
1787908910.1916711,2026-08-28T09:21:50+00:00,http_log_35m_x1,33610.0,4.0,4420754354.0,4110875977.0,453.0,3649.0,3010349256.0,503883.0,1390.0,1.0,3.0,0.0,0.0,26.0,12.0,3515708728.0,2695645696.0,18676035584.0,60784.0,31996186624.0,2787170589.0,0.0,4486.0,7279083.0,5930.0,537165.0,39399.0,0.0,0.0,5382.0,0.0
1787908911.198546,2026-08-28T09:21:51+00:00,http_log_35m_x1,33610.0,4.0,4420754354.0,4110875977.0,453.0,3649.0,3010349256.0,503883.0,1390.0,1.0,4.0,0.0,0.0,26.0,10.0,3515708728.0,2695645696.0,18676035584.0,60784.0,31996186624.0,2787170589.0,0.0,4486.0,7279083.0,5930.0,537165.0,39399.0,0.0,0.0,5382.0,0.0
1787908912.2036512,2026-08-28T09:21:52+00:00,http_log_35m_x1,33610.0,4.0,4420754354.0,4167915511.0,453.0,3659.0,3010349256.0,482588.0,1418.0,1.0,1.0,0.0,0.0,26.0,16.0,3515708728.0,2695645696.0,18676035584.0,60784.0,31996186624.0,2787170589.0,0.0,4486.0,7279083.0,5930.0,537165.0,39399.0,0.0,0.0,5382.0,0.0
1787908913.208749,2026-08-28T09:21:53+00:00,http_log_35m_x1,33610.0,4.0,4420754354.0,4167915511.0,453.0,3659.0,3010349256.0,482588.0,1418.0,1.0,2.0,0.0,0.0,26.0,18.0,3515708728.0,2695645696.0,18676035584.0,60784.0,31996186624.0,2787170589.0,0.0,4486.0,7279083.0,5930.0,537165.0,39399.0,0.0,0.0,5382.0,0.0
1787908914.213852,2026-08-28T09:21:54+00:00,http_log_35m_x1,33610.0,4.0,4420754354.0,4167915511.0,453.0,3659.0,3010349256.0,482588.0,1418.0,1.0,2.0,0.0,0.0,26.0,18.0,3515708728.0,2695645696.0,18676035584.0,60784.0,31996186624.0,2787170589.0,0.0,4486.0,7279083.0,5930.0,537165.0,39399.0,0.0,0.0,5382.0,0.0
1787908915.2189288,2026-08-28T09:21:55+00:00,http_log_35m_x1,33610.0,4.0,4420754354.0,4170232497.0,453.0,3662.0,3010349256.0,724284.0,2199.0,1.0,2.0,0.0,0.0,26.0,17.0,3515708728.0,2695645696.0,18676035584.0,60784.0,31996186624.0,2787170589.0,0.0,4486.0,7279083.0,5930.0,537165.0,39399.0,0.0,0.0,5382.0,0.0
1787908916.2217011,2026-08-28T09:21:56+00:00,http_log_35m_x1,33610.0,4.0,4420754354.0,4181764042.0,453.0,3666.0,3010349256.0,548979.0,1245.0,1.0,0.0,0.0,0.0,26.0,17.0,3515708728.0,2695645696.0,18676035584.0,60784.0,31996186624.0,2787170589.0,0.0,4486.0,7279083.0,5930.0,537165.0,39399.0,0.0,0.0,5382.0,0.0
1787908917.2258172,2026-08-28T09:21:57+00:00,http_log_35m_x1,33610.0,4.0,4420754354.0,4181764042.0,453.0,3666.0,3010349256.0,548979.0,1245.0,1.0,1.0,0.0,0.0,26.0,19.0,3515708728.0,2695645696.0,18676035584.0,60784.0,31996186624.0,2787170589.0,0.0,4486.0,7279083.0,5930.0,537165.0,39399.0,0.0,0.0,5382.0,0.0
1787908918.2309,2026-08-28T09:21:58+00:00,http_log_35m_x1,33610.0,4.0,4420754354.0,4181764042.0,453.0,3666.0,3010349256.0,548979.0,1245.0,1.0,1.0,0.0,0.0,26.0,19.0,3515708728.0,2695645696.0,18676035584.0,60784.0,31996186624.0,2787170589.0,0.0,4486.0,7279083.0,5930.0,537165.0,39399.0,0.0,0.0,5382.0,0.0
1787908919.2359831,2026-08-28T09:21:59+00:00,http_log_35m_x1,33610.0,4.0,4420754354.0,4181764042.0,453.0,3666.0,3113233320.0,548979.0,1245.0,1.0,2.0,0.0,0.0,26.0,18.0,3620342048.0,2695645696.0,18821545984.0,60999.0,31996186624.0,2787170589.0,1.0,4514.0,7285551.0,5949.0,542425.0,39583.0,0.0,0.0,5401.0,0.0
1787908920.2377868,2026-08-28T09:22:00+00:00,http_log_35m_x1,33610.0,4.0,4420754354.0,4187625439.0,453.0,3672.0,3113233320.0,535794.0,1265.0,1.0,0.0,0.0,0.0,26.0,18.0,3620342048.0,2695645696.0,18821545984.0,60999.0,31686516736.0,2840266890.0,1.0,4514.0,7285551.0,5949.0,542425.0,39583.0,0.0,0.0,5401.0,0.0
1787908921.242878,2026-08-28T09:22:01+00:00,http_log_35m_x1,33610.0,4.0,4420754354.0,4187625439.0,453.0,3672.0,3113233320.0,535794.0,1265.0,1.0,1.0,0.0,0.0,26.0,20.0,3620342048.0,2695645696.0,18821545984.0,60999.0,31686516736.0,2840266890.0,1.0,4514.0,7285551.0,5949.0,542425.0,39583.0,0.0,0.0,5401.0,0.0
1787908922.2479491,2026-08-28T09:22:02+00:00,http_log_35m_x1,33610.0,4.0,4420754354.0,4187625439.0,453.0,3672.0,3113233320.0,535794.0,1265.0,1.0,2.0,0.0,0.0,26.0,16.0,3620342048.0,2695645696.0,18821545984.0,60999.0,31686516736.0,2840266890.0,1.0,4514.0,7285551.0,5949.0,542425.0,39583.0,0.0,0.0,5401.0,0.0
1787908923.253024,2026-08-28T09:22:03+00:00,http_log_35m_x1,33610.0,4.0,4420754354.0,4190026126.0,453.0,3675.0,3113233320.0,729248.0,2292.0,1.0,2.0,0.0,0.0,26.0,10.0,3620342048.0,2695645696.0,18821545984.0,60999.0,31686516736.0,2840266890.0,1.0,4514.0,7285551.0,5949.0,542425.0,39583.0,0.0,0.0,5401.0,0.0
1787908924.258108,2026-08-28T09:22:04+00:00,http_log_35m_x1,33610.0,4.0,4420754354.0,4191183699.0,453.0,3677.0,3113233320.0,553597.0,1091.0,1.0,1.0,0.0,0.0,26.0,10.0,3620342048.0,2695645696.0,18821545984.0,60999.0,31686516736.0,2840266890.0,1.0,4514.0,7285551.0,5949.0,542425.0,39583.0,0.0,0.0,5401.0,0.0
1787908925.2631838,2026-08-28T09:22:05+00:00,http_log_35m_x1,33610.0,4.0,4420754354.0,4191183699.0,453.0,3677.0,3113233320.0,553597.0,1091.0,1.0,2.0,0.0,0.0,26.0,11.0,3620342048.0,2695645696.0,18821545984.0,60999.0,31686516736.0,2840266890.0,1.0,4514.0,7285551.0,5949.0,542425.0,39583.0,0.0,0.0,5401.0,0.0
1787908926.267081,2026-08-28T09:22:06+00:00,http_log_35m_x1,33610.0,4.0,4420754354.0,4191183699.0,453.0,3677.0,3113233320.0,553597.0,1091.0,1.0,2.0,0.0,0.0,26.0,11.0,3620342048.0,2695645696.0,18821545984.0,60999.0,31686516736.0,2840266890.0,1.0,4514.0,7285551.0,5949.0,542425.0,39583.0,0.0,0.0,5401.0,0.0
1787908927.272175,2026-08-28T09:22:07+00:00,http_log_35m_x1,33610.0,4.0,4420754354.0,4191183699.0,453.0,3677.0,3113233320.0,553597.0,1091.0,1.0,3.0,0.0,0.0,26.0,10.0,3620342048.0,2695645696.0,18821545984.0,60999.0,31686516736.0,2840266890.0,1.0,4514.0,7285551.0,5949.0,542425.0,39583.0,0.0,0.0,5401.0,0.0
1787908928.277243,2026-08-28T09:22:08+00:00,http_log_35m_x1,33610.0,4.0,4420754354.0,4196998893.0,453.0,3683.0,3113233320.0,504813.0,1348.0,1.0,1.0,0.0,0.0,26.0,10.0,3620342048.0,2695645696.0,18821545984.0,60999.0,31686516736.0,2840266890.0,1.0,4514.0,7285551.0,5949.0,542425.0,39583.0,0.0,0.0,5401.0,0.0
1787908929.282314,2026-08-28T09:22:09+00:00,http_log_35m_x1,33610.0,4.0,4420754354.0,4196998893.0,453.0,3683.0,3113233320.0,504813.0,1348.0,1.0,2.0,0.0,0.0,26.0,11.0,3620342048.0,2695645696.0,18821545984.0,60999.0,31686516736.0,2840266890.0,1.0,4514.0,7285551.0,5949.0,542425.0,39583.0,0.0,0.0,5401.0,0.0
1787908930.283896,2026-08-28T09:22:10+00:00,http_log_35m_x1,33610.0,4.0,4420754354.0,4196998893.0,453.0,3683.0,3113233320.0,504813.0,1348.0,1.0,2.0,0.0,0.0,26.0,11.0,3620342048.0,2695645696.0,18821545984.0,60999.0,31686516736.0,2840266890.0,1.0,4514.0,7285551.0,5949.0,542425.0,39583.0,0.0,0.0,5401.0,0.0
1787908931.2890089,2026-08-28T09:22:11+00:00,http_log_35m_x1,33610.0,4.0,4420754354.0,4203805256.0,453.0,3687.0,3113233320.0,1945230.0,2499.0,1.0,2.0,0.0,0.0,26.0,11.0,3620342048.0,2695645696.0,18821545984.0,60999.0,31686516736.0,2840266890.0,1.0,4514.0,7285551.0,5949.0,542425.0,39583.0,0.0,0.0,5401.0,0.0
1787908932.294097,2026-08-28T09:22:12+00:00,http_log_35m_x1,33610.0,4.0,4420754354.0,4204972325.0,453.0,3689.0,3113233320.0,532908.0,1190.0,1.0,1.0,0.0,0.0,26.0,11.0,3620342048.0,2695645696.0,18821545984.0,60999.0,31686516736.0,2840266890.0,1.0,4514.0,7285551.0,5949.0,542425.0,39583.0,0.0,0.0,5401.0,0.0
1787908933.299207,2026-08-28T09:22:13+00:00,http_log_35m_x1,33610.0,4.0,4420754354.0,4204972325.0,453.0,3689.0,3113233320.0,532908.0,1190.0,1.0,2.0,0.0,0.0,26.0,19.0,3620342048.0,2695645696.0,18821545984.0,60999.0,31686516736.0,2840266890.0,1.0,4514.0,7285551.0,5949.0,542425.0,39583.0,0.0,0.0,5401.0,0.0
1787908934.3042939,2026-08-28T09:22:14+00:00,http_log_35m_x1,33610.0,4.0,4420754354.0,4206167314.0,453.0,3691.0,3942379888.0,534192.0,1237.0,1.0,2.0,0.0,0.0,26.0,16.0,4444560128.0,2695645696.0,18878246912.0,61126.0,31686516736.0,2840266890.0,0.0,4538.0,7292483.0,5962.0,547305.0,39714.0,0.0,0.0,5420.0,0.0
1787908935.308251,2026-08-28T09:22:15+00:00,http_log_35m_x1,33610.0,4.0,4420754354.0,4206167314.0,453.0,3691.0,3942379888.0,534192.0,1237.0,1.0,3.0,0.0,0.0,26.0,12.0,4444560128.0,2695645696.0,18878246912.0,61126.0,31686516736.0,2840266890.0,0.0,4538.0,7292483.0,5962.0,547305.0,39714.0,0.0,0.0,5420.0,0.0
1787908936.313341,2026-08-28T09:22:16+00:00,http_log_35m_x1,33610.0,4.0,4420754354.0,4206167314.0,453.0,3691.0,3942379888.0,534192.0,1237.0,1.0,3.0,0.0,0.0,26.0,12.0,4444560128.0,2695645696.0,18878246912.0,61126.0,31686516736.0,2840266890.0,0.0,4538.0,7292483.0,5962.0,547305.0,39714.0,0.0,0.0,5420.0,0.0
1787908937.318434,2026-08-28T09:22:17+00:00,http_log_35m_x1,33610.0,4.0,4420754354.0,4216402782.0,453.0,3696.0,3942379888.0,676542.0,2520.0,1.0,2.0,0.0,0.0,26.0,11.0,4444560128.0,2695645696.0,18878246912.0,61126.0,31686516736.0,2840266890.0,0.0,4538.0,7292483.0,5962.0,547305.0,39714.0,0.0,0.0,5420.0,0.0
1787908938.323488,2026-08-28T09:22:18+00:00,http_log_35m_x1,33610.0,4.0,4420754354.0,4217560457.0,453.0,3698.0,3942379888.0,497283.0,1328.0,1.0,2.0,0.0,0.0,26.0,16.0,4444560128.0,2695645696.0,18878246912.0,61126.0,31686516736.0,2840266890.0,0.0,4538.0,7292483.0,5962.0,547305.0,39714.0,0.0,0.0,5420.0,0.0
1787908939.328576,2026-08-28T09:22:19+00:00,http_log_35m_x1,33610.0,4.0,4420754354.0,4217560457.0,453.0,3698.0,3942379888.0,497283.0,1328.0,1.0,3.0,0.0,0.0,26.0,12.0,4444560128.0,2695645696.0,18878246912.0,61126.0,31686516736.0,2840266890.0,0.0,4538.0,7292483.0,5962.0,547305.0,39714.0,0.0,0.0,5420.0,0.0
1787908940.333648,2026-08-28T09:22:20+00:00,http_log_35m_x1,33610.0,4.0,4420754354.0,4217560457.0,453.0,3698.0,3942379888.0,497283.0,1328.0,1.0,3.0,0.0,0.0,26.0,12.0,4444560128.0,2695645696.0,18878246912.0,61126.0,31686516736.0,2840266890.0,0.0,4538.0,7292483.0,5962.0,547305.0,39714.0,0.0,0.0,5420.0,0.0
1787908941.338808,2026-08-28T09:22:21+00:00,http_log_35m_x1,33610.0,4.0,4420754354.0,4219858622.0,453.0,3701.0,3942379888.0,663442.0,2464.0,1.0,3.0,0.0,0.0,26.0,11.0,4444560128.0,2695645696.0,18878246912.0,61126.0,31686516736.0,2840266890.0,0.0,4538.0,7292483.0,5962.0,547305.0,39714.0,0.0,0.0,5420.0,0.0
1787908942.3419251,2026-08-28T09:22:22+00:00,http_log_35m_x1,33610.0,4.0,4420754354.0,4231127337.0,453.0,3705.0,3942379888.0,1947629.0,4206.0,1.0,2.0,0.0,0.0,26.0,20.0,4444560128.0,2695645696.0,18878246912.0,61126.0,31686516736.0,2840266890.0,0.0,4538.0,7292483.0,5962.0,547305.0,39714.0,0.0,0.0,5420.0,0.0
1787908943.342606,2026-08-28T09:22:23+00:00,http_log_35m_x1,33610.0,4.0,4420754354.0,4231127337.0,453.0,3705.0,3942379888.0,1947629.0,4206.0,1.0,3.0,0.0,0.0,26.0,17.0,4444560128.0,2695645696.0,18878246912.0,61126.0,31686516736.0,2840266890.0,0.0,4538.0,7292483.0,5962.0,547305.0,39714.0,0.0,0.0,5420.0,0.0
1787908944.343691,2026-08-28T09:22:24+00:00,http_log_35m_x1,33610.0,4.0,4420754354.0,4232340770.0,453.0,3707.0,3942379888.0,506652.0,1395.0,1.0,3.0,0.0,0.0,26.0,12.0,4444560128.0,2695645696.0,18878246912.0,61126.0,31686516736.0,2840266890.0,0.0,4538.0,7292483.0,5962.0,547305.0,39714.0,0.0,0.0,5420.0,0.0
1787908945.348783,2026-08-28T09:22:25+00:00,http_log_35m_x1,33610.0,4.0,4420754354.0,4292586726.0,453.0,3710.0,3942379888.0,2482935.0,23264.0,1.0,2.0,0.0,0.0,26.0,12.0,4444560128.0,2695645696.0,18878246912.0,61126.0,31686516736.0,2840266890.0,0.0,4538.0,7292483.0,5962.0,547305.0,39714.0,0.0,0.0,5420.0,0.0
1787908946.3504379,2026-08-28T09:22:26+00:00,http_log_35m_x1,33610.0,4.0,4420754354.0,4292586726.0,453.0,3710.0,3942379888.0,2482935.0,23264.0,1.0,3.0,0.0,0.0,26.0,16.0,4444560128.0,2695645696.0,18878246912.0,61126.0,31686516736.0,2840266890.0,0.0,4538.0,7292483.0,5962.0,547305.0,39714.0,0.0,0.0,5420.0,0.0
1787908947.3555148,2026-08-28T09:22:27+00:00,http_log_35m_x1,33610.0,4.0,4420754354.0,4294977891.0,453.0,3713.0,3942379888.0,663475.0,2604.0,1.0,2.0,0.0,0.0,26.0,16.0,4444560128.0,2695645696.0,18878246912.0,61126.0,31686516736.0,2840266890.0,0.0,4538.0,7292483.0,5962.0,547305.0,39714.0,0.0,0.0,5420.0,0.0
1787908948.361352,2026-08-28T09:22:28+00:00,http_log_35m_x1,33610.0,4.0,4420754354.0,4296163651.0,453.0,3715.0,3942379888.0,507602.0,1336.0,1.0,2.0,0.0,0.0,26.0,18.0,4444560128.0,2695645696.0,18878246912.0,61126.0,31686516736.0,2840266890.0,0.0,4538.0,7292483.0,5962.0,547305.0,39714.0,0.0,0.0,5420.0,0.0
1787908949.366433,2026-08-28T09:22:29+00:00,http_log_35m_x1,33610.0,4.0,4420754354.0,4309600321.0,453.0,3718.0,4100496456.0,2155384.0,5234.0,1.0,1.0,0.0,0.0,26.0,18.0,4591028984.0,2695645696.0,19037478912.0,61321.0,31686516736.0,2840266890.0,1.0,4563.0,7298351.0,5981.0,553178.0,39892.0,0.0,0.0,5441.0,0.0
1787908950.367523,2026-08-28T09:22:30+00:00,http_log_35m_x1,33610.0,4.0,4420754354.0,4309600321.0,453.0,3718.0,4100496456.0,2155384.0,5234.0,1.0,2.0,0.0,0.0,26.0,18.0,4591028984.0,2695645696.0,19037478912.0,61321.0,31686516736.0,2840266890.0,1.0,4563.0,7298351.0,5981.0,553178.0,39892.0,0.0,0.0,5441.0,0.0
1787908951.371222,2026-08-28T09:22:31+00:00,http_log_35m_x1,33610.0,4.0,4420754354.0,4309600321.0,453.0,3718.0,4100496456.0,2155384.0,5234.0,1.0,2.0,0.0,0.0,26.0,18.0,4591028984.0,2695645696.0,19037478912.0,61321.0,31686516736.0,2840266890.0,1.0,4563.0,7298351.0,5981.0,553178.0,39892.0,0.0,0.0,5441.0,0.0
1787908952.37632,2026-08-28T09:22:32+00:00,http_log_35m_x1,33610.0,4.0,4420754354.0,4315424566.0,453.0,3724.0,4100496456.0,1078764.0,3326.0,1.0,1.0,0.0,0.0,26.0,18.0,4591028984.0,2695645696.0,19037478912.0,61321.0,31686516736.0,2840266890.0,1.0,4563.0,7298351.0,5981.0,553178.0,39892.0,0.0,0.0,5441.0,0.0
1787908953.377773,2026-08-28T09:22:33+00:00,http_log_35m_x1,33610.0,4.0,4420754354.0,4315424566.0,453.0,3724.0,4100496456.0,1078764.0,3326.0,1.0,1.0,0.0,0.0,26.0,18.0,4591028984.0,2695645696.0,19037478912.0,61321.0,31686516736.0,2840266890.0,1.0,4563.0,7298351.0,5981.0,553178.0,39892.0,0.0,0.0,5441.0,0.0
1787908954.3823092,2026-08-28T09:22:34+00:00,http_log_35m_x1,33610.0,4.0,4420754354.0,4315424566.0,453.0,3724.0,4100496456.0,1078764.0,3326.0,1.0,2.0,0.0,0.0,26.0,18.0,4591028984.0,2695645696.0,19037478912.0,61321.0,31686516736.0,2840266890.0,1.0,4563.0,7298351.0,5981.0,553178.0,39892.0,0.0,0.0,5441.0,0.0
1787908955.38739,2026-08-28T09:22:35+00:00,http_log_35m_x1,33610.0,4.0,4420754354.0,4322297797.0,453.0,3728.0,4100496456.0,2135870.0,2218.0,1.0,2.0,0.0,0.0,26.0,16.0,4591028984.0,2695645696.0,19037478912.0,61321.0,31686516736.0,2840266890.0,1.0,4563.0,7298351.0,5981.0,553178.0,39892.0,0.0,0.0,5441.0,0.0
1787908956.392566,2026-08-28T09:22:36+00:00,http_log_35m_x1,33610.0,4.0,4420754354.0,4323502105.0,453.0,3730.0,4100496456.0,571574.0,1107.0,1.0,2.0,0.0,0.0,26.0,12.0,4591028984.0,2695645696.0,19037478912.0,61321.0,31686516736.0,2840266890.0,1.0,4563.0,7298351.0,5981.0,553178.0,39892.0,0.0,0.0,5441.0,0.0
1787908957.39763,2026-08-28T09:22:37+00:00,http_log_35m_x1,33610.0,4.0,4420754354.0,4323502105.0,453.0,3730.0,4100496456.0,571574.0,1107.0,1.0,2.0,0.0,0.0,26.0,12.0,4591028984.0,2695645696.0,19037478912.0,61321.0,31686516736.0,2840266890.0,1.0,4563.0,7298351.0,5981.0,553178.0,39892.0,0.0,0.0,5441.0,0.0
1787908958.4027,2026-08-28T09:22:38+00:00,http_log_35m_x1,33610.0,4.0,4420754354.0,4323502105.0,453.0,3730.0,4100496456.0,571574.0,1107.0,1.0,3.0,0.0,0.0,26.0,10.0,4591028984.0,2695645696.0,19037478912.0,61321.0,31686516736.0,2840266890.0,1.0,4563.0,7298351.0,5981.0,553178.0,39892.0,0.0,0.0,5441.0,0.0
1787908959.404555,2026-08-28T09:22:39+00:00,http_log_35m_x1,33610.0,4.0,4420754354.0,4327069973.0,453.0,3735.0,4100496456.0,540585.0,1193.0,1.0,1.0,0.0,0.0,26.0,10.0,4591028984.0,2695645696.0,19037478912.0,61321.0,31686516736.0,2840266890.0,1.0,4563.0,7298351.0,5981.0,553178.0,39892.0,0.0,0.0,5441.0,0.0
1787908960.409523,2026-08-28T09:22:40+00:00,http_log_35m_x1,33610.0,4.0,4420754354.0,4327069973.0,453.0,3735.0,4100496456.0,540585.0,1193.0,1.0,2.0,0.0,0.0,26.0,12.0,4591028984.0,2695645696.0,19037478912.0,61321.0,31686516736.0,2840266890.0,1.0,4563.0,7298351.0,5981.0,553178.0,39892.0,0.0,0.0,5441.0,0.0
1787908961.41193,2026-08-28T09:22:41+00:00,http_log_35m_x1,33610.0,4.0,4420754354.0,4327069973.0,453.0,3735.0,4100496456.0,540585.0,1193.0,1.0,2.0,0.0,0.0,26.0,12.0,4591028984.0,2695645696.0,19037478912.0,61321.0,31686516736.0,2840266890.0,1.0,4563.0,7298351.0,5981.0,553178.0,39892.0,0.0,0.0,5441.0,0.0
1787908962.417016,2026-08-28T09:22:42+00:00,http_log_35m_x1,33610.0,4.0,4420754354.0,4327069973.0,453.0,3735.0,4100496456.0,540585.0,1193.0,1.0,3.0,0.0,0.0,26.0,10.0,4591028984.0,2695645696.0,19037478912.0,61321.0,31686516736.0,2840266890.0,1.0,4563.0,7298351.0,5981.0,553178.0,39892.0,0.0,0.0,5441.0,0.0
1787908963.421249,2026-08-28T09:22:43+00:00,http_log_35m_x1,33610.0,4.0,4420754354.0,4327069973.0,453.0,3735.0,4811864424.0,540585.0,1193.0,1.0,3.0,0.0,0.0,26.0,10.0,5298369200.0,2695645696.0,19104370688.0,61444.0,31686516736.0,2840266890.0,0.0,4585.0,7305588.0,5992.0,557790.0,39998.0,0.0,0.0,5462.0,0.0
1787908964.423597,2026-08-28T09:22:44+00:00,http_log_35m_x1,33610.0,4.0,4420754354.0,4332885166.0,453.0,3741.0,4811864424.0,500659.0,1331.0,1.0,2.0,0.0,0.0,26.0,11.0,5298369200.0,2695645696.0,19104370688.0,61444.0,31686516736.0,2840266890.0,0.0,4585.0,7305588.0,5992.0,557790.0,39998.0,0.0,0.0,5462.0,0.0
1787908965.425877,2026-08-28T09:22:45+00:00,http_log_35m_x1,33610.0,4.0,4420754354.0,4332885166.0,453.0,3741.0,4811864424.0,500659.0,1331.0,1.0,2.0,0.0,0.0,26.0,11.0,5298369200.0,2695645696.0,19104370688.0,61444.0,31686516736.0,2840266890.0,0.0,4585.0,7305588.0,5992.0,557790.0,39998.0,0.0,0.0,5462.0,0.0
1787908966.43095,2026-08-28T09:22:46+00:00,http_log_35m_x1,33610.0,4.0,4420754354.0,4332885166.0,453.0,3741.0,4811864424.0,500659.0,1331.0,1.0,3.0,0.0,0.0,26.0,11.0,5298369200.0,2695645696.0,19104370688.0,61444.0,31686516736.0,2840266890.0,0.0,4585.0,7305588.0,5992.0,557790.0,39998.0,0.0,0.0,5462.0,0.0
1787908967.4360168,2026-08-28T09:22:47+00:00,http_log_35m_x1,33610.0,4.0,4420754354.0,4339758046.0,453.0,3745.0,4811864424.0,1943138.0,2537.0,1.0,2.0,0.0,0.0,26.0,11.0,5298369200.0,2695645696.0,19104370688.0,61444.0,31686516736.0,2840266890.0,0.0,4585.0,7305588.0,5992.0,557790.0,39998.0,0.0,0.0,5462.0,0.0
1787908968.438689,2026-08-28T09:22:48+00:00,http_log_35m_x1,33610.0,4.0,4420754354.0,4340943731.0,453.0,3747.0,4811864424.0,512839.0,1312.0,1.0,2.0,0.0,0.0,26.0,19.0,5298369200.0,2695645696.0,19104370688.0,61444.0,31686516736.0,2840266890.0,0.0,4585.0,7305588.0,5992.0,557790.0,39998.0,0.0,0.0,5462.0,0.0
1787908969.4437718,2026-08-28T09:22:49+00:00,http_log_35m_x1,33610.0,4.0,4420754354.0,4342120109.0,453.0,3749.0,4811864424.0,542359.0,1169.0,1.0,2.0,0.0,0.0,26.0,16.0,5298369200.0,2695645696.0,19104370688.0,61444.0,31686516736.0,2840266890.0,0.0,4585.0,7305588.0,5992.0,557790.0,39998.0,0.0,0.0,5462.0,0.0
1787908970.448894,2026-08-28T09:22:50+00:00,http_log_35m_x1,33610.0,4.0,4420754354.0,4342120109.0,453.0,3749.0,4811864424.0,542359.0,1169.0,1.0,3.0,0.0,0.0,26.0,12.0,5298369200.0,2695645696.0,19104370688.0,61444.0,31686516736.0,2840266890.0,0.0,4585.0,7305588.0,5992.0,557790.0,39998.0,0.0,0.0,5462.0,0.0
1787908971.452093,2026-08-28T09:22:51+00:00,http_log_35m_x1,33610.0,4.0,4420754354.0,4342120109.0,453.0,3749.0,4811864424.0,542359.0,1169.0,1.0,3.0,0.0,0.0,26.0,12.0,5298369200.0,2695645696.0,19104370688.0,61444.0,31686516736.0,2840266890.0,0.0,4585.0,7305588.0,5992.0,557790.0,39998.0,0.0,0.0,5462.0,0.0
1787908972.455489,2026-08-28T09:22:52+00:00,http_log_35m_x1,33610.0,4.0,4420754354.0,4350058675.0,453.0,3751.0,4811864424.0,1870538.0,3244.0,1.0,3.0,0.0,0.0,26.0,10.0,5298369200.0,2695645696.0,19104370688.0,61444.0,31686516736.0,2840266890.0,0.0,4585.0,7305588.0,5992.0,557790.0,39998.0,0.0,0.0,5462.0,0.0
1787908973.460489,2026-08-28T09:22:53+00:00,http_log_35m_x1,33610.0,4.0,4420754354.0,4352366209.0,453.0,3754.0,4811864424.0,670599.0,2441.0,1.0,3.0,0.0,0.0,26.0,16.0,5298369200.0,2695645696.0,19104370688.0,61444.0,31686516736.0,2840266890.0,0.0,4585.0,7305588.0,5992.0,557790.0,39998.0,0.0,0.0,5462.0,0.0
1787908974.465562,2026-08-28T09:22:54+00:00,http_log_35m_x1,33610.0,4.0,4420754354.0,4353542246.0,453.0,3756.0,4811864424.0,512211.0,1296.0,1.0,3.0,0.0,0.0,26.0,12.0,5298369200.0,2695645696.0,19104370688.0,61444.0,31686516736.0,2840266890.0,0.0,4585.0,7305588.0,5992.0,557790.0,39998.0,0.0,0.0,5462.0,0.0
1787908975.470638,2026-08-28T09:22:55+00:00,http_log_35m_x1,33610.0,4.0,4420754354.0,4353542246.0,453.0,3756.0,4811864424.0,512211.0,1296.0,1.0,3.0,0.0,0.0,26.0,12.0,5298369200.0,2695645696.0,19104370688.0,61444.0,31686516736.0,2840266890.0,0.0,4585.0,7305588.0,5992.0,557790.0,39998.0,0.0,0.0,5462.0,0.0
1787908976.4757278,2026-08-28T09:22:56+00:00,http_log_35m_x1,33610.0,4.0,4420754354.0,4353542246.0,453.0,3756.0,4811864424.0,512211.0,1296.0,1.0,4.0,0.0,0.0,26.0,10.0,5298369200.0,2695645696.0,19104370688.0,61444.0,31686516736.0,2840266890.0,0.0,4585.0,7305588.0,5992.0,557790.0,39998.0,0.0,0.0,5462.0,0.0
1787908977.4803898,2026-08-28T09:22:57+00:00,http_log_35m_x1,34022.0,8.0,4420837008.0,4366024357.0,468.0,3761.0,4811864424.0,2039208.0,3976.0,1.0,2.0,0.0,0.0,16.0,10.0,5298369200.0,2695645696.0,19104370688.0,61444.0,31686516736.0,2840266890.0,0.0,4585.0,7305588.0,5992.0,557790.0,39998.0,0.0,0.0,5462.0,0.0
1787908978.4854882,2026-08-28T09:22:58+00:00,http_log_35m_x1,34022.0,8.0,4420837008.0,4367210033.0,468.0,3763.0,5598172280.0,489544.0,1422.0,1.0,2.0,0.0,0.0,16.0,20.0,6084920816.0,2695645696.0,19186356224.0,61597.0,31686516736.0,2840266890.0,1.0,4616.0,7311622.0,6007.0,563542.0,40160.0,0.0,0.0,5483.0,0.0
1787908979.490554,2026-08-28T09:22:59+00:00,http_log_35m_x1,34022.0,8.0,4420837008.0,4368376981.0,468.0,3765.0,5598172280.0,535297.0,1180.0,1.0,2.0,0.0,0.0,16.0,17.0,6084920816.0,2695645696.0,19186356224.0,61597.0,31302193152.0,2890588662.0,1.0,4616.0,7311622.0,6007.0,563542.0,40160.0,0.0,0.0,5483.0,0.0
1787908980.495625,2026-08-28T09:23:00+00:00,http_log_35m_x1,34022.0,8.0,4420837008.0,4368376981.0,468.0,3765.0,5598172280.0,535297.0,1180.0,1.0,3.0,0.0,0.0,16.0,12.0,6084920816.0,2695645696.0,19186356224.0,61597.0,31302193152.0,2890588662.0,1.0,4616.0,7311622.0,6007.0,563542.0,40160.0,0.0,0.0,5483.0,0.0
1787908981.503499,2026-08-28T09:23:01+00:00,http_log_35m_x1,34022.0,8.0,4420837008.0,4368376981.0,468.0,3765.0,5598172280.0,535297.0,1180.0,1.0,3.0,0.0,0.0,16.0,12.0,6084920816.0,2695645696.0,19186356224.0,61597.0,31302193152.0,2890588662.0,1.0,4616.0,7311622.0,6007.0,563542.0,40160.0,0.0,0.0,5483.0,0.0
1787908982.5053089,2026-08-28T09:23:02+00:00,http_log_35m_x1,34022.0,8.0,4420837008.0,4368376981.0,468.0,3765.0,5598172280.0,535297.0,1180.0,1.0,3.0,0.0,0.0,16.0,12.0,6084920816.0,2695645696.0,19186356224.0,61597.0,31302193152.0,2890588662.0,1.0,4616.0,7311622.0,6007.0,563542.0,40160.0,0.0,0.0,5483.0,0.0
1787908983.5071669,2026-08-28T09:23:03+00:00,http_log_35m_x1,34022.0,8.0,4420837008.0,4370656701.0,468.0,3768.0,5598172280.0,659259.0,2458.0,1.0,3.0,0.0,0.0,16.0,10.0,6084920816.0,2695645696.0,19186356224.0,61597.0,31302193152.0,2890588662.0,1.0,4616.0,7311622.0,6007.0,563542.0,40160.0,0.0,0.0,5483.0,0.0
1787908984.512216,2026-08-28T09:23:04+00:00,http_log_35m_x1,34022.0,8.0,4420837008.0,4370656701.0,468.0,3768.0,5598172280.0,659259.0,2458.0,1.0,3.0,0.0,0.0,16.0,10.0,6084920816.0,2695645696.0,19186356224.0,61597.0,31302193152.0,2890588662.0,1.0,4616.0,7311622.0,6007.0,563542.0,40160.0,0.0,0.0,5483.0,0.0
1787908985.513431,2026-08-28T09:23:05+00:00,http_log_35m_x1,34022.0,8.0,4420837008.0,4384194700.0,468.0,3771.0,5598172280.0,1953535.0,5930.0,1.0,3.0,0.0,0.0,16.0,10.0,6084920816.0,2695645696.0,19186356224.0,61597.0,31302193152.0,2890588662.0,1.0,4616.0,7311622.0,6007.0,563542.0,40160.0,0.0,0.0,5483.0,0.0
1787908986.515403,2026-08-28T09:23:06+00:00,http_log_35m_x1,34022.0,8.0,4420837008.0,4387590032.0,468.0,3774.0,5598172280.0,779998.0,3353.0,1.0,2.0,0.0,0.0,16.0,10.0,6084920816.0,2695645696.0,19186356224.0,61597.0,31302193152.0,2890588662.0,1.0,4616.0,7311622.0,6007.0,563542.0,40160.0,0.0,0.0,5483.0,0.0
1787908987.520467,2026-08-28T09:23:07+00:00,http_log_35m_x1,34022.0,8.0,4420837008.0,4469150614.0,468.0,3779.0,5598172280.0,2429805.0,32075.0,1.0,1.0,0.0,0.0,16.0,19.0,6084920816.0,2695645696.0,19186356224.0,61597.0,31302193152.0,2890588662.0,1.0,4616.0,7311622.0,6007.0,563542.0,40160.0,0.0,0.0,5483.0,0.0
1787908988.521766,2026-08-28T09:23:08+00:00,http_log_35m_x1,34022.0,8.0,4420837008.0,4469150614.0,468.0,3779.0,5598172280.0,2429805.0,32075.0,1.0,2.0,0.0,0.0,16.0,25.0,6084920816.0,2695645696.0,19186356224.0,61597.0,31302193152.0,2890588662.0,1.0,4616.0,7311622.0,6007.0,563542.0,40160.0,0.0,0.0,5483.0,0.0
1787908989.5219278,2026-08-28T09:23:09+00:00,http_log_35m_x1,34022.0,8.0,4420837008.0,4472708473.0,468.0,3784.0,5598172280.0,691462.0,2418.0,1.0,0.0,0.0,0.0,16.0,25.0,6084920816.0,2695645696.0,19186356224.0,61597.0,31302193152.0,2890588662.0,1.0,4616.0,7311622.0,6007.0,563542.0,40160.0,0.0,0.0,5483.0,0.0
1787908990.52701,2026-08-28T09:23:10+00:00,http_log_35m_x1,34022.0,8.0,4420837008.0,4472708473.0,468.0,3784.0,5598172280.0,691462.0,2418.0,1.0,1.0,0.0,0.0,16.0,21.0,6084920816.0,2695645696.0,19186356224.0,61597.0,31302193152.0,2890588662.0,1.0,4616.0,7311622.0,6007.0,563542.0,40160.0,0.0,0.0,5483.0,0.0
1787908991.530118,2026-08-28T09:23:11+00:00,http_log_35m_x1,34022.0,8.0,4420837008.0,4472708473.0,468.0,3784.0,5598172280.0,691462.0,2418.0,1.0,1.0,0.0,0.0,16.0,21.0,6084920816.0,2695645696.0,19186356224.0,61597.0,31302193152.0,2890588662.0,1.0,4616.0,7311622.0,6007.0,563542.0,40160.0,0.0,0.0,5483.0,0.0
1787908992.535203,2026-08-28T09:23:12+00:00,http_log_35m_x1,34022.0,8.0,4420837008.0,4480669628.0,468.0,3789.0,5598172280.0,2262977.0,2518.0,1.0,0.0,0.0,0.0,16.0,21.0,6084920816.0,2695645696.0,19186356224.0,61597.0,31302193152.0,2890588662.0,1.0,4616.0,7311622.0,6007.0,563542.0,40160.0,0.0,0.0,5483.0,0.0
1787908993.535386,2026-08-28T09:23:13+00:00,http_log_35m_x1,34022.0,8.0,4420837008.0,4480669628.0,468.0,3789.0,5248793096.0,2262977.0,2518.0,1.0,1.0,0.0,0.0,16.0,28.0,5742430592.0,2695731712.0,19386212352.0,61812.0,31302193152.0,2890588662.0,1.0,2043.0,7318050.0,6027.0,568730.0,40340.0,0.0,0.0,5503.0,0.0
1787908994.5404558,2026-08-28T09:23:14+00:00,http_log_35m_x1,34022.0,8.0,4420837008.0,4480669628.0,468.0,3789.0,5248793096.0,2262977.0,2518.0,1.0,1.0,0.0,0.0,16.0,28.0,5742430592.0,2695731712.0,19386212352.0,61812.0,31302193152.0,2890588662.0,1.0,2043.0,7318050.0,6027.0,568730.0,40340.0,0.0,0.0,5503.0,0.0
1787908995.5455518,2026-08-28T09:23:15+00:00,http_log_35m_x1,34022.0,8.0,4420837008.0,4482470925.0,468.0,3792.0,5248793096.0,641944.0,1806.0,1.0,1.0,0.0,0.0,16.0,26.0,5742430592.0,2695731712.0,19386212352.0,61812.0,31302193152.0,2890588662.0,1.0,2043.0,7318050.0,6027.0,568730.0,40340.0,0.0,0.0,5503.0,0.0
1787908996.550647,2026-08-28T09:23:16+00:00,http_log_35m_x1,34022.0,8.0,4420837008.0,4483647317.0,468.0,3794.0,5248793096.0,555163.0,1119.0,1.0,0.0,0.0,0.0,16.0,26.0,5742430592.0,2695731712.0,19386212352.0,61812.0,31302193152.0,2890588662.0,1.0,2043.0,7318050.0,6027.0,568730.0,40340.0,0.0,0.0,5503.0,0.0
1787908997.5557508,2026-08-28T09:23:17+00:00,http_log_35m_x1,34022.0,8.0,4420837008.0,4483647317.0,468.0,3794.0,5248793096.0,555163.0,1119.0,1.0,1.0,0.0,0.0,16.0,28.0,5742430592.0,2695731712.0,19386212352.0,61812.0,31302193152.0,2890588662.0,1.0,2043.0,7318050.0,6027.0,568730.0,40340.0,0.0,0.0,5503.0,0.0
1787908998.5608408,2026-08-28T09:23:18+00:00,http_log_35m_x1,34022.0,8.0,4420837008.0,4484842157.0,468.0,3796.0,5248793096.0,555223.0,1152.0,1.0,0.0,0.0,0.0,16.0,28.0,5742430592.0,2695731712.0,19386212352.0,61812.0,31302193152.0,2890588662.0,1.0,2043.0,7318050.0,6027.0,568730.0,40340.0,0.0,0.0,5503.0,0.0
1787908999.5659258,2026-08-28T09:23:19+00:00,http_log_35m_x1,34022.0,8.0,4420837008.0,4484842157.0,468.0,3796.0,5248793096.0,555223.0,1152.0,1.0,1.0,0.0,0.0,16.0,29.0,5742430592.0,2695731712.0,19386212352.0,61812.0,31302193152.0,2890588662.0,1.0,2043.0,7318050.0,6027.0,568730.0,40340.0,0.0,0.0,5503.0,0.0
1787909000.5710158,2026-08-28T09:23:20+00:00,http_log_35m_x1,34022.0,8.0,4420837008.0,4484842157.0,468.0,3796.0,5248793096.0,555223.0,1152.0,1.0,1.0,0.0,0.0,16.0,29.0,5742430592.0,2695731712.0,19386212352.0,61812.0,31302193152.0,2890588662.0,1.0,2043.0,7318050.0,6027.0,568730.0,40340.0,0.0,0.0,5503.0,0.0
1787909001.5760949,2026-08-28T09:23:21+00:00,http_log_35m_x1,34022.0,8.0,4420837008.0,4484842157.0,468.0,3796.0,5248793096.0,555223.0,1152.0,1.0,2.0,0.0,0.0,16.0,21.0,5742430592.0,2695731712.0,19386212352.0,61812.0,31302193152.0,2890588662.0,1.0,2043.0,7318050.0,6027.0,568730.0,40340.0,0.0,0.0,5503.0,0.0
1787909002.5811899,2026-08-28T09:23:22+00:00,http_log_35m_x1,34022.0,8.0,4420837008.0,4484842157.0,468.0,3796.0,5248793096.0,555223.0,1152.0,1.0,2.0,0.0,0.0,16.0,21.0,5742430592.0,2695731712.0,19386212352.0,61812.0,31302193152.0,2890588662.0,1.0,2043.0,7318050.0,6027.0,568730.0,40340.0,0.0,0.0,5503.0,0.0
1787909003.586279,2026-08-28T09:23:23+00:00,http_log_35m_x1,34022.0,8.0,4420837008.0,4498496484.0,468.0,3803.0,5248793096.0,574592.0,2087.0,1.0,1.0,0.0,0.0,16.0,18.0,5742430592.0,2695731712.0,19386212352.0,61812.0,31302193152.0,2890588662.0,1.0,2043.0,7318050.0,6027.0,568730.0,40340.0,0.0,0.0,5503.0,0.0
1787909004.588393,2026-08-28T09:23:24+00:00,http_log_35m_x1,34022.0,8.0,4420837008.0,4499681942.0,468.0,3805.0,5248793096.0,569657.0,1081.0,1.0,1.0,0.0,0.0,16.0,23.0,5742430592.0,2695731712.0,19386212352.0,61812.0,31302193152.0,2890588662.0,1.0,2043.0,7318050.0,6027.0,568730.0,40340.0,0.0,0.0,5503.0,0.0
1787909005.590233,2026-08-28T09:23:25+00:00,http_log_35m_x1,34022.0,8.0,4420837008.0,4499681942.0,468.0,3805.0,5248793096.0,569657.0,1081.0,1.0,2.0,0.0,0.0,16.0,12.0,5742430592.0,2695731712.0,19386212352.0,61812.0,31302193152.0,2890588662.0,1.0,2043.0,7318050.0,6027.0,568730.0,40340.0,0.0,0.0,5503.0,0.0
1787909006.595325,2026-08-28T09:23:26+00:00,http_log_35m_x1,34022.0,8.0,4420837008.0,4499681942.0,468.0,3805.0,5248793096.0,569657.0,1081.0,1.0,2.0,0.0,0.0,16.0,12.0,5742430592.0,2695731712.0,19386212352.0,61812.0,31302193152.0,2890588662.0,1.0,2043.0,7318050.0,6027.0,568730.0,40340.0,0.0,0.0,5503.0,0.0
1787909007.600406,2026-08-28T09:23:27+00:00,http_log_35m_x1,34022.0,8.0,4420837008.0,4499681942.0,468.0,3805.0,5248793096.0,569657.0,1081.0,1.0,3.0,0.0,0.0,16.0,11.0,5742430592.0,2695731712.0,19386212352.0,61812.0,31302193152.0,2890588662.0,1.0,2043.0,7318050.0,6027.0,568730.0,40340.0,0.0,0.0,5503.0,0.0
1787909008.6054752,2026-08-28T09:23:28+00:00,http_log_35m_x1,34022.0,8.0,4420837008.0,4504865728.0,468.0,3811.0,5914600952.0,544565.0,1160.0,1.0,1.0,0.0,0.0,16.0,11.0,6409992824.0,2695739904.0,19446788096.0,61981.0,31302193152.0,2890588662.0,1.0,2066.0,7325732.0,6041.0,572887.0,40454.0,0.0,0.0,5524.0,0.0
1787909009.610537,2026-08-28T09:23:29+00:00,http_log_35m_x1,34022.0,8.0,4420837008.0,4504865728.0,468.0,3811.0,5914600952.0,544565.0,1160.0,1.0,2.0,0.0,0.0,16.0,11.0,6409992824.0,2695739904.0,19446788096.0,61981.0,31302193152.0,2890588662.0,1.0,2066.0,7325732.0,6041.0,572887.0,40454.0,0.0,0.0,5524.0,0.0
1787909010.615621,2026-08-28T09:23:30+00:00,http_log_35m_x1,34022.0,8.0,4420837008.0,4504865728.0,468.0,3811.0,5914600952.0,544565.0,1160.0,1.0,2.0,0.0,0.0,16.0,11.0,6409992824.0,2695739904.0,19446788096.0,61981.0,31302193152.0,2890588662.0,1.0,2066.0,7325732.0,6041.0,572887.0,40454.0,0.0,0.0,5524.0,0.0
1787909011.620694,2026-08-28T09:23:31+00:00,http_log_35m_x1,34022.0,8.0,4420837008.0,4511116124.0,468.0,3815.0,5914600952.0,1941116.0,2220.0,1.0,2.0,0.0,0.0,16.0,11.0,6409992824.0,2695739904.0,19446788096.0,61981.0,31302193152.0,2890588662.0,1.0,2066.0,7325732.0,6041.0,572887.0,40454.0,0.0,0.0,5524.0,0.0
1787909012.625514,2026-08-28T09:23:32+00:00,http_log_35m_x1,34022.0,8.0,4420837008.0,4512301738.0,468.0,3817.0,5914600952.0,517058.0,1293.0,1.0,1.0,0.0,0.0,16.0,11.0,6409992824.0,2695739904.0,19446788096.0,61981.0,31302193152.0,2890588662.0,1.0,2066.0,7325732.0,6041.0,572887.0,40454.0,0.0,0.0,5524.0,0.0
1787909013.630616,2026-08-28T09:23:33+00:00,http_log_35m_x1,34022.0,8.0,4420837008.0,4512301738.0,468.0,3817.0,5914600952.0,517058.0,1293.0,1.0,2.0,0.0,0.0,16.0,19.0,6409992824.0,2695739904.0,19446788096.0,61981.0,31302193152.0,2890588662.0,1.0,2066.0,7325732.0,6041.0,572887.0,40454.0,0.0,0.0,5524.0,0.0
1787909014.635753,2026-08-28T09:23:34+00:00,http_log_35m_x1,34022.0,8.0,4420837008.0,4513496754.0,468.0,3819.0,5914600952.0,545669.0,1190.0,1.0,2.0,0.0,0.0,16.0,16.0,6409992824.0,2695739904.0,19446788096.0,61981.0,31302193152.0,2890588662.0,1.0,2066.0,7325732.0,6041.0,572887.0,40454.0,0.0,0.0,5524.0,0.0
1787909015.640832,2026-08-28T09:23:35+00:00,http_log_35m_x1,34022.0,8.0,4420837008.0,4513496754.0,468.0,3819.0,5914600952.0,545669.0,1190.0,1.0,3.0,0.0,0.0,16.0,12.0,6409992824.0,2695739904.0,19446788096.0,61981.0,31302193152.0,2890588662.0,1.0,2066.0,7325732.0,6041.0,572887.0,40454.0,0.0,0.0,5524.0,0.0
1787909016.645141,2026-08-28T09:23:36+00:00,http_log_35m_x1,34022.0,8.0,4420837008.0,4520812522.0,468.0,3821.0,5914600952.0,2032722.0,2599.0,1.0,2.0,0.0,0.0,16.0,12.0,6409992824.0,2695739904.0,19446788096.0,61981.0,31302193152.0,2890588662.0,1.0,2066.0,7325732.0,6041.0,572887.0,40454.0,0.0,0.0,5524.0,0.0
1787909017.65025,2026-08-28T09:23:37+00:00,http_log_35m_x1,34022.0,8.0,4420837008.0,4523175869.0,468.0,3824.0,5914600952.0,693673.0,2407.0,1.0,2.0,0.0,0.0,16.0,17.0,6409992824.0,2695739904.0,19446788096.0,61981.0,31302193152.0,2890588662.0,1.0,2066.0,7325732.0,6041.0,572887.0,40454.0,0.0,0.0,5524.0,0.0
1787909018.654699,2026-08-28T09:23:38+00:00,http_log_35m_x1,34022.0,8.0,4420837008.0,4524408041.0,468.0,3826.0,5914600952.0,516417.0,1386.0,1.0,2.0,0.0,0.0,16.0,16.0,6409992824.0,2695739904.0,19446788096.0,61981.0,31302193152.0,2890588662.0,1.0,2066.0,7325732.0,6041.0,572887.0,40454.0,0.0,0.0,5524.0,0.0
1787909019.659817,2026-08-28T09:23:39+00:00,http_log_35m_x1,34022.0,8.0,4420837008.0,4524408041.0,468.0,3826.0,5914600952.0,516417.0,1386.0,1.0,3.0,0.0,0.0,16.0,11.0,6409992824.0,2695739904.0,19446788096.0,61981.0,31302193152.0,2890588662.0,1.0,2066.0,7325732.0,6041.0,572887.0,40454.0,0.0,0.0,5524.0,0.0
1787909020.662674,2026-08-28T09:23:40+00:00,http_log_35m_x1,34022.0,8.0,4420837008.0,4524408041.0,468.0,3826.0,5914600952.0,516417.0,1386.0,1.0,3.0,0.0,0.0,16.0,11.0,6409992824.0,2695739904.0,19446788096.0,61981.0,31302193152.0,2890588662.0,1.0,2066.0,7325732.0,6041.0,572887.0,40454.0,0.0,0.0,5524.0,0.0
1787909021.667754,2026-08-28T09:23:41+00:00,http_log_35m_x1,34022.0,8.0,4420837008.0,4526790076.0,468.0,3829.0,5914600952.0,674224.0,2533.0,1.0,3.0,0.0,0.0,16.0,10.0,6409992824.0,2695739904.0,19446788096.0,61981.0,31302193152.0,2890588662.0,1.0,2066.0,7325732.0,6041.0,572887.0,40454.0,0.0,0.0,5524.0,0.0
1787909022.671749,2026-08-28T09:23:42+00:00,http_log_35m_x1,34022.0,8.0,4420837008.0,4537602741.0,468.0,3833.0,5914600952.0,502561.0,1450.0,1.0,2.0,0.0,0.0,16.0,16.0,6409992824.0,2695739904.0,19446788096.0,61981.0,31302193152.0,2890588662.0,1.0,2066.0,7325732.0,6041.0,572887.0,40454.0,0.0,0.0,5524.0,0.0
1787909023.676864,2026-08-28T09:23:43+00:00,http_log_35m_x1,34022.0,8.0,4420837008.0,4537602741.0,468.0,3833.0,6852128000.0,502561.0,1450.0,1.0,3.0,0.0,0.0,16.0,11.0,7372519672.0,2695739904.0,19518287872.0,62128.0,31302193152.0,2890588662.0,0.0,2092.0,7331729.0,6054.0,578679.0,40612.0,0.0,0.0,5545.0,0.0
1787909024.681244,2026-08-28T09:23:44+00:00,http_log_35m_x1,34022.0,8.0,4420837008.0,4537602741.0,468.0,3833.0,6852128000.0,502561.0,1450.0,1.0,3.0,0.0,0.0,16.0,11.0,7372519672.0,2695739904.0,19518287872.0,62128.0,31302193152.0,2890588662.0,0.0,2092.0,7331729.0,6054.0,578679.0,40612.0,0.0,0.0,5545.0,0.0
1787909025.686343,2026-08-28T09:23:45+00:00,http_log_35m_x1,34022.0,8.0,4420837008.0,4539984760.0,468.0,3836.0,6852128000.0,681745.0,2494.0,1.0,3.0,0.0,0.0,16.0,10.0,7372519672.0,2695739904.0,19518287872.0,62128.0,31302193152.0,2890588662.0,0.0,2092.0,7331729.0,6054.0,578679.0,40612.0,0.0,0.0,5545.0,0.0
1787909026.6873999,2026-08-28T09:23:46+00:00,http_log_35m_x1,34022.0,8.0,4420837008.0,4553067496.0,468.0,3840.0,6852128000.0,2054207.0,4778.0,1.0,1.0,0.0,0.0,16.0,10.0,7372519672.0,2695739904.0,19518287872.0,62128.0,31302193152.0,2890588662.0,0.0,2092.0,7331729.0,6054.0,578679.0,40612.0,0.0,0.0,5545.0,0.0
1787909027.692464,2026-08-28T09:23:47+00:00,http_log_35m_x1,34022.0,8.0,4420837008.0,4553067496.0,468.0,3840.0,6852128000.0,2054207.0,4778.0,1.0,2.0,0.0,0.0,16.0,20.0,7372519672.0,2695739904.0,19518287872.0,62128.0,31302193152.0,2890588662.0,0.0,2092.0,7331729.0,6054.0,578679.0,40612.0,0.0,0.0,5545.0,0.0
1787909028.697536,2026-08-28T09:23:48+00:00,http_log_35m_x1,34022.0,8.0,4420837008.0,4553067496.0,468.0,3840.0,6852128000.0,2054207.0,4778.0,1.0,3.0,0.0,0.0,16.0,16.0,7372519672.0,2695739904.0,19518287872.0,62128.0,31302193152.0,2890588662.0,0.0,2092.0,7331729.0,6054.0,578679.0,40612.0,0.0,0.0,5545.0,0.0
1787909029.702652,2026-08-28T09:23:49+00:00,http_log_35m_x1,34022.0,8.0,4420837008.0,4555449669.0,468.0,3843.0,6852128000.0,698789.0,2409.0,1.0,3.0,0.0,0.0,16.0,11.0,7372519672.0,2695739904.0,19518287872.0,62128.0,31302193152.0,2890588662.0,0.0,2092.0,7331729.0,6054.0,578679.0,40612.0,0.0,0.0,5545.0,0.0
1787909030.707724,2026-08-28T09:23:50+00:00,http_log_35m_x1,34022.0,8.0,4420837008.0,4556644802.0,468.0,3845.0,6852128000.0,496523.0,1407.0,1.0,2.0,0.0,0.0,16.0,11.0,7372519672.0,2695739904.0,19518287872.0,62128.0,31302193152.0,2890588662.0,0.0,2092.0,7331729.0,6054.0,578679.0,40612.0,0.0,0.0,5545.0,0.0
1787909031.7128088,2026-08-28T09:23:51+00:00,http_log_35m_x1,34022.0,8.0,4420837008.0,4556644802.0,468.0,3845.0,6852128000.0,496523.0,1407.0,1.0,3.0,0.0,0.0,16.0,12.0,7372519672.0,2695739904.0,19518287872.0,62128.0,31302193152.0,2890588662.0,0.0,2092.0,7331729.0,6054.0,578679.0,40612.0,0.0,0.0,5545.0,0.0
1787909032.71765,2026-08-28T09:23:52+00:00,http_log_35m_x1,34022.0,8.0,4420837008.0,4556644802.0,468.0,3845.0,6852128000.0,496523.0,1407.0,1.0,4.0,0.0,0.0,16.0,11.0,7372519672.0,2695739904.0,19518287872.0,62128.0,31302193152.0,2890588662.0,0.0,2092.0,7331729.0,6054.0,578679.0,40612.0,0.0,0.0,5545.0,0.0
1787909033.722728,2026-08-28T09:23:53+00:00,http_log_35m_x1,34022.0,8.0,4420837008.0,4570802681.0,468.0,3847.0,6852128000.0,2060826.0,5870.0,1.0,3.0,0.0,0.0,16.0,11.0,7372519672.0,2695739904.0,19518287872.0,62128.0,31302193152.0,2890588662.0,0.0,2092.0,7331729.0,6054.0,578679.0,40612.0,0.0,0.0,5545.0,0.0
1787909034.7269619,2026-08-28T09:23:54+00:00,http_log_35m_x1,34022.0,8.0,4420837008.0,4576618350.0,468.0,3853.0,6852128000.0,1036793.0,3484.0,1.0,1.0,0.0,0.0,16.0,11.0,7372519672.0,2695739904.0,19518287872.0,62128.0,31302193152.0,2890588662.0,0.0,2092.0,7331729.0,6054.0,578679.0,40612.0,0.0,0.0,5545.0,0.0
1787909035.732029,2026-08-28T09:23:55+00:00,http_log_35m_x1,34022.0,8.0,4420837008.0,4576618350.0,468.0,3853.0,6852128000.0,1036793.0,3484.0,1.0,2.0,0.0,0.0,16.0,19.0,7372519672.0,2695739904.0,19518287872.0,62128.0,31302193152.0,2890588662.0,0.0,2092.0,7331729.0,6054.0,578679.0,40612.0,0.0,0.0,5545.0,0.0
1787909036.736914,2026-08-28T09:23:56+00:00,http_log_35m_x1,34022.0,8.0,4420837008.0,4576618350.0,468.0,3853.0,6852128000.0,1036793.0,3484.0,1.0,2.0,0.0,0.0,16.0,19.0,7372519672.0,2695739904.0,19518287872.0,62128.0,31302193152.0,2890588662.0,0.0,2092.0,7331729.0,6054.0,578679.0,40612.0,0.0,0.0,5545.0,0.0
1787909037.742,2026-08-28T09:23:57+00:00,http_log_35m_x1,34022.0,8.0,4420837008.0,4578925696.0,468.0,3856.0,6852128000.0,724214.0,2186.0,1.0,2.0,0.0,0.0,16.0,18.0,7372519672.0,2695739904.0,19518287872.0,62128.0,31302193152.0,2890588662.0,0.0,2092.0,7331729.0,6054.0,578679.0,40612.0,0.0,0.0,5545.0,0.0
1787909038.7470841,2026-08-28T09:23:58+00:00,http_log_35m_x1,34022.0,8.0,4420837008.0,4580101968.0,468.0,3858.0,7194793448.0,541063.0,1174.0,1.0,3.0,0.0,0.0,16.0,12.0,7709931800.0,2695739904.0,19661922304.0,62308.0,39230095360.0,2942197677.0,1.0,2119.0,7337225.0,6070.0,584920.0,40779.0,0.0,0.0,5567.0,0.0
1787909039.752152,2026-08-28T09:23:59+00:00,http_log_35m_x1,34022.0,8.0,4420837008.0,4580101968.0,468.0,3858.0,7194793448.0,541063.0,1174.0,1.0,3.0,0.0,0.0,16.0,12.0,7709931800.0,2695739904.0,19661922304.0,62308.0,39230095360.0,2942197677.0,1.0,2119.0,7337225.0,6070.0,584920.0,40779.0,0.0,0.0,5567.0,0.0
1787909040.75728,2026-08-28T09:24:00+00:00,http_log_35m_x1,34022.0,8.0,4420837008.0,4580101968.0,468.0,3858.0,7194793448.0,541063.0,1174.0,1.0,4.0,0.0,0.0,16.0,11.0,7709931800.0,2695739904.0,19661922304.0,62308.0,39230095360.0,2942197677.0,1.0,2119.0,7337225.0,6070.0,584920.0,40779.0,0.0,0.0,5567.0,0.0
1787909041.7610009,2026-08-28T09:24:01+00:00,http_log_35m_x1,34022.0,8.0,4420837008.0,4582428021.0,468.0,3861.0,7194793448.0,681727.0,2412.0,1.0,3.0,0.0,0.0,16.0,11.0,7709931800.0,2695739904.0,19661922304.0,62308.0,39230095360.0,2942197677.0,1.0,2119.0,7337225.0,6070.0,584920.0,40779.0,0.0,0.0,5567.0,0.0
1787909042.7660658,2026-08-28T09:24:02+00:00,http_log_35m_x1,34022.0,8.0,4420837008.0,4583613644.0,468.0,3863.0,7194793448.0,523453.0,1265.0,1.0,3.0,0.0,0.0,16.0,12.0,7709931800.0,2695739904.0,19661922304.0,62308.0,39230095360.0,2942197677.0,1.0,2119.0,7337225.0,6070.0,584920.0,40779.0,0.0,0.0,5567.0,0.0
1787909043.771148,2026-08-28T09:24:03+00:00,http_log_35m_x1,34022.0,8.0,4420837008.0,4583613644.0,468.0,3863.0,7194793448.0,523453.0,1265.0,1.0,3.0,0.0,0.0,16.0,12.0,7709931800.0,2695739904.0,19661922304.0,62308.0,39230095360.0,2942197677.0,1.0,2119.0,7337225.0,6070.0,584920.0,40779.0,0.0,0.0,5567.0,0.0
1787909044.775223,2026-08-28T09:24:04+00:00,http_log_35m_x1,34022.0,8.0,4420837008.0,4583613644.0,468.0,3863.0,7194793448.0,523453.0,1265.0,1.0,4.0,0.0,0.0,16.0,10.0,7709931800.0,2695739904.0,19661922304.0,62308.0,39230095360.0,2942197677.0,1.0,2119.0,7337225.0,6070.0,584920.0,40779.0,0.0,0.0,5567.0,0.0
1787909045.779967,2026-08-28T09:24:05+00:00,http_log_35m_x1,34022.0,8.0,4420837008.0,4710142071.0,468.0,3869.0,7194793448.0,2308470.0,8065.0,1.0,2.0,0.0,0.0,16.0,10.0,7709931800.0,2695739904.0,19661922304.0,62308.0,39230095360.0,2942197677.0,1.0,2119.0,7337225.0,6070.0,584920.0,40779.0,0.0,0.0,5567.0,0.0
1787909046.784291,2026-08-28T09:24:06+00:00,http_log_35m_x1,34022.0,8.0,4420837008.0,4715938465.0,468.0,3875.0,7194793448.0,510111.0,1343.0,1.0,1.0,0.0,0.0,16.0,18.0,7709931800.0,2695739904.0,19661922304.0,62308.0,39230095360.0,2942197677.0,1.0,2119.0,7337225.0,6070.0,584920.0,40779.0,0.0,0.0,5567.0,0.0
1787909047.788395,2026-08-28T09:24:07+00:00,http_log_35m_x1,34022.0,8.0,4420837008.0,4715938465.0,468.0,3875.0,7194793448.0,510111.0,1343.0,1.0,1.0,0.0,0.0,16.0,18.0,7709931800.0,2695739904.0,19661922304.0,62308.0,39230095360.0,2942197677.0,1.0,2119.0,7337225.0,6070.0,584920.0,40779.0,0.0,0.0,5567.0,0.0
1787909048.7934668,2026-08-28T09:24:08+00:00,http_log_35m_x1,34022.0,8.0,4420837008.0,4715938465.0,468.0,3875.0,7194793448.0,510111.0,1343.0,1.0,2.0,0.0,0.0,16.0,18.0,7709931800.0,2695739904.0,19661922304.0,62308.0,39230095360.0,2942197677.0,1.0,2119.0,7337225.0,6070.0,584920.0,40779.0,0.0,0.0,5567.0,0.0
1787909049.796368,2026-08-28T09:24:09+00:00,http_log_35m_x1,34022.0,8.0,4420837008.0,4722801843.0,468.0,3879.0,7194793448.0,2176086.0,2154.0,1.0,1.0,0.0,0.0,16.0,18.0,7709931800.0,2695739904.0,19661922304.0,62308.0,39230095360.0,2942197677.0,1.0,2119.0,7337225.0,6070.0,584920.0,40779.0,0.0,0.0,5567.0,0.0
1787909050.8014421,2026-08-28T09:24:10+00:00,http_log_35m_x1,34022.0,8.0,4420837008.0,4724005711.0,468.0,3881.0,7194793448.0,550213.0,1188.0,1.0,1.0,0.0,0.0,16.0,26.0,7709931800.0,2695739904.0,19661922304.0,62308.0,39230095360.0,2942197677.0,1.0,2119.0,7337225.0,6070.0,584920.0,40779.0,0.0,0.0,5567.0,0.0
1787909051.806519,2026-08-28T09:24:11+00:00,http_log_35m_x1,34022.0,8.0,4420837008.0,4724005711.0,468.0,3881.0,7194793448.0,550213.0,1188.0,1.0,2.0,0.0,0.0,16.0,23.0,7709931800.0,2695739904.0,19661922304.0,62308.0,39230095360.0,2942197677.0,1.0,2119.0,7337225.0,6070.0,584920.0,40779.0,0.0,0.0,5567.0,0.0
1787909052.811581,2026-08-28T09:24:12+00:00,http_log_35m_x1,34022.0,8.0,4420837008.0,4725219114.0,468.0,3883.0,7194793448.0,551296.0,1201.0,1.0,2.0,0.0,0.0,16.0,19.0,7709931800.0,2695739904.0,19661922304.0,62308.0,39230095360.0,2942197677.0,1.0,2119.0,7337225.0,6070.0,584920.0,40779.0,0.0,0.0,5567.0,0.0
1787909053.81664,2026-08-28T09:24:13+00:00,http_log_35m_x1,2672138.0,219643.0,5010425645.0,4725219114.0,473.0,3883.0,6277992120.0,551296.0,1201.0,0.0,2.0,0.0,0.0,16.0,19.0,6813103456.0,2695739904.0,19848769536.0,62495.0,39230095360.0,2942197677.0,1.0,2143.0,7343875.0,6088.0,590032.0,40968.0,0.0,0.0,5587.0,0.0
1787909054.82175,2026-08-28T09:24:14+00:00,http_log_35m_x1,2672138.0,219643.0,5010425645.0,4733167374.0,473.0,3885.0,6277992120.0,1974232.0,3026.0,0.0,1.0,0.0,0.0,16.0,19.0,6813103456.0,2695739904.0,19848769536.0,62495.0,39230095360.0,2942197677.0,1.0,2143.0,7343875.0,6088.0,590032.0,40968.0,0.0,0.0,5587.0,0.0
1787909055.82604,2026-08-28T09:24:15+00:00,http_log_35m_x1,2672138.0,219643.0,5010425645.0,4735549129.0,473.0,3888.0,6277992120.0,701754.0,2394.0,0.0,0.0,0.0,0.0,16.0,19.0,6813103456.0,2695739904.0,19848769536.0,62495.0,39230095360.0,2942197677.0,1.0,2143.0,7343875.0,6088.0,590032.0,40968.0,0.0,0.0,5587.0,0.0
1787909056.827729,2026-08-28T09:24:16+00:00,http_log_35m_x1,2672138.0,219643.0,5010425645.0,4735549129.0,473.0,3888.0,6277992120.0,701754.0,2394.0,0.0,0.0,0.0,0.0,16.0,19.0,6813103456.0,2695739904.0,19848769536.0,62495.0,39230095360.0,2942197677.0,1.0,2143.0,7343875.0,6088.0,590032.0,40968.0,0.0,0.0,5587.0,0.0
1787909057.8302689,2026-08-28T09:24:17+00:00,http_log_35m_x1,2672138.0,219643.0,5010425645.0,4735549129.0,473.0,3888.0,6277992120.0,701754.0,2394.0,0.0,1.0,0.0,0.0,16.0,35.0,6813103456.0,2695739904.0,19848769536.0,62495.0,39230095360.0,2942197677.0,1.0,2143.0,7343875.0,6088.0,590032.0,40968.0,0.0,0.0,5587.0,0.0
1787909058.835361,2026-08-28T09:24:18+00:00,http_log_35m_x1,2672138.0,219643.0,5010425645.0,4735549129.0,473.0,3888.0,6277992120.0,701754.0,2394.0,0.0,1.0,0.0,0.0,16.0,35.0,6813103456.0,2695739904.0,19848769536.0,62495.0,39230095360.0,2942197677.0,1.0,2143.0,7343875.0,6088.0,590032.0,40968.0,0.0,0.0,5587.0,0.0
1787909059.8404832,2026-08-28T09:24:19+00:00,http_log_35m_x1,2672138.0,219643.0,5010425645.0,4735549129.0,473.0,3888.0,6277992120.0,701754.0,2394.0,0.0,1.0,0.0,0.0,16.0,35.0,6813103456.0,2695739904.0,19848769536.0,62495.0,39230095360.0,2942197677.0,1.0,2143.0,7343875.0,6088.0,590032.0,40968.0,0.0,0.0,5587.0,0.0
1787909060.845551,2026-08-28T09:24:20+00:00,http_log_35m_x1,2672138.0,219643.0,5010425645.0,4738470649.0,473.0,3893.0,6277992120.0,843882.0,2462.0,0.0,0.0,0.0,0.0,16.0,35.0,6813103456.0,2695739904.0,19848769536.0,62495.0,39230095360.0,2942197677.0,1.0,2143.0,7343875.0,6088.0,590032.0,40968.0,0.0,0.0,5587.0,0.0
1787909061.8479,2026-08-28T09:24:21+00:00,http_log_35m_x1,2672138.0,219643.0,5010425645.0,4738470649.0,473.0,3893.0,6277992120.0,843882.0,2462.0,0.0,0.0,0.0,0.0,16.0,35.0,6813103456.0,2695739904.0,19848769536.0,62495.0,39230095360.0,2942197677.0,1.0,2143.0,7343875.0,6088.0,590032.0,40968.0,0.0,0.0,5587.0,0.0
1787909062.8530052,2026-08-28T09:24:22+00:00,http_log_35m_x1,2672138.0,219643.0,5010425645.0,4738470649.0,473.0,3893.0,6277992120.0,843882.0,2462.0,0.0,1.0,0.0,0.0,16.0,36.0,6813103456.0,2695739904.0,19848769536.0,62495.0,39230095360.0,2942197677.0,1.0,2143.0,7343875.0,6088.0,590032.0,40968.0,0.0,0.0,5587.0,0.0
1787909063.858083,2026-08-28T09:24:23+00:00,http_log_35m_x1,2672138.0,219643.0,5010425645.0,4738470649.0,473.0,3893.0,6277992120.0,843882.0,2462.0,0.0,1.0,0.0,0.0,16.0,36.0,6813103456.0,2695739904.0,19848769536.0,62495.0,39230095360.0,2942197677.0,1.0,2143.0,7343875.0,6088.0,590032.0,40968.0,0.0,0.0,5587.0,0.0
1787909064.859956,2026-08-28T09:24:24+00:00,http_log_35m_x1,2672138.0,219643.0,5010425645.0,4741476526.0,473.0,3898.0,6277992120.0,986180.0,2048.0,0.0,0.0,0.0,0.0,16.0,36.0,6813103456.0,2695739904.0,19848769536.0,62495.0,39230095360.0,2942197677.0,1.0,2143.0,7343875.0,6088.0,590032.0,40968.0,0.0,0.0,5587.0,0.0
1787909065.865024,2026-08-28T09:24:25+00:00,http_log_35m_x1,2672138.0,219643.0,5010425645.0,4741476526.0,473.0,3898.0,6277992120.0,986180.0,2048.0,0.0,0.0,0.0,0.0,16.0,36.0,6813103456.0,2695739904.0,19848769536.0,62495.0,39230095360.0,2942197677.0,1.0,2143.0,7343875.0,6088.0,590032.0,40968.0,0.0,0.0,5587.0,0.0
1787909066.8654761,2026-08-28T09:24:26+00:00,http_log_35m_x1,2672138.0,219643.0,5010425645.0,4741476526.0,473.0,3898.0,6277992120.0,986180.0,2048.0,0.0,0.0,0.0,0.0,16.0,36.0,6813103456.0,2695739904.0,19848769536.0,62495.0,39230095360.0,2942197677.0,1.0,2143.0,7343875.0,6088.0,590032.0,40968.0,0.0,0.0,5587.0,0.0
1787909067.8705459,2026-08-28T09:24:27+00:00,http_log_35m_x1,2672138.0,219643.0,5010425645.0,4741476526.0,473.0,3898.0,16708264.0,986180.0,2048.0,0.0,1.0,0.0,0.0,16.0,37.0,553271592.0,2695739904.0,20487110656.0,62965.0,39230095360.0,2942197677.0,3.0,2161.0,7354014.0,6134.0,591575.0,41200.0,0.0,0.0,5605.0,0.0
1787909068.8756669,2026-08-28T09:24:28+00:00,http_log_35m_x1,2672138.0,219643.0,5010425645.0,4741476526.0,473.0,3898.0,16708264.0,986180.0,2048.0,0.0,2.0,0.0,0.0,16.0,25.0,553271592.0,2695739904.0,20487110656.0,62965.0,39230095360.0,2942197677.0,3.0,2161.0,7354014.0,6134.0,591575.0,41200.0,0.0,0.0,5605.0,0.0
1787909069.8807309,2026-08-28T09:24:29+00:00,http_log_35m_x1,2672138.0,219643.0,5010425645.0,4741476526.0,473.0,3898.0,16708264.0,986180.0,2048.0,0.0,2.0,0.0,0.0,16.0,25.0,553271592.0,2695739904.0,20487110656.0,62965.0,39230095360.0,2942197677.0,3.0,2161.0,7354014.0,6134.0,591575.0,41200.0,0.0,0.0,5605.0,0.0
1787909070.8858209,2026-08-28T09:24:30+00:00,http_log_35m_x1,2672138.0,219643.0,5010425645.0,4744491735.0,473.0,3903.0,16708264.0,908742.0,2318.0,0.0,1.0,0.0,0.0,16.0,25.0,553271592.0,2695739904.0,20487110656.0,62965.0,39230095360.0,2942197677.0,3.0,2161.0,7354014.0,6134.0,591575.0,41200.0,0.0,0.0,5605.0,0.0
1787909071.8903081,2026-08-28T09:24:31+00:00,http_log_35m_x1,2672138.0,219643.0,5010425645.0,4744491735.0,473.0,3903.0,16708264.0,908742.0,2318.0,0.0,2.0,0.0,0.0,16.0,19.0,553271592.0,2695739904.0,20487110656.0,62965.0,39230095360.0,2942197677.0,3.0,2161.0,7354014.0,6134.0,591575.0,41200.0,0.0,0.0,5605.0,0.0
1787909072.893107,2026-08-28T09:24:32+00:00,http_log_35m_x1,2672138.0,219643.0,5010425645.0,4744491735.0,473.0,3903.0,16708264.0,908742.0,2318.0,0.0,2.0,0.0,0.0,16.0,19.0,553271592.0,2695739904.0,20487110656.0,62965.0,39230095360.0,2942197677.0,3.0,2161.0,7354014.0,6134.0,591575.0,41200.0,0.0,0.0,5605.0,0.0
1787909073.893908,2026-08-28T09:24:33+00:00,http_log_35m_x1,2672138.0,219643.0,5010425645.0,4749769149.0,473.0,3908.0,16708264.0,1919757.0,1749.0,0.0,1.0,0.0,0.0,16.0,19.0,553271592.0,2695739904.0,20487110656.0,62965.0,39230095360.0,2942197677.0,3.0,2161.0,7354014.0,6134.0,591575.0,41200.0,0.0,0.0,5605.0,0.0
1787909074.896523,2026-08-28T09:24:34+00:00,http_log_35m_x1,2672138.0,219643.0,5010425645.0,4749769149.0,473.0,3908.0,16708264.0,1919757.0,1749.0,0.0,1.0,0.0,0.0,16.0,19.0,553271592.0,2695739904.0,20487110656.0,62965.0,39230095360.0,2942197677.0,3.0,2161.0,7354014.0,6134.0,591575.0,41200.0,0.0,0.0,5605.0,0.0
1787909075.901628,2026-08-28T09:24:35+00:00,http_log_35m_x1,2672138.0,219643.0,5010425645.0,4749769149.0,473.0,3908.0,16708264.0,1919757.0,1749.0,0.0,2.0,0.0,0.0,16.0,18.0,553271592.0,2695739904.0,20487110656.0,62965.0,39230095360.0,2942197677.0,3.0,2161.0,7354014.0,6134.0,591575.0,41200.0,0.0,0.0,5605.0,0.0
1787909076.906697,2026-08-28T09:24:36+00:00,http_log_35m_x1,2672138.0,219643.0,5010425645.0,4749769149.0,473.0,3908.0,16708264.0,1919757.0,1749.0,0.0,2.0,0.0,0.0,16.0,18.0,553271592.0,2695739904.0,20487110656.0,62965.0,39230095360.0,2942197677.0,3.0,2161.0,7354014.0,6134.0,591575.0,41200.0,0.0,0.0,5605.0,0.0
1787909077.908981,2026-08-28T09:24:37+00:00,http_log_35m_x1,2672138.0,219643.0,5010425645.0,4749769149.0,473.0,3908.0,16708264.0,1919757.0,1749.0,0.0,2.0,0.0,0.0,16.0,18.0,553271592.0,2695739904.0,20487110656.0,62965.0,39230095360.0,2942197677.0,3.0,2161.0,7354014.0,6134.0,591575.0,41200.0,0.0,0.0,5605.0,0.0
1787909078.9127371,2026-08-28T09:24:38+00:00,http_log_35m_x1,2672138.0,219643.0,5010425645.0,4757315416.0,473.0,3913.0,16708264.0,2138964.0,2528.0,0.0,1.0,0.0,0.0,16.0,18.0,553271592.0,2695739904.0,20487110656.0,62965.0,39230095360.0,2942197677.0,3.0,2161.0,7354014.0,6134.0,591575.0,41200.0,0.0,0.0,5605.0,0.0
1787909079.9177878,2026-08-28T09:24:39+00:00,http_log_35m_x1,2672138.0,219643.0,5010425645.0,4757315416.0,473.0,3913.0,16708264.0,2138964.0,2528.0,0.0,1.0,0.0,0.0,16.0,18.0,553271592.0,2695739904.0,20487110656.0,62965.0,39230095360.0,2942197677.0,3.0,2161.0,7354014.0,6134.0,591575.0,41200.0,0.0,0.0,5605.0,0.0
1787909080.9215949,2026-08-28T09:24:40+00:00,http_log_35m_x1,2672138.0,219643.0,5010425645.0,4794081714.0,473.0,3918.0,16708264.0,2829482.0,11994.0,0.0,1.0,0.0,0.0,16.0,33.0,553271592.0,2695739904.0,20487110656.0,62965.0,39230095360.0,2942197677.0,3.0,2161.0,7354014.0,6134.0,591575.0,41200.0,0.0,0.0,5605.0,0.0
1787909081.921846,2026-08-28T09:24:41+00:00,http_log_35m_x1,2672138.0,219643.0,5010425645.0,4794081714.0,473.0,3918.0,16708264.0,2829482.0,11994.0,0.0,1.0,0.0,0.0,16.0,33.0,553271592.0,2695739904.0,20487110656.0,62965.0,39230095360.0,2942197677.0,3.0,2161.0,7354014.0,6134.0,591575.0,41200.0,0.0,0.0,5605.0,0.0
1787909082.926951,2026-08-28T09:24:42+00:00,http_log_35m_x1,2672138.0,219643.0,5010425645.0,4797069606.0,473.0,3923.0,0.0,963836.0,2100.0,0.0,0.0,0.0,0.0,16.0,33.0,532665032.0,2695739904.0,20592873472.0,63119.0,39230095360.0,2942197677.0,1.0,2180.0,7363156.0,6147.0,594272.0,41308.0,0.0,0.0,5623.0,0.0
1787909083.929903,2026-08-28T09:24:43+00:00,http_log_35m_x1,2672138.0,219643.0,5010425645.0,4797069606.0,473.0,3923.0,0.0,963836.0,2100.0,0.0,0.0,0.0,0.0,16.0,33.0,532665032.0,2695739904.0,20592873472.0,63119.0,39230095360.0,2942197677.0,1.0,2180.0,7363156.0,6147.0,594272.0,41308.0,0.0,0.0,5623.0,0.0
1787909084.933934,2026-08-28T09:24:44+00:00,http_log_35m_x1,2672138.0,219643.0,5010425645.0,4797069606.0,473.0,3923.0,0.0,963836.0,2100.0,0.0,1.0,0.0,0.0,16.0,26.0,532665032.0,2695739904.0,20592873472.0,63119.0,39230095360.0,2942197677.0,1.0,2180.0,7363156.0,6147.0,594272.0,41308.0,0.0,0.0,5623.0,0.0
1787909085.938977,2026-08-28T09:24:45+00:00,http_log_35m_x1,2672138.0,219643.0,5010425645.0,4797069606.0,473.0,3923.0,0.0,963836.0,2100.0,0.0,1.0,0.0,0.0,16.0,26.0,532665032.0,2695739904.0,20592873472.0,63119.0,39230095360.0,2942197677.0,1.0,2180.0,7363156.0,6147.0,594272.0,41308.0,0.0,0.0,5623.0,0.0
1787909086.93936,2026-08-28T09:24:46+00:00,http_log_35m_x1,2672138.0,219643.0,5010425645.0,4802346716.0,473.0,3928.0,0.0,2058958.0,1563.0,0.0,0.0,0.0,0.0,16.0,26.0,532665032.0,2695739904.0,20592873472.0,63119.0,39230095360.0,2942197677.0,1.0,2180.0,7363156.0,6147.0,594272.0,41308.0,0.0,0.0,5623.0,0.0
1787909087.944462,2026-08-28T09:24:47+00:00,http_log_35m_x1,2672138.0,219643.0,5010425645.0,4802346716.0,473.0,3928.0,0.0,2058958.0,1563.0,0.0,0.0,0.0,0.0,16.0,26.0,532665032.0,2695739904.0,20592873472.0,63119.0,39230095360.0,2942197677.0,1.0,2180.0,7363156.0,6147.0,594272.0,41308.0,0.0,0.0,5623.0,0.0
1787909088.9495401,2026-08-28T09:24:48+00:00,http_log_35m_x1,2672138.0,219643.0,5010425645.0,4802346716.0,473.0,3928.0,0.0,2058958.0,1563.0,0.0,0.0,0.0,0.0,16.0,26.0,532665032.0,2695739904.0,20592873472.0,63119.0,39230095360.0,2942197677.0,1.0,2180.0,7363156.0,6147.0,594272.0,41308.0,0.0,0.0,5623.0,0.0
1787909089.9559948,2026-08-28T09:24:49+00:00,http_log_35m_x1,2672138.0,219643.0,5010425645.0,4802346716.0,473.0,3928.0,0.0,2058958.0,1563.0,0.0,1.0,0.0,0.0,16.0,35.0,532665032.0,2695739904.0,20592873472.0,63119.0,39230095360.0,2942197677.0,1.0,2180.0,7363156.0,6147.0,594272.0,41308.0,0.0,0.0,5623.0,0.0
1787909090.95991,2026-08-28T09:24:50+00:00,http_log_35m_x1,2672138.0,219643.0,5010425645.0,4802346716.0,473.0,3928.0,0.0,2058958.0,1563.0,0.0,1.0,0.0,0.0,16.0,35.0,532665032.0,2695739904.0,20592873472.0,63119.0,39230095360.0,2942197677.0,1.0,2180.0,7363156.0,6147.0,594272.0,41308.0,0.0,0.0,5623.0,0.0
1787909091.965002,2026-08-28T09:24:51+00:00,http_log_35m_x1,2672138.0,219643.0,5010425645.0,4805334050.0,473.0,3933.0,0.0,996442.0,1998.0,0.0,0.0,0.0,0.0,16.0,35.0,532665032.0,2695739904.0,20592873472.0,63119.0,39230095360.0,2942197677.0,1.0,2180.0,7363156.0,6147.0,594272.0,41308.0,0.0,0.0,5623.0,0.0
1787909092.9655879,2026-08-28T09:24:52+00:00,http_log_35m_x1,2672138.0,219643.0,5010425645.0,4805334050.0,473.0,3933.0,0.0,996442.0,1998.0,0.0,0.0,0.0,0.0,16.0,35.0,532665032.0,2695739904.0,20592873472.0,63119.0,39230095360.0,2942197677.0,1.0,2180.0,7363156.0,6147.0,594272.0,41308.0,0.0,0.0,5623.0,0.0
1787909093.9706979,2026-08-28T09:24:53+00:00,http_log_35m_x1,2672138.0,219643.0,5010425645.0,4805334050.0,473.0,3933.0,0.0,996442.0,1998.0,0.0,1.0,0.0,0.0,16.0,27.0,532665032.0,2695739904.0,20592873472.0,63119.0,39230095360.0,2942197677.0,1.0,2180.0,7363156.0,6147.0,594272.0,41308.0,0.0,0.0,5623.0,0.0
1787909094.975771,2026-08-28T09:24:54+00:00,http_log_35m_x1,2672138.0,219643.0,5010425645.0,4810574777.0,473.0,3938.0,0.0,2224417.0,1356.0,0.0,0.0,0.0,0.0,16.0,27.0,532665032.0,2695739904.0,20592873472.0,63119.0,39230095360.0,2942197677.0,1.0,2180.0,7363156.0,6147.0,594272.0,41308.0,0.0,0.0,5623.0,0.0
1787909095.980532,2026-08-28T09:24:55+00:00,http_log_35m_x1,2672138.0,219643.0,5010425645.0,4810574777.0,473.0,3938.0,0.0,2224417.0,1356.0,0.0,0.0,0.0,0.0,16.0,27.0,532665032.0,2695739904.0,20592873472.0,63119.0,39230095360.0,2942197677.0,1.0,2180.0,7363156.0,6147.0,594272.0,41308.0,0.0,0.0,5623.0,0.0
1787909096.985627,2026-08-28T09:24:56+00:00,http_log_35m_x1,2672138.0,219643.0,5010425645.0,4810574777.0,473.0,3938.0,0.0,2224417.0,1356.0,0.0,0.0,0.0,0.0,16.0,27.0,532665032.0,2695739904.0,20592873472.0,63119.0,39230095360.0,2942197677.0,1.0,2180.0,7363156.0,6147.0,594272.0,41308.0,0.0,0.0,5623.0,0.0
1787909097.9885828,2026-08-28T09:24:57+00:00,http_log_35m_x1,2672138.0,219643.0,5010425645.0,4810574777.0,473.0,3938.0,0.0,2224417.0,1356.0,0.0,0.0,0.0,0.0,16.0,27.0,535947896.0,2695739904.0,20632850432.0,63229.0,39230095360.0,2942197677.0,0.0,2201.0,7374003.0,6159.0,595341.0,41358.0,0.0,0.0,5638.0,0.0
1787909098.9894981,2026-08-28T09:24:59+00:00,http_log_35m_x1,2672138.0,219643.0,5010425645.0,4810574777.0,473.0,3938.0,0.0,2224417.0,1356.0,0.0,1.0,0.0,0.0,16.0,36.0,535947896.0,2695739904.0,20632850432.0,63229.0,38286520320.0,2994771319.0,0.0,2201.0,7374003.0,6159.0,595341.0,41358.0,0.0,0.0,5638.0,0.0
1787909099.994578,2026-08-28T09:25:00+00:00,http_log_35m_x1,2672138.0,219643.0,5010425645.0,4810574777.0,473.0,3938.0,0.0,2224417.0,1356.0,0.0,1.0,0.0,0.0,16.0,36.0,535947896.0,2695739904.0,20632850432.0,63229.0,38286520320.0,2994771319.0,0.0,2201.0,7374003.0,6159.0,595341.0,41358.0,0.0,0.0,5638.0,0.0
1787909100.999661,2026-08-28T09:25:01+00:00,http_log_35m_x1,2672138.0,219643.0,5010425645.0,4813552936.0,473.0,3943.0,0.0,972618.0,2062.0,0.0,0.0,0.0,0.0,16.0,36.0,535947896.0,2695739904.0,20632850432.0,63229.0,38286520320.0,2994771319.0,0.0,2201.0,7374003.0,6159.0,595341.0,41358.0,0.0,0.0,5638.0,0.0
1787909102.0047848,2026-08-28T09:25:02+00:00,http_log_35m_x1,2672138.0,219643.0,5010425645.0,4813552936.0,473.0,3943.0,0.0,972618.0,2062.0,0.0,0.0,0.0,0.0,16.0,36.0,535947896.0,2695739904.0,20632850432.0,63229.0,38286520320.0,2994771319.0,0.0,2201.0,7374003.0,6159.0,595341.0,41358.0,0.0,0.0,5638.0,0.0
1787909103.009865,2026-08-28T09:25:03+00:00,http_log_35m_x1,2672138.0,219643.0,5010425645.0,4813552936.0,473.0,3943.0,0.0,972618.0,2062.0,0.0,1.0,0.0,0.0,16.0,28.0,535947896.0,2695739904.0,20632850432.0,63229.0,38286520320.0,2994771319.0,0.0,2201.0,7374003.0,6159.0,595341.0,41358.0,0.0,0.0,5638.0,0.0
1787909104.014932,2026-08-28T09:25:04+00:00,http_log_35m_x1,2672138.0,219643.0,5010425645.0,4818728556.0,473.0,3948.0,0.0,2105622.0,1458.0,0.0,0.0,0.0,0.0,16.0,28.0,535947896.0,2695739904.0,20632850432.0,63229.0,38286520320.0,2994771319.0,0.0,2201.0,7374003.0,6159.0,595341.0,41358.0,0.0,0.0,5638.0,0.0
1787909105.020025,2026-08-28T09:25:05+00:00,http_log_35m_x1,2672138.0,219643.0,5010425645.0,4818728556.0,473.0,3948.0,0.0,2105622.0,1458.0,0.0,1.0,0.0,0.0,16.0,28.0,535947896.0,2695739904.0,20632850432.0,63229.0,38286520320.0,2994771319.0,0.0,2201.0,7374003.0,6159.0,595341.0,41358.0,0.0,0.0,5638.0,0.0
1787909106.021919,2026-08-28T09:25:06+00:00,http_log_35m_x1,2672138.0,219643.0,5010425645.0,4818728556.0,473.0,3948.0,0.0,2105622.0,1458.0,0.0,1.0,0.0,0.0,16.0,28.0,535947896.0,2695739904.0,20632850432.0,63229.0,38286520320.0,2994771319.0,0.0,2201.0,7374003.0,6159.0,595341.0,41358.0,0.0,0.0,5638.0,0.0
1787909107.027033,2026-08-28T09:25:07+00:00,http_log_35m_x1,2672138.0,219643.0,5010425645.0,4818728556.0,473.0,3948.0,0.0,2105622.0,1458.0,0.0,1.0,0.0,0.0,16.0,28.0,535947896.0,2695739904.0,20632850432.0,63229.0,38286520320.0,2994771319.0,0.0,2201.0,7374003.0,6159.0,595341.0,41358.0,0.0,0.0,5638.0,0.0
1787909108.032133,2026-08-28T09:25:08+00:00,http_log_35m_x1,2672138.0,219643.0,5010425645.0,4818728556.0,473.0,3948.0,0.0,2105622.0,1458.0,0.0,2.0,0.0,0.0,16.0,26.0,535947896.0,2695739904.0,20632850432.0,63229.0,38286520320.0,2994771319.0,0.0,2201.0,7374003.0,6159.0,595341.0,41358.0,0.0,0.0,5638.0,0.0
1787909109.037215,2026-08-28T09:25:09+00:00,http_log_35m_x1,2672138.0,219643.0,5010425645.0,4818728556.0,473.0,3948.0,0.0,2105622.0,1458.0,0.0,2.0,0.0,0.0,16.0,26.0,535947896.0,2695739904.0,20632850432.0,63229.0,38286520320.0,2994771319.0,0.0,2201.0,7374003.0,6159.0,595341.0,41358.0,0.0,0.0,5638.0,0.0
1787909110.0418298,2026-08-28T09:25:10+00:00,http_log_35m_x1,2672138.0,219643.0,5010425645.0,4821716388.0,473.0,3953.0,0.0,920749.0,2245.0,0.0,1.0,0.0,0.0,16.0,26.0,535947896.0,2695739904.0,20632850432.0,63229.0,38286520320.0,2994771319.0,0.0,2201.0,7374003.0,6159.0,595341.0,41358.0,0.0,0.0,5638.0,0.0
1787909111.046933,2026-08-28T09:25:11+00:00,http_log_35m_x1,2672138.0,219643.0,5010425645.0,4821716388.0,473.0,3953.0,0.0,920749.0,2245.0,0.0,1.0,0.0,0.0,16.0,26.0,535947896.0,2695739904.0,20632850432.0,63229.0,38286520320.0,2994771319.0,0.0,2201.0,7374003.0,6159.0,595341.0,41358.0,0.0,0.0,5638.0,0.0
1787909112.052021,2026-08-28T09:25:12+00:00,http_log_35m_x1,2672138.0,219643.0,5010425645.0,4821716388.0,473.0,3953.0,0.0,920749.0,2245.0,0.0,2.0,0.0,0.0,16.0,19.0,535947896.0,2695739904.0,20632850432.0,63229.0,38286520320.0,2994771319.0,0.0,2201.0,7374003.0,6159.0,595341.0,41358.0,0.0,0.0,5638.0,0.0
1787909113.055433,2026-08-28T09:25:13+00:00,http_log_35m_x1,2672138.0,219643.0,5010425645.0,4826946667.0,473.0,3958.0,371499352.0,1981166.0,1640.0,0.0,1.0,0.0,0.0,16.0,19.0,880528272.0,2695739904.0,20669108224.0,63345.0,38286520320.0,2994771319.0,0.0,2220.0,7383787.0,6169.0,597452.0,41427.0,0.0,0.0,5656.0,0.0
1787909114.0605,2026-08-28T09:25:14+00:00,http_log_35m_x1,2672138.0,219643.0,5010425645.0,4826946667.0,473.0,3958.0,371499352.0,1981166.0,1640.0,0.0,1.0,0.0,0.0,16.0,19.0,880528272.0,2695739904.0,20669108224.0,63345.0,38286520320.0,2994771319.0,0.0,2220.0,7383787.0,6169.0,597452.0,41427.0,0.0,0.0,5656.0,0.0
1787909115.0655801,2026-08-28T09:25:15+00:00,http_log_35m_x1,2672138.0,219643.0,5010425645.0,4826946667.0,473.0,3958.0,371499352.0,1981166.0,1640.0,0.0,1.0,0.0,0.0,16.0,19.0,880528272.0,2695739904.0,20669108224.0,63345.0,38286520320.0,2994771319.0,0.0,2220.0,7383787.0,6169.0,597452.0,41427.0,0.0,0.0,5656.0,0.0
1787909116.070654,2026-08-28T09:25:16+00:00,http_log_35m_x1,2672138.0,219643.0,5010425645.0,4826946667.0,473.0,3958.0,371499352.0,1981166.0,1640.0,0.0,2.0,0.0,0.0,16.0,18.0,880528272.0,2695739904.0,20669108224.0,63345.0,38286520320.0,2994771319.0,0.0,2220.0,7383787.0,6169.0,597452.0,41427.0,0.0,0.0,5656.0,0.0
1787909117.071936,2026-08-28T09:25:17+00:00,http_log_35m_x1,2672138.0,219643.0,5010425645.0,4826946667.0,473.0,3958.0,371499352.0,1981166.0,1640.0,0.0,2.0,0.0,0.0,16.0,18.0,880528272.0,2695739904.0,20669108224.0,63345.0,38286520320.0,2994771319.0,0.0,2220.0,7383787.0,6169.0,597452.0,41427.0,0.0,0.0,5656.0,0.0
1787909118.0770218,2026-08-28T09:25:18+00:00,http_log_35m_x1,2672138.0,219643.0,5010425645.0,4834429054.0,473.0,3963.0,371499352.0,2166296.0,2454.0,0.0,1.0,0.0,0.0,16.0,18.0,880528272.0,2695739904.0,20669108224.0,63345.0,38286520320.0,2994771319.0,0.0,2220.0,7383787.0,6169.0,597452.0,41427.0,0.0,0.0,5656.0,0.0
1787909119.08028,2026-08-28T09:25:19+00:00,http_log_35m_x1,2672138.0,219643.0,5010425645.0,4834429054.0,473.0,3963.0,371499352.0,2166296.0,2454.0,0.0,1.0,0.0,0.0,16.0,18.0,880528272.0,2695739904.0,20669108224.0,63345.0,38286520320.0,2994771319.0,0.0,2220.0,7383787.0,6169.0,597452.0,41427.0,0.0,0.0,5656.0,0.0
1787909120.085345,2026-08-28T09:25:20+00:00,http_log_35m_x1,2672138.0,219643.0,5010425645.0,4834429054.0,473.0,3963.0,371499352.0,2166296.0,2454.0,0.0,1.0,0.0,0.0,16.0,18.0,880528272.0,2695739904.0,20669108224.0,63345.0,38286520320.0,2994771319.0,0.0,2220.0,7383787.0,6169.0,597452.0,41427.0,0.0,0.0,5656.0,0.0
1787909121.090425,2026-08-28T09:25:21+00:00,http_log_35m_x1,2672138.0,219643.0,5010425645.0,4834429054.0,473.0,3963.0,371499352.0,2166296.0,2454.0,0.0,2.0,0.0,0.0,16.0,33.0,880528272.0,2695739904.0,20669108224.0,63345.0,38286520320.0,2994771319.0,0.0,2220.0,7383787.0,6169.0,597452.0,41427.0,0.0,0.0,5656.0,0.0
1787909122.094214,2026-08-28T09:25:22+00:00,http_log_35m_x1,2672138.0,219643.0,5010425645.0,4834429054.0,473.0,3963.0,371499352.0,2166296.0,2454.0,0.0,2.0,0.0,0.0,16.0,33.0,880528272.0,2695739904.0,20669108224.0,63345.0,38286520320.0,2994771319.0,0.0,2220.0,7383787.0,6169.0,597452.0,41427.0,0.0,0.0,5656.0,0.0
1787909123.097398,2026-08-28T09:25:23+00:00,http_log_35m_x1,2672138.0,219643.0,5010425645.0,4896890507.0,473.0,3973.0,371499352.0,3044624.0,18516.0,0.0,0.0,0.0,0.0,16.0,33.0,880528272.0,2695739904.0,20669108224.0,63345.0,38286520320.0,2994771319.0,0.0,2220.0,7383787.0,6169.0,597452.0,41427.0,0.0,0.0,5656.0,0.0
1787909124.1024718,2026-08-28T09:25:24+00:00,http_log_35m_x1,2672138.0,219643.0,5010425645.0,4896890507.0,473.0,3973.0,371499352.0,3044624.0,18516.0,0.0,0.0,0.0,0.0,16.0,33.0,880528272.0,2695739904.0,20669108224.0,63345.0,38286520320.0,2994771319.0,0.0,2220.0,7383787.0,6169.0,597452.0,41427.0,0.0,0.0,5656.0,0.0
1787909125.107533,2026-08-28T09:25:25+00:00,http_log_35m_x1,2672138.0,219643.0,5010425645.0,4896890507.0,473.0,3973.0,371499352.0,3044624.0,18516.0,0.0,0.0,0.0,0.0,16.0,33.0,880528272.0,2695739904.0,20669108224.0,63345.0,38286520320.0,2994771319.0,0.0,2220.0,7383787.0,6169.0,597452.0,41427.0,0.0,0.0,5656.0,0.0
1787909126.112631,2026-08-28T09:25:26+00:00,http_log_35m_x1,2672138.0,219643.0,5010425645.0,4896890507.0,473.0,3973.0,371499352.0,3044624.0,18516.0,0.0,1.0,0.0,0.0,16.0,36.0,880528272.0,2695739904.0,20669108224.0,63345.0,38286520320.0,2994771319.0,0.0,2220.0,7383787.0,6169.0,597452.0,41427.0,0.0,0.0,5656.0,0.0
1787909127.113626,2026-08-28T09:25:27+00:00,http_log_35m_x1,2672138.0,219643.0,5010425645.0,4896890507.0,473.0,3973.0,371499352.0,3044624.0,18516.0,0.0,1.0,0.0,0.0,16.0,36.0,880528272.0,2695739904.0,20669108224.0,63345.0,38286520320.0,2994771319.0,0.0,2220.0,7383787.0,6169.0,597452.0,41427.0,0.0,0.0,5656.0,0.0
1787909128.118071,2026-08-28T09:25:28+00:00,http_log_35m_x1,2672138.0,219643.0,5010425645.0,4899840920.0,473.0,3978.0,0.0,978578.0,2015.0,0.0,0.0,0.0,0.0,16.0,36.0,509708512.0,2695739904.0,20808478720.0,63503.0,38286520320.0,2994771319.0,1.0,2238.0,7393302.0,6184.0,599824.0,41513.0,0.0,0.0,5673.0,0.0
1787909129.118519,2026-08-28T09:25:29+00:00,http_log_35m_x1,2672138.0,219643.0,5010425645.0,4899840920.0,473.0,3978.0,0.0,978578.0,2015.0,0.0,0.0,0.0,0.0,16.0,36.0,509708512.0,2695739904.0,20808478720.0,63503.0,38286520320.0,2994771319.0,1.0,2238.0,7393302.0,6184.0,599824.0,41513.0,0.0,0.0,5673.0,0.0
1787909130.123575,2026-08-28T09:25:30+00:00,http_log_35m_x1,2672138.0,219643.0,5010425645.0,4899840920.0,473.0,3978.0,0.0,978578.0,2015.0,0.0,0.0,0.0,0.0,16.0,36.0,509708512.0,2695739904.0,20808478720.0,63503.0,38286520320.0,2994771319.0,1.0,2238.0,7393302.0,6184.0,599824.0,41513.0,0.0,0.0,5673.0,0.0
1787909131.1286662,2026-08-28T09:25:31+00:00,http_log_35m_x1,2672138.0,219643.0,5010425645.0,4899840920.0,473.0,3978.0,0.0,978578.0,2015.0,0.0,1.0,0.0,0.0,16.0,38.0,509708512.0,2695739904.0,20808478720.0,63503.0,38286520320.0,2994771319.0,1.0,2238.0,7393302.0,6184.0,599824.0,41513.0,0.0,0.0,5673.0,0.0
1787909132.13373,2026-08-28T09:25:32+00:00,http_log_35m_x1,2672138.0,219643.0,5010425645.0,4899840920.0,473.0,3978.0,0.0,978578.0,2015.0,0.0,1.0,0.0,0.0,16.0,38.0,509708512.0,2695739904.0,20808478720.0,63503.0,38286520320.0,2994771319.0,1.0,2238.0,7393302.0,6184.0,599824.0,41513.0,0.0,0.0,5673.0,0.0
1787909133.1388102,2026-08-28T09:25:33+00:00,http_log_35m_x1,2672138.0,219643.0,5010425645.0,4902819082.0,473.0,3983.0,0.0,978692.0,2043.0,0.0,0.0,0.0,0.0,16.0,38.0,509708512.0,2695739904.0,20808478720.0,63503.0,38286520320.0,2994771319.0,1.0,2238.0,7393302.0,6184.0,599824.0,41513.0,0.0,0.0,5673.0,0.0
1787909134.1439092,2026-08-28T09:25:34+00:00,http_log_35m_x1,2672138.0,219643.0,5010425645.0,4902819082.0,473.0,3983.0,0.0,978692.0,2043.0,0.0,0.0,0.0,0.0,16.0,38.0,509708512.0,2695739904.0,20808478720.0,63503.0,38286520320.0,2994771319.0,1.0,2238.0,7393302.0,6184.0,599824.0,41513.0,0.0,0.0,5673.0,0.0
1787909135.148972,2026-08-28T09:25:35+00:00,http_log_35m_x1,2672138.0,219643.0,5010425645.0,4902819082.0,473.0,3983.0,0.0,978692.0,2043.0,0.0,0.0,0.0,0.0,16.0,38.0,509708512.0,2695739904.0,20808478720.0,63503.0,38286520320.0,2994771319.0,1.0,2238.0,7393302.0,6184.0,599824.0,41513.0,0.0,0.0,5673.0,0.0
1787909136.1540549,2026-08-28T09:25:36+00:00,http_log_35m_x1,2672138.0,219643.0,5010425645.0,4902819082.0,473.0,3983.0,0.0,978692.0,2043.0,0.0,1.0,0.0,0.0,16.0,39.0,509708512.0,2695739904.0,20808478720.0,63503.0,38286520320.0,2994771319.0,1.0,2238.0,7393302.0,6184.0,599824.0,41513.0,0.0,0.0,5673.0,0.0
1787909137.159123,2026-08-28T09:25:37+00:00,http_log_35m_x1,2672138.0,219643.0,5010425645.0,4902819082.0,473.0,3983.0,0.0,978692.0,2043.0,0.0,1.0,0.0,0.0,16.0,39.0,509708512.0,2695739904.0,20808478720.0,63503.0,38286520320.0,2994771319.0,1.0,2238.0,7393302.0,6184.0,599824.0,41513.0,0.0,0.0,5673.0,0.0
1787909138.1642501,2026-08-28T09:25:38+00:00,http_log_35m_x1,2672138.0,219643.0,5010425645.0,4905759514.0,473.0,3988.0,0.0,952520.0,2087.0,0.0,0.0,0.0,0.0,16.0,39.0,509708512.0,2695739904.0,20808478720.0,63503.0,38286520320.0,2994771319.0,1.0,2238.0,7393302.0,6184.0,599824.0,41513.0,0.0,0.0,5673.0,0.0
1787909139.169315,2026-08-28T09:25:39+00:00,http_log_35m_x1,2672138.0,219643.0,5010425645.0,4905759514.0,473.0,3988.0,0.0,952520.0,2087.0,0.0,1.0,0.0,0.0,16.0,35.0,509708512.0,2695739904.0,20808478720.0,63503.0,38286520320.0,2994771319.0,1.0,2238.0,7393302.0,6184.0,599824.0,41513.0,0.0,0.0,5673.0,0.0
1787909140.174392,2026-08-28T09:25:40+00:00,http_log_35m_x1,2672138.0,219643.0,5010425645.0,4905759514.0,473.0,3988.0,0.0,952520.0,2087.0,0.0,1.0,0.0,0.0,16.0,35.0,509708512.0,2695739904.0,20808478720.0,63503.0,38286520320.0,2994771319.0,1.0,2238.0,7393302.0,6184.0,599824.0,41513.0,0.0,0.0,5673.0,0.0
1787909141.179461,2026-08-28T09:25:41+00:00,http_log_35m_x1,2672138.0,219643.0,5010425645.0,4905759514.0,473.0,3988.0,0.0,952520.0,2087.0,0.0,2.0,0.0,0.0,16.0,27.0,509708512.0,2695739904.0,20808478720.0,63503.0,38286520320.0,2994771319.0,1.0,2238.0,7393302.0,6184.0,599824.0,41513.0,0.0,0.0,5673.0,0.0
1787909142.184584,2026-08-28T09:25:42+00:00,http_log_35m_x1,2672138.0,219643.0,5010425645.0,4905759514.0,473.0,3988.0,0.0,952520.0,2087.0,0.0,2.0,0.0,0.0,16.0,27.0,509708512.0,2695739904.0,20808478720.0,63503.0,38286520320.0,2994771319.0,1.0,2238.0,7393302.0,6184.0,599824.0,41513.0,0.0,0.0,5673.0,0.0
1787909143.1876988,2026-08-28T09:25:43+00:00,http_log_35m_x1,2672138.0,219643.0,5010425645.0,4908765668.0,473.0,3993.0,195610072.0,902207.0,2332.0,0.0,1.0,0.0,0.0,16.0,27.0,707434128.0,2695739904.0,20836728832.0,63592.0,38286520320.0,2994771319.0,0.0,2257.0,7403575.0,6192.0,601471.0,41569.0,0.0,0.0,5694.0,0.0
1787909144.192781,2026-08-28T09:25:44+00:00,http_log_35m_x1,2672138.0,219643.0,5010425645.0,4927483393.0,473.0,3998.0,195610072.0,2829588.0,5615.0,0.0,0.0,0.0,0.0,16.0,27.0,707434128.0,2695739904.0,20836728832.0,63592.0,38286520320.0,2994771319.0,0.0,2257.0,7403575.0,6192.0,601471.0,41569.0,0.0,0.0,5694.0,0.0
1787909145.1930351,2026-08-28T09:25:45+00:00,http_log_35m_x1,2672138.0,219643.0,5010425645.0,4927483393.0,473.0,3998.0,195610072.0,2829588.0,5615.0,0.0,0.0,0.0,0.0,16.0,27.0,707434128.0,2695739904.0,20836728832.0,63592.0,38286520320.0,2994771319.0,0.0,2257.0,7403575.0,6192.0,601471.0,41569.0,0.0,0.0,5694.0,0.0
1787909146.198123,2026-08-28T09:25:46+00:00,http_log_35m_x1,2672138.0,219643.0,5010425645.0,4927483393.0,473.0,3998.0,195610072.0,2829588.0,5615.0,0.0,1.0,0.0,0.0,16.0,34.0,707434128.0,2695739904.0,20836728832.0,63592.0,38286520320.0,2994771319.0,0.0,2257.0,7403575.0,6192.0,601471.0,41569.0,0.0,0.0,5694.0,0.0
1787909147.203212,2026-08-28T09:25:47+00:00,http_log_35m_x1,2672138.0,219643.0,5010425645.0,4930396261.0,473.0,4003.0,195610072.0,988418.0,1947.0,0.0,0.0,0.0,0.0,16.0,34.0,707434128.0,2695739904.0,20836728832.0,63592.0,38286520320.0,2994771319.0,0.0,2257.0,7403575.0,6192.0,601471.0,41569.0,0.0,0.0,5694.0,0.0
1787909148.204874,2026-08-28T09:25:48+00:00,http_log_35m_x1,2672138.0,219643.0,5010425645.0,4930396261.0,473.0,4003.0,195610072.0,988418.0,1947.0,0.0,0.0,0.0,0.0,16.0,34.0,707434128.0,2695739904.0,20836728832.0,63592.0,38286520320.0,2994771319.0,0.0,2257.0,7403575.0,6192.0,601471.0,41569.0,0.0,0.0,5694.0,0.0
1787909149.2099469,2026-08-28T09:25:49+00:00,http_log_35m_x1,2672138.0,219643.0,5010425645.0,4930396261.0,473.0,4003.0,195610072.0,988418.0,1947.0,0.0,0.0,0.0,0.0,16.0,34.0,707434128.0,2695739904.0,20836728832.0,63592.0,38286520320.0,2994771319.0,0.0,2257.0,7403575.0,6192.0,601471.0,41569.0,0.0,0.0,5694.0,0.0
1787909150.215008,2026-08-28T09:25:50+00:00,http_log_35m_x1,2672138.0,219643.0,5010425645.0,4930396261.0,473.0,4003.0,195610072.0,988418.0,1947.0,0.0,1.0,0.0,0.0,16.0,36.0,707434128.0,2695739904.0,20836728832.0,63592.0,38286520320.0,2994771319.0,0.0,2257.0,7403575.0,6192.0,601471.0,41569.0,0.0,0.0,5694.0,0.0
1787909151.220076,2026-08-28T09:25:51+00:00,http_log_35m_x1,2672138.0,219643.0,5010425645.0,4930396261.0,473.0,4003.0,195610072.0,988418.0,1947.0,0.0,1.0,0.0,0.0,16.0,36.0,707434128.0,2695739904.0,20836728832.0,63592.0,38286520320.0,2994771319.0,0.0,2257.0,7403575.0,6192.0,601471.0,41569.0,0.0,0.0,5694.0,0.0
1787909152.2251468,2026-08-28T09:25:52+00:00,http_log_35m_x1,2672138.0,219643.0,5010425645.0,4933401476.0,473.0,4008.0,195610072.0,991165.0,2032.0,0.0,0.0,0.0,0.0,16.0,36.0,707434128.0,2695739904.0,20836728832.0,63592.0,38286520320.0,2994771319.0,0.0,2257.0,7403575.0,6192.0,601471.0,41569.0,0.0,0.0,5694.0,0.0
1787909153.230241,2026-08-28T09:25:53+00:00,http_log_35m_x1,2672138.0,219643.0,5010425645.0,4933401476.0,473.0,4008.0,195610072.0,991165.0,2032.0,0.0,0.0,0.0,0.0,16.0,36.0,707434128.0,2695739904.0,20836728832.0,63592.0,38286520320.0,2994771319.0,0.0,2257.0,7403575.0,6192.0,601471.0,41569.0,0.0,0.0,5694.0,0.0
1787909154.235299,2026-08-28T09:25:54+00:00,http_log_35m_x1,2672138.0,219643.0,5010425645.0,4933401476.0,473.0,4008.0,195610072.0,991165.0,2032.0,0.0,0.0,0.0,0.0,16.0,36.0,707434128.0,2695739904.0,20836728832.0,63592.0,38286520320.0,2994771319.0,0.0,2257.0,7403575.0,6192.0,601471.0,41569.0,0.0,0.0,5694.0,0.0
1787909155.2403579,2026-08-28T09:25:55+00:00,http_log_35m_x1,2672138.0,219643.0,5010425645.0,4933401476.0,473.0,4008.0,195610072.0,991165.0,2032.0,0.0,1.0,0.0,0.0,16.0,37.0,707434128.0,2695739904.0,20836728832.0,63592.0,38286520320.0,2994771319.0,0.0,2257.0,7403575.0,6192.0,601471.0,41569.0,0.0,0.0,5694.0,0.0
1787909156.245445,2026-08-28T09:25:56+00:00,http_log_35m_x1,2672138.0,219643.0,5010425645.0,4933401476.0,473.0,4008.0,195610072.0,991165.0,2032.0,0.0,1.0,0.0,0.0,16.0,37.0,707434128.0,2695739904.0,20836728832.0,63592.0,38286520320.0,2994771319.0,0.0,2257.0,7403575.0,6192.0,601471.0,41569.0,0.0,0.0,5694.0,0.0
1787909157.24793,2026-08-28T09:25:57+00:00,http_log_35m_x1,2672138.0,219643.0,5010425645.0,4933401476.0,473.0,4008.0,195610072.0,991165.0,2032.0,0.0,1.0,0.0,0.0,16.0,37.0,707434128.0,2695739904.0,20836728832.0,63592.0,38286520320.0,2994771319.0,0.0,2257.0,7403575.0,6192.0,601471.0,41569.0,0.0,0.0,5694.0,0.0
1787909158.253037,2026-08-28T09:25:58+00:00,http_log_35m_x1,2672138.0,219643.0,5010425645.0,4936406953.0,473.0,4013.0,0.0,946606.0,2175.0,0.0,0.0,0.0,0.0,16.0,37.0,512801480.0,2695739904.0,20902977536.0,63702.0,38030581760.0,3047260617.0,0.0,2278.0,7414132.0,6204.0,602827.0,41620.0,0.0,0.0,5708.0,0.0
1787909159.258095,2026-08-28T09:25:59+00:00,http_log_35m_x1,2672138.0,219643.0,5010425645.0,4936406953.0,473.0,4013.0,0.0,946606.0,2175.0,0.0,0.0,0.0,0.0,16.0,37.0,512801480.0,2695739904.0,20902977536.0,63702.0,38030581760.0,3047260617.0,0.0,2278.0,7414132.0,6204.0,602827.0,41620.0,0.0,0.0,5708.0,0.0
1787909160.2631822,2026-08-28T09:26:00+00:00,http_log_35m_x1,2672138.0,219643.0,5010425645.0,4936406953.0,473.0,4013.0,0.0,946606.0,2175.0,0.0,1.0,0.0,0.0,16.0,38.0,512801480.0,2695739904.0,20902977536.0,63702.0,38030581760.0,3047260617.0,0.0,2278.0,7414132.0,6204.0,602827.0,41620.0,0.0,0.0,5708.0,0.0
1787909161.268283,2026-08-28T09:26:01+00:00,http_log_35m_x1,2672138.0,219643.0,5010425645.0,4936406953.0,473.0,4013.0,0.0,946606.0,2175.0,0.0,2.0,0.0,0.0,16.0,26.0,512801480.0,2695739904.0,20902977536.0,63702.0,38030581760.0,3047260617.0,0.0,2278.0,7414132.0,6204.0,602827.0,41620.0,0.0,0.0,5708.0,0.0
1787909162.273391,2026-08-28T09:26:02+00:00,http_log_35m_x1,2672138.0,219643.0,5010425645.0,4939347721.0,473.0,4018.0,0.0,943763.0,2116.0,0.0,1.0,0.0,0.0,16.0,26.0,512801480.0,2695739904.0,20902977536.0,63702.0,38030581760.0,3047260617.0,0.0,2278.0,7414132.0,6204.0,602827.0,41620.0,0.0,0.0,5708.0,0.0
1787909163.278464,2026-08-28T09:26:03+00:00,http_log_35m_x1,2672138.0,219643.0,5010425645.0,4939347721.0,473.0,4018.0,0.0,943763.0,2116.0,0.0,1.0,0.0,0.0,16.0,26.0,512801480.0,2695739904.0,20902977536.0,63702.0,38030581760.0,3047260617.0,0.0,2278.0,7414132.0,6204.0,602827.0,41620.0,0.0,0.0,5708.0,0.0
1787909164.283556,2026-08-28T09:26:04+00:00,http_log_35m_x1,2672138.0,219643.0,5010425645.0,4939347721.0,473.0,4018.0,0.0,943763.0,2116.0,0.0,2.0,0.0,0.0,16.0,20.0,512801480.0,2695739904.0,20902977536.0,63702.0,38030581760.0,3047260617.0,0.0,2278.0,7414132.0,6204.0,602827.0,41620.0,0.0,0.0,5708.0,0.0
1787909165.2886589,2026-08-28T09:26:05+00:00,http_log_35m_x1,2672138.0,219643.0,5010425645.0,4939347721.0,473.0,4018.0,0.0,943763.0,2116.0,0.0,2.0,0.0,0.0,16.0,20.0,512801480.0,2695739904.0,20902977536.0,63702.0,38030581760.0,3047260617.0,0.0,2278.0,7414132.0,6204.0,602827.0,41620.0,0.0,0.0,5708.0,0.0
1787909166.290097,2026-08-28T09:26:06+00:00,http_log_35m_x1,2672138.0,219643.0,5010425645.0,4944541733.0,473.0,4023.0,0.0,1825663.0,1845.0,0.0,1.0,0.0,0.0,16.0,20.0,512801480.0,2695739904.0,20902977536.0,63702.0,38030581760.0,3047260617.0,0.0,2278.0,7414132.0,6204.0,602827.0,41620.0,0.0,0.0,5708.0,0.0
1787909167.2951732,2026-08-28T09:26:07+00:00,http_log_35m_x1,2672138.0,219643.0,5010425645.0,4944541733.0,473.0,4023.0,0.0,1825663.0,1845.0,0.0,1.0,0.0,0.0,16.0,20.0,512801480.0,2695739904.0,20902977536.0,63702.0,38030581760.0,3047260617.0,0.0,2278.0,7414132.0,6204.0,602827.0,41620.0,0.0,0.0,5708.0,0.0
1787909168.300235,2026-08-28T09:26:08+00:00,http_log_35m_x1,2672138.0,219643.0,5010425645.0,4944541733.0,473.0,4023.0,0.0,1825663.0,1845.0,0.0,2.0,0.0,0.0,16.0,19.0,512801480.0,2695739904.0,20902977536.0,63702.0,38030581760.0,3047260617.0,0.0,2278.0,7414132.0,6204.0,602827.0,41620.0,0.0,0.0,5708.0,0.0
1787909169.3049421,2026-08-28T09:26:09+00:00,http_log_35m_x1,2672138.0,219643.0,5010425645.0,4944541733.0,473.0,4023.0,0.0,1825663.0,1845.0,0.0,2.0,0.0,0.0,16.0,19.0,512801480.0,2695739904.0,20902977536.0,63702.0,38030581760.0,3047260617.0,0.0,2278.0,7414132.0,6204.0,602827.0,41620.0,0.0,0.0,5708.0,0.0
1787909170.3100219,2026-08-28T09:26:10+00:00,http_log_35m_x1,2672138.0,219643.0,5010425645.0,4944541733.0,473.0,4023.0,0.0,1825663.0,1845.0,0.0,2.0,0.0,0.0,16.0,19.0,512801480.0,2695739904.0,20902977536.0,63702.0,38030581760.0,3047260617.0,0.0,2278.0,7414132.0,6204.0,602827.0,41620.0,0.0,0.0,5708.0,0.0
1787909171.315083,2026-08-28T09:26:11+00:00,http_log_35m_x1,2672138.0,219643.0,5010425645.0,4982017514.0,473.0,4033.0,0.0,2778948.0,9797.0,0.0,0.0,0.0,0.0,16.0,19.0,512801480.0,2695739904.0,20902977536.0,63702.0,38030581760.0,3047260617.0,0.0,2278.0,7414132.0,6204.0,602827.0,41620.0,0.0,0.0,5708.0,0.0
1787909172.3201568,2026-08-28T09:26:12+00:00,http_log_35m_x1,2672138.0,219643.0,5010425645.0,4982017514.0,473.0,4033.0,0.0,2778948.0,9797.0,0.0,0.0,0.0,0.0,16.0,19.0,513926896.0,2695739904.0,20992413696.0,63837.0,38030581760.0,3047260617.0,0.0,2297.0,7423711.0,6217.0,605122.0,41687.0,0.0,0.0,5727.0,0.0
1787909173.32522,2026-08-28T09:26:13+00:00,http_log_35m_x1,2672138.0,219643.0,5010425645.0,4982017514.0,473.0,4033.0,0.0,2778948.0,9797.0,0.0,1.0,0.0,0.0,16.0,35.0,513926896.0,2695739904.0,20992413696.0,63837.0,38030581760.0,3047260617.0,0.0,2297.0,7423711.0,6217.0,605122.0,41687.0,0.0,0.0,5727.0,0.0
1787909174.330295,2026-08-28T09:26:14+00:00,http_log_35m_x1,2672138.0,219643.0,5010425645.0,4982017514.0,473.0,4033.0,0.0,2778948.0,9797.0,0.0,1.0,0.0,0.0,16.0,35.0,513926896.0,2695739904.0,20992413696.0,63837.0,38030581760.0,3047260617.0,0.0,2297.0,7423711.0,6217.0,605122.0,41687.0,0.0,0.0,5727.0,0.0
1787909175.33376,2026-08-28T09:26:15+00:00,http_log_35m_x1,2672138.0,219643.0,5010425645.0,4984994970.0,473.0,4038.0,0.0,977497.0,2046.0,0.0,0.0,0.0,0.0,16.0,35.0,513926896.0,2695739904.0,20992413696.0,63837.0,38030581760.0,3047260617.0,0.0,2297.0,7423711.0,6217.0,605122.0,41687.0,0.0,0.0,5727.0,0.0
1787909176.338848,2026-08-28T09:26:16+00:00,http_log_35m_x1,2672138.0,219643.0,5010425645.0,4984994970.0,473.0,4038.0,0.0,977497.0,2046.0,0.0,0.0,0.0,0.0,16.0,35.0,513926896.0,2695739904.0,20992413696.0,63837.0,38030581760.0,3047260617.0,0.0,2297.0,7423711.0,6217.0,605122.0,41687.0,0.0,0.0,5727.0,0.0
1787909177.343842,2026-08-28T09:26:17+00:00,http_log_35m_x1,2672138.0,219643.0,5010425645.0,4984994970.0,473.0,4038.0,0.0,977497.0,2046.0,0.0,1.0,0.0,0.0,16.0,27.0,513926896.0,2695739904.0,20992413696.0,63837.0,38030581760.0,3047260617.0,0.0,2297.0,7423711.0,6217.0,605122.0,41687.0,0.0,0.0,5727.0,0.0
1787909178.348949,2026-08-28T09:26:18+00:00,http_log_35m_x1,2672138.0,219643.0,5010425645.0,4984994970.0,473.0,4038.0,0.0,977497.0,2046.0,0.0,1.0,0.0,0.0,16.0,27.0,513926896.0,2695739904.0,20992413696.0,63837.0,38030581760.0,3047260617.0,0.0,2297.0,7423711.0,6217.0,605122.0,41687.0,0.0,0.0,5727.0,0.0
1787909179.3540218,2026-08-28T09:26:19+00:00,http_log_35m_x1,2672138.0,219643.0,5010425645.0,4990243870.0,473.0,4043.0,0.0,2097881.0,1502.0,0.0,0.0,0.0,0.0,16.0,27.0,513926896.0,2695739904.0,20992413696.0,63837.0,38030581760.0,3047260617.0,0.0,2297.0,7423711.0,6217.0,605122.0,41687.0,0.0,0.0,5727.0,0.0
1787909180.356142,2026-08-28T09:26:20+00:00,http_log_35m_x1,2672138.0,219643.0,5010425645.0,4990243870.0,473.0,4043.0,0.0,2097881.0,1502.0,0.0,0.0,0.0,0.0,16.0,27.0,513926896.0,2695739904.0,20992413696.0,63837.0,38030581760.0,3047260617.0,0.0,2297.0,7423711.0,6217.0,605122.0,41687.0,0.0,0.0,5727.0,0.0
1787909181.359013,2026-08-28T09:26:21+00:00,http_log_35m_x1,2672138.0,219643.0,5010425645.0,4990243870.0,473.0,4043.0,0.0,2097881.0,1502.0,0.0,0.0,0.0,0.0,16.0,27.0,513926896.0,2695739904.0,20992413696.0,63837.0,38030581760.0,3047260617.0,0.0,2297.0,7423711.0,6217.0,605122.0,41687.0,0.0,0.0,5727.0,0.0
1787909182.364085,2026-08-28T09:26:22+00:00,http_log_35m_x1,2672138.0,219643.0,5010425645.0,4990243870.0,473.0,4043.0,0.0,2097881.0,1502.0,0.0,1.0,0.0,0.0,16.0,36.0,513926896.0,2695739904.0,20992413696.0,63837.0,38030581760.0,3047260617.0,0.0,2297.0,7423711.0,6217.0,605122.0,41687.0,0.0,0.0,5727.0,0.0
1787909183.369157,2026-08-28T09:26:23+00:00,http_log_35m_x1,2672138.0,219643.0,5010425645.0,4990243870.0,473.0,4043.0,0.0,2097881.0,1502.0,0.0,1.0,0.0,0.0,16.0,36.0,513926896.0,2695739904.0,20992413696.0,63837.0,38030581760.0,3047260617.0,0.0,2297.0,7423711.0,6217.0,605122.0,41687.0,0.0,0.0,5727.0,0.0
1787909184.3742259,2026-08-28T09:26:24+00:00,http_log_35m_x1,2672138.0,219643.0,5010425645.0,4993203390.0,473.0,4048.0,0.0,945533.0,2130.0,0.0,0.0,0.0,0.0,16.0,36.0,513926896.0,2695739904.0,20992413696.0,63837.0,38030581760.0,3047260617.0,0.0,2297.0,7423711.0,6217.0,605122.0,41687.0,0.0,0.0,5727.0,0.0
1787909185.379298,2026-08-28T09:26:25+00:00,http_log_35m_x1,2672138.0,219643.0,5010425645.0,4993203390.0,473.0,4048.0,0.0,945533.0,2130.0,0.0,0.0,0.0,0.0,16.0,36.0,513926896.0,2695739904.0,20992413696.0,63837.0,38030581760.0,3047260617.0,0.0,2297.0,7423711.0,6217.0,605122.0,41687.0,0.0,0.0,5727.0,0.0
1787909186.384362,2026-08-28T09:26:26+00:00,http_log_35m_x1,2672138.0,219643.0,5010425645.0,4993203390.0,473.0,4048.0,0.0,945533.0,2130.0,0.0,1.0,0.0,0.0,16.0,29.0,513926896.0,2695739904.0,20992413696.0,63837.0,38030581760.0,3047260617.0,0.0,2297.0,7423711.0,6217.0,605122.0,41687.0,0.0,0.0,5727.0,0.0
1787909187.388803,2026-08-28T09:26:27+00:00,http_log_35m_x1,2672138.0,219643.0,5010425645.0,4993203390.0,473.0,4048.0,48943560.0,945533.0,2130.0,0.0,1.0,0.0,0.0,16.0,29.0,564258688.0,2695739904.0,21027635200.0,63926.0,38030581760.0,3047260617.0,0.0,2316.0,7434359.0,6226.0,606398.0,41737.0,0.0,0.0,5743.0,0.0
1787909188.393878,2026-08-28T09:26:28+00:00,http_log_35m_x1,2672138.0,219643.0,5010425645.0,4998397269.0,473.0,4053.0,48943560.0,2022538.0,1568.0,0.0,0.0,0.0,0.0,16.0,29.0,564258688.0,2695739904.0,21027635200.0,63926.0,38030581760.0,3047260617.0,0.0,2316.0,7434359.0,6226.0,606398.0,41737.0,0.0,0.0,5743.0,0.0
1787909189.398963,2026-08-28T09:26:29+00:00,http_log_35m_x1,2672138.0,219643.0,5010425645.0,4998397269.0,473.0,4053.0,48943560.0,2022538.0,1568.0,0.0,0.0,0.0,0.0,16.0,29.0,564258688.0,2695739904.0,21027635200.0,63926.0,38030581760.0,3047260617.0,0.0,2316.0,7434359.0,6226.0,606398.0,41737.0,0.0,0.0,5743.0,0.0
1787909190.3995168,2026-08-28T09:26:30+00:00,http_log_35m_x1,2672138.0,219643.0,5010425645.0,4998397269.0,473.0,4053.0,48943560.0,2022538.0,1568.0,0.0,0.0,0.0,0.0,16.0,29.0,564258688.0,2695739904.0,21027635200.0,63926.0,38030581760.0,3047260617.0,0.0,2316.0,7434359.0,6226.0,606398.0,41737.0,0.0,0.0,5743.0,0.0
1787909191.404595,2026-08-28T09:26:31+00:00,http_log_35m_x1,2672138.0,219643.0,5010425645.0,4998397269.0,473.0,4053.0,48943560.0,2022538.0,1568.0,0.0,1.0,0.0,0.0,16.0,38.0,564258688.0,2695739904.0,21027635200.0,63926.0,38030581760.0,3047260617.0,0.0,2316.0,7434359.0,6226.0,606398.0,41737.0,0.0,0.0,5743.0,0.0
1787909192.40868,2026-08-28T09:26:32+00:00,http_log_35m_x1,2672138.0,219643.0,5010425645.0,4998397269.0,473.0,4053.0,48943560.0,2022538.0,1568.0,0.0,1.0,0.0,0.0,16.0,38.0,564258688.0,2695739904.0,21027635200.0,63926.0,38030581760.0,3047260617.0,0.0,2316.0,7434359.0,6226.0,606398.0,41737.0,0.0,0.0,5743.0,0.0
1787909193.413741,2026-08-28T09:26:33+00:00,http_log_35m_x1,2672138.0,219643.0,5010425645.0,5001374723.0,473.0,4058.0,48943560.0,948838.0,2138.0,0.0,0.0,0.0,0.0,16.0,38.0,564258688.0,2695739904.0,21027635200.0,63926.0,38030581760.0,3047260617.0,0.0,2316.0,7434359.0,6226.0,606398.0,41737.0,0.0,0.0,5743.0,0.0
1787909194.420363,2026-08-28T09:26:34+00:00,http_log_35m_x1,2672138.0,219643.0,5010425645.0,5001374723.0,473.0,4058.0,48943560.0,948838.0,2138.0,0.0,0.0,0.0,0.0,16.0,38.0,564258688.0,2695739904.0,21027635200.0,63926.0,38030581760.0,3047260617.0,0.0,2316.0,7434359.0,6226.0,606398.0,41737.0,0.0,0.0,5743.0,0.0
1787909195.4254332,2026-08-28T09:26:35+00:00,http_log_35m_x1,2672138.0,219643.0,5010425645.0,5001374723.0,473.0,4058.0,48943560.0,948838.0,2138.0,0.0,1.0,0.0,0.0,16.0,30.0,564258688.0,2695739904.0,21027635200.0,63926.0,38030581760.0,3047260617.0,0.0,2316.0,7434359.0,6226.0,606398.0,41737.0,0.0,0.0,5743.0,0.0
1787909196.430506,2026-08-28T09:26:36+00:00,http_log_35m_x1,2672138.0,219643.0,5010425645.0,5006605192.0,473.0,4063.0,48943560.0,2111614.0,1477.0,0.0,0.0,0.0,0.0,16.0,30.0,564258688.0,2695739904.0,21027635200.0,63926.0,38030581760.0,3047260617.0,0.0,2316.0,7434359.0,6226.0,606398.0,41737.0,0.0,0.0,5743.0,0.0
1787909197.431069,2026-08-28T09:26:37+00:00,http_log_35m_x1,2672138.0,219643.0,5010425645.0,5006605192.0,473.0,4063.0,48943560.0,2111614.0,1477.0,0.0,1.0,0.0,0.0,16.0,30.0,564258688.0,2695739904.0,21027635200.0,63926.0,38030581760.0,3047260617.0,0.0,2316.0,7434359.0,6226.0,606398.0,41737.0,0.0,0.0,5743.0,0.0
1787909198.4361322,2026-08-28T09:26:38+00:00,http_log_35m_x1,2672138.0,219643.0,5010425645.0,5006605192.0,473.0,4063.0,48943560.0,2111614.0,1477.0,0.0,1.0,0.0,0.0,16.0,30.0,564258688.0,2695739904.0,21027635200.0,63926.0,38030581760.0,3047260617.0,0.0,2316.0,7434359.0,6226.0,606398.0,41737.0,0.0,0.0,5743.0,0.0
1787909199.441199,2026-08-28T09:26:39+00:00,http_log_35m_x1,2672138.0,219643.0,5010425645.0,5006605192.0,473.0,4063.0,48943560.0,2111614.0,1477.0,0.0,1.0,0.0,0.0,16.0,30.0,564258688.0,2695739904.0,21027635200.0,63926.0,38030581760.0,3047260617.0,0.0,2316.0,7434359.0,6226.0,606398.0,41737.0,0.0,0.0,5743.0,0.0
1787909200.446261,2026-08-28T09:26:40+00:00,http_log_35m_x1,2672138.0,219643.0,5010425645.0,5006605192.0,473.0,4063.0,48943560.0,2111614.0,1477.0,0.0,2.0,0.0,0.0,16.0,27.0,564258688.0,2695739904.0,21027635200.0,63926.0,38030581760.0,3047260617.0,0.0,2316.0,7434359.0,6226.0,606398.0,41737.0,0.0,0.0,5743.0,0.0
1787909201.4475389,2026-08-28T09:26:41+00:00,http_log_35m_x1,2672138.0,219643.0,5010425645.0,5006605192.0,473.0,4063.0,48943560.0,2111614.0,1477.0,0.0,2.0,0.0,0.0,16.0,27.0,564258688.0,2695739904.0,21027635200.0,63926.0,38030581760.0,3047260617.0,0.0,2316.0,7434359.0,6226.0,606398.0,41737.0,0.0,0.0,5743.0,0.0
1787909202.452621,2026-08-28T09:26:42+00:00,http_log_35m_x1,2672138.0,219643.0,5010425645.0,5009573488.0,473.0,4068.0,215016984.0,959992.0,2092.0,0.0,1.0,0.0,0.0,16.0,27.0,731312384.0,2695739904.0,21071745024.0,64036.0,38030581760.0,3047260617.0,0.0,2335.0,7444548.0,6236.0,608122.0,41794.0,0.0,0.0,5757.0,0.0
1787909203.457679,2026-08-28T09:26:43+00:00,http_log_35m_x1,2672138.0,219643.0,5010425645.0,5009573488.0,473.0,4068.0,215016984.0,959992.0,2092.0,0.0,1.0,0.0,0.0,16.0,27.0,731312384.0,2695739904.0,21071745024.0,64036.0,38030581760.0,3047260617.0,0.0,2335.0,7444548.0,6236.0,608122.0,41794.0,0.0,0.0,5757.0,0.0
1787909204.459627,2026-08-28T09:26:44+00:00,http_log_35m_x1,2672138.0,219643.0,5010425645.0,5009573488.0,473.0,4068.0,215016984.0,959992.0,2092.0,0.0,2.0,0.0,0.0,16.0,20.0,731312384.0,2695739904.0,21071745024.0,64036.0,38030581760.0,3047260617.0,0.0,2335.0,7444548.0,6236.0,608122.0,41794.0,0.0,0.0,5757.0,0.0
1787909205.4606478,2026-08-28T09:26:45+00:00,http_log_35m_x1,2672138.0,219643.0,5010425645.0,5009573488.0,473.0,4068.0,215016984.0,959992.0,2092.0,0.0,2.0,0.0,0.0,16.0,20.0,731312384.0,2695739904.0,21071745024.0,64036.0,38030581760.0,3047260617.0,0.0,2335.0,7444548.0,6236.0,608122.0,41794.0,0.0,0.0,5757.0,0.0
1787909206.465711,2026-08-28T09:26:46+00:00,http_log_35m_x1,2672138.0,219643.0,5010425645.0,5014804491.0,473.0,4073.0,215016984.0,2122971.0,1464.0,0.0,1.0,0.0,0.0,16.0,20.0,731312384.0,2695739904.0,21071745024.0,64036.0,38030581760.0,3047260617.0,0.0,2335.0,7444548.0,6236.0,608122.0,41794.0,0.0,0.0,5757.0,0.0
1787909207.470201,2026-08-28T09:26:47+00:00,http_log_35m_x1,2672138.0,219643.0,5010425645.0,5014804491.0,473.0,4073.0,215016984.0,2122971.0,1464.0,0.0,1.0,0.0,0.0,16.0,20.0,731312384.0,2695739904.0,21071745024.0,64036.0,38030581760.0,3047260617.0,0.0,2335.0,7444548.0,6236.0,608122.0,41794.0,0.0,0.0,5757.0,0.0
1787909208.474043,2026-08-28T09:26:48+00:00,http_log_35m_x1,2672138.0,219643.0,5010425645.0,5014804491.0,473.0,4073.0,215016984.0,2122971.0,1464.0,0.0,1.0,0.0,0.0,16.0,20.0,731312384.0,2695739904.0,21071745024.0,64036.0,38030581760.0,3047260617.0,0.0,2335.0,7444548.0,6236.0,608122.0,41794.0,0.0,0.0,5757.0,0.0
1787909209.479114,2026-08-28T09:26:49+00:00,http_log_35m_x1,2672138.0,219643.0,5010425645.0,5014804491.0,473.0,4073.0,215016984.0,2122971.0,1464.0,0.0,2.0,0.0,0.0,16.0,19.0,731312384.0,2695739904.0,21071745024.0,64036.0,38030581760.0,3047260617.0,0.0,2335.0,7444548.0,6236.0,608122.0,41794.0,0.0,0.0,5757.0,0.0
1787909210.484189,2026-08-28T09:26:50+00:00,http_log_35m_x1,2672138.0,219643.0,5010425645.0,5014804491.0,473.0,4073.0,215016984.0,2122971.0,1464.0,0.0,2.0,0.0,0.0,16.0,19.0,731312384.0,2695739904.0,21071745024.0,64036.0,38030581760.0,3047260617.0,0.0,2335.0,7444548.0,6236.0,608122.0,41794.0,0.0,0.0,5757.0,0.0
1787909211.489263,2026-08-28T09:26:51+00:00,http_log_35m_x1,2672138.0,219643.0,5010425645.0,5022276412.0,473.0,4078.0,215016984.0,2253293.0,2316.0,0.0,1.0,0.0,0.0,16.0,19.0,731312384.0,2695739904.0,21071745024.0,64036.0,38030581760.0,3047260617.0,0.0,2335.0,7444548.0,6236.0,608122.0,41794.0,0.0,0.0,5757.0,0.0
1787909212.493032,2026-08-28T09:26:52+00:00,http_log_35m_x1,2672138.0,219643.0,5010425645.0,5022276412.0,473.0,4078.0,215016984.0,2253293.0,2316.0,0.0,1.0,0.0,0.0,16.0,19.0,731312384.0,2695739904.0,21071745024.0,64036.0,38030581760.0,3047260617.0,0.0,2335.0,7444548.0,6236.0,608122.0,41794.0,0.0,0.0,5757.0,0.0
1787909213.4980931,2026-08-28T09:26:53+00:00,http_log_35m_x1,2672138.0,219643.0,5010425645.0,5074843395.0,473.0,4083.0,215016984.0,3120072.0,15848.0,0.0,0.0,0.0,0.0,16.0,19.0,731312384.0,2695739904.0,21071745024.0,64036.0,38030581760.0,3047260617.0,0.0,2335.0,7444548.0,6236.0,608122.0,41794.0,0.0,0.0,5757.0,0.0
1787909214.502275,2026-08-28T09:26:54+00:00,http_log_35m_x1,2672138.0,219643.0,5010425645.0,5074843395.0,473.0,4083.0,215016984.0,3120072.0,15848.0,0.0,1.0,0.0,0.0,16.0,34.0,731312384.0,2695739904.0,21071745024.0,64036.0,38030581760.0,3047260617.0,0.0,2335.0,7444548.0,6236.0,608122.0,41794.0,0.0,0.0,5757.0,0.0
1787909215.505907,2026-08-28T09:26:55+00:00,http_log_35m_x1,27707.0,6.0,5010503258.0,5074843395.0,488.0,4083.0,215016984.0,3120072.0,15848.0,0.0,1.0,0.0,0.0,16.0,34.0,731312384.0,2695739904.0,21071745024.0,64036.0,38030581760.0,3047260617.0,0.0,2335.0,7444548.0,6236.0,608122.0,41794.0,0.0,0.0,5757.0,0.0
1787909216.506623,2026-08-28T09:26:56+00:00,http_log_35m_x1,27707.0,6.0,5010503258.0,5077821476.0,488.0,4088.0,215016984.0,1028342.0,1896.0,0.0,0.0,0.0,0.0,16.0,34.0,731312384.0,2695739904.0,21071745024.0,64036.0,38030581760.0,3047260617.0,0.0,2335.0,7444548.0,6236.0,608122.0,41794.0,0.0,0.0,5757.0,0.0
1787909217.506768,2026-08-28T09:26:57+00:00,http_log_35m_x1,27707.0,6.0,5010503258.0,5077821476.0,488.0,4088.0,12323976.0,1028342.0,1896.0,0.0,1.0,0.0,0.0,16.0,27.0,530817488.0,2695739904.0,21196328960.0,64231.0,38030581760.0,3047260617.0,1.0,2360.0,7454181.0,6254.0,610372.0,41873.0,0.0,0.0,5774.0,0.0
1787909218.5078652,2026-08-28T09:26:58+00:00,http_log_35m_x1,27707.0,6.0,5010503258.0,5083033426.0,488.0,4093.0,12323976.0,2119540.0,1459.0,0.0,0.0,0.0,0.0,16.0,27.0,530817488.0,2695739904.0,21196328960.0,64231.0,37750980608.0,3097880872.0,1.0,2360.0,7454181.0,6254.0,610372.0,41873.0,0.0,0.0,5774.0,0.0
1787909219.509639,2026-08-28T09:26:59+00:00,http_log_35m_x1,27707.0,6.0,5010503258.0,5083033426.0,488.0,4093.0,12323976.0,2119540.0,1459.0,0.0,0.0,0.0,0.0,16.0,27.0,530817488.0,2695739904.0,21196328960.0,64231.0,37750980608.0,3097880872.0,1.0,2360.0,7454181.0,6254.0,610372.0,41873.0,0.0,0.0,5774.0,0.0
1787909220.510388,2026-08-28T09:27:00+00:00,http_log_35m_x1,27707.0,6.0,5010503258.0,5083033426.0,488.0,4093.0,12323976.0,2119540.0,1459.0,0.0,0.0,0.0,0.0,16.0,27.0,530817488.0,2695739904.0,21196328960.0,64231.0,37750980608.0,3097880872.0,1.0,2360.0,7454181.0,6254.0,610372.0,41873.0,0.0,0.0,5774.0,0.0
1787909221.510972,2026-08-28T09:27:01+00:00,http_log_35m_x1,27707.0,6.0,5010503258.0,5083033426.0,488.0,4093.0,12323976.0,2119540.0,1459.0,0.0,0.0,0.0,0.0,16.0,27.0,530817488.0,2695739904.0,21196328960.0,64231.0,37750980608.0,3097880872.0,1.0,2360.0,7454181.0,6254.0,610372.0,41873.0,0.0,0.0,5774.0,0.0
1787909222.5160582,2026-08-28T09:27:02+00:00,http_log_35m_x1,27707.0,6.0,5010503258.0,5083033426.0,488.0,4093.0,12323976.0,2119540.0,1459.0,0.0,1.0,0.0,0.0,16.0,27.0,530817488.0,2695739904.0,21196328960.0,64231.0,37750980608.0,3097880872.0,1.0,2360.0,7454181.0,6254.0,610372.0,41873.0,0.0,0.0,5774.0,0.0
1787909223.520641,2026-08-28T09:27:03+00:00,http_log_35m_x1,27707.0,6.0,5010503258.0,5083033426.0,488.0,4093.0,12323976.0,2119540.0,1459.0,0.0,1.0,0.0,0.0,16.0,27.0,530817488.0,2695739904.0,21196328960.0,64231.0,37750980608.0,3097880872.0,1.0,2360.0,7454181.0,6254.0,610372.0,41873.0,0.0,0.0,5774.0,0.0
1787909224.521798,2026-08-28T09:27:04+00:00,http_log_35m_x1,27707.0,6.0,5010503258.0,5091038870.0,488.0,4099.0,12323976.0,2474634.0,2235.0,0.0,0.0,0.0,0.0,16.0,27.0,530817488.0,2695739904.0,21196328960.0,64231.0,37750980608.0,3097880872.0,1.0,2360.0,7454181.0,6254.0,610372.0,41873.0,0.0,0.0,5774.0,0.0
1787909225.523596,2026-08-28T09:27:05+00:00,http_log_35m_x1,27707.0,6.0,5010503258.0,5091038870.0,488.0,4099.0,12323976.0,2474634.0,2235.0,0.0,0.0,0.0,0.0,16.0,27.0,530817488.0,2695739904.0,21196328960.0,64231.0,37750980608.0,3097880872.0,1.0,2360.0,7454181.0,6254.0,610372.0,41873.0,0.0,0.0,5774.0,0.0
1787909226.5284538,2026-08-28T09:27:06+00:00,http_log_35m_x1,27707.0,6.0,5010503258.0,5091038870.0,488.0,4099.0,12323976.0,2474634.0,2235.0,0.0,0.0,0.0,0.0,16.0,27.0,530817488.0,2695739904.0,21196328960.0,64231.0,37750980608.0,3097880872.0,1.0,2360.0,7454181.0,6254.0,610372.0,41873.0,0.0,0.0,5774.0,0.0
1787909227.533518,2026-08-28T09:27:07+00:00,http_log_35m_x1,27707.0,6.0,5010503258.0,5091038870.0,488.0,4099.0,12323976.0,2474634.0,2235.0,0.0,0.0,0.0,0.0,16.0,27.0,530817488.0,2695739904.0,21196328960.0,64231.0,37750980608.0,3097880872.0,1.0,2360.0,7454181.0,6254.0,610372.0,41873.0,0.0,0.0,5774.0,0.0
1787909228.534137,2026-08-28T09:27:08+00:00,http_log_35m_x1,27707.0,6.0,5010503258.0,5091038870.0,488.0,4099.0,12323976.0,2474634.0,2235.0,0.0,1.0,0.0,0.0,16.0,36.0,530817488.0,2695739904.0,21196328960.0,64231.0,37750980608.0,3097880872.0,1.0,2360.0,7454181.0,6254.0,610372.0,41873.0,0.0,0.0,5774.0,0.0
1787909229.534367,2026-08-28T09:27:09+00:00,http_log_35m_x1,27707.0,6.0,5010503258.0,5091038870.0,488.0,4099.0,12323976.0,2474634.0,2235.0,0.0,1.0,0.0,0.0,16.0,36.0,530817488.0,2695739904.0,21196328960.0,64231.0,37750980608.0,3097880872.0,1.0,2360.0,7454181.0,6254.0,610372.0,41873.0,0.0,0.0,5774.0,0.0
1787909230.5359318,2026-08-28T09:27:10+00:00,http_log_35m_x1,27707.0,6.0,5010503258.0,5094016277.0,488.0,4104.0,12323976.0,998125.0,1983.0,0.0,0.0,0.0,0.0,16.0,36.0,530817488.0,2695739904.0,21196328960.0,64231.0,37750980608.0,3097880872.0,1.0,2360.0,7454181.0,6254.0,610372.0,41873.0,0.0,0.0,5774.0,0.0
1787909231.5409951,2026-08-28T09:27:11+00:00,http_log_35m_x1,27707.0,6.0,5010503258.0,5094016277.0,488.0,4104.0,12323976.0,998125.0,1983.0,0.0,0.0,0.0,0.0,16.0,36.0,530817488.0,2695739904.0,21196328960.0,64231.0,37750980608.0,3097880872.0,1.0,2360.0,7454181.0,6254.0,610372.0,41873.0,0.0,0.0,5774.0,0.0
1787909232.54429,2026-08-28T09:27:12+00:00,http_log_35m_x1,27707.0,6.0,5010503258.0,5094016277.0,488.0,4104.0,12323304.0,998125.0,1983.0,0.0,1.0,0.0,0.0,16.0,28.0,531526280.0,2695739904.0,21240131584.0,64338.0,37750980608.0,3097880872.0,0.0,2378.0,7464998.0,6264.0,611483.0,41919.0,0.0,0.0,5790.0,0.0
1787909233.549345,2026-08-28T09:27:13+00:00,http_log_35m_x1,27707.0,6.0,5010503258.0,5099274991.0,488.0,4109.0,12323304.0,2123874.0,1476.0,0.0,0.0,0.0,0.0,16.0,28.0,531526280.0,2695739904.0,21240131584.0,64338.0,37750980608.0,3097880872.0,0.0,2378.0,7464998.0,6264.0,611483.0,41919.0,0.0,0.0,5790.0,0.0
1787909234.554403,2026-08-28T09:27:14+00:00,http_log_35m_x1,27707.0,6.0,5010503258.0,5099274991.0,488.0,4109.0,12323304.0,2123874.0,1476.0,0.0,0.0,0.0,0.0,16.0,28.0,531526280.0,2695739904.0,21240131584.0,64338.0,37750980608.0,3097880872.0,0.0,2378.0,7464998.0,6264.0,611483.0,41919.0,0.0,0.0,5790.0,0.0
1787909235.5595,2026-08-28T09:27:15+00:00,http_log_35m_x1,27707.0,6.0,5010503258.0,5099274991.0,488.0,4109.0,12323304.0,2123874.0,1476.0,0.0,0.0,0.0,0.0,16.0,28.0,531526280.0,2695739904.0,21240131584.0,64338.0,37750980608.0,3097880872.0,0.0,2378.0,7464998.0,6264.0,611483.0,41919.0,0.0,0.0,5790.0,0.0
1787909236.5597088,2026-08-28T09:27:16+00:00,http_log_35m_x1,27707.0,6.0,5010503258.0,5099274991.0,488.0,4109.0,12323304.0,2123874.0,1476.0,0.0,1.0,0.0,0.0,16.0,28.0,531526280.0,2695739904.0,21240131584.0,64338.0,37750980608.0,3097880872.0,0.0,2378.0,7464998.0,6264.0,611483.0,41919.0,0.0,0.0,5790.0,0.0
1787909237.564791,2026-08-28T09:27:17+00:00,http_log_35m_x1,27707.0,6.0,5010503258.0,5099274991.0,488.0,4109.0,12323304.0,2123874.0,1476.0,0.0,1.0,0.0,0.0,16.0,28.0,531526280.0,2695739904.0,21240131584.0,64338.0,37750980608.0,3097880872.0,0.0,2378.0,7464998.0,6264.0,611483.0,41919.0,0.0,0.0,5790.0,0.0
1787909238.5698612,2026-08-28T09:27:18+00:00,http_log_35m_x1,27707.0,6.0,5010503258.0,5106794358.0,488.0,4114.0,12323304.0,2346868.0,2204.0,0.0,0.0,0.0,0.0,16.0,28.0,531526280.0,2695739904.0,21240131584.0,64338.0,37750980608.0,3097880872.0,0.0,2378.0,7464998.0,6264.0,611483.0,41919.0,0.0,0.0,5790.0,0.0
1787909239.574923,2026-08-28T09:27:19+00:00,http_log_35m_x1,27707.0,6.0,5010503258.0,5106794358.0,488.0,4114.0,12323304.0,2346868.0,2204.0,0.0,0.0,0.0,0.0,16.0,28.0,531526280.0,2695739904.0,21240131584.0,64338.0,37750980608.0,3097880872.0,0.0,2378.0,7464998.0,6264.0,611483.0,41919.0,0.0,0.0,5790.0,0.0
1787909240.579987,2026-08-28T09:27:20+00:00,http_log_35m_x1,27707.0,6.0,5010503258.0,5106794358.0,488.0,4114.0,12323304.0,2346868.0,2204.0,0.0,0.0,0.0,0.0,16.0,28.0,531526280.0,2695739904.0,21240131584.0,64338.0,37750980608.0,3097880872.0,0.0,2378.0,7464998.0,6264.0,611483.0,41919.0,0.0,0.0,5790.0,0.0
1787909241.583775,2026-08-28T09:27:21+00:00,http_log_35m_x1,27707.0,6.0,5010503258.0,5106794358.0,488.0,4114.0,12323304.0,2346868.0,2204.0,0.0,1.0,0.0,0.0,16.0,37.0,531526280.0,2695739904.0,21240131584.0,64338.0,37750980608.0,3097880872.0,0.0,2378.0,7464998.0,6264.0,611483.0,41919.0,0.0,0.0,5790.0,0.0
1787909242.5888472,2026-08-28T09:27:22+00:00,http_log_35m_x1,27707.0,6.0,5010503258.0,5106794358.0,488.0,4114.0,12323304.0,2346868.0,2204.0,0.0,1.0,0.0,0.0,16.0,37.0,531526280.0,2695739904.0,21240131584.0,64338.0,37750980608.0,3097880872.0,0.0,2378.0,7464998.0,6264.0,611483.0,41919.0,0.0,0.0,5790.0,0.0
1787909243.5914571,2026-08-28T09:27:23+00:00,http_log_35m_x1,27707.0,6.0,5010503258.0,5109763082.0,488.0,4119.0,12323304.0,1002270.0,1962.0,0.0,0.0,0.0,0.0,16.0,37.0,531526280.0,2695739904.0,21240131584.0,64338.0,37750980608.0,3097880872.0,0.0,2378.0,7464998.0,6264.0,611483.0,41919.0,0.0,0.0,5790.0,0.0
1787909244.5965161,2026-08-28T09:27:24+00:00,http_log_35m_x1,27707.0,6.0,5010503258.0,5109763082.0,488.0,4119.0,12323304.0,1002270.0,1962.0,0.0,0.0,0.0,0.0,16.0,37.0,531526280.0,2695739904.0,21240131584.0,64338.0,37750980608.0,3097880872.0,0.0,2378.0,7464998.0,6264.0,611483.0,41919.0,0.0,0.0,5790.0,0.0
1787909245.599961,2026-08-28T09:27:25+00:00,http_log_35m_x1,27707.0,6.0,5010503258.0,5109763082.0,488.0,4119.0,12323304.0,1002270.0,1962.0,0.0,1.0,0.0,0.0,16.0,30.0,531526280.0,2695739904.0,21240131584.0,64338.0,37750980608.0,3097880872.0,0.0,2378.0,7464998.0,6264.0,611483.0,41919.0,0.0,0.0,5790.0,0.0
1787909246.6014662,2026-08-28T09:27:26+00:00,http_log_35m_x1,27707.0,6.0,5010503258.0,5115013675.0,488.0,4124.0,12323304.0,2189571.0,1398.0,0.0,0.0,0.0,0.0,16.0,30.0,531526280.0,2695739904.0,21240131584.0,64338.0,37750980608.0,3097880872.0,0.0,2378.0,7464998.0,6264.0,611483.0,41919.0,0.0,0.0,5790.0,0.0
1787909247.602551,2026-08-28T09:27:27+00:00,http_log_35m_x1,27707.0,6.0,5010503258.0,5115013675.0,488.0,4124.0,0.0,2189571.0,1398.0,0.0,0.0,0.0,0.0,16.0,30.0,520104680.0,2695739904.0,21291745280.0,64450.0,37750980608.0,3097880872.0,0.0,2396.0,7475655.0,6275.0,612749.0,41959.0,0.0,0.0,5802.0,0.0
1787909248.607641,2026-08-28T09:27:28+00:00,http_log_35m_x1,27707.0,6.0,5010503258.0,5115013675.0,488.0,4124.0,0.0,2189571.0,1398.0,0.0,1.0,0.0,0.0,16.0,29.0,520104680.0,2695739904.0,21291745280.0,64450.0,37750980608.0,3097880872.0,0.0,2396.0,7475655.0,6275.0,612749.0,41959.0,0.0,0.0,5802.0,0.0
1787909249.612728,2026-08-28T09:27:29+00:00,http_log_35m_x1,27707.0,6.0,5010503258.0,5115013675.0,488.0,4124.0,0.0,2189571.0,1398.0,0.0,1.0,0.0,0.0,16.0,29.0,520104680.0,2695739904.0,21291745280.0,64450.0,37750980608.0,3097880872.0,0.0,2396.0,7475655.0,6275.0,612749.0,41959.0,0.0,0.0,5802.0,0.0
1787909250.61779,2026-08-28T09:27:30+00:00,http_log_35m_x1,27707.0,6.0,5010503258.0,5115013675.0,488.0,4124.0,0.0,2189571.0,1398.0,0.0,1.0,0.0,0.0,16.0,29.0,520104680.0,2695739904.0,21291745280.0,64450.0,37750980608.0,3097880872.0,0.0,2396.0,7475655.0,6275.0,612749.0,41959.0,0.0,0.0,5802.0,0.0
1787909251.622859,2026-08-28T09:27:31+00:00,http_log_35m_x1,27707.0,6.0,5010503258.0,5122505413.0,488.0,4129.0,0.0,2387424.0,2138.0,0.0,0.0,0.0,0.0,16.0,29.0,520104680.0,2695739904.0,21291745280.0,64450.0,37750980608.0,3097880872.0,0.0,2396.0,7475655.0,6275.0,612749.0,41959.0,0.0,0.0,5802.0,0.0
1787909252.627541,2026-08-28T09:27:32+00:00,http_log_35m_x1,27707.0,6.0,5010503258.0,5122505413.0,488.0,4129.0,0.0,2387424.0,2138.0,0.0,0.0,0.0,0.0,16.0,29.0,520104680.0,2695739904.0,21291745280.0,64450.0,37750980608.0,3097880872.0,0.0,2396.0,7475655.0,6275.0,612749.0,41959.0,0.0,0.0,5802.0,0.0
1787909253.632632,2026-08-28T09:27:33+00:00,http_log_35m_x1,27707.0,6.0,5010503258.0,5122505413.0,488.0,4129.0,0.0,2387424.0,2138.0,0.0,1.0,0.0,0.0,16.0,38.0,520104680.0,2695739904.0,21291745280.0,64450.0,37750980608.0,3097880872.0,0.0,2396.0,7475655.0,6275.0,612749.0,41959.0,0.0,0.0,5802.0,0.0
1787909254.6338508,2026-08-28T09:27:34+00:00,http_log_35m_x1,27707.0,6.0,5010503258.0,5122505413.0,488.0,4129.0,0.0,2387424.0,2138.0,0.0,2.0,0.0,0.0,16.0,26.0,520104680.0,2695739904.0,21291745280.0,64450.0,37750980608.0,3097880872.0,0.0,2396.0,7475655.0,6275.0,612749.0,41959.0,0.0,0.0,5802.0,0.0
1787909255.6383822,2026-08-28T09:27:35+00:00,http_log_35m_x1,27707.0,6.0,5010503258.0,5122505413.0,488.0,4129.0,0.0,2387424.0,2138.0,0.0,2.0,0.0,0.0,16.0,26.0,520104680.0,2695739904.0,21291745280.0,64450.0,37750980608.0,3097880872.0,0.0,2396.0,7475655.0,6275.0,612749.0,41959.0,0.0,0.0,5802.0,0.0
1787909256.643472,2026-08-28T09:27:36+00:00,http_log_35m_x1,27707.0,6.0,5010503258.0,5125520290.0,488.0,4134.0,0.0,908642.0,2318.0,0.0,1.0,0.0,0.0,16.0,26.0,520104680.0,2695739904.0,21291745280.0,64450.0,37750980608.0,3097880872.0,0.0,2396.0,7475655.0,6275.0,612749.0,41959.0,0.0,0.0,5802.0,0.0
1787909257.648545,2026-08-28T09:27:37+00:00,http_log_35m_x1,27707.0,6.0,5010503258.0,5125520290.0,488.0,4134.0,0.0,908642.0,2318.0,0.0,2.0,0.0,0.0,16.0,20.0,520104680.0,2695739904.0,21291745280.0,64450.0,37750980608.0,3097880872.0,0.0,2396.0,7475655.0,6275.0,612749.0,41959.0,0.0,0.0,5802.0,0.0
1787909258.6514392,2026-08-28T09:27:38+00:00,http_log_35m_x1,27707.0,6.0,5010503258.0,5125520290.0,488.0,4134.0,0.0,908642.0,2318.0,0.0,2.0,0.0,0.0,16.0,20.0,520104680.0,2695739904.0,21291745280.0,64450.0,37750980608.0,3097880872.0,0.0,2396.0,7475655.0,6275.0,612749.0,41959.0,0.0,0.0,5802.0,0.0
1787909259.6564999,2026-08-28T09:27:39+00:00,http_log_35m_x1,27707.0,6.0,5010503258.0,5130817233.0,488.0,4139.0,0.0,1974261.0,1683.0,0.0,1.0,0.0,0.0,16.0,20.0,520104680.0,2695739904.0,21291745280.0,64450.0,37750980608.0,3097880872.0,0.0,2396.0,7475655.0,6275.0,612749.0,41959.0,0.0,0.0,5802.0,0.0
1787909260.6615942,2026-08-28T09:27:40+00:00,http_log_35m_x1,27707.0,6.0,5010503258.0,5130817233.0,488.0,4139.0,0.0,1974261.0,1683.0,0.0,1.0,0.0,0.0,16.0,20.0,520104680.0,2695739904.0,21291745280.0,64450.0,37750980608.0,3097880872.0,0.0,2396.0,7475655.0,6275.0,612749.0,41959.0,0.0,0.0,5802.0,0.0
1787909261.666664,2026-08-28T09:27:41+00:00,http_log_35m_x1,27707.0,6.0,5010503258.0,5130817233.0,488.0,4139.0,0.0,1974261.0,1683.0,0.0,2.0,0.0,0.0,16.0,19.0,520104680.0,2695739904.0,21291745280.0,64450.0,37750980608.0,3097880872.0,0.0,2396.0,7475655.0,6275.0,612749.0,41959.0,0.0,0.0,5802.0,0.0
1787909262.6717288,2026-08-28T09:27:42+00:00,http_log_35m_x1,27707.0,6.0,5010503258.0,5130817233.0,488.0,4139.0,356669816.0,1974261.0,1683.0,0.0,2.0,0.0,0.0,16.0,19.0,904284048.0,2695739904.0,21333848064.0,64539.0,37750980608.0,3097880872.0,0.0,2416.0,7485609.0,6284.0,614689.0,42025.0,0.0,0.0,5821.0,0.0
1787909263.676523,2026-08-28T09:27:43+00:00,http_log_35m_x1,27707.0,6.0,5010503258.0,5130817233.0,488.0,4139.0,356669816.0,1974261.0,1683.0,0.0,2.0,0.0,0.0,16.0,19.0,904284048.0,2695739904.0,21333848064.0,64539.0,37750980608.0,3097880872.0,0.0,2416.0,7485609.0,6284.0,614689.0,42025.0,0.0,0.0,5821.0,0.0
1787909264.679693,2026-08-28T09:27:44+00:00,http_log_35m_x1,27707.0,6.0,5010503258.0,5138356831.0,488.0,4144.0,356669816.0,2271647.0,2319.0,0.0,1.0,0.0,0.0,16.0,19.0,904284048.0,2695739904.0,21333848064.0,64539.0,37750980608.0,3097880872.0,0.0,2416.0,7485609.0,6284.0,614689.0,42025.0,0.0,0.0,5821.0,0.0
1787909265.684831,2026-08-28T09:27:45+00:00,http_log_35m_x1,27707.0,6.0,5010503258.0,5138356831.0,488.0,4144.0,356669816.0,2271647.0,2319.0,0.0,1.0,0.0,0.0,16.0,19.0,904284048.0,2695739904.0,21333848064.0,64539.0,37750980608.0,3097880872.0,0.0,2416.0,7485609.0,6284.0,614689.0,42025.0,0.0,0.0,5821.0,0.0
1787909266.689893,2026-08-28T09:27:46+00:00,http_log_35m_x1,27707.0,6.0,5010503258.0,5138356831.0,488.0,4144.0,356669816.0,2271647.0,2319.0,0.0,2.0,0.0,0.0,16.0,35.0,904284048.0,2695739904.0,21333848064.0,64539.0,37750980608.0,3097880872.0,0.0,2416.0,7485609.0,6284.0,614689.0,42025.0,0.0,0.0,5821.0,0.0
1787909267.694998,2026-08-28T09:27:47+00:00,http_log_35m_x1,27707.0,6.0,5010503258.0,5138356831.0,488.0,4144.0,356669816.0,2271647.0,2319.0,0.0,2.0,0.0,0.0,16.0,35.0,904284048.0,2695739904.0,21333848064.0,64539.0,37750980608.0,3097880872.0,0.0,2416.0,7485609.0,6284.0,614689.0,42025.0,0.0,0.0,5821.0,0.0
1787909268.6957812,2026-08-28T09:27:48+00:00,http_log_35m_x1,27707.0,6.0,5010503258.0,5138356831.0,488.0,4144.0,356669816.0,2271647.0,2319.0,0.0,2.0,0.0,0.0,16.0,35.0,904284048.0,2695739904.0,21333848064.0,64539.0,37750980608.0,3097880872.0,0.0,2416.0,7485609.0,6284.0,614689.0,42025.0,0.0,0.0,5821.0,0.0
1787909269.700864,2026-08-28T09:27:49+00:00,http_log_35m_x1,27707.0,6.0,5010503258.0,5141288234.0,488.0,4149.0,356669816.0,883484.0,2318.0,0.0,1.0,0.0,0.0,16.0,35.0,904284048.0,2695739904.0,21333848064.0,64539.0,37750980608.0,3097880872.0,0.0,2416.0,7485609.0,6284.0,614689.0,42025.0,0.0,0.0,5821.0,0.0
1787909270.703809,2026-08-28T09:27:50+00:00,http_log_35m_x1,27707.0,6.0,5010503258.0,5141288234.0,488.0,4149.0,356669816.0,883484.0,2318.0,0.0,1.0,0.0,0.0,16.0,35.0,904284048.0,2695739904.0,21333848064.0,64539.0,37750980608.0,3097880872.0,0.0,2416.0,7485609.0,6284.0,614689.0,42025.0,0.0,0.0,5821.0,0.0
1787909271.708879,2026-08-28T09:27:51+00:00,http_log_35m_x1,27707.0,6.0,5010503258.0,5141288234.0,488.0,4149.0,356669816.0,883484.0,2318.0,0.0,2.0,0.0,0.0,16.0,36.0,904284048.0,2695739904.0,21333848064.0,64539.0,37750980608.0,3097880872.0,0.0,2416.0,7485609.0,6284.0,614689.0,42025.0,0.0,0.0,5821.0,0.0
1787909272.711031,2026-08-28T09:27:52+00:00,http_log_35m_x1,27707.0,6.0,5010503258.0,5141288234.0,488.0,4149.0,356669816.0,883484.0,2318.0,0.0,2.0,0.0,0.0,16.0,36.0,904284048.0,2695739904.0,21333848064.0,64539.0,37750980608.0,3097880872.0,0.0,2416.0,7485609.0,6284.0,614689.0,42025.0,0.0,0.0,5821.0,0.0
1787909273.7142699,2026-08-28T09:27:53+00:00,http_log_35m_x1,27707.0,6.0,5010503258.0,5144266856.0,488.0,4154.0,356669816.0,925325.0,2219.0,0.0,1.0,0.0,0.0,16.0,36.0,904284048.0,2695739904.0,21333848064.0,64539.0,37750980608.0,3097880872.0,0.0,2416.0,7485609.0,6284.0,614689.0,42025.0,0.0,0.0,5821.0,0.0
1787909274.7191858,2026-08-28T09:27:54+00:00,http_log_35m_x1,27707.0,6.0,5010503258.0,5144266856.0,488.0,4154.0,356669816.0,925325.0,2219.0,0.0,1.0,0.0,0.0,16.0,36.0,904284048.0,2695739904.0,21333848064.0,64539.0,37750980608.0,3097880872.0,0.0,2416.0,7485609.0,6284.0,614689.0,42025.0,0.0,0.0,5821.0,0.0
1787909275.724256,2026-08-28T09:27:55+00:00,http_log_35m_x1,27707.0,6.0,5010503258.0,5144266856.0,488.0,4154.0,356669816.0,925325.0,2219.0,0.0,1.0,0.0,0.0,16.0,36.0,904284048.0,2695739904.0,21333848064.0,64539.0,37750980608.0,3097880872.0,0.0,2416.0,7485609.0,6284.0,614689.0,42025.0,0.0,0.0,5821.0,0.0
1787909276.7293282,2026-08-28T09:27:56+00:00,http_log_35m_x1,27707.0,6.0,5010503258.0,5144266856.0,488.0,4154.0,902880392.0,925325.0,2219.0,0.0,2.0,0.0,0.0,16.0,38.0,1451215304.0,2695739904.0,21373964288.0,64648.0,37750980608.0,3097880872.0,0.0,2437.0,7494710.0,6294.0,617467.0,42104.0,0.0,0.0,5840.0,0.0
1787909277.7299142,2026-08-28T09:27:57+00:00,http_log_35m_x1,27707.0,6.0,5010503258.0,5144266856.0,488.0,4154.0,902880392.0,925325.0,2219.0,0.0,2.0,0.0,0.0,16.0,38.0,1451215304.0,2695739904.0,21373964288.0,64648.0,37544271872.0,3150646222.0,0.0,2437.0,7494710.0,6294.0,617467.0,42104.0,0.0,0.0,5840.0,0.0
1787909278.734435,2026-08-28T09:27:58+00:00,http_log_35m_x1,27707.0,6.0,5010503258.0,5147198356.0,488.0,4159.0,902880392.0,920119.0,2186.0,0.0,1.0,0.0,0.0,16.0,38.0,1451215304.0,2695739904.0,21373964288.0,64648.0,37544271872.0,3150646222.0,0.0,2437.0,7494710.0,6294.0,617467.0,42104.0,0.0,0.0,5840.0,0.0
1787909279.7394948,2026-08-28T09:27:59+00:00,http_log_35m_x1,27707.0,6.0,5010503258.0,5147198356.0,488.0,4159.0,902880392.0,920119.0,2186.0,0.0,1.0,0.0,0.0,16.0,38.0,1451215304.0,2695739904.0,21373964288.0,64648.0,37544271872.0,3150646222.0,0.0,2437.0,7494710.0,6294.0,617467.0,42104.0,0.0,0.0,5840.0,0.0
1787909280.744556,2026-08-28T09:28:00+00:00,http_log_35m_x1,27707.0,6.0,5010503258.0,5229585001.0,488.0,4164.0,902880392.0,3072981.0,25810.0,0.0,0.0,0.0,0.0,16.0,38.0,1451215304.0,2695739904.0,21373964288.0,64648.0,37544271872.0,3150646222.0,0.0,2437.0,7494710.0,6294.0,617467.0,42104.0,0.0,0.0,5840.0,0.0
1787909281.749612,2026-08-28T09:28:01+00:00,http_log_35m_x1,27707.0,6.0,5010503258.0,5229585001.0,488.0,4164.0,902880392.0,3072981.0,25810.0,0.0,1.0,0.0,0.0,16.0,40.0,1451215304.0,2695739904.0,21373964288.0,64648.0,37544271872.0,3150646222.0,0.0,2437.0,7494710.0,6294.0,617467.0,42104.0,0.0,0.0,5840.0,0.0
1787909282.752939,2026-08-28T09:28:02+00:00,http_log_35m_x1,27707.0,6.0,5010503258.0,5229585001.0,488.0,4164.0,902880392.0,3072981.0,25810.0,0.0,1.0,0.0,0.0,16.0,40.0,1451215304.0,2695739904.0,21373964288.0,64648.0,37544271872.0,3150646222.0,0.0,2437.0,7494710.0,6294.0,617467.0,42104.0,0.0,0.0,5840.0,0.0
1787909283.758013,2026-08-28T09:28:03+00:00,http_log_35m_x1,27707.0,6.0,5010503258.0,5232553643.0,488.0,4169.0,902880392.0,1001566.0,1964.0,0.0,1.0,0.0,0.0,16.0,33.0,1451215304.0,2695739904.0,21373964288.0,64648.0,37544271872.0,3150646222.0,0.0,2437.0,7494710.0,6294.0,617467.0,42104.0,0.0,0.0,5840.0,0.0
1787909284.763078,2026-08-28T09:28:04+00:00,http_log_35m_x1,27707.0,6.0,5010503258.0,5232553643.0,488.0,4169.0,902880392.0,1001566.0,1964.0,0.0,1.0,0.0,0.0,16.0,33.0,1451215304.0,2695739904.0,21373964288.0,64648.0,37544271872.0,3150646222.0,0.0,2437.0,7494710.0,6294.0,617467.0,42104.0,0.0,0.0,5840.0,0.0
1787909285.768163,2026-08-28T09:28:05+00:00,http_log_35m_x1,27707.0,6.0,5010503258.0,5232553643.0,488.0,4169.0,902880392.0,1001566.0,1964.0,0.0,1.0,0.0,0.0,16.0,33.0,1451215304.0,2695739904.0,21373964288.0,64648.0,37544271872.0,3150646222.0,0.0,2437.0,7494710.0,6294.0,617467.0,42104.0,0.0,0.0,5840.0,0.0
1787909286.77324,2026-08-28T09:28:06+00:00,http_log_35m_x1,27707.0,6.0,5010503258.0,5232553643.0,488.0,4169.0,902880392.0,1001566.0,1964.0,0.0,2.0,0.0,0.0,16.0,28.0,1451215304.0,2695739904.0,21373964288.0,64648.0,37544271872.0,3150646222.0,0.0,2437.0,7494710.0,6294.0,617467.0,42104.0,0.0,0.0,5840.0,0.0
1787909287.778312,2026-08-28T09:28:07+00:00,http_log_35m_x1,27707.0,6.0,5010503258.0,5232553643.0,488.0,4169.0,902880392.0,1001566.0,1964.0,0.0,2.0,0.0,0.0,16.0,28.0,1451215304.0,2695739904.0,21373964288.0,64648.0,37544271872.0,3150646222.0,0.0,2437.0,7494710.0,6294.0,617467.0,42104.0,0.0,0.0,5840.0,0.0
1787909288.783372,2026-08-28T09:28:08+00:00,http_log_35m_x1,27707.0,6.0,5010503258.0,5235522234.0,488.0,4174.0,902880392.0,884825.0,2355.0,0.0,1.0,0.0,0.0,16.0,28.0,1451215304.0,2695739904.0,21373964288.0,64648.0,37544271872.0,3150646222.0,0.0,2437.0,7494710.0,6294.0,617467.0,42104.0,0.0,0.0,5840.0,0.0
1787909289.788053,2026-08-28T09:28:09+00:00,http_log_35m_x1,27707.0,6.0,5010503258.0,5254193751.0,488.0,4179.0,902880392.0,2796812.0,5676.0,0.0,0.0,0.0,0.0,16.0,28.0,1451215304.0,2695739904.0,21373964288.0,64648.0,37544271872.0,3150646222.0,0.0,2437.0,7494710.0,6294.0,617467.0,42104.0,0.0,0.0,5840.0,0.0
1787909290.793138,2026-08-28T09:28:10+00:00,http_log_35m_x1,27707.0,6.0,5010503258.0,5254193751.0,488.0,4179.0,902880392.0,2796812.0,5676.0,0.0,0.0,0.0,0.0,16.0,28.0,1451215304.0,2695739904.0,21373964288.0,64648.0,37544271872.0,3150646222.0,0.0,2437.0,7494710.0,6294.0,617467.0,42104.0,0.0,0.0,5840.0,0.0
1787909291.798228,2026-08-28T09:28:11+00:00,http_log_35m_x1,27707.0,6.0,5010503258.0,5254193751.0,488.0,4179.0,20561400.0,2796812.0,5676.0,0.0,1.0,0.0,0.0,16.0,36.0,562207096.0,2695739904.0,21562650624.0,64845.0,37544271872.0,3150646222.0,1.0,2456.0,7504417.0,6311.0,619638.0,42184.0,0.0,0.0,5859.0,0.0
1787909292.8015628,2026-08-28T09:28:12+00:00,http_log_35m_x1,27707.0,6.0,5010503258.0,5254193751.0,488.0,4179.0,20561400.0,2796812.0,5676.0,0.0,1.0,0.0,0.0,16.0,36.0,562207096.0,2695739904.0,21562650624.0,64845.0,37544271872.0,3150646222.0,1.0,2456.0,7504417.0,6311.0,619638.0,42184.0,0.0,0.0,5859.0,0.0
1787909293.805345,2026-08-28T09:28:13+00:00,http_log_35m_x1,27707.0,6.0,5010503258.0,5257134407.0,488.0,4184.0,20561400.0,898733.0,2272.0,0.0,0.0,0.0,0.0,16.0,36.0,562207096.0,2695739904.0,21562650624.0,64845.0,37544271872.0,3150646222.0,1.0,2456.0,7504417.0,6311.0,619638.0,42184.0,0.0,0.0,5859.0,0.0
1787909294.810134,2026-08-28T09:28:14+00:00,http_log_35m_x1,27707.0,6.0,5010503258.0,5257134407.0,488.0,4184.0,20561400.0,898733.0,2272.0,0.0,0.0,0.0,0.0,16.0,36.0,562207096.0,2695739904.0,21562650624.0,64845.0,37544271872.0,3150646222.0,1.0,2456.0,7504417.0,6311.0,619638.0,42184.0,0.0,0.0,5859.0,0.0
1787909295.8152058,2026-08-28T09:28:15+00:00,http_log_35m_x1,27707.0,6.0,5010503258.0,5257134407.0,488.0,4184.0,20561400.0,898733.0,2272.0,0.0,0.0,0.0,0.0,16.0,36.0,562207096.0,2695739904.0,21562650624.0,64845.0,37544271872.0,3150646222.0,1.0,2456.0,7504417.0,6311.0,619638.0,42184.0,0.0,0.0,5859.0,0.0
1787909296.820291,2026-08-28T09:28:16+00:00,http_log_35m_x1,27707.0,6.0,5010503258.0,5257134407.0,488.0,4184.0,20561400.0,898733.0,2272.0,0.0,1.0,0.0,0.0,16.0,37.0,562207096.0,2695739904.0,21562650624.0,64845.0,37544271872.0,3150646222.0,1.0,2456.0,7504417.0,6311.0,619638.0,42184.0,0.0,0.0,5859.0,0.0
1787909297.825399,2026-08-28T09:28:17+00:00,http_log_35m_x1,27707.0,6.0,5010503258.0,5257134407.0,488.0,4184.0,20561400.0,898733.0,2272.0,0.0,1.0,0.0,0.0,16.0,37.0,562207096.0,2695739904.0,21562650624.0,64845.0,37544271872.0,3150646222.0,1.0,2456.0,7504417.0,6311.0,619638.0,42184.0,0.0,0.0,5859.0,0.0
1787909298.830475,2026-08-28T09:28:18+00:00,http_log_35m_x1,27707.0,6.0,5010503258.0,5260122343.0,488.0,4189.0,20561400.0,1007735.0,1965.0,0.0,0.0,0.0,0.0,16.0,37.0,562207096.0,2695739904.0,21562650624.0,64845.0,37544271872.0,3150646222.0,1.0,2456.0,7504417.0,6311.0,619638.0,42184.0,0.0,0.0,5859.0,0.0
1787909299.833843,2026-08-28T09:28:19+00:00,http_log_35m_x1,27707.0,6.0,5010503258.0,5260122343.0,488.0,4189.0,20561400.0,1007735.0,1965.0,0.0,0.0,0.0,0.0,16.0,37.0,562207096.0,2695739904.0,21562650624.0,64845.0,37544271872.0,3150646222.0,1.0,2456.0,7504417.0,6311.0,619638.0,42184.0,0.0,0.0,5859.0,0.0
1787909300.834649,2026-08-28T09:28:20+00:00,http_log_35m_x1,27707.0,6.0,5010503258.0,5260122343.0,488.0,4189.0,20561400.0,1007735.0,1965.0,0.0,0.0,0.0,0.0,16.0,37.0,562207096.0,2695739904.0,21562650624.0,64845.0,37544271872.0,3150646222.0,1.0,2456.0,7504417.0,6311.0,619638.0,42184.0,0.0,0.0,5859.0,0.0
1787909301.83554,2026-08-28T09:28:21+00:00,http_log_35m_x1,27707.0,6.0,5010503258.0,5260122343.0,488.0,4189.0,20561400.0,1007735.0,1965.0,0.0,1.0,0.0,0.0,16.0,38.0,562207096.0,2695739904.0,21562650624.0,64845.0,37544271872.0,3150646222.0,1.0,2456.0,7504417.0,6311.0,619638.0,42184.0,0.0,0.0,5859.0,0.0
1787909302.8385868,2026-08-28T09:28:22+00:00,http_log_35m_x1,27707.0,6.0,5010503258.0,5260122343.0,488.0,4189.0,20561400.0,1007735.0,1965.0,0.0,1.0,0.0,0.0,16.0,38.0,562207096.0,2695739904.0,21562650624.0,64845.0,37544271872.0,3150646222.0,1.0,2456.0,7504417.0,6311.0,619638.0,42184.0,0.0,0.0,5859.0,0.0
1787909303.8436558,2026-08-28T09:28:23+00:00,http_log_35m_x1,27707.0,6.0,5010503258.0,5263128488.0,488.0,4194.0,20561400.0,980477.0,2066.0,0.0,0.0,0.0,0.0,16.0,38.0,562207096.0,2695739904.0,21562650624.0,64845.0,37544271872.0,3150646222.0,1.0,2456.0,7504417.0,6311.0,619638.0,42184.0,0.0,0.0,5859.0,0.0
1787909304.847224,2026-08-28T09:28:24+00:00,http_log_35m_x1,27707.0,6.0,5010503258.0,5263128488.0,488.0,4194.0,20561400.0,980477.0,2066.0,0.0,0.0,0.0,0.0,16.0,38.0,562207096.0,2695739904.0,21562650624.0,64845.0,37544271872.0,3150646222.0,1.0,2456.0,7504417.0,6311.0,619638.0,42184.0,0.0,0.0,5859.0,0.0
1787909305.852293,2026-08-28T09:28:25+00:00,http_log_35m_x1,27707.0,6.0,5010503258.0,5263128488.0,488.0,4194.0,20561400.0,980477.0,2066.0,0.0,0.0,0.0,0.0,16.0,38.0,562207096.0,2695739904.0,21562650624.0,64845.0,37544271872.0,3150646222.0,1.0,2456.0,7504417.0,6311.0,619638.0,42184.0,0.0,0.0,5859.0,0.0
1787909306.857353,2026-08-28T09:28:26+00:00,http_log_35m_x1,27707.0,6.0,5010503258.0,5263128488.0,488.0,4194.0,21231928.0,980477.0,2066.0,0.0,1.0,0.0,0.0,16.0,39.0,547853992.0,2695842304.0,21601107968.0,64974.0,37544271872.0,3150646222.0,0.0,2493.0,7514629.0,6324.0,621250.0,42323.0,0.0,0.0,5879.0,0.0
1787909307.862429,2026-08-28T09:28:27+00:00,http_log_35m_x1,27707.0,6.0,5010503258.0,5263128488.0,488.0,4194.0,21231928.0,980477.0,2066.0,0.0,2.0,0.0,0.0,16.0,28.0,547853992.0,2695842304.0,21601107968.0,64974.0,37544271872.0,3150646222.0,0.0,2493.0,7514629.0,6324.0,621250.0,42323.0,0.0,0.0,5879.0,0.0
1787909308.86381,2026-08-28T09:28:28+00:00,http_log_35m_x1,27707.0,6.0,5010503258.0,5266134213.0,488.0,4199.0,21231928.0,992315.0,2029.0,0.0,1.0,0.0,0.0,16.0,28.0,547853992.0,2695842304.0,21601107968.0,64974.0,37544271872.0,3150646222.0,0.0,2493.0,7514629.0,6324.0,621250.0,42323.0,0.0,0.0,5879.0,0.0
1787909309.868866,2026-08-28T09:28:29+00:00,http_log_35m_x1,27707.0,6.0,5010503258.0,5266134213.0,488.0,4199.0,21231928.0,992315.0,2029.0,0.0,1.0,0.0,0.0,16.0,28.0,547853992.0,2695842304.0,21601107968.0,64974.0,37544271872.0,3150646222.0,0.0,2493.0,7514629.0,6324.0,621250.0,42323.0,0.0,0.0,5879.0,0.0
1787909310.873954,2026-08-28T09:28:30+00:00,http_log_35m_x1,27707.0,6.0,5010503258.0,5266134213.0,488.0,4199.0,21231928.0,992315.0,2029.0,0.0,2.0,0.0,0.0,16.0,21.0,547853992.0,2695842304.0,21601107968.0,64974.0,37544271872.0,3150646222.0,0.0,2493.0,7514629.0,6324.0,621250.0,42323.0,0.0,0.0,5879.0,0.0
1787909311.879016,2026-08-28T09:28:31+00:00,http_log_35m_x1,27707.0,6.0,5010503258.0,5271411117.0,488.0,4204.0,21231928.0,2016394.0,1617.0,0.0,1.0,0.0,0.0,16.0,21.0,547853992.0,2695842304.0,21601107968.0,64974.0,37544271872.0,3150646222.0,0.0,2493.0,7514629.0,6324.0,621250.0,42323.0,0.0,0.0,5879.0,0.0
1787909312.8839822,2026-08-28T09:28:32+00:00,http_log_35m_x1,27707.0,6.0,5010503258.0,5271411117.0,488.0,4204.0,21231928.0,2016394.0,1617.0,0.0,1.0,0.0,0.0,16.0,21.0,547853992.0,2695842304.0,21601107968.0,64974.0,37544271872.0,3150646222.0,0.0,2493.0,7514629.0,6324.0,621250.0,42323.0,0.0,0.0,5879.0,0.0
1787909313.88906,2026-08-28T09:28:33+00:00,http_log_35m_x1,27707.0,6.0,5010503258.0,5271411117.0,488.0,4204.0,21231928.0,2016394.0,1617.0,0.0,1.0,0.0,0.0,16.0,21.0,547853992.0,2695842304.0,21601107968.0,64974.0,37544271872.0,3150646222.0,0.0,2493.0,7514629.0,6324.0,621250.0,42323.0,0.0,0.0,5879.0,0.0
1787909314.894133,2026-08-28T09:28:34+00:00,http_log_35m_x1,27707.0,6.0,5010503258.0,5271411117.0,488.0,4204.0,21231928.0,2016394.0,1617.0,0.0,2.0,0.0,0.0,16.0,20.0,547853992.0,2695842304.0,21601107968.0,64974.0,37544271872.0,3150646222.0,0.0,2493.0,7514629.0,6324.0,621250.0,42323.0,0.0,0.0,5879.0,0.0
1787909315.894335,2026-08-28T09:28:35+00:00,http_log_35m_x1,27707.0,6.0,5010503258.0,5271411117.0,488.0,4204.0,21231928.0,2016394.0,1617.0,0.0,2.0,0.0,0.0,16.0,20.0,547853992.0,2695842304.0,21601107968.0,64974.0,37544271872.0,3150646222.0,0.0,2493.0,7514629.0,6324.0,621250.0,42323.0,0.0,0.0,5879.0,0.0
1787909316.899418,2026-08-28T09:28:36+00:00,http_log_35m_x1,27707.0,6.0,5010503258.0,5308902036.0,488.0,4214.0,21231928.0,2390728.0,2165.0,0.0,0.0,0.0,0.0,16.0,20.0,547853992.0,2695842304.0,21601107968.0,64974.0,37544271872.0,3150646222.0,0.0,2493.0,7514629.0,6324.0,621250.0,42323.0,0.0,0.0,5879.0,0.0
1787909317.901074,2026-08-28T09:28:37+00:00,http_log_35m_x1,27707.0,6.0,5010503258.0,5308902036.0,488.0,4214.0,21231928.0,2390728.0,2165.0,0.0,0.0,0.0,0.0,16.0,20.0,547853992.0,2695842304.0,21601107968.0,64974.0,37544271872.0,3150646222.0,0.0,2493.0,7514629.0,6324.0,621250.0,42323.0,0.0,0.0,5879.0,0.0
1787909318.901667,2026-08-28T09:28:38+00:00,http_log_35m_x1,27707.0,6.0,5010503258.0,5308902036.0,488.0,4214.0,21231928.0,2390728.0,2165.0,0.0,0.0,0.0,0.0,16.0,20.0,547853992.0,2695842304.0,21601107968.0,64974.0,37544271872.0,3150646222.0,0.0,2493.0,7514629.0,6324.0,621250.0,42323.0,0.0,0.0,5879.0,0.0
1787909319.906741,2026-08-28T09:28:39+00:00,http_log_35m_x1,27707.0,6.0,5010503258.0,5308902036.0,488.0,4214.0,21231928.0,2390728.0,2165.0,0.0,1.0,0.0,0.0,16.0,36.0,547853992.0,2695842304.0,21601107968.0,64974.0,37544271872.0,3150646222.0,0.0,2493.0,7514629.0,6324.0,621250.0,42323.0,0.0,0.0,5879.0,0.0
1787909320.910866,2026-08-28T09:28:40+00:00,http_log_35m_x1,27707.0,6.0,5010503258.0,5308902036.0,488.0,4214.0,21231928.0,2390728.0,2165.0,0.0,1.0,0.0,0.0,16.0,36.0,547853992.0,2695842304.0,21601107968.0,64974.0,37544271872.0,3150646222.0,0.0,2493.0,7514629.0,6324.0,621250.0,42323.0,0.0,0.0,5879.0,0.0
1787909321.911322,2026-08-28T09:28:41+00:00,http_log_35m_x1,27707.0,6.0,5010503258.0,5311907683.0,488.0,4219.0,0.0,1008268.0,1981.0,0.0,0.0,0.0,0.0,16.0,36.0,527158472.0,2695842304.0,21695938560.0,65108.0,37544271872.0,3150646222.0,0.0,2512.0,7524268.0,6336.0,623529.0,42381.0,0.0,0.0,5898.0,0.0
1787909322.914741,2026-08-28T09:28:42+00:00,http_log_35m_x1,27707.0,6.0,5010503258.0,5311907683.0,488.0,4219.0,0.0,1008268.0,1981.0,0.0,0.0,0.0,0.0,16.0,36.0,527158472.0,2695842304.0,21695938560.0,65108.0,37544271872.0,3150646222.0,0.0,2512.0,7524268.0,6336.0,623529.0,42381.0,0.0,0.0,5898.0,0.0
1787909323.918752,2026-08-28T09:28:43+00:00,http_log_35m_x1,27707.0,6.0,5010503258.0,5311907683.0,488.0,4219.0,0.0,1008268.0,1981.0,0.0,1.0,0.0,0.0,16.0,28.0,527158472.0,2695842304.0,21695938560.0,65108.0,37544271872.0,3150646222.0,0.0,2512.0,7524268.0,6336.0,623529.0,42381.0,0.0,0.0,5898.0,0.0
1787909324.920882,2026-08-28T09:28:44+00:00,http_log_35m_x1,27707.0,6.0,5010503258.0,5317073473.0,488.0,4224.0,0.0,2106765.0,1452.0,0.0,0.0,0.0,0.0,16.0,28.0,527158472.0,2695842304.0,21695938560.0,65108.0,37544271872.0,3150646222.0,0.0,2512.0,7524268.0,6336.0,623529.0,42381.0,0.0,0.0,5898.0,0.0
1787909325.925965,2026-08-28T09:28:45+00:00,http_log_35m_x1,27707.0,6.0,5010503258.0,5317073473.0,488.0,4224.0,0.0,2106765.0,1452.0,0.0,0.0,0.0,0.0,16.0,28.0,527158472.0,2695842304.0,21695938560.0,65108.0,37544271872.0,3150646222.0,0.0,2512.0,7524268.0,6336.0,623529.0,42381.0,0.0,0.0,5898.0,0.0
1787909326.9307158,2026-08-28T09:28:46+00:00,http_log_35m_x1,27707.0,6.0,5010503258.0,5317073473.0,488.0,4224.0,0.0,2106765.0,1452.0,0.0,0.0,0.0,0.0,16.0,28.0,527158472.0,2695842304.0,21695938560.0,65108.0,37544271872.0,3150646222.0,0.0,2512.0,7524268.0,6336.0,623529.0,42381.0,0.0,0.0,5898.0,0.0
1787909327.9349189,2026-08-28T09:28:47+00:00,http_log_35m_x1,27707.0,6.0,5010503258.0,5317073473.0,488.0,4224.0,0.0,2106765.0,1452.0,0.0,0.0,0.0,0.0,16.0,28.0,527158472.0,2695842304.0,21695938560.0,65108.0,37544271872.0,3150646222.0,0.0,2512.0,7524268.0,6336.0,623529.0,42381.0,0.0,0.0,5898.0,0.0
1787909328.9353862,2026-08-28T09:28:48+00:00,http_log_35m_x1,27707.0,6.0,5010503258.0,5317073473.0,488.0,4224.0,0.0,2106765.0,1452.0,0.0,1.0,0.0,0.0,16.0,37.0,527158472.0,2695842304.0,21695938560.0,65108.0,37544271872.0,3150646222.0,0.0,2512.0,7524268.0,6336.0,623529.0,42381.0,0.0,0.0,5898.0,0.0
1787909329.93583,2026-08-28T09:28:49+00:00,http_log_35m_x1,27707.0,6.0,5010503258.0,5317073473.0,488.0,4224.0,0.0,2106765.0,1452.0,0.0,1.0,0.0,0.0,16.0,37.0,527158472.0,2695842304.0,21695938560.0,65108.0,37544271872.0,3150646222.0,0.0,2512.0,7524268.0,6336.0,623529.0,42381.0,0.0,0.0,5898.0,0.0
1787909330.9409149,2026-08-28T09:28:50+00:00,http_log_35m_x1,27707.0,6.0,5010503258.0,5320005070.0,488.0,4229.0,0.0,1006729.0,1912.0,0.0,0.0,0.0,0.0,16.0,37.0,527158472.0,2695842304.0,21695938560.0,65108.0,37544271872.0,3150646222.0,0.0,2512.0,7524268.0,6336.0,623529.0,42381.0,0.0,0.0,5898.0,0.0
1787909331.94227,2026-08-28T09:28:51+00:00,http_log_35m_x1,27707.0,6.0,5010503258.0,5320005070.0,488.0,4229.0,0.0,1006729.0,1912.0,0.0,0.0,0.0,0.0,16.0,37.0,527158472.0,2695842304.0,21695938560.0,65108.0,37544271872.0,3150646222.0,0.0,2512.0,7524268.0,6336.0,623529.0,42381.0,0.0,0.0,5898.0,0.0
1787909332.9466538,2026-08-28T09:28:52+00:00,http_log_35m_x1,27707.0,6.0,5010503258.0,5320005070.0,488.0,4229.0,0.0,1006729.0,1912.0,0.0,1.0,0.0,0.0,16.0,30.0,527158472.0,2695842304.0,21695938560.0,65108.0,37544271872.0,3150646222.0,0.0,2512.0,7524268.0,6336.0,623529.0,42381.0,0.0,0.0,5898.0,0.0
1787909333.947828,2026-08-28T09:28:53+00:00,http_log_35m_x1,27707.0,6.0,5010503258.0,5320005070.0,488.0,4229.0,0.0,1006729.0,1912.0,0.0,1.0,0.0,0.0,16.0,30.0,527158472.0,2695842304.0,21695938560.0,65108.0,37544271872.0,3150646222.0,0.0,2512.0,7524268.0,6336.0,623529.0,42381.0,0.0,0.0,5898.0,0.0
1787909334.950811,2026-08-28T09:28:54+00:00,http_log_35m_x1,27707.0,6.0,5010503258.0,5325198729.0,488.0,4234.0,0.0,1805861.0,1876.0,0.0,0.0,0.0,0.0,16.0,30.0,527158472.0,2695842304.0,21695938560.0,65108.0,37544271872.0,3150646222.0,0.0,2512.0,7524268.0,6336.0,623529.0,42381.0,0.0,0.0,5898.0,0.0
1787909335.955982,2026-08-28T09:28:55+00:00,http_log_35m_x1,27707.0,6.0,5010503258.0,5325198729.0,488.0,4234.0,0.0,1805861.0,1876.0,0.0,0.0,0.0,0.0,16.0,30.0,527158472.0,2695842304.0,21695938560.0,65108.0,37544271872.0,3150646222.0,0.0,2512.0,7524268.0,6336.0,623529.0,42381.0,0.0,0.0,5898.0,0.0
1787909336.959033,2026-08-28T09:28:56+00:00,http_log_35m_x1,27707.0,6.0,5010503258.0,5325198729.0,488.0,4234.0,0.0,1805861.0,1876.0,0.0,0.0,0.0,0.0,16.0,30.0,533613208.0,2695842304.0,21735464960.0,65228.0,37544271872.0,3150646222.0,0.0,2541.0,7535092.0,6349.0,624605.0,42431.0,0.0,0.0,5914.0,0.0
1787909337.9640162,2026-08-28T09:28:57+00:00,http_log_35m_x1,27707.0,6.0,5010503258.0,5325198729.0,488.0,4234.0,0.0,1805861.0,1876.0,0.0,1.0,0.0,0.0,16.0,38.0,533613208.0,2695842304.0,21735464960.0,65228.0,37246144512.0,3202371655.0,0.0,2541.0,7535092.0,6349.0,624605.0,42431.0,0.0,0.0,5914.0,0.0
1787909338.9678762,2026-08-28T09:28:58+00:00,http_log_35m_x1,27707.0,6.0,5010503258.0,5325198729.0,488.0,4234.0,0.0,1805861.0,1876.0,0.0,1.0,0.0,0.0,16.0,38.0,533613208.0,2695842304.0,21735464960.0,65228.0,37246144512.0,3202371655.0,0.0,2541.0,7535092.0,6349.0,624605.0,42431.0,0.0,0.0,5914.0,0.0
1787909339.971524,2026-08-28T09:28:59+00:00,http_log_35m_x1,27707.0,6.0,5010503258.0,5328204472.0,488.0,4239.0,0.0,913877.0,2289.0,0.0,0.0,0.0,0.0,16.0,38.0,533613208.0,2695842304.0,21735464960.0,65228.0,37246144512.0,3202371655.0,0.0,2541.0,7535092.0,6349.0,624605.0,42431.0,0.0,0.0,5914.0,0.0
1787909340.973276,2026-08-28T09:29:00+00:00,http_log_35m_x1,27707.0,6.0,5010503258.0,5328204472.0,488.0,4239.0,0.0,913877.0,2289.0,0.0,0.0,0.0,0.0,16.0,38.0,533613208.0,2695842304.0,21735464960.0,65228.0,37246144512.0,3202371655.0,0.0,2541.0,7535092.0,6349.0,624605.0,42431.0,0.0,0.0,5914.0,0.0
1787909341.975081,2026-08-28T09:29:01+00:00,http_log_35m_x1,27707.0,6.0,5010503258.0,5328204472.0,488.0,4239.0,0.0,913877.0,2289.0,0.0,1.0,0.0,0.0,16.0,31.0,533613208.0,2695842304.0,21735464960.0,65228.0,37246144512.0,3202371655.0,0.0,2541.0,7535092.0,6349.0,624605.0,42431.0,0.0,0.0,5914.0,0.0
1787909342.98013,2026-08-28T09:29:02+00:00,http_log_35m_x1,27707.0,6.0,5010503258.0,5333453837.0,488.0,4244.0,0.0,2008941.0,1613.0,0.0,0.0,0.0,0.0,16.0,31.0,533613208.0,2695842304.0,21735464960.0,65228.0,37246144512.0,3202371655.0,0.0,2541.0,7535092.0,6349.0,624605.0,42431.0,0.0,0.0,5914.0,0.0
1787909343.985225,2026-08-28T09:29:03+00:00,http_log_35m_x1,27707.0,6.0,5010503258.0,5333453837.0,488.0,4244.0,0.0,2008941.0,1613.0,0.0,1.0,0.0,0.0,16.0,31.0,533613208.0,2695842304.0,21735464960.0,65228.0,37246144512.0,3202371655.0,0.0,2541.0,7535092.0,6349.0,624605.0,42431.0,0.0,0.0,5914.0,0.0
1787909344.990308,2026-08-28T09:29:04+00:00,http_log_35m_x1,27707.0,6.0,5010503258.0,5333453837.0,488.0,4244.0,0.0,2008941.0,1613.0,0.0,1.0,0.0,0.0,16.0,31.0,533613208.0,2695842304.0,21735464960.0,65228.0,37246144512.0,3202371655.0,0.0,2541.0,7535092.0,6349.0,624605.0,42431.0,0.0,0.0,5914.0,0.0
1787909345.99152,2026-08-28T09:29:06+00:00,http_log_35m_x1,27707.0,6.0,5010503258.0,5333453837.0,488.0,4244.0,0.0,2008941.0,1613.0,0.0,1.0,0.0,0.0,16.0,31.0,533613208.0,2695842304.0,21735464960.0,65228.0,37246144512.0,3202371655.0,0.0,2541.0,7535092.0,6349.0,624605.0,42431.0,0.0,0.0,5914.0,0.0
1787909346.996593,2026-08-28T09:29:07+00:00,http_log_35m_x1,27707.0,6.0,5010503258.0,5333453837.0,488.0,4244.0,0.0,2008941.0,1613.0,0.0,2.0,0.0,0.0,16.0,28.0,533613208.0,2695842304.0,21735464960.0,65228.0,37246144512.0,3202371655.0,0.0,2541.0,7535092.0,6349.0,624605.0,42431.0,0.0,0.0,5914.0,0.0
1787909347.9988081,2026-08-28T09:29:08+00:00,http_log_35m_x1,27707.0,6.0,5010503258.0,5333453837.0,488.0,4244.0,0.0,2008941.0,1613.0,0.0,2.0,0.0,0.0,16.0,28.0,533613208.0,2695842304.0,21735464960.0,65228.0,37246144512.0,3202371655.0,0.0,2541.0,7535092.0,6349.0,624605.0,42431.0,0.0,0.0,5914.0,0.0
1787909349.002432,2026-08-28T09:29:09+00:00,http_log_35m_x1,27707.0,6.0,5010503258.0,5336431339.0,488.0,4249.0,0.0,854867.0,2483.0,0.0,1.0,0.0,0.0,16.0,28.0,533613208.0,2695842304.0,21735464960.0,65228.0,37246144512.0,3202371655.0,0.0,2541.0,7535092.0,6349.0,624605.0,42431.0,0.0,0.0,5914.0,0.0
1787909350.007481,2026-08-28T09:29:10+00:00,http_log_35m_x1,27707.0,6.0,5010503258.0,5336431339.0,488.0,4249.0,0.0,854867.0,2483.0,0.0,1.0,0.0,0.0,16.0,28.0,533613208.0,2695842304.0,21735464960.0,65228.0,37246144512.0,3202371655.0,0.0,2541.0,7535092.0,6349.0,624605.0,42431.0,0.0,0.0,5914.0,0.0
1787909351.012584,2026-08-28T09:29:11+00:00,http_log_35m_x1,27707.0,6.0,5010503258.0,5336431339.0,488.0,4249.0,0.0,854867.0,2483.0,0.0,2.0,0.0,0.0,16.0,21.0,533613208.0,2695842304.0,21735464960.0,65228.0,37246144512.0,3202371655.0,0.0,2541.0,7535092.0,6349.0,624605.0,42431.0,0.0,0.0,5914.0,0.0
1787909352.017685,2026-08-28T09:29:12+00:00,http_log_35m_x1,27707.0,6.0,5010503258.0,5341681388.0,488.0,4254.0,337249288.0,1916775.0,1739.0,0.0,1.0,0.0,0.0,16.0,21.0,870217344.0,2695842304.0,21773193216.0,65332.0,37246144512.0,3202371655.0,0.0,2569.0,7544699.0,6359.0,626890.0,42501.0,0.0,0.0,5932.0,0.0
1787909353.018222,2026-08-28T09:29:13+00:00,http_log_35m_x1,27707.0,6.0,5010503258.0,5341681388.0,488.0,4254.0,337249288.0,1916775.0,1739.0,0.0,1.0,0.0,0.0,16.0,21.0,870217344.0,2695842304.0,21773193216.0,65332.0,37246144512.0,3202371655.0,0.0,2569.0,7544699.0,6359.0,626890.0,42501.0,0.0,0.0,5932.0,0.0
1787909354.0220642,2026-08-28T09:29:14+00:00,http_log_35m_x1,27707.0,6.0,5010503258.0,5341681388.0,488.0,4254.0,337249288.0,1916775.0,1739.0,0.0,1.0,0.0,0.0,16.0,21.0,870217344.0,2695842304.0,21773193216.0,65332.0,37246144512.0,3202371655.0,0.0,2569.0,7544699.0,6359.0,626890.0,42501.0,0.0,0.0,5932.0,0.0
1787909355.0271502,2026-08-28T09:29:15+00:00,http_log_35m_x1,27707.0,6.0,5010503258.0,5341681388.0,488.0,4254.0,337249288.0,1916775.0,1739.0,0.0,2.0,0.0,0.0,16.0,20.0,870217344.0,2695842304.0,21773193216.0,65332.0,37246144512.0,3202371655.0,0.0,2569.0,7544699.0,6359.0,626890.0,42501.0,0.0,0.0,5932.0,0.0
1787909356.027988,2026-08-28T09:29:16+00:00,http_log_35m_x1,27707.0,6.0,5010503258.0,5341681388.0,488.0,4254.0,337249288.0,1916775.0,1739.0,1.0,2.0,0.0,0.0,16.0,20.0,870217344.0,2695842304.0,21773193216.0,65332.0,37246144512.0,3202371655.0,0.0,2569.0,7544699.0,6359.0,626890.0,42501.0,0.0,0.0,5932.0,0.0
1787909357.03308,2026-08-28T09:29:17+00:00,http_log_35m_x1,27707.0,6.0,5010503258.0,5349220009.0,488.0,4259.0,337249288.0,2029238.0,2715.0,1.0,2.0,0.0,0.0,16.0,10.0,870217344.0,2695842304.0,21773193216.0,65332.0,37246144512.0,3202371655.0,0.0,2569.0,7544699.0,6359.0,626890.0,42501.0,0.0,0.0,5932.0,0.0
1787909358.03776,2026-08-28T09:29:18+00:00,http_log_35m_x1,27707.0,6.0,5010503258.0,5350396341.0,488.0,4261.0,337249288.0,520040.0,1262.0,1.0,1.0,0.0,0.0,16.0,10.0,870217344.0,2695842304.0,21773193216.0,65332.0,37246144512.0,3202371655.0,0.0,2569.0,7544699.0,6359.0,626890.0,42501.0,0.0,0.0,5932.0,0.0
1787909359.042861,2026-08-28T09:29:19+00:00,http_log_35m_x1,27707.0,6.0,5010503258.0,5351563152.0,488.0,4263.0,337249288.0,603003.0,935.0,1.0,2.0,0.0,0.0,16.0,17.0,870217344.0,2695842304.0,21773193216.0,65332.0,37246144512.0,3202371655.0,0.0,2569.0,7544699.0,6359.0,626890.0,42501.0,0.0,0.0,5932.0,0.0
1787909360.047968,2026-08-28T09:29:20+00:00,http_log_35m_x1,27707.0,6.0,5010503258.0,5351563152.0,488.0,4263.0,337249288.0,603003.0,935.0,1.0,3.0,0.0,0.0,16.0,11.0,870217344.0,2695842304.0,21773193216.0,65332.0,37246144512.0,3202371655.0,0.0,2569.0,7544699.0,6359.0,626890.0,42501.0,0.0,0.0,5932.0,0.0
1787909361.049738,2026-08-28T09:29:21+00:00,http_log_35m_x1,27707.0,6.0,5010503258.0,5351563152.0,488.0,4263.0,337249288.0,603003.0,935.0,1.0,3.0,0.0,0.0,16.0,11.0,870217344.0,2695842304.0,21773193216.0,65332.0,37246144512.0,3202371655.0,0.0,2569.0,7544699.0,6359.0,626890.0,42501.0,0.0,0.0,5932.0,0.0
1787909362.05092,2026-08-28T09:29:22+00:00,http_log_35m_x1,27707.0,6.0,5010503258.0,5405294207.0,488.0,4270.0,337249288.0,535768.0,1265.0,1.0,2.0,0.0,0.0,16.0,18.0,870217344.0,2695842304.0,21773193216.0,65332.0,37246144512.0,3202371655.0,0.0,2569.0,7544699.0,6359.0,626890.0,42501.0,0.0,0.0,5932.0,0.0
1787909363.0536819,2026-08-28T09:29:23+00:00,http_log_35m_x1,27707.0,6.0,5010503258.0,5414976005.0,488.0,4273.0,337249288.0,2228261.0,3345.0,1.0,1.0,0.0,0.0,16.0,18.0,870217344.0,2695842304.0,21773193216.0,65332.0,37246144512.0,3202371655.0,0.0,2569.0,7544699.0,6359.0,626890.0,42501.0,0.0,0.0,5932.0,0.0
1787909364.058753,2026-08-28T09:29:24+00:00,http_log_35m_x1,27707.0,6.0,5010503258.0,5417367585.0,488.0,4276.0,337249288.0,799057.0,1993.0,1.0,1.0,0.0,0.0,16.0,17.0,870217344.0,2695842304.0,21773193216.0,65332.0,37246144512.0,3202371655.0,0.0,2569.0,7544699.0,6359.0,626890.0,42501.0,0.0,0.0,5932.0,0.0
1787909365.063623,2026-08-28T09:29:25+00:00,http_log_35m_x1,27707.0,6.0,5010503258.0,5417367585.0,488.0,4276.0,337249288.0,799057.0,1993.0,1.0,1.0,0.0,0.0,16.0,17.0,870217344.0,2695842304.0,21773193216.0,65332.0,37246144512.0,3202371655.0,0.0,2569.0,7544699.0,6359.0,626890.0,42501.0,0.0,0.0,5932.0,0.0
1787909366.06872,2026-08-28T09:29:26+00:00,http_log_35m_x1,27707.0,6.0,5010503258.0,5417367585.0,488.0,4276.0,337249288.0,799057.0,1993.0,1.0,2.0,0.0,0.0,16.0,18.0,870217344.0,2695842304.0,21773193216.0,65332.0,37246144512.0,3202371655.0,0.0,2569.0,7544699.0,6359.0,626890.0,42501.0,0.0,0.0,5932.0,0.0
1787909367.0723898,2026-08-28T09:29:27+00:00,http_log_35m_x1,27707.0,6.0,5010503258.0,5422126119.0,488.0,4281.0,874316624.0,635479.0,924.0,1.0,1.0,0.0,0.0,16.0,17.0,1409799448.0,2695842304.0,21924372480.0,65492.0,37246144512.0,3202371655.0,1.0,2593.0,7552368.0,6374.0,630980.0,42704.0,0.0,0.0,5948.0,0.0
1787909368.077445,2026-08-28T09:29:28+00:00,http_log_35m_x1,27707.0,6.0,5010503258.0,5422126119.0,488.0,4281.0,874316624.0,635479.0,924.0,1.0,1.0,0.0,0.0,16.0,17.0,1409799448.0,2695842304.0,21924372480.0,65492.0,37246144512.0,3202371655.0,1.0,2593.0,7552368.0,6374.0,630980.0,42704.0,0.0,0.0,5948.0,0.0
1787909369.0825322,2026-08-28T09:29:29+00:00,http_log_35m_x1,27707.0,6.0,5010503258.0,5427383962.0,488.0,4284.0,874316624.0,2068388.0,1542.0,1.0,1.0,0.0,0.0,16.0,16.0,1409799448.0,2695842304.0,21924372480.0,65492.0,37246144512.0,3202371655.0,1.0,2593.0,7552368.0,6374.0,630980.0,42704.0,0.0,0.0,5948.0,0.0
1787909370.087577,2026-08-28T09:29:30+00:00,http_log_35m_x1,27707.0,6.0,5010503258.0,5427383962.0,488.0,4284.0,874316624.0,2068388.0,1542.0,1.0,1.0,0.0,0.0,16.0,16.0,1409799448.0,2695842304.0,21924372480.0,65492.0,37246144512.0,3202371655.0,1.0,2593.0,7552368.0,6374.0,630980.0,42704.0,0.0,0.0,5948.0,0.0
1787909371.0926871,2026-08-28T09:29:31+00:00,http_log_35m_x1,27707.0,6.0,5010503258.0,5433784033.0,488.0,4287.0,874316624.0,2257520.0,1835.0,1.0,1.0,0.0,0.0,16.0,19.0,1409799448.0,2695842304.0,21924372480.0,65492.0,37246144512.0,3202371655.0,1.0,2593.0,7552368.0,6374.0,630980.0,42704.0,0.0,0.0,5948.0,0.0
1787909372.097791,2026-08-28T09:29:32+00:00,http_log_35m_x1,27707.0,6.0,5010503258.0,5434969641.0,488.0,4289.0,874316624.0,634014.0,870.0,1.0,1.0,0.0,0.0,16.0,18.0,1409799448.0,2695842304.0,21924372480.0,65492.0,37246144512.0,3202371655.0,1.0,2593.0,7552368.0,6374.0,630980.0,42704.0,0.0,0.0,5948.0,0.0
1787909373.102868,2026-08-28T09:29:33+00:00,http_log_35m_x1,27707.0,6.0,5010503258.0,5434969641.0,488.0,4289.0,874316624.0,634014.0,870.0,1.0,2.0,0.0,0.0,16.0,16.0,1409799448.0,2695842304.0,21924372480.0,65492.0,37246144512.0,3202371655.0,1.0,2593.0,7552368.0,6374.0,630980.0,42704.0,0.0,0.0,5948.0,0.0
1787909374.105401,2026-08-28T09:29:34+00:00,http_log_35m_x1,27707.0,6.0,5010503258.0,5436726165.0,488.0,4291.0,874316624.0,687754.0,1554.0,1.0,2.0,0.0,0.0,16.0,10.0,1409799448.0,2695842304.0,21924372480.0,65492.0,37246144512.0,3202371655.0,1.0,2593.0,7552368.0,6374.0,630980.0,42704.0,0.0,0.0,5948.0,0.0
1787909375.1104572,2026-08-28T09:29:35+00:00,http_log_35m_x1,27707.0,6.0,5010503258.0,5436726165.0,488.0,4291.0,874316624.0,687754.0,1554.0,1.0,2.0,0.0,0.0,16.0,10.0,1409799448.0,2695842304.0,21924372480.0,65492.0,37246144512.0,3202371655.0,1.0,2593.0,7552368.0,6374.0,630980.0,42704.0,0.0,0.0,5948.0,0.0
1787909376.110851,2026-08-28T09:29:36+00:00,http_log_35m_x1,27707.0,6.0,5010503258.0,5436726165.0,488.0,4291.0,874316624.0,687754.0,1554.0,1.0,2.0,0.0,0.0,16.0,10.0,1409799448.0,2695842304.0,21924372480.0,65492.0,37246144512.0,3202371655.0,1.0,2593.0,7552368.0,6374.0,630980.0,42704.0,0.0,0.0,5948.0,0.0
1787909377.115972,2026-08-28T09:29:37+00:00,http_log_35m_x1,27707.0,6.0,5010503258.0,5439650617.0,488.0,4294.0,874316624.0,756454.0,2866.0,1.0,2.0,0.0,0.0,16.0,9.0,1409799448.0,2695842304.0,21924372480.0,65492.0,37246144512.0,3202371655.0,1.0,2593.0,7552368.0,6374.0,630980.0,42704.0,0.0,0.0,5948.0,0.0
1787909378.118847,2026-08-28T09:29:38+00:00,http_log_35m_x1,27707.0,6.0,5010503258.0,5439650617.0,488.0,4294.0,874316624.0,756454.0,2866.0,1.0,3.0,0.0,0.0,16.0,10.0,1409799448.0,2695842304.0,21924372480.0,65492.0,37246144512.0,3202371655.0,1.0,2593.0,7552368.0,6374.0,630980.0,42704.0,0.0,0.0,5948.0,0.0
1787909379.122426,2026-08-28T09:29:39+00:00,http_log_35m_x1,27707.0,6.0,5010503258.0,5439650617.0,488.0,4294.0,874316624.0,756454.0,2866.0,1.0,3.0,0.0,0.0,16.0,10.0,1409799448.0,2695842304.0,21924372480.0,65492.0,37246144512.0,3202371655.0,1.0,2593.0,7552368.0,6374.0,630980.0,42704.0,0.0,0.0,5948.0,0.0
1787909380.1275048,2026-08-28T09:29:40+00:00,http_log_35m_x1,27707.0,6.0,5010503258.0,5444910210.0,488.0,4299.0,874316624.0,996024.0,3090.0,1.0,2.0,0.0,0.0,16.0,12.0,1409799448.0,2695842304.0,21924372480.0,65492.0,37246144512.0,3202371655.0,1.0,2593.0,7552368.0,6374.0,630980.0,42704.0,0.0,0.0,5948.0,0.0
1787909381.132604,2026-08-28T09:29:41+00:00,http_log_35m_x1,27707.0,6.0,5010503258.0,5444910210.0,488.0,4299.0,874316624.0,996024.0,3090.0,1.0,2.0,0.0,0.0,16.0,12.0,1409799448.0,2695842304.0,21924372480.0,65492.0,37246144512.0,3202371655.0,1.0,2593.0,7552368.0,6374.0,630980.0,42704.0,0.0,0.0,5948.0,0.0
1787909382.135764,2026-08-28T09:29:42+00:00,http_log_35m_x1,27707.0,6.0,5010503258.0,5447236418.0,488.0,4302.0,1651102456.0,749422.0,2104.0,1.0,2.0,0.0,0.0,16.0,18.0,2189723904.0,2695842304.0,21983252480.0,65621.0,37246144512.0,3202371655.0,0.0,2617.0,7559678.0,6385.0,635471.0,42799.0,0.0,0.0,5967.0,0.0
1787909383.136798,2026-08-28T09:29:43+00:00,http_log_35m_x1,27707.0,6.0,5010503258.0,5447236418.0,488.0,4302.0,1651102456.0,749422.0,2104.0,1.0,3.0,0.0,0.0,16.0,9.0,2189723904.0,2695842304.0,21983252480.0,65621.0,37246144512.0,3202371655.0,0.0,2617.0,7559678.0,6385.0,635471.0,42799.0,0.0,0.0,5967.0,0.0
1787909384.14188,2026-08-28T09:29:44+00:00,http_log_35m_x1,27707.0,6.0,5010503258.0,5448449993.0,488.0,4304.0,1651102456.0,525129.0,1311.0,1.0,3.0,0.0,0.0,16.0,10.0,2189723904.0,2695842304.0,21983252480.0,65621.0,37246144512.0,3202371655.0,0.0,2617.0,7559678.0,6385.0,635471.0,42799.0,0.0,0.0,5967.0,0.0
1787909385.142525,2026-08-28T09:29:45+00:00,http_log_35m_x1,27707.0,6.0,5010503258.0,5448449993.0,488.0,4304.0,1651102456.0,525129.0,1311.0,1.0,4.0,0.0,0.0,16.0,10.0,2189723904.0,2695842304.0,21983252480.0,65621.0,37246144512.0,3202371655.0,0.0,2617.0,7559678.0,6385.0,635471.0,42799.0,0.0,0.0,5967.0,0.0
1787909386.146959,2026-08-28T09:29:46+00:00,http_log_35m_x1,27707.0,6.0,5010503258.0,5454716895.0,488.0,4306.0,1651102456.0,1730710.0,2621.0,1.0,3.0,0.0,0.0,16.0,10.0,2189723904.0,2695842304.0,21983252480.0,65621.0,37246144512.0,3202371655.0,0.0,2617.0,7559678.0,6385.0,635471.0,42799.0,0.0,0.0,5967.0,0.0
1787909387.1508758,2026-08-28T09:29:47+00:00,http_log_35m_x1,27707.0,6.0,5010503258.0,5457687513.0,488.0,4310.0,1651102456.0,461108.0,1551.0,1.0,2.0,0.0,0.0,16.0,20.0,2189723904.0,2695842304.0,21983252480.0,65621.0,37246144512.0,3202371655.0,0.0,2617.0,7559678.0,6385.0,635471.0,42799.0,0.0,0.0,5967.0,0.0
1787909388.155977,2026-08-28T09:29:48+00:00,http_log_35m_x1,27707.0,6.0,5010503258.0,5457687513.0,488.0,4310.0,1651102456.0,461108.0,1551.0,1.0,3.0,0.0,0.0,16.0,17.0,2189723904.0,2695842304.0,21983252480.0,65621.0,37246144512.0,3202371655.0,0.0,2617.0,7559678.0,6385.0,635471.0,42799.0,0.0,0.0,5967.0,0.0
1787909389.1596868,2026-08-28T09:29:49+00:00,http_log_35m_x1,27707.0,6.0,5010503258.0,5458882206.0,488.0,4312.0,1651102456.0,540829.0,1209.0,1.0,3.0,0.0,0.0,16.0,10.0,2189723904.0,2695842304.0,21983252480.0,65621.0,37246144512.0,3202371655.0,0.0,2617.0,7559678.0,6385.0,635471.0,42799.0,0.0,0.0,5967.0,0.0
1787909390.1648378,2026-08-28T09:29:50+00:00,http_log_35m_x1,27707.0,6.0,5010503258.0,5458882206.0,488.0,4312.0,1651102456.0,540829.0,1209.0,1.0,3.0,0.0,0.0,16.0,10.0,2189723904.0,2695842304.0,21983252480.0,65621.0,37246144512.0,3202371655.0,0.0,2617.0,7559678.0,6385.0,635471.0,42799.0,0.0,0.0,5967.0,0.0
1787909391.168683,2026-08-28T09:29:51+00:00,http_log_35m_x1,27707.0,6.0,5010503258.0,5458882206.0,488.0,4312.0,1651102456.0,540829.0,1209.0,1.0,4.0,0.0,0.0,16.0,10.0,2189723904.0,2695842304.0,21983252480.0,65621.0,37246144512.0,3202371655.0,0.0,2617.0,7559678.0,6385.0,635471.0,42799.0,0.0,0.0,5967.0,0.0
1787909392.173768,2026-08-28T09:29:52+00:00,http_log_35m_x1,27707.0,6.0,5010503258.0,5469778443.0,488.0,4317.0,1651102456.0,1915282.0,3777.0,1.0,3.0,0.0,0.0,16.0,16.0,2189723904.0,2695842304.0,21983252480.0,65621.0,37246144512.0,3202371655.0,0.0,2617.0,7559678.0,6385.0,635471.0,42799.0,0.0,0.0,5967.0,0.0
1787909393.1761339,2026-08-28T09:29:53+00:00,http_log_35m_x1,27707.0,6.0,5010503258.0,5470973216.0,488.0,4319.0,1651102456.0,533142.0,1241.0,1.0,3.0,0.0,0.0,16.0,12.0,2189723904.0,2695842304.0,21983252480.0,65621.0,37246144512.0,3202371655.0,0.0,2617.0,7559678.0,6385.0,635471.0,42799.0,0.0,0.0,5967.0,0.0
1787909394.181241,2026-08-28T09:29:54+00:00,http_log_35m_x1,27707.0,6.0,5010503258.0,5470973216.0,488.0,4319.0,1651102456.0,533142.0,1241.0,1.0,3.0,0.0,0.0,16.0,12.0,2189723904.0,2695842304.0,21983252480.0,65621.0,37246144512.0,3202371655.0,0.0,2617.0,7559678.0,6385.0,635471.0,42799.0,0.0,0.0,5967.0,0.0
1787909395.185098,2026-08-28T09:29:55+00:00,http_log_35m_x1,27707.0,6.0,5010503258.0,5470973216.0,488.0,4319.0,1651102456.0,533142.0,1241.0,1.0,4.0,0.0,0.0,16.0,11.0,2189723904.0,2695842304.0,21983252480.0,65621.0,37246144512.0,3202371655.0,0.0,2617.0,7559678.0,6385.0,635471.0,42799.0,0.0,0.0,5967.0,0.0
1787909396.190208,2026-08-28T09:29:56+00:00,http_log_35m_x1,27707.0,6.0,5010503258.0,5484160487.0,488.0,4324.0,2481672848.0,2062063.0,4240.0,1.0,2.0,0.0,0.0,16.0,11.0,3025411712.0,2695842304.0,22497918976.0,66164.0,37246144512.0,3202371655.0,3.0,2646.0,7565118.0,6426.0,641667.0,42988.0,0.0,0.0,5988.0,0.0
1787909397.195275,2026-08-28T09:29:57+00:00,http_log_35m_x1,27707.0,6.0,5010503258.0,5485383166.0,488.0,4326.0,2481672848.0,513299.0,1382.0,1.0,2.0,0.0,0.0,16.0,20.0,3025411712.0,2695842304.0,22497918976.0,66164.0,36451495936.0,3253729174.0,3.0,2646.0,7565118.0,6426.0,641667.0,42988.0,0.0,0.0,5988.0,0.0
1787909398.198486,2026-08-28T09:29:58+00:00,http_log_35m_x1,27707.0,6.0,5010503258.0,5486568871.0,488.0,4328.0,2481672848.0,542160.0,1187.0,1.0,2.0,0.0,0.0,16.0,17.0,3025411712.0,2695842304.0,22497918976.0,66164.0,36451495936.0,3253729174.0,3.0,2646.0,7565118.0,6426.0,641667.0,42988.0,0.0,0.0,5988.0,0.0
1787909399.203608,2026-08-28T09:29:59+00:00,http_log_35m_x1,27707.0,6.0,5010503258.0,5486568871.0,488.0,4328.0,2481672848.0,542160.0,1187.0,1.0,3.0,0.0,0.0,16.0,12.0,3025411712.0,2695842304.0,22497918976.0,66164.0,36451495936.0,3253729174.0,3.0,2646.0,7565118.0,6426.0,641667.0,42988.0,0.0,0.0,5988.0,0.0
1787909400.208698,2026-08-28T09:30:00+00:00,http_log_35m_x1,27707.0,6.0,5010503258.0,5554926068.0,488.0,4331.0,2481672848.0,2457124.0,26820.0,1.0,2.0,0.0,0.0,16.0,12.0,3025411712.0,2695842304.0,22497918976.0,66164.0,36451495936.0,3253729174.0,3.0,2646.0,7565118.0,6426.0,641667.0,42988.0,0.0,0.0,5988.0,0.0
1787909401.2110589,2026-08-28T09:30:01+00:00,http_log_35m_x1,27707.0,6.0,5010503258.0,5557270590.0,488.0,4334.0,2481672848.0,720062.0,2256.0,1.0,2.0,0.0,0.0,16.0,16.0,3025411712.0,2695842304.0,22497918976.0,66164.0,36451495936.0,3253729174.0,3.0,2646.0,7565118.0,6426.0,641667.0,42988.0,0.0,0.0,5988.0,0.0
1787909402.211203,2026-08-28T09:30:02+00:00,http_log_35m_x1,27707.0,6.0,5010503258.0,5557270590.0,488.0,4334.0,2481672848.0,720062.0,2256.0,1.0,2.0,0.0,0.0,16.0,16.0,3025411712.0,2695842304.0,22497918976.0,66164.0,36451495936.0,3253729174.0,3.0,2646.0,7565118.0,6426.0,641667.0,42988.0,0.0,0.0,5988.0,0.0
1787909403.214514,2026-08-28T09:30:03+00:00,http_log_35m_x1,27707.0,6.0,5010503258.0,5558484309.0,488.0,4336.0,2481672848.0,502783.0,1414.0,1.0,2.0,0.0,0.0,16.0,18.0,3025411712.0,2695842304.0,22497918976.0,66164.0,36451495936.0,3253729174.0,3.0,2646.0,7565118.0,6426.0,641667.0,42988.0,0.0,0.0,5988.0,0.0
1787909404.2196229,2026-08-28T09:30:04+00:00,http_log_35m_x1,27707.0,6.0,5010503258.0,5572767713.0,488.0,4339.0,2481672848.0,2221023.0,5431.0,1.0,1.0,0.0,0.0,16.0,18.0,3025411712.0,2695842304.0,22497918976.0,66164.0,36451495936.0,3253729174.0,3.0,2646.0,7565118.0,6426.0,641667.0,42988.0,0.0,0.0,5988.0,0.0
1787909405.224701,2026-08-28T09:30:05+00:00,http_log_35m_x1,27707.0,6.0,5010503258.0,5572767713.0,488.0,4339.0,2481672848.0,2221023.0,5431.0,1.0,2.0,0.0,0.0,16.0,18.0,3025411712.0,2695842304.0,22497918976.0,66164.0,36451495936.0,3253729174.0,3.0,2646.0,7565118.0,6426.0,641667.0,42988.0,0.0,0.0,5988.0,0.0
1787909406.229781,2026-08-28T09:30:06+00:00,http_log_35m_x1,27707.0,6.0,5010503258.0,5578564102.0,488.0,4345.0,2481672848.0,541041.0,1174.0,1.0,0.0,0.0,0.0,16.0,18.0,3025411712.0,2695842304.0,22497918976.0,66164.0,36451495936.0,3253729174.0,3.0,2646.0,7565118.0,6426.0,641667.0,42988.0,0.0,0.0,5988.0,0.0
1787909407.2328918,2026-08-28T09:30:07+00:00,http_log_35m_x1,27707.0,6.0,5010503258.0,5578564102.0,488.0,4345.0,2481672848.0,541041.0,1174.0,1.0,1.0,0.0,0.0,16.0,19.0,3025411712.0,2695842304.0,22497918976.0,66164.0,36451495936.0,3253729174.0,3.0,2646.0,7565118.0,6426.0,641667.0,42988.0,0.0,0.0,5988.0,0.0
1787909408.236964,2026-08-28T09:30:08+00:00,http_log_35m_x1,27707.0,6.0,5010503258.0,5578564102.0,488.0,4345.0,2481672848.0,541041.0,1174.0,1.0,1.0,0.0,0.0,16.0,19.0,3025411712.0,2695842304.0,22497918976.0,66164.0,36451495936.0,3253729174.0,3.0,2646.0,7565118.0,6426.0,641667.0,42988.0,0.0,0.0,5988.0,0.0
1787909409.239359,2026-08-28T09:30:09+00:00,http_log_35m_x1,27707.0,6.0,5010503258.0,5586004314.0,488.0,4350.0,2481672848.0,2226275.0,2342.0,1.0,0.0,0.0,0.0,16.0,19.0,3025411712.0,2695842304.0,22497918976.0,66164.0,36451495936.0,3253729174.0,3.0,2646.0,7565118.0,6426.0,641667.0,42988.0,0.0,0.0,5988.0,0.0
1787909410.244427,2026-08-28T09:30:10+00:00,http_log_35m_x1,27707.0,6.0,5010503258.0,5586004314.0,488.0,4350.0,2481672848.0,2226275.0,2342.0,1.0,1.0,0.0,0.0,16.0,19.0,3025411712.0,2695842304.0,22497918976.0,66164.0,36451495936.0,3253729174.0,3.0,2646.0,7565118.0,6426.0,641667.0,42988.0,0.0,0.0,5988.0,0.0
1787909411.246987,2026-08-28T09:30:11+00:00,http_log_35m_x1,27707.0,6.0,5010503258.0,5587217983.0,488.0,4352.0,2248062960.0,538212.0,1255.0,1.0,1.0,0.0,0.0,16.0,16.0,2792167824.0,2695842304.0,22692859904.0,66372.0,36451495936.0,3253729174.0,1.0,2670.0,7572530.0,6444.0,646079.0,43108.0,0.0,0.0,6007.0,0.0
1787909412.2520802,2026-08-28T09:30:12+00:00,http_log_35m_x1,27707.0,6.0,5010503258.0,5587217983.0,488.0,4352.0,2248062960.0,538212.0,1255.0,1.0,2.0,0.0,0.0,16.0,12.0,2792167824.0,2695842304.0,22692859904.0,66372.0,36451495936.0,3253729174.0,1.0,2670.0,7572530.0,6444.0,646079.0,43108.0,0.0,0.0,6007.0,0.0
1787909413.255061,2026-08-28T09:30:13+00:00,http_log_35m_x1,27707.0,6.0,5010503258.0,5587217983.0,488.0,4352.0,2248062960.0,538212.0,1255.0,1.0,2.0,0.0,0.0,16.0,12.0,2792167824.0,2695842304.0,22692859904.0,66372.0,36451495936.0,3253729174.0,1.0,2670.0,7572530.0,6444.0,646079.0,43108.0,0.0,0.0,6007.0,0.0
1787909414.258394,2026-08-28T09:30:14+00:00,http_log_35m_x1,27707.0,6.0,5010503258.0,5589599491.0,488.0,4355.0,2248062960.0,767733.0,2102.0,1.0,2.0,0.0,0.0,16.0,10.0,2792167824.0,2695842304.0,22692859904.0,66372.0,36451495936.0,3253729174.0,1.0,2670.0,7572530.0,6444.0,646079.0,43108.0,0.0,0.0,6007.0,0.0
1787909415.2634518,2026-08-28T09:30:15+00:00,http_log_35m_x1,27707.0,6.0,5010503258.0,5590803797.0,488.0,4357.0,2248062960.0,549409.0,1192.0,1.0,1.0,0.0,0.0,16.0,10.0,2792167824.0,2695842304.0,22692859904.0,66372.0,36451495936.0,3253729174.0,1.0,2670.0,7572530.0,6444.0,646079.0,43108.0,0.0,0.0,6007.0,0.0
1787909416.2685618,2026-08-28T09:30:16+00:00,http_log_35m_x1,27707.0,6.0,5010503258.0,5590803797.0,488.0,4357.0,2248062960.0,549409.0,1192.0,1.0,2.0,0.0,0.0,16.0,12.0,2792167824.0,2695842304.0,22692859904.0,66372.0,36451495936.0,3253729174.0,1.0,2670.0,7572530.0,6444.0,646079.0,43108.0,0.0,0.0,6007.0,0.0
1787909417.272023,2026-08-28T09:30:17+00:00,http_log_35m_x1,27707.0,6.0,5010503258.0,5590803797.0,488.0,4357.0,2248062960.0,549409.0,1192.0,1.0,2.0,0.0,0.0,16.0,12.0,2792167824.0,2695842304.0,22692859904.0,66372.0,36451495936.0,3253729174.0,1.0,2670.0,7572530.0,6444.0,646079.0,43108.0,0.0,0.0,6007.0,0.0
1787909418.276365,2026-08-28T09:30:18+00:00,http_log_35m_x1,27707.0,6.0,5010503258.0,5590803797.0,488.0,4357.0,2248062960.0,549409.0,1192.0,1.0,3.0,0.0,0.0,16.0,10.0,2792167824.0,2695842304.0,22692859904.0,66372.0,36451495936.0,3253729174.0,1.0,2670.0,7572530.0,6444.0,646079.0,43108.0,0.0,0.0,6007.0,0.0
1787909419.281457,2026-08-28T09:30:19+00:00,http_log_35m_x1,27707.0,6.0,5010503258.0,5596675413.0,488.0,4363.0,2248062960.0,546792.0,1186.0,1.0,1.0,0.0,0.0,16.0,10.0,2792167824.0,2695842304.0,22692859904.0,66372.0,36451495936.0,3253729174.0,1.0,2670.0,7572530.0,6444.0,646079.0,43108.0,0.0,0.0,6007.0,0.0
1787909420.2865632,2026-08-28T09:30:20+00:00,http_log_35m_x1,27707.0,6.0,5010503258.0,5596675413.0,488.0,4363.0,2248062960.0,546792.0,1186.0,1.0,2.0,0.0,0.0,16.0,11.0,2792167824.0,2695842304.0,22692859904.0,66372.0,36451495936.0,3253729174.0,1.0,2670.0,7572530.0,6444.0,646079.0,43108.0,0.0,0.0,6007.0,0.0
1787909421.291625,2026-08-28T09:30:21+00:00,http_log_35m_x1,27707.0,6.0,5010503258.0,5596675413.0,488.0,4363.0,2248062960.0,546792.0,1186.0,1.0,2.0,0.0,0.0,16.0,11.0,2792167824.0,2695842304.0,22692859904.0,66372.0,36451495936.0,3253729174.0,1.0,2670.0,7572530.0,6444.0,646079.0,43108.0,0.0,0.0,6007.0,0.0
1787909422.29669,2026-08-28T09:30:22+00:00,http_log_35m_x1,27707.0,6.0,5010503258.0,5603585458.0,488.0,4367.0,2248062960.0,2007566.0,2442.0,1.0,2.0,0.0,0.0,16.0,10.0,2792167824.0,2695842304.0,22692859904.0,66372.0,36451495936.0,3253729174.0,1.0,2670.0,7572530.0,6444.0,646079.0,43108.0,0.0,0.0,6007.0,0.0
1787909423.2969651,2026-08-28T09:30:23+00:00,http_log_35m_x1,27707.0,6.0,5010503258.0,5604780652.0,488.0,4369.0,2248062960.0,528846.0,1260.0,1.0,1.0,0.0,0.0,16.0,10.0,2792167824.0,2695842304.0,22692859904.0,66372.0,36451495936.0,3253729174.0,1.0,2670.0,7572530.0,6444.0,646079.0,43108.0,0.0,0.0,6007.0,0.0
1787909424.297159,2026-08-28T09:30:24+00:00,http_log_35m_x1,27707.0,6.0,5010503258.0,5604780652.0,488.0,4369.0,2248062960.0,528846.0,1260.0,1.0,2.0,0.0,0.0,16.0,19.0,2792167824.0,2695842304.0,22692859904.0,66372.0,36451495936.0,3253729174.0,1.0,2670.0,7572530.0,6444.0,646079.0,43108.0,0.0,0.0,6007.0,0.0
1787909425.302248,2026-08-28T09:30:25+00:00,http_log_35m_x1,27707.0,6.0,5010503258.0,5605985336.0,488.0,4371.0,2248062960.0,574479.0,1097.0,1.0,2.0,0.0,0.0,16.0,16.0,2792167824.0,2695842304.0,22692859904.0,66372.0,36451495936.0,3253729174.0,1.0,2670.0,7572530.0,6444.0,646079.0,43108.0,0.0,0.0,6007.0,0.0
1787909426.3073568,2026-08-28T09:30:26+00:00,http_log_35m_x1,27707.0,6.0,5010503258.0,5605985336.0,488.0,4371.0,3203706888.0,574479.0,1097.0,1.0,3.0,0.0,0.0,16.0,12.0,3751994448.0,2695842304.0,22744121344.0,66481.0,36451495936.0,3253729174.0,0.0,2694.0,7579282.0,6455.0,651153.0,43223.0,0.0,0.0,6029.0,0.0
1787909427.312421,2026-08-28T09:30:27+00:00,http_log_35m_x1,27707.0,6.0,5010503258.0,5605985336.0,488.0,4371.0,3203706888.0,574479.0,1097.0,1.0,3.0,0.0,0.0,16.0,12.0,3751994448.0,2695842304.0,22744121344.0,66481.0,36451495936.0,3253729174.0,0.0,2694.0,7579282.0,6455.0,651153.0,43223.0,0.0,0.0,6029.0,0.0
1787909428.313372,2026-08-28T09:30:28+00:00,http_log_35m_x1,27707.0,6.0,5010503258.0,5616334500.0,488.0,4376.0,3203706888.0,705437.0,2350.0,1.0,2.0,0.0,0.0,16.0,11.0,3751994448.0,2695842304.0,22744121344.0,66481.0,36451495936.0,3253729174.0,0.0,2694.0,7579282.0,6455.0,651153.0,43223.0,0.0,0.0,6029.0,0.0
1787909429.318429,2026-08-28T09:30:29+00:00,http_log_35m_x1,27707.0,6.0,5010503258.0,5617511057.0,488.0,4378.0,3203706888.0,539952.0,1179.0,1.0,2.0,0.0,0.0,16.0,16.0,3751994448.0,2695842304.0,22744121344.0,66481.0,36451495936.0,3253729174.0,0.0,2694.0,7579282.0,6455.0,651153.0,43223.0,0.0,0.0,6029.0,0.0
1787909430.323501,2026-08-28T09:30:30+00:00,http_log_35m_x1,27707.0,6.0,5010503258.0,5617511057.0,488.0,4378.0,3203706888.0,539952.0,1179.0,1.0,3.0,0.0,0.0,16.0,12.0,3751994448.0,2695842304.0,22744121344.0,66481.0,36451495936.0,3253729174.0,0.0,2694.0,7579282.0,6455.0,651153.0,43223.0,0.0,0.0,6029.0,0.0
1787909431.328814,2026-08-28T09:30:31+00:00,http_log_35m_x1,27707.0,6.0,5010503258.0,5617511057.0,488.0,4378.0,3203706888.0,539952.0,1179.0,1.0,3.0,0.0,0.0,16.0,12.0,3751994448.0,2695842304.0,22744121344.0,66481.0,36451495936.0,3253729174.0,0.0,2694.0,7579282.0,6455.0,651153.0,43223.0,0.0,0.0,6029.0,0.0
1787909432.330986,2026-08-28T09:30:32+00:00,http_log_35m_x1,27707.0,6.0,5010503258.0,5619837117.0,488.0,4381.0,3203706888.0,694968.0,2347.0,1.0,3.0,0.0,0.0,16.0,10.0,3751994448.0,2695842304.0,22744121344.0,66481.0,36451495936.0,3253729174.0,0.0,2694.0,7579282.0,6455.0,651153.0,43223.0,0.0,0.0,6029.0,0.0
1787909433.336069,2026-08-28T09:30:33+00:00,http_log_35m_x1,27707.0,6.0,5010503258.0,5631264028.0,488.0,4385.0,3203706888.0,520249.0,1261.0,1.0,2.0,0.0,0.0,16.0,16.0,3751994448.0,2695842304.0,22744121344.0,66481.0,36451495936.0,3253729174.0,0.0,2694.0,7579282.0,6455.0,651153.0,43223.0,0.0,0.0,6029.0,0.0
1787909434.336573,2026-08-28T09:30:34+00:00,http_log_35m_x1,27707.0,6.0,5010503258.0,5631264028.0,488.0,4385.0,3203706888.0,520249.0,1261.0,1.0,3.0,0.0,0.0,16.0,12.0,3751994448.0,2695842304.0,22744121344.0,66481.0,36451495936.0,3253729174.0,0.0,2694.0,7579282.0,6455.0,651153.0,43223.0,0.0,0.0,6029.0,0.0
1787909435.3416462,2026-08-28T09:30:35+00:00,http_log_35m_x1,27707.0,6.0,5010503258.0,5631264028.0,488.0,4385.0,3203706888.0,520249.0,1261.0,1.0,3.0,0.0,0.0,16.0,12.0,3751994448.0,2695842304.0,22744121344.0,66481.0,36451495936.0,3253729174.0,0.0,2694.0,7579282.0,6455.0,651153.0,43223.0,0.0,0.0,6029.0,0.0
1787909436.3467278,2026-08-28T09:30:36+00:00,http_log_35m_x1,27707.0,6.0,5010503258.0,5633608519.0,488.0,4388.0,3203706888.0,699848.0,2350.0,1.0,3.0,0.0,0.0,16.0,10.0,3751994448.0,2695842304.0,22744121344.0,66481.0,36451495936.0,3253729174.0,0.0,2694.0,7579282.0,6455.0,651153.0,43223.0,0.0,0.0,6029.0,0.0
1787909437.34723,2026-08-28T09:30:37+00:00,http_log_35m_x1,27707.0,6.0,5010503258.0,5647286532.0,488.0,4392.0,3203706888.0,2212954.0,4641.0,1.0,1.0,0.0,0.0,16.0,10.0,3751994448.0,2695842304.0,22744121344.0,66481.0,36451495936.0,3253729174.0,0.0,2694.0,7579282.0,6455.0,651153.0,43223.0,0.0,0.0,6029.0,0.0
1787909438.347771,2026-08-28T09:30:38+00:00,http_log_35m_x1,27707.0,6.0,5010503258.0,5647286532.0,488.0,4392.0,3203706888.0,2212954.0,4641.0,1.0,2.0,0.0,0.0,16.0,20.0,3751994448.0,2695842304.0,22744121344.0,66481.0,36451495936.0,3253729174.0,0.0,2694.0,7579282.0,6455.0,651153.0,43223.0,0.0,0.0,6029.0,0.0
1787909439.352082,2026-08-28T09:30:39+00:00,http_log_35m_x1,27707.0,6.0,5010503258.0,5647286532.0,488.0,4392.0,3203706888.0,2212954.0,4641.0,1.0,3.0,0.0,0.0,16.0,16.0,3751994448.0,2695842304.0,22744121344.0,66481.0,36451495936.0,3253729174.0,0.0,2694.0,7579282.0,6455.0,651153.0,43223.0,0.0,0.0,6029.0,0.0
1787909440.357171,2026-08-28T09:30:40+00:00,http_log_35m_x1,27707.0,6.0,5010503258.0,5649640077.0,488.0,4395.0,3203706888.0,727300.0,2236.0,1.0,3.0,0.0,0.0,16.0,11.0,3751994448.0,2695842304.0,22744121344.0,66481.0,36451495936.0,3253729174.0,0.0,2694.0,7579282.0,6455.0,651153.0,43223.0,0.0,0.0,6029.0,0.0
1787909441.362253,2026-08-28T09:30:41+00:00,http_log_35m_x1,27707.0,6.0,5010503258.0,5650778917.0,488.0,4397.0,4101456160.0,554449.0,1054.0,1.0,2.0,0.0,0.0,16.0,11.0,4681388560.0,2695850496.0,22832766976.0,66621.0,36451495936.0,3253729174.0,0.0,2719.0,7584728.0,6468.0,657484.0,43393.0,0.0,0.0,6046.0,0.0
1787909442.3673542,2026-08-28T09:30:42+00:00,http_log_35m_x1,27707.0,6.0,5010503258.0,5650778917.0,488.0,4397.0,4101456160.0,554449.0,1054.0,1.0,3.0,0.0,0.0,16.0,12.0,4681388560.0,2695850496.0,22832766976.0,66621.0,36451495936.0,3253729174.0,0.0,2719.0,7584728.0,6468.0,657484.0,43393.0,0.0,0.0,6046.0,0.0
1787909443.372451,2026-08-28T09:30:43+00:00,http_log_35m_x1,27707.0,6.0,5010503258.0,5650778917.0,488.0,4397.0,4101456160.0,554449.0,1054.0,1.0,3.0,0.0,0.0,16.0,12.0,4681388560.0,2695850496.0,22832766976.0,66621.0,36451495936.0,3253729174.0,0.0,2719.0,7584728.0,6468.0,657484.0,43393.0,0.0,0.0,6046.0,0.0
1787909444.3747709,2026-08-28T09:30:44+00:00,http_log_35m_x1,27707.0,6.0,5010503258.0,5740628998.0,488.0,4400.0,4101456160.0,2623743.0,33245.0,1.0,3.0,0.0,0.0,16.0,11.0,4681388560.0,2695850496.0,22832766976.0,66621.0,36451495936.0,3253729174.0,0.0,2719.0,7584728.0,6468.0,657484.0,43393.0,0.0,0.0,6046.0,0.0
1787909445.379842,2026-08-28T09:30:45+00:00,http_log_35m_x1,27707.0,6.0,5010503258.0,5761130022.0,488.0,4408.0,4101456160.0,536285.0,1211.0,1.0,0.0,0.0,0.0,16.0,11.0,4681388560.0,2695850496.0,22832766976.0,66621.0,36451495936.0,3253729174.0,0.0,2719.0,7584728.0,6468.0,657484.0,43393.0,0.0,0.0,6046.0,0.0
1787909446.3849258,2026-08-28T09:30:46+00:00,http_log_35m_x1,27707.0,6.0,5010503258.0,5761130022.0,488.0,4408.0,4101456160.0,536285.0,1211.0,1.0,1.0,0.0,0.0,16.0,18.0,4681388560.0,2695850496.0,22832766976.0,66621.0,36451495936.0,3253729174.0,0.0,2719.0,7584728.0,6468.0,657484.0,43393.0,0.0,0.0,6046.0,0.0
1787909447.389996,2026-08-28T09:30:47+00:00,http_log_35m_x1,27707.0,6.0,5010503258.0,5761130022.0,488.0,4408.0,4101456160.0,536285.0,1211.0,1.0,1.0,0.0,0.0,16.0,18.0,4681388560.0,2695850496.0,22832766976.0,66621.0,36451495936.0,3253729174.0,0.0,2719.0,7584728.0,6468.0,657484.0,43393.0,0.0,0.0,6046.0,0.0
1787909448.395007,2026-08-28T09:30:48+00:00,http_log_35m_x1,27707.0,6.0,5010503258.0,5767982006.0,488.0,4412.0,4101456160.0,2085205.0,2286.0,1.0,1.0,0.0,0.0,16.0,18.0,4681388560.0,2695850496.0,22832766976.0,66621.0,36451495936.0,3253729174.0,0.0,2719.0,7584728.0,6468.0,657484.0,43393.0,0.0,0.0,6046.0,0.0
1787909449.40007,2026-08-28T09:30:49+00:00,http_log_35m_x1,27707.0,6.0,5010503258.0,5769195253.0,488.0,4414.0,4101456160.0,563776.0,1152.0,1.0,0.0,0.0,0.0,16.0,18.0,4681388560.0,2695850496.0,22832766976.0,66621.0,36451495936.0,3253729174.0,0.0,2719.0,7584728.0,6468.0,657484.0,43393.0,0.0,0.0,6046.0,0.0
1787909450.405159,2026-08-28T09:30:50+00:00,http_log_35m_x1,27707.0,6.0,5010503258.0,5769195253.0,488.0,4414.0,4101456160.0,563776.0,1152.0,1.0,1.0,0.0,0.0,16.0,26.0,4681388560.0,2695850496.0,22832766976.0,66621.0,36451495936.0,3253729174.0,0.0,2719.0,7584728.0,6468.0,657484.0,43393.0,0.0,0.0,6046.0,0.0
1787909451.4102259,2026-08-28T09:30:51+00:00,http_log_35m_x1,27707.0,6.0,5010503258.0,5770380875.0,488.0,4416.0,4101456160.0,576664.0,1056.0,1.0,1.0,0.0,0.0,16.0,23.0,4681388560.0,2695850496.0,22832766976.0,66621.0,36451495936.0,3253729174.0,0.0,2719.0,7584728.0,6468.0,657484.0,43393.0,0.0,0.0,6046.0,0.0
1787909452.415305,2026-08-28T09:30:52+00:00,http_log_35m_x1,27707.0,6.0,5010503258.0,5770380875.0,488.0,4416.0,4101456160.0,576664.0,1056.0,1.0,2.0,0.0,0.0,16.0,19.0,4681388560.0,2695850496.0,22832766976.0,66621.0,36451495936.0,3253729174.0,0.0,2719.0,7584728.0,6468.0,657484.0,43393.0,0.0,0.0,6046.0,0.0
1787909453.419318,2026-08-28T09:30:53+00:00,http_log_35m_x1,27707.0,6.0,5010503258.0,5778328487.0,488.0,4418.0,4101456160.0,2128444.0,2734.0,1.0,1.0,0.0,0.0,16.0,19.0,4681388560.0,2695850496.0,22832766976.0,66621.0,36451495936.0,3253729174.0,0.0,2719.0,7584728.0,6468.0,657484.0,43393.0,0.0,0.0,6046.0,0.0
1787909454.424384,2026-08-28T09:30:54+00:00,http_log_35m_x1,28655.0,7.0,5010595139.0,5780673105.0,503.0,4421.0,4101456160.0,734759.0,2191.0,1.0,1.0,0.0,0.0,17.0,25.0,4681388560.0,2695850496.0,22832766976.0,66621.0,36451495936.0,3253729174.0,0.0,2719.0,7584728.0,6468.0,657484.0,43393.0,0.0,0.0,6046.0,0.0
1787909455.429445,2026-08-28T09:30:55+00:00,http_log_35m_x1,28655.0,7.0,5010595139.0,5781904674.0,503.0,4423.0,4101456160.0,559549.0,1201.0,1.0,1.0,0.0,0.0,17.0,23.0,4681388560.0,2695850496.0,22832766976.0,66621.0,36451495936.0,3253729174.0,0.0,2719.0,7584728.0,6468.0,657484.0,43393.0,0.0,0.0,6046.0,0.0
1787909456.43451,2026-08-28T09:30:56+00:00,http_log_35m_x1,28655.0,7.0,5010595139.0,5781904674.0,503.0,4423.0,3568882728.0,559549.0,1201.0,1.0,2.0,0.0,0.0,17.0,19.0,4154136240.0,2695858688.0,23057862656.0,66907.0,36451495936.0,3253729174.0,1.0,2750.0,7592004.0,6494.0,662027.0,43511.0,0.0,0.0,6066.0,0.0
1787909457.438554,2026-08-28T09:30:57+00:00,http_log_35m_x1,28655.0,7.0,5010595139.0,5781904674.0,503.0,4423.0,3568882728.0,559549.0,1201.0,1.0,2.0,0.0,0.0,17.0,19.0,4154136240.0,2695858688.0,23057862656.0,66907.0,35963072512.0,3305876540.0,1.0,2750.0,7592004.0,6494.0,662027.0,43511.0,0.0,0.0,6066.0,0.0
1787909458.443628,2026-08-28T09:30:58+00:00,http_log_35m_x1,28655.0,7.0,5010595139.0,5794472563.0,503.0,4428.0,3568882728.0,2243096.0,3545.0,1.0,1.0,0.0,0.0,17.0,18.0,4154136240.0,2695858688.0,23057862656.0,66907.0,35963072512.0,3305876540.0,1.0,2750.0,7592004.0,6494.0,662027.0,43511.0,0.0,0.0,6066.0,0.0
1787909459.447268,2026-08-28T09:30:59+00:00,http_log_35m_x1,28655.0,7.0,5010595139.0,5795695704.0,503.0,4430.0,3568882728.0,536700.0,1279.0,1.0,1.0,0.0,0.0,17.0,23.0,4154136240.0,2695858688.0,23057862656.0,66907.0,35963072512.0,3305876540.0,1.0,2750.0,7592004.0,6494.0,662027.0,43511.0,0.0,0.0,6066.0,0.0
1787909460.45234,2026-08-28T09:31:00+00:00,http_log_35m_x1,28655.0,7.0,5010595139.0,5795695704.0,503.0,4430.0,3568882728.0,536700.0,1279.0,1.0,2.0,0.0,0.0,17.0,12.0,4154136240.0,2695858688.0,23057862656.0,66907.0,35963072512.0,3305876540.0,1.0,2750.0,7592004.0,6494.0,662027.0,43511.0,0.0,0.0,6066.0,0.0
1787909461.455724,2026-08-28T09:31:01+00:00,http_log_35m_x1,28655.0,7.0,5010595139.0,5795695704.0,503.0,4430.0,3568882728.0,536700.0,1279.0,1.0,2.0,0.0,0.0,17.0,12.0,4154136240.0,2695858688.0,23057862656.0,66907.0,35963072512.0,3305876540.0,1.0,2750.0,7592004.0,6494.0,662027.0,43511.0,0.0,0.0,6066.0,0.0
1787909462.460791,2026-08-28T09:31:02+00:00,http_log_35m_x1,28655.0,7.0,5010595139.0,5795695704.0,503.0,4430.0,3568882728.0,536700.0,1279.0,1.0,3.0,0.0,0.0,17.0,10.0,4154136240.0,2695858688.0,23057862656.0,66907.0,35963072512.0,3305876540.0,1.0,2750.0,7592004.0,6494.0,662027.0,43511.0,0.0,0.0,6066.0,0.0
1787909463.465887,2026-08-28T09:31:03+00:00,http_log_35m_x1,28655.0,7.0,5010595139.0,5801558006.0,503.0,4436.0,3568882728.0,512904.0,1348.0,1.0,1.0,0.0,0.0,17.0,10.0,4154136240.0,2695858688.0,23057862656.0,66907.0,35963072512.0,3305876540.0,1.0,2750.0,7592004.0,6494.0,662027.0,43511.0,0.0,0.0,6066.0,0.0
1787909464.4709592,2026-08-28T09:31:04+00:00,http_log_35m_x1,28655.0,7.0,5010595139.0,5801558006.0,503.0,4436.0,3568882728.0,512904.0,1348.0,1.0,2.0,0.0,0.0,17.0,11.0,4154136240.0,2695858688.0,23057862656.0,66907.0,35963072512.0,3305876540.0,1.0,2750.0,7592004.0,6494.0,662027.0,43511.0,0.0,0.0,6066.0,0.0
1787909465.47595,2026-08-28T09:31:05+00:00,http_log_35m_x1,28655.0,7.0,5010595139.0,5801558006.0,503.0,4436.0,3568882728.0,512904.0,1348.0,1.0,2.0,0.0,0.0,17.0,11.0,4154136240.0,2695858688.0,23057862656.0,66907.0,35963072512.0,3305876540.0,1.0,2750.0,7592004.0,6494.0,662027.0,43511.0,0.0,0.0,6066.0,0.0
1787909466.480292,2026-08-28T09:31:06+00:00,http_log_35m_x1,28655.0,7.0,5010595139.0,5808485428.0,503.0,4440.0,3568882728.0,2072217.0,2343.0,1.0,2.0,0.0,0.0,17.0,11.0,4154136240.0,2695858688.0,23057862656.0,66907.0,35963072512.0,3305876540.0,1.0,2750.0,7592004.0,6494.0,662027.0,43511.0,0.0,0.0,6066.0,0.0
1787909467.4853709,2026-08-28T09:31:07+00:00,http_log_35m_x1,28655.0,7.0,5010595139.0,5809699192.0,503.0,4442.0,3568882728.0,519590.0,1336.0,1.0,1.0,0.0,0.0,17.0,11.0,4154136240.0,2695858688.0,23057862656.0,66907.0,35963072512.0,3305876540.0,1.0,2750.0,7592004.0,6494.0,662027.0,43511.0,0.0,0.0,6066.0,0.0
1787909468.489491,2026-08-28T09:31:08+00:00,http_log_35m_x1,28655.0,7.0,5010595139.0,5809699192.0,503.0,4442.0,3568882728.0,519590.0,1336.0,1.0,2.0,0.0,0.0,17.0,19.0,4154136240.0,2695858688.0,23057862656.0,66907.0,35963072512.0,3305876540.0,1.0,2750.0,7592004.0,6494.0,662027.0,43511.0,0.0,0.0,6066.0,0.0
1787909469.4945438,2026-08-28T09:31:09+00:00,http_log_35m_x1,28655.0,7.0,5010595139.0,5810894029.0,503.0,4444.0,3568882728.0,527289.0,1266.0,1.0,2.0,0.0,0.0,17.0,16.0,4154136240.0,2695858688.0,23057862656.0,66907.0,35963072512.0,3305876540.0,1.0,2750.0,7592004.0,6494.0,662027.0,43511.0,0.0,0.0,6066.0,0.0
1787909470.5039098,2026-08-28T09:31:10+00:00,http_log_35m_x1,28655.0,7.0,5010595139.0,5810894029.0,503.0,4444.0,3568882728.0,527289.0,1266.0,1.0,3.0,0.0,0.0,17.0,12.0,4154136240.0,2695858688.0,23057862656.0,66907.0,35963072512.0,3305876540.0,1.0,2750.0,7592004.0,6494.0,662027.0,43511.0,0.0,0.0,6066.0,0.0
1787909471.5090492,2026-08-28T09:31:11+00:00,http_log_35m_x1,28655.0,7.0,5010595139.0,5810894029.0,503.0,4444.0,4541911496.0,527289.0,1266.0,1.0,4.0,0.0,0.0,17.0,10.0,5125251456.0,2695858688.0,23123501056.0,67035.0,35963072512.0,3305876540.0,0.0,2774.0,7598544.0,6507.0,667314.0,43633.0,0.0,0.0,6086.0,0.0
1787909472.509922,2026-08-28T09:31:12+00:00,http_log_35m_x1,28655.0,7.0,5010595139.0,5821279456.0,503.0,4449.0,4541911496.0,661254.0,2573.0,1.0,3.0,0.0,0.0,17.0,16.0,5125251456.0,2695858688.0,23123501056.0,67035.0,35963072512.0,3305876540.0,0.0,2774.0,7598544.0,6507.0,667314.0,43633.0,0.0,0.0,6086.0,0.0
1787909473.510904,2026-08-28T09:31:13+00:00,http_log_35m_x1,28655.0,7.0,5010595139.0,5822464957.0,503.0,4451.0,4541911496.0,501057.0,1366.0,1.0,3.0,0.0,0.0,17.0,12.0,5125251456.0,2695858688.0,23123501056.0,67035.0,35963072512.0,3305876540.0,0.0,2774.0,7598544.0,6507.0,667314.0,43633.0,0.0,0.0,6086.0,0.0
1787909474.516008,2026-08-28T09:31:14+00:00,http_log_35m_x1,28655.0,7.0,5010595139.0,5822464957.0,503.0,4451.0,4541911496.0,501057.0,1366.0,1.0,3.0,0.0,0.0,17.0,12.0,5125251456.0,2695858688.0,23123501056.0,67035.0,35963072512.0,3305876540.0,0.0,2774.0,7598544.0,6507.0,667314.0,43633.0,0.0,0.0,6086.0,0.0
1787909475.5212219,2026-08-28T09:31:15+00:00,http_log_35m_x1,28655.0,7.0,5010595139.0,5822464957.0,503.0,4451.0,4541911496.0,501057.0,1366.0,1.0,4.0,0.0,0.0,17.0,11.0,5125251456.0,2695858688.0,23123501056.0,67035.0,35963072512.0,3305876540.0,0.0,2774.0,7598544.0,6507.0,667314.0,43633.0,0.0,0.0,6086.0,0.0
1787909476.5262809,2026-08-28T09:31:16+00:00,http_log_35m_x1,28655.0,7.0,5010595139.0,5824799708.0,503.0,4454.0,4541911496.0,654725.0,2566.0,1.0,3.0,0.0,0.0,17.0,11.0,5125251456.0,2695858688.0,23123501056.0,67035.0,35963072512.0,3305876540.0,0.0,2774.0,7598544.0,6507.0,667314.0,43633.0,0.0,0.0,6086.0,0.0
1787909477.526446,2026-08-28T09:31:17+00:00,http_log_35m_x1,28655.0,7.0,5010595139.0,5836272522.0,503.0,4458.0,4541911496.0,489162.0,1424.0,1.0,2.0,0.0,0.0,17.0,20.0,5125251456.0,2695858688.0,23123501056.0,67035.0,35963072512.0,3305876540.0,0.0,2774.0,7598544.0,6507.0,667314.0,43633.0,0.0,0.0,6086.0,0.0
1787909478.530498,2026-08-28T09:31:18+00:00,http_log_35m_x1,28655.0,7.0,5010595139.0,5836272522.0,503.0,4458.0,4541911496.0,489162.0,1424.0,1.0,3.0,0.0,0.0,17.0,17.0,5125251456.0,2695858688.0,23123501056.0,67035.0,35963072512.0,3305876540.0,0.0,2774.0,7598544.0,6507.0,667314.0,43633.0,0.0,0.0,6086.0,0.0
1787909479.531899,2026-08-28T09:31:19+00:00,http_log_35m_x1,28655.0,7.0,5010595139.0,5837494663.0,503.0,4460.0,4541911496.0,522952.0,1337.0,1.0,3.0,0.0,0.0,17.0,12.0,5125251456.0,2695858688.0,23123501056.0,67035.0,35963072512.0,3305876540.0,0.0,2774.0,7598544.0,6507.0,667314.0,43633.0,0.0,0.0,6086.0,0.0
1787909480.5353851,2026-08-28T09:31:20+00:00,http_log_35m_x1,28655.0,7.0,5010595139.0,5837494663.0,503.0,4460.0,4541911496.0,522952.0,1337.0,1.0,3.0,0.0,0.0,17.0,12.0,5125251456.0,2695858688.0,23123501056.0,67035.0,35963072512.0,3305876540.0,0.0,2774.0,7598544.0,6507.0,667314.0,43633.0,0.0,0.0,6086.0,0.0
1787909481.5401332,2026-08-28T09:31:21+00:00,http_log_35m_x1,28655.0,7.0,5010595139.0,5837494663.0,503.0,4460.0,4541911496.0,522952.0,1337.0,1.0,4.0,0.0,0.0,17.0,11.0,5125251456.0,2695858688.0,23123501056.0,67035.0,35963072512.0,3305876540.0,0.0,2774.0,7598544.0,6507.0,667314.0,43633.0,0.0,0.0,6086.0,0.0
1787909482.540629,2026-08-28T09:31:22+00:00,http_log_35m_x1,28655.0,7.0,5010595139.0,5839886247.0,503.0,4463.0,4541911496.0,592416.0,3037.0,1.0,3.0,0.0,0.0,17.0,11.0,5125251456.0,2695858688.0,23123501056.0,67035.0,35963072512.0,3305876540.0,0.0,2774.0,7598544.0,6507.0,667314.0,43633.0,0.0,0.0,6086.0,0.0
1787909483.54573,2026-08-28T09:31:23+00:00,http_log_35m_x1,28655.0,7.0,5010595139.0,5841081165.0,503.0,4465.0,4541911496.0,482795.0,1475.0,1.0,3.0,0.0,0.0,17.0,11.0,5125251456.0,2695858688.0,23123501056.0,67035.0,35963072512.0,3305876540.0,0.0,2774.0,7598544.0,6507.0,667314.0,43633.0,0.0,0.0,6086.0,0.0
1787909484.549967,2026-08-28T09:31:24+00:00,http_log_35m_x1,28655.0,7.0,5010595139.0,5854759255.0,503.0,4468.0,4541911496.0,1921889.0,6117.0,1.0,2.0,0.0,0.0,17.0,11.0,5125251456.0,2695858688.0,23123501056.0,67035.0,35963072512.0,3305876540.0,0.0,2774.0,7598544.0,6507.0,667314.0,43633.0,0.0,0.0,6086.0,0.0
1787909485.5509639,2026-08-28T09:31:25+00:00,http_log_35m_x1,28655.0,7.0,5010595139.0,5854759255.0,503.0,4468.0,4541911496.0,1921889.0,6117.0,1.0,3.0,0.0,0.0,17.0,16.0,5125251456.0,2695858688.0,23123501056.0,67035.0,35963072512.0,3305876540.0,0.0,2774.0,7598544.0,6507.0,667314.0,43633.0,0.0,0.0,6086.0,0.0
1787909486.5553122,2026-08-28T09:31:26+00:00,http_log_35m_x1,28655.0,7.0,5010595139.0,5854759255.0,503.0,4468.0,5282568472.0,1921889.0,6117.0,1.0,3.0,0.0,0.0,17.0,16.0,5866695256.0,2695858688.0,23212519424.0,67180.0,35963072512.0,3305876540.0,0.0,2799.0,7603847.0,6521.0,673630.0,43883.0,0.0,0.0,6108.0,0.0
1787909487.559584,2026-08-28T09:31:27+00:00,http_log_35m_x1,28655.0,7.0,5010595139.0,5860564962.0,503.0,4474.0,5282568472.0,1085865.0,3272.0,1.0,2.0,0.0,0.0,17.0,19.0,5866695256.0,2695858688.0,23212519424.0,67180.0,35963072512.0,3305876540.0,0.0,2799.0,7603847.0,6521.0,673630.0,43883.0,0.0,0.0,6108.0,0.0
1787909488.563545,2026-08-28T09:31:28+00:00,http_log_35m_x1,28655.0,7.0,5010595139.0,5860564962.0,503.0,4474.0,5282568472.0,1085865.0,3272.0,1.0,2.0,0.0,0.0,17.0,19.0,5866695256.0,2695858688.0,23212519424.0,67180.0,35963072512.0,3305876540.0,0.0,2799.0,7603847.0,6521.0,673630.0,43883.0,0.0,0.0,6108.0,0.0
1787909489.568694,2026-08-28T09:31:29+00:00,http_log_35m_x1,28655.0,7.0,5010595139.0,5862891365.0,503.0,4477.0,5282568472.0,714936.0,2254.0,1.0,2.0,0.0,0.0,17.0,18.0,5866695256.0,2695858688.0,23212519424.0,67180.0,35963072512.0,3305876540.0,0.0,2799.0,7603847.0,6521.0,673630.0,43883.0,0.0,0.0,6108.0,0.0
1787909490.572775,2026-08-28T09:31:30+00:00,http_log_35m_x1,28655.0,7.0,5010595139.0,5864039772.0,503.0,4479.0,5282568472.0,531916.0,1159.0,1.0,2.0,0.0,0.0,17.0,16.0,5866695256.0,2695858688.0,23212519424.0,67180.0,35963072512.0,3305876540.0,0.0,2799.0,7603847.0,6521.0,673630.0,43883.0,0.0,0.0,6108.0,0.0
1787909491.5778408,2026-08-28T09:31:31+00:00,http_log_35m_x1,28655.0,7.0,5010595139.0,5864039772.0,503.0,4479.0,5282568472.0,531916.0,1159.0,1.0,3.0,0.0,0.0,17.0,12.0,5866695256.0,2695858688.0,23212519424.0,67180.0,35963072512.0,3305876540.0,0.0,2799.0,7603847.0,6521.0,673630.0,43883.0,0.0,0.0,6108.0,0.0
1787909492.582795,2026-08-28T09:31:32+00:00,http_log_35m_x1,28655.0,7.0,5010595139.0,5864039772.0,503.0,4479.0,5282568472.0,531916.0,1159.0,1.0,3.0,0.0,0.0,17.0,12.0,5866695256.0,2695858688.0,23212519424.0,67180.0,35963072512.0,3305876540.0,0.0,2799.0,7603847.0,6521.0,673630.0,43883.0,0.0,0.0,6108.0,0.0
1787909493.584357,2026-08-28T09:31:33+00:00,http_log_35m_x1,28655.0,7.0,5010595139.0,5864039772.0,503.0,4479.0,5282568472.0,531916.0,1159.0,1.0,4.0,0.0,0.0,17.0,11.0,5866695256.0,2695858688.0,23212519424.0,67180.0,35963072512.0,3305876540.0,0.0,2799.0,7603847.0,6521.0,673630.0,43883.0,0.0,0.0,6108.0,0.0
1787909494.5894349,2026-08-28T09:31:34+00:00,http_log_35m_x1,28655.0,7.0,5010595139.0,5866328862.0,503.0,4482.0,5282568472.0,657029.0,2484.0,1.0,3.0,0.0,0.0,17.0,11.0,5866695256.0,2695858688.0,23212519424.0,67180.0,35963072512.0,3305876540.0,0.0,2799.0,7603847.0,6521.0,673630.0,43883.0,0.0,0.0,6108.0,0.0
1787909495.5920289,2026-08-28T09:31:35+00:00,http_log_35m_x1,28655.0,7.0,5010595139.0,5867569792.0,503.0,4484.0,5282568472.0,475999.0,1607.0,1.0,3.0,0.0,0.0,17.0,12.0,5866695256.0,2695858688.0,23212519424.0,67180.0,35963072512.0,3305876540.0,0.0,2799.0,7603847.0,6521.0,673630.0,43883.0,0.0,0.0,6108.0,0.0
1787909496.597107,2026-08-28T09:31:36+00:00,http_log_35m_x1,28655.0,7.0,5010595139.0,5867569792.0,503.0,4484.0,5282568472.0,475999.0,1607.0,1.0,3.0,0.0,0.0,17.0,12.0,5866695256.0,2695858688.0,23212519424.0,67180.0,35963072512.0,3305876540.0,0.0,2799.0,7603847.0,6521.0,673630.0,43883.0,0.0,0.0,6108.0,0.0
1787909497.597805,2026-08-28T09:31:37+00:00,http_log_35m_x1,28655.0,7.0,5010595139.0,5867569792.0,503.0,4484.0,5282568472.0,475999.0,1607.0,1.0,4.0,0.0,0.0,17.0,11.0,5866695256.0,2695858688.0,23212519424.0,67180.0,35963072512.0,3305876540.0,0.0,2799.0,7603847.0,6521.0,673630.0,43883.0,0.0,0.0,6108.0,0.0
1787909498.602918,2026-08-28T09:31:38+00:00,http_log_35m_x1,28655.0,7.0,5010595139.0,5868736689.0,503.0,4486.0,5282568472.0,506685.0,1303.0,1.0,3.0,0.0,0.0,17.0,11.0,5866695256.0,2695858688.0,23212519424.0,67180.0,35963072512.0,3305876540.0,0.0,2799.0,7603847.0,6521.0,673630.0,43883.0,0.0,0.0,6108.0,0.0
1787909499.605431,2026-08-28T09:31:39+00:00,http_log_35m_x1,28655.0,7.0,5010595139.0,5893767204.0,503.0,4493.0,5282568472.0,2104840.0,8706.0,1.0,2.0,0.0,0.0,17.0,19.0,5866695256.0,2695858688.0,23212519424.0,67180.0,35963072512.0,3305876540.0,0.0,2799.0,7603847.0,6521.0,673630.0,43883.0,0.0,0.0,6108.0,0.0
1787909500.610506,2026-08-28T09:31:40+00:00,http_log_35m_x1,28655.0,7.0,5010595139.0,5893767204.0,503.0,4493.0,6116096080.0,2104840.0,8706.0,1.0,2.0,0.0,0.0,17.0,19.0,6695796792.0,2695858688.0,23354134528.0,67363.0,35963072512.0,3305876540.0,1.0,2822.0,7609403.0,6535.0,679813.0,44076.0,0.0,0.0,6129.0,0.0
1787909501.615586,2026-08-28T09:31:41+00:00,http_log_35m_x1,28655.0,7.0,5010595139.0,5896120855.0,503.0,4496.0,6116096080.0,740141.0,2180.0,1.0,2.0,0.0,0.0,17.0,18.0,6695796792.0,2695858688.0,23354134528.0,67363.0,35963072512.0,3305876540.0,1.0,2822.0,7609403.0,6535.0,679813.0,44076.0,0.0,0.0,6129.0,0.0
1787909502.620688,2026-08-28T09:31:42+00:00,http_log_35m_x1,28655.0,7.0,5010595139.0,5897297472.0,503.0,4498.0,6116096080.0,516967.0,1276.0,1.0,2.0,0.0,0.0,17.0,16.0,6695796792.0,2695858688.0,23354134528.0,67363.0,35963072512.0,3305876540.0,1.0,2822.0,7609403.0,6535.0,679813.0,44076.0,0.0,0.0,6129.0,0.0
1787909503.624564,2026-08-28T09:31:43+00:00,http_log_35m_x1,28655.0,7.0,5010595139.0,6011975432.0,503.0,4501.0,6116096080.0,2497723.0,44913.0,1.0,2.0,0.0,0.0,17.0,12.0,6695796792.0,2695858688.0,23354134528.0,67363.0,35963072512.0,3305876540.0,1.0,2822.0,7609403.0,6535.0,679813.0,44076.0,0.0,0.0,6129.0,0.0
1787909504.6248949,2026-08-28T09:31:44+00:00,http_log_35m_x1,28655.0,7.0,5010595139.0,6011975432.0,503.0,4501.0,6116096080.0,2497723.0,44913.0,1.0,2.0,0.0,0.0,17.0,12.0,6695796792.0,2695858688.0,23354134528.0,67363.0,35963072512.0,3305876540.0,1.0,2822.0,7609403.0,6535.0,679813.0,44076.0,0.0,0.0,6129.0,0.0
1787909505.629976,2026-08-28T09:31:45+00:00,http_log_35m_x1,28655.0,7.0,5010595139.0,6011975432.0,503.0,4501.0,6116096080.0,2497723.0,44913.0,1.0,3.0,0.0,0.0,17.0,17.0,6695796792.0,2695858688.0,23354134528.0,67363.0,35963072512.0,3305876540.0,1.0,2822.0,7609403.0,6535.0,679813.0,44076.0,0.0,0.0,6129.0,0.0
1787909506.635076,2026-08-28T09:31:46+00:00,http_log_35m_x1,28655.0,7.0,5010595139.0,6014310600.0,503.0,4504.0,6116096080.0,697481.0,2348.0,1.0,2.0,0.0,0.0,17.0,17.0,6695796792.0,2695858688.0,23354134528.0,67363.0,35963072512.0,3305876540.0,1.0,2822.0,7609403.0,6535.0,679813.0,44076.0,0.0,0.0,6129.0,0.0
1787909507.6401558,2026-08-28T09:31:47+00:00,http_log_35m_x1,28655.0,7.0,5010595139.0,6015514765.0,503.0,4506.0,6116096080.0,498412.0,1416.0,1.0,2.0,0.0,0.0,17.0,18.0,6695796792.0,2695858688.0,23354134528.0,67363.0,35963072512.0,3305876540.0,1.0,2822.0,7609403.0,6535.0,679813.0,44076.0,0.0,0.0,6129.0,0.0
1787909508.645243,2026-08-28T09:31:48+00:00,http_log_35m_x1,28655.0,7.0,5010595139.0,6015514765.0,503.0,4506.0,6116096080.0,498412.0,1416.0,1.0,2.0,0.0,0.0,17.0,18.0,6695796792.0,2695858688.0,23354134528.0,67363.0,35963072512.0,3305876540.0,1.0,2822.0,7609403.0,6535.0,679813.0,44076.0,0.0,0.0,6129.0,0.0
1787909509.648125,2026-08-28T09:31:49+00:00,http_log_35m_x1,28655.0,7.0,5010595139.0,6015514765.0,503.0,4506.0,6116096080.0,498412.0,1416.0,1.0,3.0,0.0,0.0,17.0,16.0,6695796792.0,2695858688.0,23354134528.0,67363.0,35963072512.0,3305876540.0,1.0,2822.0,7609403.0,6535.0,679813.0,44076.0,0.0,0.0,6129.0,0.0
1787909510.649622,2026-08-28T09:31:50+00:00,http_log_35m_x1,28655.0,7.0,5010595139.0,6021375293.0,503.0,4512.0,6116096080.0,1045687.0,3444.0,1.0,1.0,0.0,0.0,17.0,16.0,6695796792.0,2695858688.0,23354134528.0,67363.0,35963072512.0,3305876540.0,1.0,2822.0,7609403.0,6535.0,679813.0,44076.0,0.0,0.0,6129.0,0.0
1787909511.654689,2026-08-28T09:31:51+00:00,http_log_35m_x1,28655.0,7.0,5010595139.0,6021375293.0,503.0,4512.0,6116096080.0,1045687.0,3444.0,1.0,2.0,0.0,0.0,17.0,17.0,6695796792.0,2695858688.0,23354134528.0,67363.0,35963072512.0,3305876540.0,1.0,2822.0,7609403.0,6535.0,679813.0,44076.0,0.0,0.0,6129.0,0.0
1787909512.659755,2026-08-28T09:31:52+00:00,http_log_35m_x1,28655.0,7.0,5010595139.0,6048552265.0,503.0,4515.0,6116096080.0,2429552.0,10186.0,1.0,1.0,0.0,0.0,17.0,17.0,6695796792.0,2695858688.0,23354134528.0,67363.0,35963072512.0,3305876540.0,1.0,2822.0,7609403.0,6535.0,679813.0,44076.0,0.0,0.0,6129.0,0.0
1787909513.664289,2026-08-28T09:31:53+00:00,http_log_35m_x1,28655.0,7.0,5010595139.0,6055489295.0,503.0,4519.0,6116096080.0,2076333.0,2341.0,1.0,1.0,0.0,0.0,17.0,18.0,6695796792.0,2695858688.0,23354134528.0,67363.0,35963072512.0,3305876540.0,1.0,2822.0,7609403.0,6535.0,679813.0,44076.0,0.0,0.0,6129.0,0.0
1787909514.669356,2026-08-28T09:31:54+00:00,http_log_35m_x1,28655.0,7.0,5010595139.0,6056665813.0,503.0,4521.0,6116096080.0,565090.0,1082.0,1.0,0.0,0.0,0.0,17.0,18.0,6695796792.0,2695858688.0,23354134528.0,67363.0,35963072512.0,3305876540.0,1.0,2822.0,7609403.0,6535.0,679813.0,44076.0,0.0,0.0,6129.0,0.0
1787909515.6744199,2026-08-28T09:31:55+00:00,http_log_35m_x1,28655.0,7.0,5010595139.0,6056665813.0,503.0,4521.0,5260804296.0,565090.0,1082.0,1.0,1.0,0.0,0.0,17.0,26.0,5833536392.0,2695858688.0,23566364672.0,67644.0,35963072512.0,3305876540.0,1.0,2848.0,7616184.0,6560.0,684821.0,44226.0,0.0,0.0,6149.0,0.0
1787909516.675288,2026-08-28T09:31:56+00:00,http_log_35m_x1,28655.0,7.0,5010595139.0,6057842097.0,503.0,4523.0,5260804296.0,566065.0,1078.0,1.0,1.0,0.0,0.0,17.0,23.0,5833536392.0,2695858688.0,23566364672.0,67644.0,35484823552.0,3358364053.0,1.0,2848.0,7616184.0,6560.0,684821.0,44226.0,0.0,0.0,6149.0,0.0
1787909517.677469,2026-08-28T09:31:57+00:00,http_log_35m_x1,28655.0,7.0,5010595139.0,6057842097.0,503.0,4523.0,5260804296.0,566065.0,1078.0,1.0,2.0,0.0,0.0,17.0,19.0,5833536392.0,2695858688.0,23566364672.0,67644.0,35484823552.0,3358364053.0,1.0,2848.0,7616184.0,6560.0,684821.0,44226.0,0.0,0.0,6149.0,0.0
1787909518.682555,2026-08-28T09:31:58+00:00,http_log_35m_x1,28655.0,7.0,5010595139.0,6057842097.0,503.0,4523.0,5260804296.0,566065.0,1078.0,1.0,2.0,0.0,0.0,17.0,19.0,5833536392.0,2695858688.0,23566364672.0,67644.0,35484823552.0,3358364053.0,1.0,2848.0,7616184.0,6560.0,684821.0,44226.0,0.0,0.0,6149.0,0.0
1787909519.687623,2026-08-28T09:31:59+00:00,http_log_35m_x1,28655.0,7.0,5010595139.0,6068190646.0,503.0,4528.0,5260804296.0,732394.0,2214.0,1.0,1.0,0.0,0.0,17.0,25.0,5833536392.0,2695858688.0,23566364672.0,67644.0,35484823552.0,3358364053.0,1.0,2848.0,7616184.0,6560.0,684821.0,44226.0,0.0,0.0,6149.0,0.0
1787909520.6927118,2026-08-28T09:32:00+00:00,http_log_35m_x1,28655.0,7.0,5010595139.0,6069413724.0,503.0,4530.0,5260804296.0,565193.0,1164.0,1.0,1.0,0.0,0.0,17.0,24.0,5833536392.0,2695858688.0,23566364672.0,67644.0,35484823552.0,3358364053.0,1.0,2848.0,7616184.0,6560.0,684821.0,44226.0,0.0,0.0,6149.0,0.0
1787909521.697796,2026-08-28T09:32:01+00:00,http_log_35m_x1,28655.0,7.0,5010595139.0,6069413724.0,503.0,4530.0,5260804296.0,565193.0,1164.0,1.0,2.0,0.0,0.0,17.0,19.0,5833536392.0,2695858688.0,23566364672.0,67644.0,35484823552.0,3358364053.0,1.0,2848.0,7616184.0,6560.0,684821.0,44226.0,0.0,0.0,6149.0,0.0
1787909522.698682,2026-08-28T09:32:02+00:00,http_log_35m_x1,28655.0,7.0,5010595139.0,6069413724.0,503.0,4530.0,5260804296.0,565193.0,1164.0,1.0,2.0,0.0,0.0,17.0,19.0,5833536392.0,2695858688.0,23566364672.0,67644.0,35484823552.0,3358364053.0,1.0,2848.0,7616184.0,6560.0,684821.0,44226.0,0.0,0.0,6149.0,0.0
1787909523.699029,2026-08-28T09:32:03+00:00,http_log_35m_x1,28655.0,7.0,5010595139.0,6082065054.0,503.0,4535.0,5260804296.0,2248896.0,3558.0,1.0,1.0,0.0,0.0,17.0,18.0,5833536392.0,2695858688.0,23566364672.0,67644.0,35484823552.0,3358364053.0,1.0,2848.0,7616184.0,6560.0,684821.0,44226.0,0.0,0.0,6149.0,0.0
1787909524.701546,2026-08-28T09:32:04+00:00,http_log_35m_x1,28655.0,7.0,5010595139.0,6083269596.0,503.0,4537.0,5260804296.0,555856.0,1167.0,1.0,1.0,0.0,0.0,17.0,23.0,5833536392.0,2695858688.0,23566364672.0,67644.0,35484823552.0,3358364053.0,1.0,2848.0,7616184.0,6560.0,684821.0,44226.0,0.0,0.0,6149.0,0.0
1787909525.7066188,2026-08-28T09:32:05+00:00,http_log_35m_x1,28655.0,7.0,5010595139.0,6083269596.0,503.0,4537.0,5260804296.0,555856.0,1167.0,1.0,2.0,0.0,0.0,17.0,19.0,5833536392.0,2695858688.0,23566364672.0,67644.0,35484823552.0,3358364053.0,1.0,2848.0,7616184.0,6560.0,684821.0,44226.0,0.0,0.0,6149.0,0.0
1787909526.711673,2026-08-28T09:32:06+00:00,http_log_35m_x1,28655.0,7.0,5010595139.0,6083269596.0,503.0,4537.0,5260804296.0,555856.0,1167.0,1.0,2.0,0.0,0.0,17.0,19.0,5833536392.0,2695858688.0,23566364672.0,67644.0,35484823552.0,3358364053.0,1.0,2848.0,7616184.0,6560.0,684821.0,44226.0,0.0,0.0,6149.0,0.0
1787909527.7167501,2026-08-28T09:32:07+00:00,http_log_35m_x1,28655.0,7.0,5010595139.0,6085661182.0,503.0,4540.0,5260804296.0,748071.0,2197.0,1.0,2.0,0.0,0.0,17.0,18.0,5833536392.0,2695858688.0,23566364672.0,67644.0,35484823552.0,3358364053.0,1.0,2848.0,7616184.0,6560.0,684821.0,44226.0,0.0,0.0,6149.0,0.0
1787909528.718231,2026-08-28T09:32:08+00:00,http_log_35m_x1,28655.0,7.0,5010595139.0,6099433408.0,503.0,4544.0,5260804296.0,2363282.0,4314.0,1.0,0.0,0.0,0.0,17.0,18.0,5833536392.0,2695858688.0,23566364672.0,67644.0,35484823552.0,3358364053.0,1.0,2848.0,7616184.0,6560.0,684821.0,44226.0,0.0,0.0,6149.0,0.0
1787909529.723299,2026-08-28T09:32:09+00:00,http_log_35m_x1,28655.0,7.0,5010595139.0,6099433408.0,503.0,4544.0,5260804296.0,2363282.0,4314.0,1.0,1.0,0.0,0.0,17.0,20.0,5833536392.0,2695858688.0,23566364672.0,67644.0,35484823552.0,3358364053.0,1.0,2848.0,7616184.0,6560.0,684821.0,44226.0,0.0,0.0,6149.0,0.0
1787909530.724721,2026-08-28T09:32:10+00:00,http_log_35m_x1,28655.0,7.0,5010595139.0,6099433408.0,503.0,4544.0,5782847368.0,2363282.0,4314.0,1.0,2.0,0.0,0.0,17.0,16.0,6359958080.0,2695858688.0,23655292928.0,67790.0,35484823552.0,3358364053.0,0.0,2874.0,7623472.0,6574.0,689409.0,44313.0,0.0,0.0,6170.0,0.0
1787909531.7297962,2026-08-28T09:32:11+00:00,http_log_35m_x1,28655.0,7.0,5010595139.0,6099433408.0,503.0,4544.0,5782847368.0,2363282.0,4314.0,1.0,2.0,0.0,0.0,17.0,16.0,6359958080.0,2695858688.0,23655292928.0,67790.0,35484823552.0,3358364053.0,0.0,2874.0,7623472.0,6574.0,689409.0,44313.0,0.0,0.0,6170.0,0.0
1787909532.734866,2026-08-28T09:32:12+00:00,http_log_35m_x1,28655.0,7.0,5010595139.0,6104147183.0,503.0,4548.0,5782847368.0,1167932.0,3036.0,1.0,2.0,0.0,0.0,17.0,13.0,6359958080.0,2695858688.0,23655292928.0,67790.0,35484823552.0,3358364053.0,0.0,2874.0,7623472.0,6574.0,689409.0,44313.0,0.0,0.0,6170.0,0.0
1787909533.73815,2026-08-28T09:32:13+00:00,http_log_35m_x1,28655.0,7.0,5010595139.0,6104147183.0,503.0,4548.0,5782847368.0,1167932.0,3036.0,1.0,2.0,0.0,0.0,17.0,13.0,6359958080.0,2695858688.0,23655292928.0,67790.0,35484823552.0,3358364053.0,0.0,2874.0,7623472.0,6574.0,689409.0,44313.0,0.0,0.0,6170.0,0.0
1787909534.742465,2026-08-28T09:32:14+00:00,http_log_35m_x1,28655.0,7.0,5010595139.0,6105920922.0,503.0,4551.0,5782847368.0,585006.0,2032.0,1.0,1.0,0.0,0.0,17.0,13.0,6359958080.0,2695858688.0,23655292928.0,67790.0,35484823552.0,3358364053.0,0.0,2874.0,7623472.0,6574.0,689409.0,44313.0,0.0,0.0,6170.0,0.0
1787909535.7475572,2026-08-28T09:32:15+00:00,http_log_35m_x1,28655.0,7.0,5010595139.0,6105920922.0,503.0,4551.0,5782847368.0,585006.0,2032.0,1.0,2.0,0.0,0.0,17.0,12.0,6359958080.0,2695858688.0,23655292928.0,67790.0,35484823552.0,3358364053.0,0.0,2874.0,7623472.0,6574.0,689409.0,44313.0,0.0,0.0,6170.0,0.0
1787909536.7526212,2026-08-28T09:32:16+00:00,http_log_35m_x1,28655.0,7.0,5010595139.0,6105920922.0,503.0,4551.0,5782847368.0,585006.0,2032.0,1.0,2.0,0.0,0.0,17.0,12.0,6359958080.0,2695858688.0,23655292928.0,67790.0,35484823552.0,3358364053.0,0.0,2874.0,7623472.0,6574.0,689409.0,44313.0,0.0,0.0,6170.0,0.0
1787909537.757712,2026-08-28T09:32:17+00:00,http_log_35m_x1,28655.0,7.0,5010595139.0,6105920922.0,503.0,4551.0,5782847368.0,585006.0,2032.0,1.0,3.0,0.0,0.0,17.0,11.0,6359958080.0,2695858688.0,23655292928.0,67790.0,35484823552.0,3358364053.0,0.0,2874.0,7623472.0,6574.0,689409.0,44313.0,0.0,0.0,6170.0,0.0
1787909538.762788,2026-08-28T09:32:18+00:00,http_log_35m_x1,28655.0,7.0,5010595139.0,6115249336.0,503.0,4558.0,5782847368.0,541442.0,1173.0,1.0,1.0,0.0,0.0,17.0,11.0,6359958080.0,2695858688.0,23655292928.0,67790.0,35484823552.0,3358364053.0,0.0,2874.0,7623472.0,6574.0,689409.0,44313.0,0.0,0.0,6170.0,0.0
1787909539.767952,2026-08-28T09:32:19+00:00,http_log_35m_x1,28655.0,7.0,5010595139.0,6115249336.0,503.0,4558.0,5782847368.0,541442.0,1173.0,1.0,2.0,0.0,0.0,17.0,19.0,6359958080.0,2695858688.0,23655292928.0,67790.0,35484823552.0,3358364053.0,0.0,2874.0,7623472.0,6574.0,689409.0,44313.0,0.0,0.0,6170.0,0.0
1787909540.7730508,2026-08-28T09:32:20+00:00,http_log_35m_x1,28655.0,7.0,5010595139.0,6116480867.0,503.0,4560.0,5782847368.0,535448.0,1300.0,1.0,2.0,0.0,0.0,17.0,16.0,6359958080.0,2695858688.0,23655292928.0,67790.0,35484823552.0,3358364053.0,0.0,2874.0,7623472.0,6574.0,689409.0,44313.0,0.0,0.0,6170.0,0.0
1787909541.777309,2026-08-28T09:32:21+00:00,http_log_35m_x1,28655.0,7.0,5010595139.0,6116480867.0,503.0,4560.0,5782847368.0,535448.0,1300.0,1.0,3.0,0.0,0.0,17.0,11.0,6359958080.0,2695858688.0,23655292928.0,67790.0,35484823552.0,3358364053.0,0.0,2874.0,7623472.0,6574.0,689409.0,44313.0,0.0,0.0,6170.0,0.0
1787909542.781982,2026-08-28T09:32:22+00:00,http_log_35m_x1,28655.0,7.0,5010595139.0,6116480867.0,503.0,4560.0,5782847368.0,535448.0,1300.0,1.0,3.0,0.0,0.0,17.0,11.0,6359958080.0,2695858688.0,23655292928.0,67790.0,35484823552.0,3358364053.0,0.0,2874.0,7623472.0,6574.0,689409.0,44313.0,0.0,0.0,6170.0,0.0
1787909543.7871082,2026-08-28T09:32:23+00:00,http_log_35m_x1,28655.0,7.0,5010595139.0,6128024520.0,503.0,4565.0,5782847368.0,2034166.0,3513.0,1.0,1.0,0.0,0.0,17.0,11.0,6359958080.0,2695858688.0,23655292928.0,67790.0,35484823552.0,3358364053.0,0.0,2874.0,7623472.0,6574.0,689409.0,44313.0,0.0,0.0,6170.0,0.0
1787909544.7879438,2026-08-28T09:32:24+00:00,http_log_35m_x1,28655.0,7.0,5010595139.0,6128024520.0,503.0,4565.0,5782847368.0,2034166.0,3513.0,1.0,2.0,0.0,0.0,17.0,19.0,6359958080.0,2695858688.0,23655292928.0,67790.0,35484823552.0,3358364053.0,0.0,2874.0,7623472.0,6574.0,689409.0,44313.0,0.0,0.0,6170.0,0.0
1787909545.793099,2026-08-28T09:32:25+00:00,http_log_35m_x1,28655.0,7.0,5010595139.0,6129200925.0,503.0,4567.0,6844479784.0,559393.0,1103.0,1.0,2.0,0.0,0.0,17.0,16.0,7427779096.0,2695858688.0,23722377216.0,67923.0,35484823552.0,3358364053.0,0.0,2897.0,7629930.0,6586.0,694734.0,44478.0,0.0,0.0,6189.0,0.0
1787909546.7983518,2026-08-28T09:32:26+00:00,http_log_35m_x1,28655.0,7.0,5010595139.0,6129200925.0,503.0,4567.0,6844479784.0,559393.0,1103.0,1.0,3.0,0.0,0.0,17.0,12.0,7427779096.0,2695858688.0,23722377216.0,67923.0,35484823552.0,3358364053.0,0.0,2897.0,7629930.0,6586.0,694734.0,44478.0,0.0,0.0,6189.0,0.0
1787909547.801624,2026-08-28T09:32:27+00:00,http_log_35m_x1,28655.0,7.0,5010595139.0,6129200925.0,503.0,4567.0,6844479784.0,559393.0,1103.0,1.0,3.0,0.0,0.0,17.0,12.0,7427779096.0,2695858688.0,23722377216.0,67923.0,35484823552.0,3358364053.0,0.0,2897.0,7629930.0,6586.0,694734.0,44478.0,0.0,0.0,6189.0,0.0
1787909548.8058271,2026-08-28T09:32:28+00:00,http_log_35m_x1,28655.0,7.0,5010595139.0,6131554946.0,503.0,4570.0,6844479784.0,697074.0,2377.0,1.0,3.0,0.0,0.0,17.0,11.0,7427779096.0,2695858688.0,23722377216.0,67923.0,35484823552.0,3358364053.0,0.0,2897.0,7629930.0,6586.0,694734.0,44478.0,0.0,0.0,6189.0,0.0
1787909549.8108969,2026-08-28T09:32:29+00:00,http_log_35m_x1,28655.0,7.0,5010595139.0,6144185885.0,503.0,4574.0,6844479784.0,2095450.0,4462.0,1.0,1.0,0.0,0.0,17.0,11.0,7427779096.0,2695858688.0,23722377216.0,67923.0,35484823552.0,3358364053.0,0.0,2897.0,7629930.0,6586.0,694734.0,44478.0,0.0,0.0,6189.0,0.0
1787909550.815983,2026-08-28T09:32:30+00:00,http_log_35m_x1,28655.0,7.0,5010595139.0,6144185885.0,503.0,4574.0,6844479784.0,2095450.0,4462.0,1.0,2.0,0.0,0.0,17.0,23.0,7427779096.0,2695858688.0,23722377216.0,67923.0,35484823552.0,3358364053.0,0.0,2897.0,7629930.0,6586.0,694734.0,44478.0,0.0,0.0,6189.0,0.0
1787909551.8210618,2026-08-28T09:32:31+00:00,http_log_35m_x1,28655.0,7.0,5010595139.0,6144185885.0,503.0,4574.0,6844479784.0,2095450.0,4462.0,1.0,2.0,0.0,0.0,17.0,23.0,7427779096.0,2695858688.0,23722377216.0,67923.0,35484823552.0,3358364053.0,0.0,2897.0,7629930.0,6586.0,694734.0,44478.0,0.0,0.0,6189.0,0.0
1787909552.826133,2026-08-28T09:32:32+00:00,http_log_35m_x1,28655.0,7.0,5010595139.0,6145959676.0,503.0,4577.0,6844479784.0,600064.0,1956.0,1.0,2.0,0.0,0.0,17.0,18.0,7427779096.0,2695858688.0,23722377216.0,67923.0,35484823552.0,3358364053.0,0.0,2897.0,7629930.0,6586.0,694734.0,44478.0,0.0,0.0,6189.0,0.0
1787909553.831669,2026-08-28T09:32:33+00:00,http_log_35m_x1,28655.0,7.0,5010595139.0,6145959676.0,503.0,4577.0,6844479784.0,600064.0,1956.0,1.0,3.0,0.0,0.0,17.0,11.0,7427779096.0,2695858688.0,23722377216.0,67923.0,35484823552.0,3358364053.0,0.0,2897.0,7629930.0,6586.0,694734.0,44478.0,0.0,0.0,6189.0,0.0
1787909554.8321338,2026-08-28T09:32:34+00:00,http_log_35m_x1,28655.0,7.0,5010595139.0,6147182298.0,503.0,4579.0,6844479784.0,479459.0,1550.0,1.0,2.0,0.0,0.0,17.0,11.0,7427779096.0,2695858688.0,23722377216.0,67923.0,35484823552.0,3358364053.0,0.0,2897.0,7629930.0,6586.0,694734.0,44478.0,0.0,0.0,6189.0,0.0
1787909555.835069,2026-08-28T09:32:35+00:00,http_log_35m_x1,28655.0,7.0,5010595139.0,6147182298.0,503.0,4579.0,6844479784.0,479459.0,1550.0,1.0,3.0,0.0,0.0,17.0,12.0,7427779096.0,2695858688.0,23722377216.0,67923.0,35484823552.0,3358364053.0,0.0,2897.0,7629930.0,6586.0,694734.0,44478.0,0.0,0.0,6189.0,0.0
1787909556.8390799,2026-08-28T09:32:36+00:00,http_log_35m_x1,28655.0,7.0,5010595139.0,6147182298.0,503.0,4579.0,6844479784.0,479459.0,1550.0,1.0,3.0,0.0,0.0,17.0,12.0,7427779096.0,2695858688.0,23722377216.0,67923.0,35484823552.0,3358364053.0,0.0,2897.0,7629930.0,6586.0,694734.0,44478.0,0.0,0.0,6189.0,0.0
1787909557.839665,2026-08-28T09:32:37+00:00,http_log_35m_x1,28655.0,7.0,5010595139.0,6149583538.0,503.0,4582.0,6844479784.0,689219.0,2484.0,1.0,3.0,0.0,0.0,17.0,11.0,7427779096.0,2695858688.0,23722377216.0,67923.0,35484823552.0,3358364053.0,0.0,2897.0,7629930.0,6586.0,694734.0,44478.0,0.0,0.0,6189.0,0.0
1787909558.8447402,2026-08-28T09:32:38+00:00,http_log_35m_x1,28655.0,7.0,5010595139.0,6167325600.0,503.0,4588.0,6844479784.0,2129463.0,6775.0,1.0,1.0,0.0,0.0,17.0,11.0,7427779096.0,2695858688.0,23722377216.0,67923.0,35484823552.0,3358364053.0,0.0,2897.0,7629930.0,6586.0,694734.0,44478.0,0.0,0.0,6189.0,0.0
1787909559.849822,2026-08-28T09:32:39+00:00,http_log_35m_x1,28655.0,7.0,5010595139.0,6167325600.0,503.0,4588.0,6844479784.0,2129463.0,6775.0,1.0,2.0,0.0,0.0,17.0,19.0,7427779096.0,2695858688.0,23722377216.0,67923.0,35484823552.0,3358364053.0,0.0,2897.0,7629930.0,6586.0,694734.0,44478.0,0.0,0.0,6189.0,0.0
1787909560.854768,2026-08-28T09:32:40+00:00,http_log_35m_x1,28655.0,7.0,5010595139.0,6167325600.0,503.0,4588.0,7716939896.0,2129463.0,6775.0,1.0,3.0,0.0,0.0,17.0,18.0,8304290136.0,2727352832.0,23802126336.0,68115.0,35484823552.0,3358364053.0,1.0,2920.0,7635601.0,6601.0,700808.0,44652.0,0.0,0.0,6208.0,0.0
1787909561.8555331,2026-08-28T09:32:41+00:00,http_log_35m_x1,28655.0,7.0,5010595139.0,6169651173.0,503.0,4591.0,7716939896.0,726287.0,2202.0,1.0,3.0,0.0,0.0,17.0,16.0,8304290136.0,2727352832.0,23802126336.0,68115.0,35484823552.0,3358364053.0,1.0,2920.0,7635601.0,6601.0,700808.0,44652.0,0.0,0.0,6208.0,0.0
1787909562.8606431,2026-08-28T09:32:42+00:00,http_log_35m_x1,28655.0,7.0,5010595139.0,6170836861.0,503.0,4593.0,7716939896.0,512176.0,1315.0,1.0,3.0,0.0,0.0,17.0,12.0,8304290136.0,2727352832.0,23802126336.0,68115.0,35484823552.0,3358364053.0,1.0,2920.0,7635601.0,6601.0,700808.0,44652.0,0.0,0.0,6208.0,0.0
1787909563.8645911,2026-08-28T09:32:43+00:00,http_log_35m_x1,28655.0,7.0,5010595139.0,6170836861.0,503.0,4593.0,7716939896.0,512176.0,1315.0,1.0,3.0,0.0,0.0,17.0,12.0,8304290136.0,2727352832.0,23802126336.0,68115.0,35484823552.0,3358364053.0,1.0,2920.0,7635601.0,6601.0,700808.0,44652.0,0.0,0.0,6208.0,0.0
1787909564.869683,2026-08-28T09:32:44+00:00,http_log_35m_x1,28655.0,7.0,5010595139.0,6170836861.0,503.0,4593.0,7716939896.0,512176.0,1315.0,1.0,4.0,0.0,0.0,17.0,11.0,8304290136.0,2727352832.0,23802126336.0,68115.0,35484823552.0,3358364053.0,1.0,2920.0,7635601.0,6601.0,700808.0,44652.0,0.0,0.0,6208.0,0.0
1787909565.874766,2026-08-28T09:32:45+00:00,http_log_35m_x1,28655.0,7.0,5010595139.0,6173181283.0,503.0,4596.0,7716939896.0,674459.0,2476.0,1.0,3.0,0.0,0.0,17.0,11.0,8304290136.0,2727352832.0,23802126336.0,68115.0,35484823552.0,3358364053.0,1.0,2920.0,7635601.0,6601.0,700808.0,44652.0,0.0,0.0,6208.0,0.0
1787909566.8752341,2026-08-28T09:32:46+00:00,http_log_35m_x1,28655.0,7.0,5010595139.0,6174367168.0,503.0,4598.0,7716939896.0,522646.0,1269.0,1.0,3.0,0.0,0.0,17.0,12.0,8304290136.0,2727352832.0,23802126336.0,68115.0,35484823552.0,3358364053.0,1.0,2920.0,7635601.0,6601.0,700808.0,44652.0,0.0,0.0,6208.0,0.0
1787909567.8763452,2026-08-28T09:32:47+00:00,http_log_35m_x1,28655.0,7.0,5010595139.0,6174367168.0,503.0,4598.0,7716939896.0,522646.0,1269.0,1.0,3.0,0.0,0.0,17.0,12.0,8304290136.0,2727352832.0,23802126336.0,68115.0,35484823552.0,3358364053.0,1.0,2920.0,7635601.0,6601.0,700808.0,44652.0,0.0,0.0,6208.0,0.0
1787909568.8813481,2026-08-28T09:32:48+00:00,http_log_35m_x1,28655.0,7.0,5010595139.0,6174367168.0,503.0,4598.0,7716939896.0,522646.0,1269.0,1.0,4.0,0.0,0.0,17.0,10.0,8304290136.0,2727352832.0,23802126336.0,68115.0,35484823552.0,3358364053.0,1.0,2920.0,7635601.0,6601.0,700808.0,44652.0,0.0,0.0,6208.0,0.0
1787909569.885458,2026-08-28T09:32:49+00:00,http_log_35m_x1,28655.0,7.0,5010595139.0,6174367168.0,503.0,4598.0,7716939896.0,522646.0,1269.0,1.0,4.0,0.0,0.0,17.0,10.0,8304290136.0,2727352832.0,23802126336.0,68115.0,35484823552.0,3358364053.0,1.0,2920.0,7635601.0,6601.0,700808.0,44652.0,0.0,0.0,6208.0,0.0
1787909570.890539,2026-08-28T09:32:50+00:00,http_log_35m_x1,28655.0,7.0,5010595139.0,6201253041.0,503.0,4607.0,7716939896.0,481542.0,1520.0,1.0,2.0,0.0,0.0,17.0,19.0,8304290136.0,2727352832.0,23802126336.0,68115.0,35484823552.0,3358364053.0,1.0,2920.0,7635601.0,6601.0,700808.0,44652.0,0.0,0.0,6208.0,0.0
1787909571.8955982,2026-08-28T09:32:51+00:00,http_log_35m_x1,28655.0,7.0,5010595139.0,6201253041.0,503.0,4607.0,7716939896.0,481542.0,1520.0,1.0,2.0,0.0,0.0,17.0,19.0,8304290136.0,2727352832.0,23802126336.0,68115.0,35484823552.0,3358364053.0,1.0,2920.0,7635601.0,6601.0,700808.0,44652.0,0.0,0.0,6208.0,0.0
1787909572.898031,2026-08-28T09:32:52+00:00,http_log_35m_x1,28655.0,7.0,5010595139.0,6201253041.0,503.0,4607.0,7716939896.0,481542.0,1520.0,1.0,3.0,0.0,0.0,17.0,18.0,8304290136.0,2727352832.0,23802126336.0,68115.0,35484823552.0,3358364053.0,1.0,2920.0,7635601.0,6601.0,700808.0,44652.0,0.0,0.0,6208.0,0.0
1787909573.903129,2026-08-28T09:32:53+00:00,http_log_35m_x1,28655.0,7.0,5010595139.0,6203616566.0,503.0,4610.0,7716939896.0,723011.0,2269.0,1.0,3.0,0.0,0.0,17.0,16.0,8304290136.0,2727352832.0,23802126336.0,68115.0,35484823552.0,3358364053.0,1.0,2920.0,7635601.0,6601.0,700808.0,44652.0,0.0,0.0,6208.0,0.0
1787909574.9082172,2026-08-28T09:32:54+00:00,http_log_35m_x1,28655.0,7.0,5010595139.0,6204792806.0,503.0,4612.0,7716939896.0,489488.0,1403.0,1.0,3.0,0.0,0.0,17.0,12.0,8304290136.0,2727352832.0,23802126336.0,68115.0,35484823552.0,3358364053.0,1.0,2920.0,7635601.0,6601.0,700808.0,44652.0,0.0,0.0,6208.0,0.0
1787909575.912909,2026-08-28T09:32:55+00:00,http_log_35m_x1,28655.0,7.0,5010595139.0,6204792806.0,503.0,4612.0,8579165544.0,489488.0,1403.0,1.0,3.0,0.0,0.0,17.0,12.0,9193092344.0,2727352832.0,23963045888.0,68363.0,35095957504.0,3410208468.0,1.0,2948.0,7641105.0,6623.0,707022.0,44844.0,0.0,0.0,6228.0,0.0
1787909576.918066,2026-08-28T09:32:56+00:00,http_log_35m_x1,28655.0,7.0,5010595139.0,6204792806.0,503.0,4612.0,8579165544.0,489488.0,1403.0,1.0,4.0,0.0,0.0,17.0,11.0,9193092344.0,2727352832.0,23963045888.0,68363.0,35095957504.0,3410208468.0,1.0,2948.0,7641105.0,6623.0,707022.0,44844.0,0.0,0.0,6228.0,0.0
1787909577.922613,2026-08-28T09:32:57+00:00,http_log_35m_x1,28655.0,7.0,5010595139.0,6207119091.0,503.0,4615.0,8579165544.0,579398.0,3015.0,1.0,3.0,0.0,0.0,17.0,11.0,9193092344.0,2727352832.0,23963045888.0,68363.0,35095957504.0,3410208468.0,1.0,2948.0,7641105.0,6623.0,707022.0,44844.0,0.0,0.0,6228.0,0.0
1787909578.923573,2026-08-28T09:32:58+00:00,http_log_35m_x1,28655.0,7.0,5010595139.0,6208304992.0,503.0,4617.0,8579165544.0,405574.0,1924.0,1.0,3.0,0.0,0.0,17.0,12.0,9193092344.0,2727352832.0,23963045888.0,68363.0,35095957504.0,3410208468.0,1.0,2948.0,7641105.0,6623.0,707022.0,44844.0,0.0,0.0,6228.0,0.0
1787909579.928635,2026-08-28T09:32:59+00:00,http_log_35m_x1,28655.0,7.0,5010595139.0,6208304992.0,503.0,4617.0,8579165544.0,405574.0,1924.0,1.0,3.0,0.0,0.0,17.0,12.0,9193092344.0,2727352832.0,23963045888.0,68363.0,35095957504.0,3410208468.0,1.0,2948.0,7641105.0,6623.0,707022.0,44844.0,0.0,0.0,6228.0,0.0
1787909580.9306052,2026-08-28T09:33:00+00:00,http_log_35m_x1,28655.0,7.0,5010595139.0,6208304992.0,503.0,4617.0,8579165544.0,405574.0,1924.0,1.0,4.0,0.0,0.0,17.0,10.0,9193092344.0,2727352832.0,23963045888.0,68363.0,35095957504.0,3410208468.0,1.0,2948.0,7641105.0,6623.0,707022.0,44844.0,0.0,0.0,6228.0,0.0
1787909581.9343512,2026-08-28T09:33:01+00:00,http_log_35m_x1,28655.0,7.0,5010595139.0,6208304992.0,503.0,4617.0,8579165544.0,405574.0,1924.0,1.0,4.0,0.0,0.0,17.0,10.0,9193092344.0,2727352832.0,23963045888.0,68363.0,35095957504.0,3410208468.0,1.0,2948.0,7641105.0,6623.0,707022.0,44844.0,0.0,0.0,6228.0,0.0
1787909582.939448,2026-08-28T09:33:02+00:00,http_log_35m_x1,28655.0,7.0,5010595139.0,6214064591.0,503.0,4623.0,8579165544.0,1008569.0,3563.0,1.0,3.0,0.0,0.0,17.0,11.0,9193092344.0,2727352832.0,23963045888.0,68363.0,35095957504.0,3410208468.0,1.0,2948.0,7641105.0,6623.0,707022.0,44844.0,0.0,0.0,6228.0,0.0
1787909583.94331,2026-08-28T09:33:03+00:00,http_log_35m_x1,28655.0,7.0,5010595139.0,6214064591.0,503.0,4623.0,8579165544.0,1008569.0,3563.0,1.0,3.0,0.0,0.0,17.0,11.0,9193092344.0,2727352832.0,23963045888.0,68363.0,35095957504.0,3410208468.0,1.0,2948.0,7641105.0,6623.0,707022.0,44844.0,0.0,0.0,6228.0,0.0
1787909584.948478,2026-08-28T09:33:04+00:00,http_log_35m_x1,28655.0,7.0,5010595139.0,6214064591.0,503.0,4623.0,8579165544.0,1008569.0,3563.0,1.0,4.0,0.0,0.0,17.0,11.0,9193092344.0,2727352832.0,23963045888.0,68363.0,35095957504.0,3410208468.0,1.0,2948.0,7641105.0,6623.0,707022.0,44844.0,0.0,0.0,6228.0,0.0
1787909585.953655,2026-08-28T09:33:05+00:00,http_log_35m_x1,28655.0,7.0,5010595139.0,6220881103.0,503.0,4627.0,8579165544.0,1837830.0,2709.0,1.0,3.0,0.0,0.0,17.0,11.0,9193092344.0,2727352832.0,23963045888.0,68363.0,35095957504.0,3410208468.0,1.0,2948.0,7641105.0,6623.0,707022.0,44844.0,0.0,0.0,6228.0,0.0
1787909586.956287,2026-08-28T09:33:06+00:00,http_log_35m_x1,28655.0,7.0,5010595139.0,6249910917.0,503.0,4632.0,8579165544.0,2027822.0,12722.0,1.0,2.0,0.0,0.0,17.0,19.0,9193092344.0,2727352832.0,23963045888.0,68363.0,35095957504.0,3410208468.0,1.0,2948.0,7641105.0,6623.0,707022.0,44844.0,0.0,0.0,6228.0,0.0
1787909587.958142,2026-08-28T09:33:07+00:00,http_log_35m_x1,28655.0,7.0,5010595139.0,6249910917.0,503.0,4632.0,8579165544.0,2027822.0,12722.0,1.0,2.0,0.0,0.0,17.0,19.0,9193092344.0,2727352832.0,23963045888.0,68363.0,35095957504.0,3410208468.0,1.0,2948.0,7641105.0,6623.0,707022.0,44844.0,0.0,0.0,6228.0,0.0
1787909588.959981,2026-08-28T09:33:08+00:00,http_log_35m_x1,28655.0,7.0,5010595139.0,6249910917.0,503.0,4632.0,8579165544.0,2027822.0,12722.0,1.0,3.0,0.0,0.0,17.0,18.0,9193092344.0,2727352832.0,23963045888.0,68363.0,35095957504.0,3410208468.0,1.0,2948.0,7641105.0,6623.0,707022.0,44844.0,0.0,0.0,6228.0,0.0
1787909589.9650838,2026-08-28T09:33:09+00:00,http_log_35m_x1,28655.0,7.0,5010595139.0,6253441081.0,503.0,4637.0,8579165544.0,548938.0,1160.0,1.0,1.0,0.0,0.0,17.0,18.0,9193092344.0,2727352832.0,23963045888.0,68363.0,35095957504.0,3410208468.0,1.0,2948.0,7641105.0,6623.0,707022.0,44844.0,0.0,0.0,6228.0,0.0
1787909590.9688199,2026-08-28T09:33:10+00:00,http_log_35m_x1,28655.0,7.0,5010595139.0,6253441081.0,503.0,4637.0,9311658448.0,548938.0,1160.0,1.0,2.0,0.0,0.0,17.0,19.0,9908503624.0,2741770752.0,24059670528.0,68580.0,35095957504.0,3410208468.0,1.0,2970.0,7646144.0,6643.0,713618.0,45025.0,0.0,0.0,6249.0,0.0
1787909591.973922,2026-08-28T09:33:11+00:00,http_log_35m_x1,28655.0,7.0,5010595139.0,6407732561.0,503.0,4640.0,9311658448.0,2484644.0,61098.0,1.0,1.0,0.0,0.0,17.0,19.0,9908503624.0,2741770752.0,24059670528.0,68580.0,35095957504.0,3410208468.0,1.0,2970.0,7646144.0,6643.0,713618.0,45025.0,0.0,0.0,6249.0,0.0
1787909592.977074,2026-08-28T09:33:12+00:00,http_log_35m_x1,28655.0,7.0,5010595139.0,6407732561.0,503.0,4640.0,9311658448.0,2484644.0,61098.0,1.0,2.0,0.0,0.0,17.0,24.0,9908503624.0,2741770752.0,24059670528.0,68580.0,35095957504.0,3410208468.0,1.0,2970.0,7646144.0,6643.0,713618.0,45025.0,0.0,0.0,6249.0,0.0
1787909593.980823,2026-08-28T09:33:13+00:00,http_log_35m_x1,28655.0,7.0,5010595139.0,6413528827.0,503.0,4646.0,9311658448.0,522378.0,1251.0,1.0,1.0,0.0,0.0,17.0,23.0,9908503624.0,2741770752.0,24059670528.0,68580.0,35095957504.0,3410208468.0,1.0,2970.0,7646144.0,6643.0,713618.0,45025.0,0.0,0.0,6249.0,0.0
1787909594.985972,2026-08-28T09:33:14+00:00,http_log_35m_x1,28655.0,7.0,5010595139.0,6413528827.0,503.0,4646.0,9311658448.0,522378.0,1251.0,1.0,2.0,0.0,0.0,17.0,18.0,9908503624.0,2741770752.0,24059670528.0,68580.0,35095957504.0,3410208468.0,1.0,2970.0,7646144.0,6643.0,713618.0,45025.0,0.0,0.0,6249.0,0.0
1787909595.9910378,2026-08-28T09:33:16+00:00,http_log_35m_x1,28655.0,7.0,5010595139.0,6413528827.0,503.0,4646.0,9311658448.0,522378.0,1251.0,1.0,2.0,0.0,0.0,17.0,18.0,9908503624.0,2741770752.0,24059670528.0,68580.0,35095957504.0,3410208468.0,1.0,2970.0,7646144.0,6643.0,713618.0,45025.0,0.0,0.0,6249.0,0.0
1787909596.9961321,2026-08-28T09:33:17+00:00,http_log_35m_x1,28655.0,7.0,5010595139.0,6413528827.0,503.0,4646.0,9311658448.0,522378.0,1251.0,1.0,3.0,0.0,0.0,17.0,17.0,9908503624.0,2741770752.0,24059670528.0,68580.0,35095957504.0,3410208468.0,1.0,2970.0,7646144.0,6643.0,713618.0,45025.0,0.0,0.0,6249.0,0.0
1787909597.997427,2026-08-28T09:33:18+00:00,http_log_35m_x1,28655.0,7.0,5010595139.0,6428327621.0,503.0,4653.0,9311658448.0,520460.0,1278.0,1.0,0.0,0.0,0.0,17.0,17.0,9908503624.0,2741770752.0,24059670528.0,68580.0,35095957504.0,3410208468.0,1.0,2970.0,7646144.0,6643.0,713618.0,45025.0,0.0,0.0,6249.0,0.0
1787909598.999328,2026-08-28T09:33:19+00:00,http_log_35m_x1,28655.0,7.0,5010595139.0,6428327621.0,503.0,4653.0,9311658448.0,520460.0,1278.0,1.0,1.0,0.0,0.0,17.0,26.0,9908503624.0,2741770752.0,24059670528.0,68580.0,35095957504.0,3410208468.0,1.0,2970.0,7646144.0,6643.0,713618.0,45025.0,0.0,0.0,6249.0,0.0
1787909600.003233,2026-08-28T09:33:20+00:00,http_log_35m_x1,28655.0,7.0,5010595139.0,6429522783.0,503.0,4655.0,9311658448.0,548994.0,1177.0,1.0,1.0,0.0,0.0,17.0,23.0,9908503624.0,2741770752.0,24059670528.0,68580.0,35095957504.0,3410208468.0,1.0,2970.0,7646144.0,6643.0,713618.0,45025.0,0.0,0.0,6249.0,0.0
1787909601.00832,2026-08-28T09:33:21+00:00,http_log_35m_x1,28655.0,7.0,5010595139.0,6429522783.0,503.0,4655.0,9311658448.0,548994.0,1177.0,1.0,2.0,0.0,0.0,17.0,18.0,9908503624.0,2741770752.0,24059670528.0,68580.0,35095957504.0,3410208468.0,1.0,2970.0,7646144.0,6643.0,713618.0,45025.0,0.0,0.0,6249.0,0.0
1787909602.013391,2026-08-28T09:33:22+00:00,http_log_35m_x1,28655.0,7.0,5010595139.0,6429522783.0,503.0,4655.0,9311658448.0,548994.0,1177.0,1.0,2.0,0.0,0.0,17.0,18.0,9908503624.0,2741770752.0,24059670528.0,68580.0,35095957504.0,3410208468.0,1.0,2970.0,7646144.0,6643.0,713618.0,45025.0,0.0,0.0,6249.0,0.0
1787909603.018493,2026-08-28T09:33:23+00:00,http_log_35m_x1,28655.0,7.0,5010595139.0,6431876790.0,503.0,4658.0,9311658448.0,711610.0,2308.0,1.0,2.0,0.0,0.0,17.0,17.0,9908503624.0,2741770752.0,24059670528.0,68580.0,35095957504.0,3410208468.0,1.0,2970.0,7646144.0,6643.0,713618.0,45025.0,0.0,0.0,6249.0,0.0
1787909604.019613,2026-08-28T09:33:24+00:00,http_log_35m_x1,28655.0,7.0,5010595139.0,6433090504.0,503.0,4660.0,9311658448.0,508042.0,1389.0,1.0,1.0,0.0,0.0,17.0,17.0,9908503624.0,2741770752.0,24059670528.0,68580.0,35095957504.0,3410208468.0,1.0,2970.0,7646144.0,6643.0,713618.0,45025.0,0.0,0.0,6249.0,0.0
1787909605.024734,2026-08-28T09:33:25+00:00,http_log_35m_x1,28655.0,7.0,5010595139.0,6447758785.0,503.0,4663.0,7938577608.0,2416918.0,5069.0,1.0,1.0,0.0,0.0,17.0,18.0,8540139336.0,2741774848.0,24299261952.0,68815.0,35095957504.0,3410208468.0,1.0,2995.0,7653382.0,6665.0,718184.0,45162.0,0.0,0.0,6269.0,0.0
1787909606.029792,2026-08-28T09:33:26+00:00,http_log_35m_x1,28655.0,7.0,5010595139.0,6447758785.0,503.0,4663.0,7938577608.0,2416918.0,5069.0,1.0,1.0,0.0,0.0,17.0,18.0,8540139336.0,2741774848.0,24299261952.0,68815.0,35095957504.0,3410208468.0,1.0,2995.0,7653382.0,6665.0,718184.0,45162.0,0.0,0.0,6269.0,0.0
1787909607.034542,2026-08-28T09:33:27+00:00,http_log_35m_x1,28655.0,7.0,5010595139.0,6447758785.0,503.0,4663.0,7938577608.0,2416918.0,5069.0,1.0,2.0,0.0,0.0,17.0,23.0,8540139336.0,2741774848.0,24299261952.0,68815.0,35095957504.0,3410208468.0,1.0,2995.0,7653382.0,6665.0,718184.0,45162.0,0.0,0.0,6269.0,0.0
1787909608.039642,2026-08-28T09:33:28+00:00,http_log_35m_x1,28655.0,7.0,5010595139.0,6453620226.0,503.0,4669.0,7938577608.0,551422.0,1184.0,1.0,0.0,0.0,0.0,17.0,23.0,8540139336.0,2741774848.0,24299261952.0,68815.0,35095957504.0,3410208468.0,1.0,2995.0,7653382.0,6665.0,718184.0,45162.0,0.0,0.0,6269.0,0.0
1787909609.0447319,2026-08-28T09:33:29+00:00,http_log_35m_x1,28655.0,7.0,5010595139.0,6453620226.0,503.0,4669.0,7938577608.0,551422.0,1184.0,1.0,1.0,0.0,0.0,17.0,26.0,8540139336.0,2741774848.0,24299261952.0,68815.0,35095957504.0,3410208468.0,1.0,2995.0,7653382.0,6665.0,718184.0,45162.0,0.0,0.0,6269.0,0.0
1787909610.049741,2026-08-28T09:33:30+00:00,http_log_35m_x1,28655.0,7.0,5010595139.0,6453620226.0,503.0,4669.0,7938577608.0,551422.0,1184.0,1.0,1.0,0.0,0.0,17.0,26.0,8540139336.0,2741774848.0,24299261952.0,68815.0,35095957504.0,3410208468.0,1.0,2995.0,7653382.0,6665.0,718184.0,45162.0,0.0,0.0,6269.0,0.0
1787909611.053202,2026-08-28T09:33:31+00:00,http_log_35m_x1,28655.0,7.0,5010595139.0,6455993184.0,503.0,4672.0,7938577608.0,787311.0,2014.0,1.0,1.0,0.0,0.0,17.0,24.0,8540139336.0,2741774848.0,24299261952.0,68815.0,35095957504.0,3410208468.0,1.0,2995.0,7653382.0,6665.0,718184.0,45162.0,0.0,0.0,6269.0,0.0
1787909612.058293,2026-08-28T09:33:32+00:00,http_log_35m_x1,28655.0,7.0,5010595139.0,6457188053.0,503.0,4674.0,7938577608.0,575009.0,1078.0,1.0,1.0,0.0,0.0,17.0,23.0,8540139336.0,2741774848.0,24299261952.0,68815.0,35095957504.0,3410208468.0,1.0,2995.0,7653382.0,6665.0,718184.0,45162.0,0.0,0.0,6269.0,0.0
1787909613.06338,2026-08-28T09:33:33+00:00,http_log_35m_x1,28655.0,7.0,5010595139.0,6457188053.0,503.0,4674.0,7938577608.0,575009.0,1078.0,1.0,2.0,0.0,0.0,17.0,18.0,8540139336.0,2741774848.0,24299261952.0,68815.0,35095957504.0,3410208468.0,1.0,2995.0,7653382.0,6665.0,718184.0,45162.0,0.0,0.0,6269.0,0.0
1787909614.065623,2026-08-28T09:33:34+00:00,http_log_35m_x1,28655.0,7.0,5010595139.0,6457188053.0,503.0,4674.0,7938577608.0,575009.0,1078.0,1.0,2.0,0.0,0.0,17.0,18.0,8540139336.0,2741774848.0,24299261952.0,68815.0,35095957504.0,3410208468.0,1.0,2995.0,7653382.0,6665.0,718184.0,45162.0,0.0,0.0,6269.0,0.0
1787909615.070705,2026-08-28T09:33:35+00:00,http_log_35m_x1,28655.0,7.0,5010595139.0,6459569136.0,503.0,4677.0,7938577608.0,734902.0,2240.0,1.0,2.0,0.0,0.0,17.0,17.0,8540139336.0,2741774848.0,24299261952.0,68815.0,35095957504.0,3410208468.0,1.0,2995.0,7653382.0,6665.0,718184.0,45162.0,0.0,0.0,6269.0,0.0
1787909616.075806,2026-08-28T09:33:36+00:00,http_log_35m_x1,28655.0,7.0,5010595139.0,6460782173.0,503.0,4679.0,7938577608.0,522635.0,1321.0,1.0,1.0,0.0,0.0,17.0,17.0,8540139336.0,2741774848.0,24299261952.0,68815.0,35095957504.0,3410208468.0,1.0,2995.0,7653382.0,6665.0,718184.0,45162.0,0.0,0.0,6269.0,0.0
1787909617.080896,2026-08-28T09:33:37+00:00,http_log_35m_x1,28655.0,7.0,5010595139.0,6460782173.0,503.0,4679.0,7938577608.0,522635.0,1321.0,1.0,2.0,0.0,0.0,17.0,18.0,8540139336.0,2741774848.0,24299261952.0,68815.0,35095957504.0,3410208468.0,1.0,2995.0,7653382.0,6665.0,718184.0,45162.0,0.0,0.0,6269.0,0.0
1787909618.085972,2026-08-28T09:33:38+00:00,http_log_35m_x1,28655.0,7.0,5010595139.0,6460782173.0,503.0,4679.0,7938577608.0,522635.0,1321.0,1.0,2.0,0.0,0.0,17.0,18.0,8540139336.0,2741774848.0,24299261952.0,68815.0,35095957504.0,3410208468.0,1.0,2995.0,7653382.0,6665.0,718184.0,45162.0,0.0,0.0,6269.0,0.0
1787909619.087975,2026-08-28T09:33:39+00:00,http_log_35m_x1,28655.0,7.0,5010595139.0,6460782173.0,503.0,4679.0,7938577608.0,522635.0,1321.0,1.0,3.0,0.0,0.0,17.0,17.0,8540139336.0,2741774848.0,24299261952.0,68815.0,35095957504.0,3410208468.0,1.0,2995.0,7653382.0,6665.0,718184.0,45162.0,0.0,0.0,6269.0,0.0
1787909620.09342,2026-08-28T09:33:40+00:00,http_log_35m_x1,28655.0,7.0,5010595139.0,6488118655.0,503.0,4688.0,8155145192.0,545333.0,1174.0,1.0,0.0,0.0,0.0,17.0,17.0,8760046904.0,2741774848.0,24382529536.0,68936.0,35095957504.0,3410208468.0,0.0,3018.0,7660833.0,6675.0,722592.0,45251.0,0.0,0.0,6289.0,0.0
1787909621.09853,2026-08-28T09:33:41+00:00,http_log_35m_x1,28655.0,7.0,5010595139.0,6488118655.0,503.0,4688.0,8155145192.0,545333.0,1174.0,1.0,1.0,0.0,0.0,17.0,18.0,8760046904.0,2741774848.0,24382529536.0,68936.0,35095957504.0,3410208468.0,0.0,3018.0,7660833.0,6675.0,722592.0,45251.0,0.0,0.0,6289.0,0.0
1787909622.102601,2026-08-28T09:33:42+00:00,http_log_35m_x1,28655.0,7.0,5010595139.0,6488118655.0,503.0,4688.0,8155145192.0,545333.0,1174.0,1.0,1.0,0.0,0.0,17.0,18.0,8760046904.0,2741774848.0,24382529536.0,68936.0,35095957504.0,3410208468.0,0.0,3018.0,7660833.0,6675.0,722592.0,45251.0,0.0,0.0,6289.0,0.0
1787909623.107687,2026-08-28T09:33:43+00:00,http_log_35m_x1,28655.0,7.0,5010595139.0,6495010125.0,503.0,4692.0,8155145192.0,2222337.0,2101.0,1.0,1.0,0.0,0.0,17.0,18.0,8760046904.0,2741774848.0,24382529536.0,68936.0,35095957504.0,3410208468.0,0.0,3018.0,7660833.0,6675.0,722592.0,45251.0,0.0,0.0,6289.0,0.0
1787909624.109882,2026-08-28T09:33:44+00:00,http_log_35m_x1,28655.0,7.0,5010595139.0,6496223687.0,503.0,4694.0,8155145192.0,571356.0,1124.0,1.0,0.0,0.0,0.0,17.0,18.0,8760046904.0,2741774848.0,24382529536.0,68936.0,35095957504.0,3410208468.0,0.0,3018.0,7660833.0,6675.0,722592.0,45251.0,0.0,0.0,6289.0,0.0
1787909625.1149929,2026-08-28T09:33:45+00:00,http_log_35m_x1,28655.0,7.0,5010595139.0,6496223687.0,503.0,4694.0,8155145192.0,571356.0,1124.0,1.0,1.0,0.0,0.0,17.0,26.0,8760046904.0,2741774848.0,24382529536.0,68936.0,35095957504.0,3410208468.0,0.0,3018.0,7660833.0,6675.0,722592.0,45251.0,0.0,0.0,6289.0,0.0
1787909626.118866,2026-08-28T09:33:46+00:00,http_log_35m_x1,28655.0,7.0,5010595139.0,6497428176.0,503.0,4696.0,8155145192.0,612971.0,965.0,1.0,1.0,0.0,0.0,17.0,23.0,8760046904.0,2741774848.0,24382529536.0,68936.0,35095957504.0,3410208468.0,0.0,3018.0,7660833.0,6675.0,722592.0,45251.0,0.0,0.0,6289.0,0.0
1787909627.121172,2026-08-28T09:33:47+00:00,http_log_35m_x1,28655.0,7.0,5010595139.0,6497428176.0,503.0,4696.0,8155145192.0,612971.0,965.0,1.0,2.0,0.0,0.0,17.0,19.0,8760046904.0,2741774848.0,24382529536.0,68936.0,35095957504.0,3410208468.0,0.0,3018.0,7660833.0,6675.0,722592.0,45251.0,0.0,0.0,6289.0,0.0
1787909628.126273,2026-08-28T09:33:48+00:00,http_log_35m_x1,28655.0,7.0,5010595139.0,6497428176.0,503.0,4696.0,8155145192.0,612971.0,965.0,1.0,2.0,0.0,0.0,17.0,19.0,8760046904.0,2741774848.0,24382529536.0,68936.0,35095957504.0,3410208468.0,0.0,3018.0,7660833.0,6675.0,722592.0,45251.0,0.0,0.0,6289.0,0.0
1787909629.127168,2026-08-28T09:33:49+00:00,http_log_35m_x1,28655.0,7.0,5010595139.0,6507804343.0,503.0,4701.0,8155145192.0,702497.0,2404.0,1.0,1.0,0.0,0.0,17.0,18.0,8760046904.0,2741774848.0,24382529536.0,68936.0,35095957504.0,3410208468.0,0.0,3018.0,7660833.0,6675.0,722592.0,45251.0,0.0,0.0,6289.0,0.0
1787909630.132234,2026-08-28T09:33:50+00:00,http_log_35m_x1,28655.0,7.0,5010595139.0,6508980889.0,503.0,4703.0,8155145192.0,570031.0,1064.0,1.0,1.0,0.0,0.0,17.0,24.0,8760046904.0,2741774848.0,24382529536.0,68936.0,35095957504.0,3410208468.0,0.0,3018.0,7660833.0,6675.0,722592.0,45251.0,0.0,0.0,6289.0,0.0
1787909631.135196,2026-08-28T09:33:51+00:00,http_log_35m_x1,28655.0,7.0,5010595139.0,6508980889.0,503.0,4703.0,8155145192.0,570031.0,1064.0,1.0,2.0,0.0,0.0,17.0,19.0,8760046904.0,2741774848.0,24382529536.0,68936.0,35095957504.0,3410208468.0,0.0,3018.0,7660833.0,6675.0,722592.0,45251.0,0.0,0.0,6289.0,0.0
1787909632.1403232,2026-08-28T09:33:52+00:00,http_log_35m_x1,28655.0,7.0,5010595139.0,6508980889.0,503.0,4703.0,8155145192.0,570031.0,1064.0,1.0,2.0,0.0,0.0,17.0,19.0,8760046904.0,2741774848.0,24382529536.0,68936.0,35095957504.0,3410208468.0,0.0,3018.0,7660833.0,6675.0,722592.0,45251.0,0.0,0.0,6289.0,0.0
1787909633.145401,2026-08-28T09:33:53+00:00,http_log_35m_x1,28655.0,7.0,5010595139.0,6511334346.0,503.0,4706.0,8155145192.0,729301.0,2227.0,1.0,2.0,0.0,0.0,17.0,18.0,8760046904.0,2741774848.0,24382529536.0,68936.0,35095957504.0,3410208468.0,0.0,3018.0,7660833.0,6675.0,722592.0,45251.0,0.0,0.0,6289.0,0.0
1787909634.149874,2026-08-28T09:33:54+00:00,http_log_35m_x1,28655.0,7.0,5010595139.0,6522836062.0,503.0,4710.0,8155145192.0,540778.0,1262.0,1.0,1.0,0.0,0.0,17.0,24.0,8760046904.0,2741774848.0,24382529536.0,68936.0,35095957504.0,3410208468.0,0.0,3018.0,7660833.0,6675.0,722592.0,45251.0,0.0,0.0,6289.0,0.0
1787909635.1549819,2026-08-28T09:33:55+00:00,http_log_35m_x1,28655.0,7.0,5010595139.0,6522836062.0,503.0,4710.0,8722931264.0,540778.0,1262.0,1.0,2.0,0.0,0.0,17.0,19.0,9364782240.0,2741778944.0,24457715712.0,69094.0,35095957504.0,3410208468.0,1.0,3047.0,7668493.0,6690.0,726779.0,45343.0,0.0,0.0,6308.0,0.0
1787909636.160039,2026-08-28T09:33:56+00:00,http_log_35m_x1,28655.0,7.0,5010595139.0,6522836062.0,503.0,4710.0,8722931264.0,540778.0,1262.0,1.0,2.0,0.0,0.0,17.0,19.0,9364782240.0,2741778944.0,24457715712.0,69094.0,34634182656.0,3462633016.0,1.0,3047.0,7668493.0,6690.0,726779.0,45343.0,0.0,0.0,6308.0,0.0
1787909637.165146,2026-08-28T09:33:57+00:00,http_log_35m_x1,28655.0,7.0,5010595139.0,6525236881.0,503.0,4713.0,8722931264.0,741909.0,2236.0,1.0,2.0,0.0,0.0,17.0,18.0,9364782240.0,2741778944.0,24457715712.0,69094.0,34634182656.0,3462633016.0,1.0,3047.0,7668493.0,6690.0,726779.0,45343.0,0.0,0.0,6308.0,0.0
1787909638.17024,2026-08-28T09:33:58+00:00,http_log_35m_x1,28655.0,7.0,5010595139.0,6538932691.0,503.0,4717.0,8722931264.0,2350188.0,4335.0,1.0,0.0,0.0,0.0,17.0,18.0,9364782240.0,2741778944.0,24457715712.0,69094.0,34634182656.0,3462633016.0,1.0,3047.0,7668493.0,6690.0,726779.0,45343.0,0.0,0.0,6308.0,0.0
1787909639.17056,2026-08-28T09:33:59+00:00,http_log_35m_x1,28655.0,7.0,5010595139.0,6538932691.0,503.0,4717.0,8722931264.0,2350188.0,4335.0,1.0,1.0,0.0,0.0,17.0,28.0,9364782240.0,2741778944.0,24457715712.0,69094.0,34634182656.0,3462633016.0,1.0,3047.0,7668493.0,6690.0,726779.0,45343.0,0.0,0.0,6308.0,0.0
1787909640.174931,2026-08-28T09:34:00+00:00,http_log_35m_x1,28655.0,7.0,5010595139.0,6538932691.0,503.0,4717.0,8722931264.0,2350188.0,4335.0,1.0,2.0,0.0,0.0,17.0,24.0,9364782240.0,2741778944.0,24457715712.0,69094.0,34634182656.0,3462633016.0,1.0,3047.0,7668493.0,6690.0,726779.0,45343.0,0.0,0.0,6308.0,0.0
1787909641.180008,2026-08-28T09:34:01+00:00,http_log_35m_x1,28655.0,7.0,5010595139.0,6541249824.0,503.0,4720.0,8722931264.0,715827.0,2237.0,1.0,2.0,0.0,0.0,17.0,18.0,9364782240.0,2741778944.0,24457715712.0,69094.0,34634182656.0,3462633016.0,1.0,3047.0,7668493.0,6690.0,726779.0,45343.0,0.0,0.0,6308.0,0.0
1787909642.1850638,2026-08-28T09:34:02+00:00,http_log_35m_x1,28655.0,7.0,5010595139.0,6542454288.0,503.0,4722.0,8722931264.0,548480.0,1196.0,1.0,1.0,0.0,0.0,17.0,18.0,9364782240.0,2741778944.0,24457715712.0,69094.0,34634182656.0,3462633016.0,1.0,3047.0,7668493.0,6690.0,726779.0,45343.0,0.0,0.0,6308.0,0.0
1787909643.190141,2026-08-28T09:34:03+00:00,http_log_35m_x1,28655.0,7.0,5010595139.0,6542454288.0,503.0,4722.0,8722931264.0,548480.0,1196.0,1.0,2.0,0.0,0.0,17.0,19.0,9364782240.0,2741778944.0,24457715712.0,69094.0,34634182656.0,3462633016.0,1.0,3047.0,7668493.0,6690.0,726779.0,45343.0,0.0,0.0,6308.0,0.0
1787909644.1952279,2026-08-28T09:34:04+00:00,http_log_35m_x1,28655.0,7.0,5010595139.0,6542454288.0,503.0,4722.0,8722931264.0,548480.0,1196.0,1.0,2.0,0.0,0.0,17.0,19.0,9364782240.0,2741778944.0,24457715712.0,69094.0,34634182656.0,3462633016.0,1.0,3047.0,7668493.0,6690.0,726779.0,45343.0,0.0,0.0,6308.0,0.0
1787909645.199164,2026-08-28T09:34:05+00:00,http_log_35m_x1,28655.0,7.0,5010595139.0,6557302087.0,503.0,4724.0,8722931264.0,2280767.0,5510.0,1.0,2.0,0.0,0.0,17.0,18.0,9364782240.0,2741778944.0,24457715712.0,69094.0,34634182656.0,3462633016.0,1.0,3047.0,7668493.0,6690.0,726779.0,45343.0,0.0,0.0,6308.0,0.0
1787909646.200694,2026-08-28T09:34:06+00:00,http_log_35m_x1,28655.0,7.0,5010595139.0,6563061104.0,503.0,4730.0,8722931264.0,534150.0,1167.0,1.0,0.0,0.0,0.0,17.0,18.0,9364782240.0,2741778944.0,24457715712.0,69094.0,34634182656.0,3462633016.0,1.0,3047.0,7668493.0,6690.0,726779.0,45343.0,0.0,0.0,6308.0,0.0
1787909647.205763,2026-08-28T09:34:07+00:00,http_log_35m_x1,28655.0,7.0,5010595139.0,6563061104.0,503.0,4730.0,8722931264.0,534150.0,1167.0,1.0,1.0,0.0,0.0,17.0,27.0,9364782240.0,2741778944.0,24457715712.0,69094.0,34634182656.0,3462633016.0,1.0,3047.0,7668493.0,6690.0,726779.0,45343.0,0.0,0.0,6308.0,0.0
1787909648.210834,2026-08-28T09:34:08+00:00,http_log_35m_x1,28655.0,7.0,5010595139.0,6563061104.0,503.0,4730.0,8722931264.0,534150.0,1167.0,1.0,1.0,0.0,0.0,17.0,27.0,9364782240.0,2741778944.0,24457715712.0,69094.0,34634182656.0,3462633016.0,1.0,3047.0,7668493.0,6690.0,726779.0,45343.0,0.0,0.0,6308.0,0.0
1787909649.2159328,2026-08-28T09:34:09+00:00,http_log_35m_x1,28655.0,7.0,5010595139.0,6565396454.0,503.0,4733.0,8722931264.0,812578.0,1874.0,1.0,1.0,0.0,0.0,17.0,27.0,9364782240.0,2741778944.0,24457715712.0,69094.0,34634182656.0,3462633016.0,1.0,3047.0,7668493.0,6690.0,726779.0,45343.0,0.0,0.0,6308.0,0.0
1787909650.221022,2026-08-28T09:34:10+00:00,http_log_35m_x1,28655.0,7.0,5010595139.0,6566600559.0,503.0,4735.0,9152695168.0,632076.0,905.0,1.0,1.0,0.0,0.0,17.0,26.0,9797370664.0,2741778944.0,24546816000.0,69218.0,34634182656.0,3462633016.0,0.0,3071.0,7675906.0,6702.0,731198.0,45451.0,0.0,0.0,6328.0,0.0
1787909651.224864,2026-08-28T09:34:11+00:00,http_log_35m_x1,28655.0,7.0,5010595139.0,6568366320.0,503.0,4737.0,9152695168.0,660344.0,1674.0,1.0,1.0,0.0,0.0,17.0,24.0,9797370664.0,2741778944.0,24546816000.0,69218.0,34634182656.0,3462633016.0,0.0,3071.0,7675906.0,6702.0,731198.0,45451.0,0.0,0.0,6328.0,0.0
1787909652.227205,2026-08-28T09:34:12+00:00,http_log_35m_x1,28655.0,7.0,5010595139.0,6568366320.0,503.0,4737.0,9152695168.0,660344.0,1674.0,1.0,2.0,0.0,0.0,17.0,18.0,9797370664.0,2741778944.0,24546816000.0,69218.0,34634182656.0,3462633016.0,0.0,3071.0,7675906.0,6702.0,731198.0,45451.0,0.0,0.0,6328.0,0.0
1787909653.2322822,2026-08-28T09:34:13+00:00,http_log_35m_x1,28655.0,7.0,5010595139.0,6568366320.0,503.0,4737.0,9152695168.0,660344.0,1674.0,1.0,2.0,0.0,0.0,17.0,18.0,9797370664.0,2741778944.0,24546816000.0,69218.0,34634182656.0,3462633016.0,0.0,3071.0,7675906.0,6702.0,731198.0,45451.0,0.0,0.0,6328.0,0.0
1787909654.234178,2026-08-28T09:34:14+00:00,http_log_35m_x1,28655.0,7.0,5010595139.0,6568366320.0,503.0,4737.0,9152695168.0,660344.0,1674.0,1.0,3.0,0.0,0.0,17.0,18.0,9797370664.0,2741778944.0,24546816000.0,69218.0,34634182656.0,3462633016.0,0.0,3071.0,7675906.0,6702.0,731198.0,45451.0,0.0,0.0,6328.0,0.0
1787909655.237848,2026-08-28T09:34:15+00:00,http_log_35m_x1,28655.0,7.0,5010595139.0,6572512957.0,503.0,4742.0,9152695168.0,515439.0,1354.0,1.0,1.0,0.0,0.0,17.0,18.0,9797370664.0,2741778944.0,24546816000.0,69218.0,34634182656.0,3462633016.0,0.0,3071.0,7675906.0,6702.0,731198.0,45451.0,0.0,0.0,6328.0,0.0
1787909656.242917,2026-08-28T09:34:16+00:00,http_log_35m_x1,28655.0,7.0,5010595139.0,6572512957.0,503.0,4742.0,9152695168.0,515439.0,1354.0,1.0,2.0,0.0,0.0,17.0,19.0,9797370664.0,2741778944.0,24546816000.0,69218.0,34634182656.0,3462633016.0,0.0,3071.0,7675906.0,6702.0,731198.0,45451.0,0.0,0.0,6328.0,0.0
1787909657.2479858,2026-08-28T09:34:17+00:00,http_log_35m_x1,28655.0,7.0,5010595139.0,6577726528.0,503.0,4746.0,9152695168.0,1834472.0,1842.0,1.0,1.0,0.0,0.0,17.0,19.0,9797370664.0,2741778944.0,24546816000.0,69218.0,34634182656.0,3462633016.0,0.0,3071.0,7675906.0,6702.0,731198.0,45451.0,0.0,0.0,6328.0,0.0
1787909658.2530591,2026-08-28T09:34:18+00:00,http_log_35m_x1,28655.0,7.0,5010595139.0,6577726528.0,503.0,4746.0,9152695168.0,1834472.0,1842.0,1.0,2.0,0.0,0.0,17.0,17.0,9797370664.0,2741778944.0,24546816000.0,69218.0,34634182656.0,3462633016.0,0.0,3071.0,7675906.0,6702.0,731198.0,45451.0,0.0,0.0,6328.0,0.0
1787909659.2577422,2026-08-28T09:34:19+00:00,http_log_35m_x1,28655.0,7.0,5010595139.0,6599322293.0,503.0,4749.0,9152695168.0,2379698.0,8075.0,1.0,1.0,0.0,0.0,17.0,17.0,9797370664.0,2741778944.0,24546816000.0,69218.0,34634182656.0,3462633016.0,0.0,3071.0,7675906.0,6702.0,731198.0,45451.0,0.0,0.0,6328.0,0.0
1787909660.262825,2026-08-28T09:34:20+00:00,http_log_35m_x1,28655.0,7.0,5010595139.0,6605627905.0,503.0,4752.0,9152695168.0,2012643.0,2133.0,1.0,1.0,0.0,0.0,17.0,19.0,9797370664.0,2741778944.0,24546816000.0,69218.0,34634182656.0,3462633016.0,0.0,3071.0,7675906.0,6702.0,731198.0,45451.0,0.0,0.0,6328.0,0.0
1787909661.266916,2026-08-28T09:34:21+00:00,http_log_35m_x1,28655.0,7.0,5010595139.0,6606841393.0,503.0,4754.0,9152695168.0,540529.0,1245.0,1.0,1.0,0.0,0.0,17.0,23.0,9797370664.0,2741778944.0,24546816000.0,69218.0,34634182656.0,3462633016.0,0.0,3071.0,7675906.0,6702.0,731198.0,45451.0,0.0,0.0,6328.0,0.0
1787909662.272002,2026-08-28T09:34:22+00:00,http_log_35m_x1,28655.0,7.0,5010595139.0,6606841393.0,503.0,4754.0,9152695168.0,540529.0,1245.0,1.0,2.0,0.0,0.0,17.0,19.0,9797370664.0,2741778944.0,24546816000.0,69218.0,34634182656.0,3462633016.0,0.0,3071.0,7675906.0,6702.0,731198.0,45451.0,0.0,0.0,6328.0,0.0
1787909663.27708,2026-08-28T09:34:23+00:00,http_log_35m_x1,28655.0,7.0,5010595139.0,6608026980.0,503.0,4756.0,9152695168.0,510588.0,1322.0,1.0,2.0,0.0,0.0,17.0,16.0,9797370664.0,2741778944.0,24546816000.0,69218.0,34634182656.0,3462633016.0,0.0,3071.0,7675906.0,6702.0,731198.0,45451.0,0.0,0.0,6328.0,0.0
1787909664.282141,2026-08-28T09:34:24+00:00,http_log_35m_x1,28655.0,7.0,5010595139.0,6608026980.0,503.0,4756.0,9152695168.0,510588.0,1322.0,1.0,3.0,0.0,0.0,17.0,12.0,9797370664.0,2741778944.0,24546816000.0,69218.0,34634182656.0,3462633016.0,0.0,3071.0,7675906.0,6702.0,731198.0,45451.0,0.0,0.0,6328.0,0.0
1787909665.287235,2026-08-28T09:34:25+00:00,http_log_35m_x1,2693729.0,309579.0,5847210833.0,6608026980.0,507.0,4756.0,432037568.0,510588.0,1322.0,0.0,3.0,0.0,0.0,17.0,12.0,1070580104.0,2870516224.0,25601748992.0,70035.0,34634182656.0,3462633016.0,5.0,3096.0,7682629.0,6784.0,736106.0,45690.0,0.0,0.0,6352.0,0.0
1787909666.287431,2026-08-28T09:34:26+00:00,http_log_35m_x1,2693729.0,309579.0,5847210833.0,6617818491.0,507.0,4761.0,432037568.0,666719.0,2559.0,0.0,1.0,0.0,0.0,17.0,12.0,1070580104.0,2870516224.0,25601748992.0,70035.0,34634182656.0,3462633016.0,5.0,3096.0,7682629.0,6784.0,736106.0,45690.0,0.0,0.0,6352.0,0.0
1787909667.289709,2026-08-28T09:34:27+00:00,http_log_35m_x1,2693729.0,309579.0,5847210833.0,6617818491.0,507.0,4761.0,432037568.0,666719.0,2559.0,0.0,1.0,0.0,0.0,17.0,12.0,1070580104.0,2870516224.0,25601748992.0,70035.0,34634182656.0,3462633016.0,5.0,3096.0,7682629.0,6784.0,736106.0,45690.0,0.0,0.0,6352.0,0.0
1787909668.294773,2026-08-28T09:34:28+00:00,http_log_35m_x1,2693729.0,309579.0,5847210833.0,6617818491.0,507.0,4761.0,432037568.0,666719.0,2559.0,0.0,1.0,0.0,0.0,17.0,12.0,1070580104.0,2870516224.0,25601748992.0,70035.0,34634182656.0,3462633016.0,5.0,3096.0,7682629.0,6784.0,736106.0,45690.0,0.0,0.0,6352.0,0.0
1787909669.299865,2026-08-28T09:34:29+00:00,http_log_35m_x1,2693729.0,309579.0,5847210833.0,6617818491.0,507.0,4761.0,432037568.0,666719.0,2559.0,0.0,2.0,0.0,0.0,17.0,33.0,1070580104.0,2870516224.0,25601748992.0,70035.0,34634182656.0,3462633016.0,5.0,3096.0,7682629.0,6784.0,736106.0,45690.0,0.0,0.0,6352.0,0.0
1787909670.304922,2026-08-28T09:34:30+00:00,http_log_35m_x1,2693729.0,309579.0,5847210833.0,6617818491.0,507.0,4761.0,432037568.0,666719.0,2559.0,0.0,2.0,0.0,0.0,17.0,33.0,1070580104.0,2870516224.0,25601748992.0,70035.0,34634182656.0,3462633016.0,5.0,3096.0,7682629.0,6784.0,736106.0,45690.0,0.0,0.0,6352.0,0.0
1787909671.3099918,2026-08-28T09:34:31+00:00,http_log_35m_x1,2693729.0,309579.0,5847210833.0,6620786966.0,507.0,4766.0,432037568.0,894657.0,2318.0,0.0,1.0,0.0,0.0,17.0,33.0,1070580104.0,2870516224.0,25601748992.0,70035.0,34634182656.0,3462633016.0,5.0,3096.0,7682629.0,6784.0,736106.0,45690.0,0.0,0.0,6352.0,0.0
1787909672.3150542,2026-08-28T09:34:32+00:00,http_log_35m_x1,2693729.0,309579.0,5847210833.0,6620786966.0,507.0,4766.0,432037568.0,894657.0,2318.0,0.0,1.0,0.0,0.0,17.0,33.0,1070580104.0,2870516224.0,25601748992.0,70035.0,34634182656.0,3462633016.0,5.0,3096.0,7682629.0,6784.0,736106.0,45690.0,0.0,0.0,6352.0,0.0
1787909673.3201091,2026-08-28T09:34:33+00:00,http_log_35m_x1,2693729.0,309579.0,5847210833.0,6620786966.0,507.0,4766.0,432037568.0,894657.0,2318.0,0.0,1.0,0.0,0.0,17.0,33.0,1070580104.0,2870516224.0,25601748992.0,70035.0,34634182656.0,3462633016.0,5.0,3096.0,7682629.0,6784.0,736106.0,45690.0,0.0,0.0,6352.0,0.0
1787909674.325207,2026-08-28T09:34:34+00:00,http_log_35m_x1,2693729.0,309579.0,5847210833.0,6620786966.0,507.0,4766.0,432037568.0,894657.0,2318.0,0.0,2.0,0.0,0.0,17.0,35.0,1070580104.0,2870516224.0,25601748992.0,70035.0,34634182656.0,3462633016.0,5.0,3096.0,7682629.0,6784.0,736106.0,45690.0,0.0,0.0,6352.0,0.0
1787909675.330293,2026-08-28T09:34:35+00:00,http_log_35m_x1,2693729.0,309579.0,5847210833.0,6620786966.0,507.0,4766.0,432037568.0,894657.0,2318.0,0.0,2.0,0.0,0.0,17.0,35.0,1070580104.0,2870516224.0,25601748992.0,70035.0,34634182656.0,3462633016.0,5.0,3096.0,7682629.0,6784.0,736106.0,45690.0,0.0,0.0,6352.0,0.0
1787909676.335419,2026-08-28T09:34:36+00:00,http_log_35m_x1,2693729.0,309579.0,5847210833.0,6623746618.0,507.0,4771.0,432037568.0,855143.0,2461.0,0.0,1.0,0.0,0.0,17.0,35.0,1070580104.0,2870516224.0,25601748992.0,70035.0,34634182656.0,3462633016.0,5.0,3096.0,7682629.0,6784.0,736106.0,45690.0,0.0,0.0,6352.0,0.0
1787909677.3404832,2026-08-28T09:34:37+00:00,http_log_35m_x1,2693729.0,309579.0,5847210833.0,6623746618.0,507.0,4771.0,432037568.0,855143.0,2461.0,0.0,1.0,0.0,0.0,17.0,35.0,1070580104.0,2870516224.0,25601748992.0,70035.0,34634182656.0,3462633016.0,5.0,3096.0,7682629.0,6784.0,736106.0,45690.0,0.0,0.0,6352.0,0.0
1787909678.34556,2026-08-28T09:34:38+00:00,http_log_35m_x1,2693729.0,309579.0,5847210833.0,6623746618.0,507.0,4771.0,432037568.0,855143.0,2461.0,0.0,2.0,0.0,0.0,17.0,37.0,1070580104.0,2870516224.0,25601748992.0,70035.0,34634182656.0,3462633016.0,5.0,3096.0,7682629.0,6784.0,736106.0,45690.0,0.0,0.0,6352.0,0.0
1787909679.350624,2026-08-28T09:34:39+00:00,http_log_35m_x1,2693729.0,309579.0,5847210833.0,6623746618.0,507.0,4771.0,432037568.0,855143.0,2461.0,0.0,2.0,0.0,0.0,17.0,37.0,1070580104.0,2870516224.0,25601748992.0,70035.0,34634182656.0,3462633016.0,5.0,3096.0,7682629.0,6784.0,736106.0,45690.0,0.0,0.0,6352.0,0.0
1787909680.355686,2026-08-28T09:34:40+00:00,http_log_35m_x1,2693729.0,309579.0,5847210833.0,6623746618.0,507.0,4771.0,882516016.0,855143.0,2461.0,0.0,2.0,0.0,0.0,17.0,37.0,1526678336.0,2871380480.0,25640144896.0,70142.0,34634182656.0,3462633016.0,0.0,3114.0,7691429.0,6794.0,739062.0,45916.0,0.0,0.0,6373.0,0.0
1787909681.360746,2026-08-28T09:34:41+00:00,http_log_35m_x1,2693729.0,309579.0,5847210833.0,6626761197.0,507.0,4776.0,882516016.0,913785.0,2299.0,0.0,1.0,0.0,0.0,17.0,37.0,1526678336.0,2871380480.0,25640144896.0,70142.0,34634182656.0,3462633016.0,0.0,3114.0,7691429.0,6794.0,739062.0,45916.0,0.0,0.0,6373.0,0.0
1787909682.3658109,2026-08-28T09:34:42+00:00,http_log_35m_x1,2693729.0,309579.0,5847210833.0,6626761197.0,507.0,4776.0,882516016.0,913785.0,2299.0,0.0,1.0,0.0,0.0,17.0,37.0,1526678336.0,2871380480.0,25640144896.0,70142.0,34634182656.0,3462633016.0,0.0,3114.0,7691429.0,6794.0,739062.0,45916.0,0.0,0.0,6373.0,0.0
1787909683.369896,2026-08-28T09:34:43+00:00,http_log_35m_x1,2693729.0,309579.0,5847210833.0,6626761197.0,507.0,4776.0,882516016.0,913785.0,2299.0,0.0,2.0,0.0,0.0,17.0,39.0,1526678336.0,2871380480.0,25640144896.0,70142.0,34634182656.0,3462633016.0,0.0,3114.0,7691429.0,6794.0,739062.0,45916.0,0.0,0.0,6373.0,0.0
1787909684.3749619,2026-08-28T09:34:44+00:00,http_log_35m_x1,2693729.0,309579.0,5847210833.0,6626761197.0,507.0,4776.0,882516016.0,913785.0,2299.0,0.0,3.0,0.0,0.0,17.0,26.0,1526678336.0,2871380480.0,25640144896.0,70142.0,34634182656.0,3462633016.0,0.0,3114.0,7691429.0,6794.0,739062.0,45916.0,0.0,0.0,6373.0,0.0
1787909685.380041,2026-08-28T09:34:45+00:00,http_log_35m_x1,2693729.0,309579.0,5847210833.0,6626761197.0,507.0,4776.0,882516016.0,913785.0,2299.0,0.0,3.0,0.0,0.0,17.0,26.0,1526678336.0,2871380480.0,25640144896.0,70142.0,34634182656.0,3462633016.0,0.0,3114.0,7691429.0,6794.0,739062.0,45916.0,0.0,0.0,6373.0,0.0
1787909686.383292,2026-08-28T09:34:46+00:00,http_log_35m_x1,2693729.0,309579.0,5847210833.0,6629674174.0,507.0,4781.0,882516016.0,949470.0,2068.0,0.0,2.0,0.0,0.0,17.0,26.0,1526678336.0,2871380480.0,25640144896.0,70142.0,34634182656.0,3462633016.0,0.0,3114.0,7691429.0,6794.0,739062.0,45916.0,0.0,0.0,6373.0,0.0
1787909687.3883631,2026-08-28T09:34:47+00:00,http_log_35m_x1,2693729.0,309579.0,5847210833.0,6629674174.0,507.0,4781.0,882516016.0,949470.0,2068.0,0.0,3.0,0.0,0.0,17.0,17.0,1526678336.0,2871380480.0,25640144896.0,70142.0,34634182656.0,3462633016.0,0.0,3114.0,7691429.0,6794.0,739062.0,45916.0,0.0,0.0,6373.0,0.0
1787909688.3934479,2026-08-28T09:34:48+00:00,http_log_35m_x1,2693729.0,309579.0,5847210833.0,6629674174.0,507.0,4781.0,882516016.0,949470.0,2068.0,0.0,3.0,0.0,0.0,17.0,17.0,1526678336.0,2871380480.0,25640144896.0,70142.0,34634182656.0,3462633016.0,0.0,3114.0,7691429.0,6794.0,739062.0,45916.0,0.0,0.0,6373.0,0.0
1787909689.393908,2026-08-28T09:34:49+00:00,http_log_35m_x1,2693729.0,309579.0,5847210833.0,6634848246.0,507.0,4786.0,882516016.0,1880796.0,1751.0,0.0,2.0,0.0,0.0,17.0,17.0,1526678336.0,2871380480.0,25640144896.0,70142.0,34634182656.0,3462633016.0,0.0,3114.0,7691429.0,6794.0,739062.0,45916.0,0.0,0.0,6373.0,0.0
1787909690.398988,2026-08-28T09:34:50+00:00,http_log_35m_x1,2693729.0,309579.0,5847210833.0,6634848246.0,507.0,4786.0,882516016.0,1880796.0,1751.0,0.0,2.0,0.0,0.0,17.0,17.0,1526678336.0,2871380480.0,25640144896.0,70142.0,34634182656.0,3462633016.0,0.0,3114.0,7691429.0,6794.0,739062.0,45916.0,0.0,0.0,6373.0,0.0
1787909691.404046,2026-08-28T09:34:51+00:00,http_log_35m_x1,2693729.0,309579.0,5847210833.0,6653074947.0,507.0,4791.0,882516016.0,2540660.0,6174.0,0.0,1.0,0.0,0.0,17.0,17.0,1526678336.0,2871380480.0,25640144896.0,70142.0,34634182656.0,3462633016.0,0.0,3114.0,7691429.0,6794.0,739062.0,45916.0,0.0,0.0,6373.0,0.0
1787909692.4091048,2026-08-28T09:34:52+00:00,http_log_35m_x1,28397.0,6.0,5847291091.0,6653074947.0,522.0,4791.0,882516016.0,2540660.0,6174.0,0.0,2.0,0.0,0.0,16.0,32.0,1526678336.0,2871380480.0,25640144896.0,70142.0,34634182656.0,3462633016.0,0.0,3114.0,7691429.0,6794.0,739062.0,45916.0,0.0,0.0,6373.0,0.0
1787909693.410645,2026-08-28T09:34:53+00:00,http_log_35m_x1,28397.0,6.0,5847291091.0,6653074947.0,522.0,4791.0,882516016.0,2540660.0,6174.0,0.0,2.0,0.0,0.0,16.0,32.0,1526678336.0,2871380480.0,25640144896.0,70142.0,34634182656.0,3462633016.0,0.0,3114.0,7691429.0,6794.0,739062.0,45916.0,0.0,0.0,6373.0,0.0
1787909694.4157162,2026-08-28T09:34:54+00:00,http_log_35m_x1,28397.0,6.0,5847291091.0,6653074947.0,522.0,4791.0,882516016.0,2540660.0,6174.0,0.0,2.0,0.0,0.0,16.0,32.0,1526678336.0,2871380480.0,25640144896.0,70142.0,34634182656.0,3462633016.0,0.0,3114.0,7691429.0,6794.0,739062.0,45916.0,0.0,0.0,6373.0,0.0
1787909695.418955,2026-08-28T09:34:55+00:00,http_log_35m_x1,28397.0,6.0,5847291091.0,6656062462.0,522.0,4796.0,1348323904.0,918387.0,2253.0,0.0,1.0,0.0,0.0,16.0,32.0,1989901288.0,2876701184.0,25709535232.0,70282.0,33411198976.0,3514648233.0,0.0,3139.0,7699831.0,6807.0,742507.0,46014.0,0.0,0.0,6393.0,0.0
1787909696.424049,2026-08-28T09:34:56+00:00,http_log_35m_x1,28397.0,6.0,5847291091.0,6656062462.0,522.0,4796.0,1348323904.0,918387.0,2253.0,0.0,1.0,0.0,0.0,16.0,32.0,1989901288.0,2876701184.0,25709535232.0,70282.0,33411198976.0,3514648233.0,0.0,3139.0,7699831.0,6807.0,742507.0,46014.0,0.0,0.0,6393.0,0.0
1787909697.427288,2026-08-28T09:34:57+00:00,http_log_35m_x1,28397.0,6.0,5847291091.0,6656062462.0,522.0,4796.0,1348323904.0,918387.0,2253.0,0.0,2.0,0.0,0.0,16.0,33.0,1989901288.0,2876701184.0,25709535232.0,70282.0,33411198976.0,3514648233.0,0.0,3139.0,7699831.0,6807.0,742507.0,46014.0,0.0,0.0,6393.0,0.0
1787909698.430808,2026-08-28T09:34:58+00:00,http_log_35m_x1,28397.0,6.0,5847291091.0,6656062462.0,522.0,4796.0,1348323904.0,918387.0,2253.0,0.0,2.0,0.0,0.0,16.0,33.0,1989901288.0,2876701184.0,25709535232.0,70282.0,33411198976.0,3514648233.0,0.0,3139.0,7699831.0,6807.0,742507.0,46014.0,0.0,0.0,6393.0,0.0
1787909699.435691,2026-08-28T09:34:59+00:00,http_log_35m_x1,28397.0,6.0,5847291091.0,6659059340.0,522.0,4801.0,1348323904.0,953508.0,2143.0,0.0,1.0,0.0,0.0,16.0,33.0,1989901288.0,2876701184.0,25709535232.0,70282.0,33411198976.0,3514648233.0,0.0,3139.0,7699831.0,6807.0,742507.0,46014.0,0.0,0.0,6393.0,0.0
1787909700.440769,2026-08-28T09:35:00+00:00,http_log_35m_x1,28397.0,6.0,5847291091.0,6659059340.0,522.0,4801.0,1348323904.0,953508.0,2143.0,0.0,1.0,0.0,0.0,16.0,33.0,1989901288.0,2876701184.0,25709535232.0,70282.0,33411198976.0,3514648233.0,0.0,3139.0,7699831.0,6807.0,742507.0,46014.0,0.0,0.0,6393.0,0.0
1787909701.445494,2026-08-28T09:35:01+00:00,http_log_35m_x1,28397.0,6.0,5847291091.0,6659059340.0,522.0,4801.0,1348323904.0,953508.0,2143.0,0.0,1.0,0.0,0.0,16.0,33.0,1989901288.0,2876701184.0,25709535232.0,70282.0,33411198976.0,3514648233.0,0.0,3139.0,7699831.0,6807.0,742507.0,46014.0,0.0,0.0,6393.0,0.0
1787909702.450589,2026-08-28T09:35:02+00:00,http_log_35m_x1,28397.0,6.0,5847291091.0,6659059340.0,522.0,4801.0,1348323904.0,953508.0,2143.0,0.0,2.0,0.0,0.0,16.0,34.0,1989901288.0,2876701184.0,25709535232.0,70282.0,33411198976.0,3514648233.0,0.0,3139.0,7699831.0,6807.0,742507.0,46014.0,0.0,0.0,6393.0,0.0
1787909703.452291,2026-08-28T09:35:03+00:00,http_log_35m_x1,28397.0,6.0,5847291091.0,6659059340.0,522.0,4801.0,1348323904.0,953508.0,2143.0,0.0,2.0,0.0,0.0,16.0,34.0,1989901288.0,2876701184.0,25709535232.0,70282.0,33411198976.0,3514648233.0,0.0,3139.0,7699831.0,6807.0,742507.0,46014.0,0.0,0.0,6393.0,0.0
1787909704.457382,2026-08-28T09:35:04+00:00,http_log_35m_x1,28397.0,6.0,5847291091.0,6662028173.0,522.0,4806.0,1348323904.0,976268.0,2041.0,0.0,1.0,0.0,0.0,16.0,34.0,1989901288.0,2876701184.0,25709535232.0,70282.0,33411198976.0,3514648233.0,0.0,3139.0,7699831.0,6807.0,742507.0,46014.0,0.0,0.0,6393.0,0.0
1787909705.462453,2026-08-28T09:35:05+00:00,http_log_35m_x1,28397.0,6.0,5847291091.0,6662028173.0,522.0,4806.0,1348323904.0,976268.0,2041.0,0.0,1.0,0.0,0.0,16.0,34.0,1989901288.0,2876701184.0,25709535232.0,70282.0,33411198976.0,3514648233.0,0.0,3139.0,7699831.0,6807.0,742507.0,46014.0,0.0,0.0,6393.0,0.0
1787909706.467523,2026-08-28T09:35:06+00:00,http_log_35m_x1,28397.0,6.0,5847291091.0,6662028173.0,522.0,4806.0,1348323904.0,976268.0,2041.0,0.0,1.0,0.0,0.0,16.0,34.0,1989901288.0,2876701184.0,25709535232.0,70282.0,33411198976.0,3514648233.0,0.0,3139.0,7699831.0,6807.0,742507.0,46014.0,0.0,0.0,6393.0,0.0
1787909707.472596,2026-08-28T09:35:07+00:00,http_log_35m_x1,28397.0,6.0,5847291091.0,6662028173.0,522.0,4806.0,1348323904.0,976268.0,2041.0,0.0,2.0,0.0,0.0,16.0,36.0,1989901288.0,2876701184.0,25709535232.0,70282.0,33411198976.0,3514648233.0,0.0,3139.0,7699831.0,6807.0,742507.0,46014.0,0.0,0.0,6393.0,0.0
1787909708.477667,2026-08-28T09:35:08+00:00,http_log_35m_x1,28397.0,6.0,5847291091.0,6662028173.0,522.0,4806.0,1348323904.0,976268.0,2041.0,0.0,3.0,0.0,0.0,16.0,24.0,1989901288.0,2876701184.0,25709535232.0,70282.0,33411198976.0,3514648233.0,0.0,3139.0,7699831.0,6807.0,742507.0,46014.0,0.0,0.0,6393.0,0.0
1787909709.482729,2026-08-28T09:35:09+00:00,http_log_35m_x1,28397.0,6.0,5847291091.0,6665061314.0,522.0,4811.0,1958657488.0,953218.0,2182.0,0.0,2.0,0.0,0.0,16.0,24.0,2584840408.0,2876705280.0,25743355904.0,70395.0,33411198976.0,3514648233.0,0.0,3157.0,7708869.0,6819.0,745352.0,46094.0,0.0,0.0,6409.0,0.0
1787909710.4877949,2026-08-28T09:35:10+00:00,http_log_35m_x1,28397.0,6.0,5847291091.0,6665061314.0,522.0,4811.0,1958657488.0,953218.0,2182.0,0.0,2.0,0.0,0.0,16.0,24.0,2584840408.0,2876705280.0,25743355904.0,70395.0,33411198976.0,3514648233.0,0.0,3157.0,7708869.0,6819.0,745352.0,46094.0,0.0,0.0,6409.0,0.0
1787909711.4928691,2026-08-28T09:35:11+00:00,http_log_35m_x1,28397.0,6.0,5847291091.0,6665061314.0,522.0,4811.0,1958657488.0,953218.0,2182.0,0.0,3.0,0.0,0.0,16.0,17.0,2584840408.0,2876705280.0,25743355904.0,70395.0,33411198976.0,3514648233.0,0.0,3157.0,7708869.0,6819.0,745352.0,46094.0,0.0,0.0,6409.0,0.0
1787909712.497953,2026-08-28T09:35:12+00:00,http_log_35m_x1,28397.0,6.0,5847291091.0,6665061314.0,522.0,4811.0,1958657488.0,953218.0,2182.0,0.0,3.0,0.0,0.0,16.0,17.0,2584840408.0,2876705280.0,25743355904.0,70395.0,33411198976.0,3514648233.0,0.0,3157.0,7708869.0,6819.0,745352.0,46094.0,0.0,0.0,6409.0,0.0
1787909713.5073972,2026-08-28T09:35:13+00:00,http_log_35m_x1,28397.0,6.0,5847291091.0,6670320913.0,522.0,4816.0,1958657488.0,1958153.0,1686.0,0.0,2.0,0.0,0.0,16.0,17.0,2584840408.0,2876705280.0,25743355904.0,70395.0,33411198976.0,3514648233.0,0.0,3157.0,7708869.0,6819.0,745352.0,46094.0,0.0,0.0,6409.0,0.0
1787909714.50835,2026-08-28T09:35:14+00:00,http_log_35m_x1,28397.0,6.0,5847291091.0,6670320913.0,522.0,4816.0,1958657488.0,1958153.0,1686.0,0.0,2.0,0.0,0.0,16.0,17.0,2584840408.0,2876705280.0,25743355904.0,70395.0,33411198976.0,3514648233.0,0.0,3157.0,7708869.0,6819.0,745352.0,46094.0,0.0,0.0,6409.0,0.0
1787909715.5134048,2026-08-28T09:35:15+00:00,http_log_35m_x1,28397.0,6.0,5847291091.0,6670320913.0,522.0,4816.0,1958657488.0,1958153.0,1686.0,0.0,3.0,0.0,0.0,16.0,16.0,2584840408.0,2876705280.0,25743355904.0,70395.0,33411198976.0,3514648233.0,0.0,3157.0,7708869.0,6819.0,745352.0,46094.0,0.0,0.0,6409.0,0.0
1787909716.518035,2026-08-28T09:35:16+00:00,http_log_35m_x1,28397.0,6.0,5847291091.0,6670320913.0,522.0,4816.0,1958657488.0,1958153.0,1686.0,0.0,3.0,0.0,0.0,16.0,16.0,2584840408.0,2876705280.0,25743355904.0,70395.0,33411198976.0,3514648233.0,0.0,3157.0,7708869.0,6819.0,745352.0,46094.0,0.0,0.0,6409.0,0.0
1787909717.5195022,2026-08-28T09:35:17+00:00,http_log_35m_x1,28397.0,6.0,5847291091.0,6670320913.0,522.0,4816.0,1958657488.0,1958153.0,1686.0,0.0,3.0,0.0,0.0,16.0,16.0,2584840408.0,2876705280.0,25743355904.0,70395.0,33411198976.0,3514648233.0,0.0,3157.0,7708869.0,6819.0,745352.0,46094.0,0.0,0.0,6409.0,0.0
1787909718.521683,2026-08-28T09:35:18+00:00,http_log_35m_x1,28397.0,6.0,5847291091.0,6677812644.0,522.0,4821.0,1958657488.0,2080458.0,2601.0,0.0,2.0,0.0,0.0,16.0,16.0,2584840408.0,2876705280.0,25743355904.0,70395.0,33411198976.0,3514648233.0,0.0,3157.0,7708869.0,6819.0,745352.0,46094.0,0.0,0.0,6409.0,0.0
1787909719.522333,2026-08-28T09:35:19+00:00,http_log_35m_x1,28397.0,6.0,5847291091.0,6709537073.0,522.0,4826.0,1958657488.0,2778457.0,10418.0,0.0,1.0,0.0,0.0,16.0,16.0,2584840408.0,2876705280.0,25743355904.0,70395.0,33411198976.0,3514648233.0,0.0,3157.0,7708869.0,6819.0,745352.0,46094.0,0.0,0.0,6409.0,0.0
1787909720.527405,2026-08-28T09:35:20+00:00,http_log_35m_x1,28397.0,6.0,5847291091.0,6709537073.0,522.0,4826.0,1958657488.0,2778457.0,10418.0,0.0,2.0,0.0,0.0,16.0,32.0,2584840408.0,2876705280.0,25743355904.0,70395.0,33411198976.0,3514648233.0,0.0,3157.0,7708869.0,6819.0,745352.0,46094.0,0.0,0.0,6409.0,0.0
1787909721.532491,2026-08-28T09:35:21+00:00,http_log_35m_x1,28397.0,6.0,5847291091.0,6709537073.0,522.0,4826.0,1958657488.0,2778457.0,10418.0,0.0,2.0,0.0,0.0,16.0,32.0,2584840408.0,2876705280.0,25743355904.0,70395.0,33411198976.0,3514648233.0,0.0,3157.0,7708869.0,6819.0,745352.0,46094.0,0.0,0.0,6409.0,0.0
1787909722.535649,2026-08-28T09:35:22+00:00,http_log_35m_x1,28397.0,6.0,5847291091.0,6712477841.0,522.0,4831.0,1958657488.0,970230.0,2031.0,0.0,1.0,0.0,0.0,16.0,32.0,2584840408.0,2876705280.0,25743355904.0,70395.0,33411198976.0,3514648233.0,0.0,3157.0,7708869.0,6819.0,745352.0,46094.0,0.0,0.0,6409.0,0.0
1787909723.54075,2026-08-28T09:35:23+00:00,http_log_35m_x1,28397.0,6.0,5847291091.0,6712477841.0,522.0,4831.0,1958657488.0,970230.0,2031.0,0.0,1.0,0.0,0.0,16.0,32.0,2584840408.0,2876705280.0,25743355904.0,70395.0,33411198976.0,3514648233.0,0.0,3157.0,7708869.0,6819.0,745352.0,46094.0,0.0,0.0,6409.0,0.0
1787909724.5458188,2026-08-28T09:35:24+00:00,http_log_35m_x1,28397.0,6.0,5847291091.0,6712477841.0,522.0,4831.0,2341777472.0,970230.0,2031.0,0.0,2.0,0.0,0.0,16.0,25.0,2968248576.0,2876705280.0,25835028480.0,70510.0,33411198976.0,3514648233.0,0.0,3176.0,7717083.0,6830.0,749013.0,46194.0,0.0,0.0,6428.0,0.0
1787909725.550029,2026-08-28T09:35:25+00:00,http_log_35m_x1,28397.0,6.0,5847291091.0,6712477841.0,522.0,4831.0,2341777472.0,970230.0,2031.0,0.0,2.0,0.0,0.0,16.0,25.0,2968248576.0,2876705280.0,25835028480.0,70510.0,33411198976.0,3514648233.0,0.0,3176.0,7717083.0,6830.0,749013.0,46194.0,0.0,0.0,6428.0,0.0
1787909726.5550919,2026-08-28T09:35:26+00:00,http_log_35m_x1,28397.0,6.0,5847291091.0,6717633541.0,522.0,4836.0,2341777472.0,2084795.0,1473.0,0.0,1.0,0.0,0.0,16.0,25.0,2968248576.0,2876705280.0,25835028480.0,70510.0,33411198976.0,3514648233.0,0.0,3176.0,7717083.0,6830.0,749013.0,46194.0,0.0,0.0,6428.0,0.0
1787909727.560169,2026-08-28T09:35:27+00:00,http_log_35m_x1,28397.0,6.0,5847291091.0,6717633541.0,522.0,4836.0,2341777472.0,2084795.0,1473.0,0.0,1.0,0.0,0.0,16.0,25.0,2968248576.0,2876705280.0,25835028480.0,70510.0,33411198976.0,3514648233.0,0.0,3176.0,7717083.0,6830.0,749013.0,46194.0,0.0,0.0,6428.0,0.0
1787909728.5632288,2026-08-28T09:35:28+00:00,http_log_35m_x1,28397.0,6.0,5847291091.0,6717633541.0,522.0,4836.0,2341777472.0,2084795.0,1473.0,0.0,1.0,0.0,0.0,16.0,25.0,2968248576.0,2876705280.0,25835028480.0,70510.0,33411198976.0,3514648233.0,0.0,3176.0,7717083.0,6830.0,749013.0,46194.0,0.0,0.0,6428.0,0.0
1787909729.563786,2026-08-28T09:35:29+00:00,http_log_35m_x1,28397.0,6.0,5847291091.0,6717633541.0,522.0,4836.0,2341777472.0,2084795.0,1473.0,0.0,2.0,0.0,0.0,16.0,34.0,2968248576.0,2876705280.0,25835028480.0,70510.0,33411198976.0,3514648233.0,0.0,3176.0,7717083.0,6830.0,749013.0,46194.0,0.0,0.0,6428.0,0.0
1787909730.568867,2026-08-28T09:35:30+00:00,http_log_35m_x1,28397.0,6.0,5847291091.0,6717633541.0,522.0,4836.0,2341777472.0,2084795.0,1473.0,0.0,2.0,0.0,0.0,16.0,34.0,2968248576.0,2876705280.0,25835028480.0,70510.0,33411198976.0,3514648233.0,0.0,3176.0,7717083.0,6830.0,749013.0,46194.0,0.0,0.0,6428.0,0.0
1787909731.573938,2026-08-28T09:35:31+00:00,http_log_35m_x1,28397.0,6.0,5847291091.0,6720610630.0,522.0,4841.0,2341777472.0,979950.0,2038.0,0.0,1.0,0.0,0.0,16.0,34.0,2968248576.0,2876705280.0,25835028480.0,70510.0,33411198976.0,3514648233.0,0.0,3176.0,7717083.0,6830.0,749013.0,46194.0,0.0,0.0,6428.0,0.0
1787909732.5790038,2026-08-28T09:35:32+00:00,http_log_35m_x1,28397.0,6.0,5847291091.0,6720610630.0,522.0,4841.0,2341777472.0,979950.0,2038.0,0.0,1.0,0.0,0.0,16.0,34.0,2968248576.0,2876705280.0,25835028480.0,70510.0,33411198976.0,3514648233.0,0.0,3176.0,7717083.0,6830.0,749013.0,46194.0,0.0,0.0,6428.0,0.0
1787909733.584886,2026-08-28T09:35:33+00:00,http_log_35m_x1,28397.0,6.0,5847291091.0,6945622337.0,522.0,4845.0,2341777472.0,3049889.0,72777.0,0.0,1.0,0.0,0.0,16.0,26.0,2968248576.0,2876705280.0,25835028480.0,70510.0,33411198976.0,3514648233.0,0.0,3176.0,7717083.0,6830.0,749013.0,46194.0,0.0,0.0,6428.0,0.0
1787909734.5871968,2026-08-28T09:35:34+00:00,http_log_35m_x1,28397.0,6.0,5847291091.0,6945622337.0,522.0,4845.0,2341777472.0,3049889.0,72777.0,0.0,1.0,0.0,0.0,16.0,26.0,2968248576.0,2876705280.0,25835028480.0,70510.0,33411198976.0,3514648233.0,0.0,3176.0,7717083.0,6830.0,749013.0,46194.0,0.0,0.0,6428.0,0.0
1787909735.5894258,2026-08-28T09:35:35+00:00,http_log_35m_x1,28397.0,6.0,5847291091.0,6950861164.0,522.0,4850.0,2341777472.0,1956976.0,1677.0,0.0,0.0,0.0,0.0,16.0,26.0,2968248576.0,2876705280.0,25835028480.0,70510.0,33411198976.0,3514648233.0,0.0,3176.0,7717083.0,6830.0,749013.0,46194.0,0.0,0.0,6428.0,0.0
1787909736.594493,2026-08-28T09:35:36+00:00,http_log_35m_x1,28397.0,6.0,5847291091.0,6950861164.0,522.0,4850.0,2341777472.0,1956976.0,1677.0,0.0,0.0,0.0,0.0,16.0,26.0,2968248576.0,2876705280.0,25835028480.0,70510.0,33411198976.0,3514648233.0,0.0,3176.0,7717083.0,6830.0,749013.0,46194.0,0.0,0.0,6428.0,0.0
1787909737.599554,2026-08-28T09:35:37+00:00,http_log_35m_x1,28397.0,6.0,5847291091.0,6950861164.0,522.0,4850.0,2341777472.0,1956976.0,1677.0,0.0,0.0,0.0,0.0,16.0,26.0,2968248576.0,2876705280.0,25835028480.0,70510.0,33411198976.0,3514648233.0,0.0,3176.0,7717083.0,6830.0,749013.0,46194.0,0.0,0.0,6428.0,0.0
1787909738.6042619,2026-08-28T09:35:38+00:00,http_log_35m_x1,28397.0,6.0,5847291091.0,6950861164.0,522.0,4850.0,2341777472.0,1956976.0,1677.0,0.0,1.0,0.0,0.0,16.0,37.0,2968248576.0,2876705280.0,25835028480.0,70510.0,33411198976.0,3514648233.0,0.0,3176.0,7717083.0,6830.0,749013.0,46194.0,0.0,0.0,6428.0,0.0
1787909739.6093361,2026-08-28T09:35:39+00:00,http_log_35m_x1,28397.0,6.0,5847291091.0,6950861164.0,522.0,4850.0,54148904.0,1956976.0,1677.0,0.0,1.0,0.0,0.0,16.0,37.0,684971584.0,2876709376.0,26101878784.0,70742.0,33411198976.0,3514648233.0,1.0,3194.0,7726894.0,6851.0,751064.0,46292.0,0.0,0.0,6445.0,0.0
1787909740.61443,2026-08-28T09:35:40+00:00,http_log_35m_x1,28397.0,6.0,5847291091.0,6953820362.0,522.0,4855.0,54148904.0,1007215.0,1938.0,0.0,0.0,0.0,0.0,16.0,37.0,684971584.0,2876709376.0,26101878784.0,70742.0,33411198976.0,3514648233.0,1.0,3194.0,7726894.0,6851.0,751064.0,46292.0,0.0,0.0,6445.0,0.0
1787909741.6194959,2026-08-28T09:35:41+00:00,http_log_35m_x1,28397.0,6.0,5847291091.0,6953820362.0,522.0,4855.0,54148904.0,1007215.0,1938.0,0.0,0.0,0.0,0.0,16.0,37.0,684971584.0,2876709376.0,26101878784.0,70742.0,33411198976.0,3514648233.0,1.0,3194.0,7726894.0,6851.0,751064.0,46292.0,0.0,0.0,6445.0,0.0
1787909742.6245718,2026-08-28T09:35:42+00:00,http_log_35m_x1,28397.0,6.0,5847291091.0,6953820362.0,522.0,4855.0,54148904.0,1007215.0,1938.0,0.0,1.0,0.0,0.0,16.0,29.0,684971584.0,2876709376.0,26101878784.0,70742.0,33411198976.0,3514648233.0,1.0,3194.0,7726894.0,6851.0,751064.0,46292.0,0.0,0.0,6445.0,0.0
1787909743.6296399,2026-08-28T09:35:43+00:00,http_log_35m_x1,28397.0,6.0,5847291091.0,6959014672.0,522.0,4860.0,54148904.0,2115808.0,1455.0,0.0,0.0,0.0,0.0,16.0,29.0,684971584.0,2876709376.0,26101878784.0,70742.0,33411198976.0,3514648233.0,1.0,3194.0,7726894.0,6851.0,751064.0,46292.0,0.0,0.0,6445.0,0.0
1787909744.6347158,2026-08-28T09:35:44+00:00,http_log_35m_x1,28397.0,6.0,5847291091.0,6959014672.0,522.0,4860.0,54148904.0,2115808.0,1455.0,0.0,1.0,0.0,0.0,16.0,28.0,684971584.0,2876709376.0,26101878784.0,70742.0,33411198976.0,3514648233.0,1.0,3194.0,7726894.0,6851.0,751064.0,46292.0,0.0,0.0,6445.0,0.0
1787909745.639797,2026-08-28T09:35:45+00:00,http_log_35m_x1,28397.0,6.0,5847291091.0,6959014672.0,522.0,4860.0,54148904.0,2115808.0,1455.0,0.0,1.0,0.0,0.0,16.0,28.0,684971584.0,2876709376.0,26101878784.0,70742.0,33411198976.0,3514648233.0,1.0,3194.0,7726894.0,6851.0,751064.0,46292.0,0.0,0.0,6445.0,0.0
1787909746.644885,2026-08-28T09:35:46+00:00,http_log_35m_x1,28397.0,6.0,5847291091.0,6959014672.0,522.0,4860.0,54148904.0,2115808.0,1455.0,0.0,1.0,0.0,0.0,16.0,28.0,684971584.0,2876709376.0,26101878784.0,70742.0,33411198976.0,3514648233.0,1.0,3194.0,7726894.0,6851.0,751064.0,46292.0,0.0,0.0,6445.0,0.0
1787909747.650013,2026-08-28T09:35:47+00:00,http_log_35m_x1,28397.0,6.0,5847291091.0,6959014672.0,522.0,4860.0,54148904.0,2115808.0,1455.0,0.0,2.0,0.0,0.0,16.0,26.0,684971584.0,2876709376.0,26101878784.0,70742.0,33411198976.0,3514648233.0,1.0,3194.0,7726894.0,6851.0,751064.0,46292.0,0.0,0.0,6445.0,0.0
1787909748.655089,2026-08-28T09:35:48+00:00,http_log_35m_x1,28397.0,6.0,5847291091.0,6959014672.0,522.0,4860.0,54148904.0,2115808.0,1455.0,0.0,2.0,0.0,0.0,16.0,26.0,684971584.0,2876709376.0,26101878784.0,70742.0,33411198976.0,3514648233.0,1.0,3194.0,7726894.0,6851.0,751064.0,46292.0,0.0,0.0,6445.0,0.0
1787909749.6601658,2026-08-28T09:35:49+00:00,http_log_35m_x1,28397.0,6.0,5847291091.0,6962048272.0,522.0,4865.0,54148904.0,957273.0,2169.0,0.0,1.0,0.0,0.0,16.0,26.0,684971584.0,2876709376.0,26101878784.0,70742.0,33411198976.0,3514648233.0,1.0,3194.0,7726894.0,6851.0,751064.0,46292.0,0.0,0.0,6445.0,0.0
1787909750.665233,2026-08-28T09:35:50+00:00,http_log_35m_x1,28397.0,6.0,5847291091.0,6962048272.0,522.0,4865.0,54148904.0,957273.0,2169.0,0.0,1.0,0.0,0.0,16.0,26.0,684971584.0,2876709376.0,26101878784.0,70742.0,33411198976.0,3514648233.0,1.0,3194.0,7726894.0,6851.0,751064.0,46292.0,0.0,0.0,6445.0,0.0
1787909751.670295,2026-08-28T09:35:51+00:00,http_log_35m_x1,28397.0,6.0,5847291091.0,6962048272.0,522.0,4865.0,54148904.0,957273.0,2169.0,0.0,2.0,0.0,0.0,16.0,19.0,684971584.0,2876709376.0,26101878784.0,70742.0,33411198976.0,3514648233.0,1.0,3194.0,7726894.0,6851.0,751064.0,46292.0,0.0,0.0,6445.0,0.0
1787909752.675391,2026-08-28T09:35:52+00:00,http_log_35m_x1,28397.0,6.0,5847291091.0,6967345148.0,522.0,4870.0,54148904.0,2044336.0,1591.0,0.0,1.0,0.0,0.0,16.0,19.0,684971584.0,2876709376.0,26101878784.0,70742.0,33411198976.0,3514648233.0,1.0,3194.0,7726894.0,6851.0,751064.0,46292.0,0.0,0.0,6445.0,0.0
1787909753.680475,2026-08-28T09:35:53+00:00,http_log_35m_x1,28397.0,6.0,5847291091.0,6967345148.0,522.0,4870.0,54148904.0,2044336.0,1591.0,0.0,1.0,0.0,0.0,16.0,19.0,684971584.0,2876709376.0,26101878784.0,70742.0,33411198976.0,3514648233.0,1.0,3194.0,7726894.0,6851.0,751064.0,46292.0,0.0,0.0,6445.0,0.0
1787909754.685557,2026-08-28T09:35:54+00:00,http_log_35m_x1,28397.0,6.0,5847291091.0,6967345148.0,522.0,4870.0,415418824.0,2044336.0,1591.0,0.0,1.0,0.0,0.0,16.0,19.0,1049769952.0,2876709376.0,26147344384.0,70857.0,33411198976.0,3514648233.0,0.0,3216.0,7736618.0,6861.0,753245.0,46356.0,0.0,0.0,6466.0,0.0
1787909755.690637,2026-08-28T09:35:55+00:00,http_log_35m_x1,28397.0,6.0,5847291091.0,6967345148.0,522.0,4870.0,415418824.0,2044336.0,1591.0,0.0,2.0,0.0,0.0,16.0,18.0,1049769952.0,2876709376.0,26147344384.0,70857.0,32961310720.0,3566135138.0,0.0,3216.0,7736618.0,6861.0,753245.0,46356.0,0.0,0.0,6466.0,0.0
1787909756.695704,2026-08-28T09:35:56+00:00,http_log_35m_x1,28397.0,6.0,5847291091.0,6967345148.0,522.0,4870.0,415418824.0,2044336.0,1591.0,0.0,2.0,0.0,0.0,16.0,18.0,1049769952.0,2876709376.0,26147344384.0,70857.0,32961310720.0,3566135138.0,0.0,3216.0,7736618.0,6861.0,753245.0,46356.0,0.0,0.0,6466.0,0.0
1787909757.70078,2026-08-28T09:35:57+00:00,http_log_35m_x1,28397.0,6.0,5847291091.0,6974883997.0,522.0,4875.0,415418824.0,2189616.0,2443.0,0.0,1.0,0.0,0.0,16.0,18.0,1049769952.0,2876709376.0,26147344384.0,70857.0,32961310720.0,3566135138.0,0.0,3216.0,7736618.0,6861.0,753245.0,46356.0,0.0,0.0,6466.0,0.0
1787909758.705864,2026-08-28T09:35:58+00:00,http_log_35m_x1,28397.0,6.0,5847291091.0,6974883997.0,522.0,4875.0,415418824.0,2189616.0,2443.0,0.0,1.0,0.0,0.0,16.0,18.0,1049769952.0,2876709376.0,26147344384.0,70857.0,32961310720.0,3566135138.0,0.0,3216.0,7736618.0,6861.0,753245.0,46356.0,0.0,0.0,6466.0,0.0
1787909759.710784,2026-08-28T09:35:59+00:00,http_log_35m_x1,28397.0,6.0,5847291091.0,6974883997.0,522.0,4875.0,415418824.0,2189616.0,2443.0,0.0,1.0,0.0,0.0,16.0,18.0,1049769952.0,2876709376.0,26147344384.0,70857.0,32961310720.0,3566135138.0,0.0,3216.0,7736618.0,6861.0,753245.0,46356.0,0.0,0.0,6466.0,0.0
1787909760.71587,2026-08-28T09:36:00+00:00,http_log_35m_x1,28397.0,6.0,5847291091.0,7029095541.0,522.0,4880.0,415418824.0,3126386.0,16340.0,0.0,0.0,0.0,0.0,16.0,18.0,1049769952.0,2876709376.0,26147344384.0,70857.0,32961310720.0,3566135138.0,0.0,3216.0,7736618.0,6861.0,753245.0,46356.0,0.0,0.0,6466.0,0.0
1787909761.720968,2026-08-28T09:36:01+00:00,http_log_35m_x1,28397.0,6.0,5847291091.0,7029095541.0,522.0,4880.0,415418824.0,3126386.0,16340.0,0.0,1.0,0.0,0.0,16.0,33.0,1049769952.0,2876709376.0,26147344384.0,70857.0,32961310720.0,3566135138.0,0.0,3216.0,7736618.0,6861.0,753245.0,46356.0,0.0,0.0,6466.0,0.0
1787909762.7260501,2026-08-28T09:36:02+00:00,http_log_35m_x1,28397.0,6.0,5847291091.0,7032091880.0,522.0,4885.0,415418824.0,1043293.0,1872.0,0.0,0.0,0.0,0.0,16.0,33.0,1049769952.0,2876709376.0,26147344384.0,70857.0,32961310720.0,3566135138.0,0.0,3216.0,7736618.0,6861.0,753245.0,46356.0,0.0,0.0,6466.0,0.0
1787909763.7311192,2026-08-28T09:36:03+00:00,http_log_35m_x1,28397.0,6.0,5847291091.0,7032091880.0,522.0,4885.0,415418824.0,1043293.0,1872.0,0.0,0.0,0.0,0.0,16.0,33.0,1049769952.0,2876709376.0,26147344384.0,70857.0,32961310720.0,3566135138.0,0.0,3216.0,7736618.0,6861.0,753245.0,46356.0,0.0,0.0,6466.0,0.0
1787909764.736182,2026-08-28T09:36:04+00:00,http_log_35m_x1,28397.0,6.0,5847291091.0,7032091880.0,522.0,4885.0,415418824.0,1043293.0,1872.0,0.0,0.0,0.0,0.0,16.0,33.0,1049769952.0,2876709376.0,26147344384.0,70857.0,32961310720.0,3566135138.0,0.0,3216.0,7736618.0,6861.0,753245.0,46356.0,0.0,0.0,6466.0,0.0
1787909765.741256,2026-08-28T09:36:05+00:00,http_log_35m_x1,28397.0,6.0,5847291091.0,7032091880.0,522.0,4885.0,415418824.0,1043293.0,1872.0,0.0,1.0,0.0,0.0,16.0,27.0,1049769952.0,2876709376.0,26147344384.0,70857.0,32961310720.0,3566135138.0,0.0,3216.0,7736618.0,6861.0,753245.0,46356.0,0.0,0.0,6466.0,0.0
1787909766.746325,2026-08-28T09:36:06+00:00,http_log_35m_x1,28397.0,6.0,5847291091.0,7037882853.0,522.0,4891.0,415418824.0,2201890.0,1630.0,0.0,0.0,0.0,0.0,16.0,27.0,1049769952.0,2876709376.0,26147344384.0,70857.0,32961310720.0,3566135138.0,0.0,3216.0,7736618.0,6861.0,753245.0,46356.0,0.0,0.0,6466.0,0.0
1787909767.751411,2026-08-28T09:36:07+00:00,http_log_35m_x1,28397.0,6.0,5847291091.0,7037882853.0,522.0,4891.0,415418824.0,2201890.0,1630.0,0.0,0.0,0.0,0.0,16.0,27.0,1049769952.0,2876709376.0,26147344384.0,70857.0,32961310720.0,3566135138.0,0.0,3216.0,7736618.0,6861.0,753245.0,46356.0,0.0,0.0,6466.0,0.0
1787909768.7565188,2026-08-28T09:36:08+00:00,http_log_35m_x1,28397.0,6.0,5847291091.0,7037882853.0,522.0,4891.0,415418824.0,2201890.0,1630.0,0.0,0.0,0.0,0.0,16.0,27.0,1049769952.0,2876709376.0,26147344384.0,70857.0,32961310720.0,3566135138.0,0.0,3216.0,7736618.0,6861.0,753245.0,46356.0,0.0,0.0,6466.0,0.0
1787909769.760503,2026-08-28T09:36:09+00:00,http_log_35m_x1,28397.0,6.0,5847291091.0,7037882853.0,522.0,4891.0,0.0,2201890.0,1630.0,0.0,0.0,0.0,0.0,16.0,27.0,635177088.0,2876709376.0,26275442688.0,70986.0,32961310720.0,3566135138.0,0.0,3234.0,7746779.0,6873.0,755003.0,46417.0,0.0,0.0,6483.0,0.0
1787909770.761921,2026-08-28T09:36:10+00:00,http_log_35m_x1,28397.0,6.0,5847291091.0,7037882853.0,522.0,4891.0,0.0,2201890.0,1630.0,0.0,1.0,0.0,0.0,16.0,34.0,635177088.0,2876709376.0,26275442688.0,70986.0,32961310720.0,3566135138.0,0.0,3234.0,7746779.0,6873.0,755003.0,46417.0,0.0,0.0,6483.0,0.0
1787909771.7669911,2026-08-28T09:36:11+00:00,http_log_35m_x1,28397.0,6.0,5847291091.0,7040870550.0,522.0,4896.0,0.0,1040284.0,1872.0,0.0,0.0,0.0,0.0,16.0,34.0,635177088.0,2876709376.0,26275442688.0,70986.0,32961310720.0,3566135138.0,0.0,3234.0,7746779.0,6873.0,755003.0,46417.0,0.0,0.0,6483.0,0.0
1787909772.7691011,2026-08-28T09:36:12+00:00,http_log_35m_x1,28397.0,6.0,5847291091.0,7040870550.0,522.0,4896.0,0.0,1040284.0,1872.0,0.0,0.0,0.0,0.0,16.0,34.0,635177088.0,2876709376.0,26275442688.0,70986.0,32961310720.0,3566135138.0,0.0,3234.0,7746779.0,6873.0,755003.0,46417.0,0.0,0.0,6483.0,0.0
1787909773.7728589,2026-08-28T09:36:13+00:00,http_log_35m_x1,28397.0,6.0,5847291091.0,7040870550.0,522.0,4896.0,0.0,1040284.0,1872.0,0.0,0.0,0.0,0.0,16.0,34.0,635177088.0,2876709376.0,26275442688.0,70986.0,32961310720.0,3566135138.0,0.0,3234.0,7746779.0,6873.0,755003.0,46417.0,0.0,0.0,6483.0,0.0
1787909774.777926,2026-08-28T09:36:14+00:00,http_log_35m_x1,28397.0,6.0,5847291091.0,7040870550.0,522.0,4896.0,0.0,1040284.0,1872.0,0.0,0.0,0.0,0.0,16.0,34.0,635177088.0,2876709376.0,26275442688.0,70986.0,32961310720.0,3566135138.0,0.0,3234.0,7746779.0,6873.0,755003.0,46417.0,0.0,0.0,6483.0,0.0
1787909775.7830138,2026-08-28T09:36:15+00:00,http_log_35m_x1,28397.0,6.0,5847291091.0,7040870550.0,522.0,4896.0,0.0,1040284.0,1872.0,0.0,1.0,0.0,0.0,16.0,29.0,635177088.0,2876709376.0,26275442688.0,70986.0,32961310720.0,3566135138.0,0.0,3234.0,7746779.0,6873.0,755003.0,46417.0,0.0,0.0,6483.0,0.0
1787909776.7881038,2026-08-28T09:36:16+00:00,http_log_35m_x1,28397.0,6.0,5847291091.0,7046708773.0,522.0,4902.0,0.0,2230883.0,1617.0,0.0,0.0,0.0,0.0,16.0,29.0,635177088.0,2876709376.0,26275442688.0,70986.0,32961310720.0,3566135138.0,0.0,3234.0,7746779.0,6873.0,755003.0,46417.0,0.0,0.0,6483.0,0.0
1787909777.792002,2026-08-28T09:36:17+00:00,http_log_35m_x1,28397.0,6.0,5847291091.0,7046708773.0,522.0,4902.0,0.0,2230883.0,1617.0,0.0,0.0,0.0,0.0,16.0,29.0,635177088.0,2876709376.0,26275442688.0,70986.0,32961310720.0,3566135138.0,0.0,3234.0,7746779.0,6873.0,755003.0,46417.0,0.0,0.0,6483.0,0.0
1787909778.797896,2026-08-28T09:36:18+00:00,http_log_35m_x1,28397.0,6.0,5847291091.0,7046708773.0,522.0,4902.0,0.0,2230883.0,1617.0,0.0,0.0,0.0,0.0,16.0,29.0,635177088.0,2876709376.0,26275442688.0,70986.0,32961310720.0,3566135138.0,0.0,3234.0,7746779.0,6873.0,755003.0,46417.0,0.0,0.0,6483.0,0.0
1787909779.8016262,2026-08-28T09:36:19+00:00,http_log_35m_x1,28397.0,6.0,5847291091.0,7046708773.0,522.0,4902.0,0.0,2230883.0,1617.0,0.0,0.0,0.0,0.0,16.0,29.0,635177088.0,2876709376.0,26275442688.0,70986.0,32961310720.0,3566135138.0,0.0,3234.0,7746779.0,6873.0,755003.0,46417.0,0.0,0.0,6483.0,0.0
1787909780.8066828,2026-08-28T09:36:20+00:00,http_log_35m_x1,28397.0,6.0,5847291091.0,7046708773.0,522.0,4902.0,0.0,2230883.0,1617.0,0.0,0.0,0.0,0.0,16.0,29.0,635177088.0,2876709376.0,26275442688.0,70986.0,32961310720.0,3566135138.0,0.0,3234.0,7746779.0,6873.0,755003.0,46417.0,0.0,0.0,6483.0,0.0
1787909781.811739,2026-08-28T09:36:21+00:00,http_log_35m_x1,28397.0,6.0,5847291091.0,7046708773.0,522.0,4902.0,0.0,2230883.0,1617.0,0.0,1.0,0.0,0.0,16.0,36.0,635177088.0,2876709376.0,26275442688.0,70986.0,32961310720.0,3566135138.0,0.0,3234.0,7746779.0,6873.0,755003.0,46417.0,0.0,0.0,6483.0,0.0
1787909782.816829,2026-08-28T09:36:22+00:00,http_log_35m_x1,28397.0,6.0,5847291091.0,7049723781.0,522.0,4907.0,0.0,1026560.0,1937.0,0.0,0.0,0.0,0.0,16.0,36.0,635177088.0,2876709376.0,26275442688.0,70986.0,32961310720.0,3566135138.0,0.0,3234.0,7746779.0,6873.0,755003.0,46417.0,0.0,0.0,6483.0,0.0
1787909783.8186328,2026-08-28T09:36:23+00:00,http_log_35m_x1,28397.0,6.0,5847291091.0,7049723781.0,522.0,4907.0,0.0,1026560.0,1937.0,0.0,1.0,0.0,0.0,16.0,28.0,635177088.0,2876709376.0,26275442688.0,70986.0,32961310720.0,3566135138.0,0.0,3234.0,7746779.0,6873.0,755003.0,46417.0,0.0,0.0,6483.0,0.0
1787909784.82368,2026-08-28T09:36:24+00:00,http_log_35m_x1,28397.0,6.0,5847291091.0,7049723781.0,522.0,4907.0,18825800.0,1026560.0,1937.0,0.0,1.0,0.0,0.0,16.0,28.0,655416136.0,2876713472.0,26312142848.0,71093.0,32961310720.0,3566135138.0,0.0,3253.0,7757640.0,6882.0,756089.0,46459.0,0.0,0.0,6500.0,0.0
1787909785.825239,2026-08-28T09:36:25+00:00,http_log_35m_x1,28397.0,6.0,5847291091.0,7054954532.0,522.0,4912.0,18825800.0,2233454.0,1342.0,0.0,0.0,0.0,0.0,16.0,28.0,655416136.0,2876713472.0,26312142848.0,71093.0,32961310720.0,3566135138.0,0.0,3253.0,7757640.0,6882.0,756089.0,46459.0,0.0,0.0,6500.0,0.0
1787909786.8302798,2026-08-28T09:36:26+00:00,http_log_35m_x1,28397.0,6.0,5847291091.0,7054954532.0,522.0,4912.0,18825800.0,2233454.0,1342.0,0.0,0.0,0.0,0.0,16.0,28.0,655416136.0,2876713472.0,26312142848.0,71093.0,32961310720.0,3566135138.0,0.0,3253.0,7757640.0,6882.0,756089.0,46459.0,0.0,0.0,6500.0,0.0
1787909787.8319411,2026-08-28T09:36:27+00:00,http_log_35m_x1,28397.0,6.0,5847291091.0,7054954532.0,522.0,4912.0,18825800.0,2233454.0,1342.0,0.0,0.0,0.0,0.0,16.0,28.0,655416136.0,2876713472.0,26312142848.0,71093.0,32961310720.0,3566135138.0,0.0,3253.0,7757640.0,6882.0,756089.0,46459.0,0.0,0.0,6500.0,0.0
1787909788.833705,2026-08-28T09:36:28+00:00,http_log_35m_x1,28397.0,6.0,5847291091.0,7054954532.0,522.0,4912.0,18825800.0,2233454.0,1342.0,0.0,1.0,0.0,0.0,16.0,28.0,655416136.0,2876713472.0,26312142848.0,71093.0,32961310720.0,3566135138.0,0.0,3253.0,7757640.0,6882.0,756089.0,46459.0,0.0,0.0,6500.0,0.0
1787909789.8358378,2026-08-28T09:36:29+00:00,http_log_35m_x1,28397.0,6.0,5847291091.0,7054954532.0,522.0,4912.0,18825800.0,2233454.0,1342.0,0.0,1.0,0.0,0.0,16.0,28.0,655416136.0,2876713472.0,26312142848.0,71093.0,32961310720.0,3566135138.0,0.0,3253.0,7757640.0,6882.0,756089.0,46459.0,0.0,0.0,6500.0,0.0
1787909790.836106,2026-08-28T09:36:30+00:00,http_log_35m_x1,28397.0,6.0,5847291091.0,7054954532.0,522.0,4912.0,18825800.0,2233454.0,1342.0,0.0,1.0,0.0,0.0,16.0,28.0,655416136.0,2876713472.0,26312142848.0,71093.0,32961310720.0,3566135138.0,0.0,3253.0,7757640.0,6882.0,756089.0,46459.0,0.0,0.0,6500.0,0.0
1787909791.83679,2026-08-28T09:36:31+00:00,http_log_35m_x1,28397.0,6.0,5847291091.0,7062501487.0,522.0,4917.0,18825800.0,2379992.0,2171.0,0.0,0.0,0.0,0.0,16.0,28.0,655416136.0,2876713472.0,26312142848.0,71093.0,32961310720.0,3566135138.0,0.0,3253.0,7757640.0,6882.0,756089.0,46459.0,0.0,0.0,6500.0,0.0
1787909792.8403,2026-08-28T09:36:32+00:00,http_log_35m_x1,28397.0,6.0,5847291091.0,7062501487.0,522.0,4917.0,18825800.0,2379992.0,2171.0,0.0,0.0,0.0,0.0,16.0,28.0,655416136.0,2876713472.0,26312142848.0,71093.0,32961310720.0,3566135138.0,0.0,3253.0,7757640.0,6882.0,756089.0,46459.0,0.0,0.0,6500.0,0.0
1787909793.845353,2026-08-28T09:36:33+00:00,http_log_35m_x1,28397.0,6.0,5847291091.0,7062501487.0,522.0,4917.0,18825800.0,2379992.0,2171.0,0.0,1.0,0.0,0.0,16.0,37.0,655416136.0,2876713472.0,26312142848.0,71093.0,32961310720.0,3566135138.0,0.0,3253.0,7757640.0,6882.0,756089.0,46459.0,0.0,0.0,6500.0,0.0
1787909794.846966,2026-08-28T09:36:34+00:00,http_log_35m_x1,28397.0,6.0,5847291091.0,7062501487.0,522.0,4917.0,18825800.0,2379992.0,2171.0,0.0,2.0,0.0,0.0,16.0,25.0,655416136.0,2876713472.0,26312142848.0,71093.0,32961310720.0,3566135138.0,0.0,3253.0,7757640.0,6882.0,756089.0,46459.0,0.0,0.0,6500.0,0.0
1787909795.852057,2026-08-28T09:36:35+00:00,http_log_35m_x1,28397.0,6.0,5847291091.0,7065498043.0,522.0,4922.0,18825800.0,989615.0,2028.0,0.0,1.0,0.0,0.0,16.0,25.0,655416136.0,2876713472.0,26312142848.0,71093.0,32961310720.0,3566135138.0,0.0,3253.0,7757640.0,6882.0,756089.0,46459.0,0.0,0.0,6500.0,0.0
1787909796.853025,2026-08-28T09:36:36+00:00,http_log_35m_x1,28397.0,6.0,5847291091.0,7065498043.0,522.0,4922.0,18825800.0,989615.0,2028.0,0.0,1.0,0.0,0.0,16.0,25.0,655416136.0,2876713472.0,26312142848.0,71093.0,32961310720.0,3566135138.0,0.0,3253.0,7757640.0,6882.0,756089.0,46459.0,0.0,0.0,6500.0,0.0
1787909797.8550432,2026-08-28T09:36:37+00:00,http_log_35m_x1,28397.0,6.0,5847291091.0,7065498043.0,522.0,4922.0,18825800.0,989615.0,2028.0,0.0,2.0,0.0,0.0,16.0,19.0,655416136.0,2876713472.0,26312142848.0,71093.0,32961310720.0,3566135138.0,0.0,3253.0,7757640.0,6882.0,756089.0,46459.0,0.0,0.0,6500.0,0.0
1787909798.86011,2026-08-28T09:36:38+00:00,http_log_35m_x1,28397.0,6.0,5847291091.0,7065498043.0,522.0,4922.0,18825800.0,989615.0,2028.0,0.0,2.0,0.0,0.0,16.0,19.0,655416136.0,2876713472.0,26312142848.0,71093.0,32961310720.0,3566135138.0,0.0,3253.0,7757640.0,6882.0,756089.0,46459.0,0.0,0.0,6500.0,0.0
1787909799.860852,2026-08-28T09:36:39+00:00,http_log_35m_x1,28397.0,6.0,5847291091.0,7070728839.0,522.0,4927.0,305354328.0,2060991.0,1538.0,0.0,1.0,0.0,0.0,16.0,19.0,943725376.0,2876713472.0,26356805632.0,71218.0,32961310720.0,3566135138.0,0.0,3272.0,7767909.0,6894.0,757738.0,46519.0,0.0,0.0,6516.0,0.0
1787909800.86591,2026-08-28T09:36:40+00:00,http_log_35m_x1,28397.0,6.0,5847291091.0,7070728839.0,522.0,4927.0,305354328.0,2060991.0,1538.0,0.0,1.0,0.0,0.0,16.0,19.0,943725376.0,2876713472.0,26356805632.0,71218.0,32961310720.0,3566135138.0,0.0,3272.0,7767909.0,6894.0,757738.0,46519.0,0.0,0.0,6516.0,0.0
1787909801.8685691,2026-08-28T09:36:41+00:00,http_log_35m_x1,28397.0,6.0,5847291091.0,7070728839.0,522.0,4927.0,305354328.0,2060991.0,1538.0,0.0,2.0,0.0,0.0,16.0,18.0,943725376.0,2876713472.0,26356805632.0,71218.0,32961310720.0,3566135138.0,0.0,3272.0,7767909.0,6894.0,757738.0,46519.0,0.0,0.0,6516.0,0.0
1787909802.873643,2026-08-28T09:36:42+00:00,http_log_35m_x1,28397.0,6.0,5847291091.0,7070728839.0,522.0,4927.0,305354328.0,2060991.0,1538.0,0.0,2.0,0.0,0.0,16.0,18.0,943725376.0,2876713472.0,26356805632.0,71218.0,32961310720.0,3566135138.0,0.0,3272.0,7767909.0,6894.0,757738.0,46519.0,0.0,0.0,6516.0,0.0
1787909803.878701,2026-08-28T09:36:43+00:00,http_log_35m_x1,28397.0,6.0,5847291091.0,7070728839.0,522.0,4927.0,305354328.0,2060991.0,1538.0,0.0,2.0,0.0,0.0,16.0,18.0,943725376.0,2876713472.0,26356805632.0,71218.0,32961310720.0,3566135138.0,0.0,3272.0,7767909.0,6894.0,757738.0,46519.0,0.0,0.0,6516.0,0.0
1787909804.879905,2026-08-28T09:36:44+00:00,http_log_35m_x1,28397.0,6.0,5847291091.0,7078294522.0,522.0,4932.0,305354328.0,2285704.0,2310.0,0.0,1.0,0.0,0.0,16.0,18.0,943725376.0,2876713472.0,26356805632.0,71218.0,32961310720.0,3566135138.0,0.0,3272.0,7767909.0,6894.0,757738.0,46519.0,0.0,0.0,6516.0,0.0
1787909805.882941,2026-08-28T09:36:45+00:00,http_log_35m_x1,28397.0,6.0,5847291091.0,7078294522.0,522.0,4932.0,305354328.0,2285704.0,2310.0,0.0,1.0,0.0,0.0,16.0,18.0,943725376.0,2876713472.0,26356805632.0,71218.0,32961310720.0,3566135138.0,0.0,3272.0,7767909.0,6894.0,757738.0,46519.0,0.0,0.0,6516.0,0.0
1787909806.88799,2026-08-28T09:36:46+00:00,http_log_35m_x1,28397.0,6.0,5847291091.0,7078294522.0,522.0,4932.0,305354328.0,2285704.0,2310.0,0.0,2.0,0.0,0.0,16.0,33.0,943725376.0,2876713472.0,26356805632.0,71218.0,32961310720.0,3566135138.0,0.0,3272.0,7767909.0,6894.0,757738.0,46519.0,0.0,0.0,6516.0,0.0
1787909807.8930619,2026-08-28T09:36:47+00:00,http_log_35m_x1,28397.0,6.0,5847291091.0,7078294522.0,522.0,4932.0,305354328.0,2285704.0,2310.0,0.0,2.0,0.0,0.0,16.0,33.0,943725376.0,2876713472.0,26356805632.0,71218.0,32961310720.0,3566135138.0,0.0,3272.0,7767909.0,6894.0,757738.0,46519.0,0.0,0.0,6516.0,0.0
1787909808.8977878,2026-08-28T09:36:48+00:00,http_log_35m_x1,28397.0,6.0,5847291091.0,7078294522.0,522.0,4932.0,305354328.0,2285704.0,2310.0,0.0,2.0,0.0,0.0,16.0,33.0,943725376.0,2876713472.0,26356805632.0,71218.0,32961310720.0,3566135138.0,0.0,3272.0,7767909.0,6894.0,757738.0,46519.0,0.0,0.0,6516.0,0.0
1787909809.902633,2026-08-28T09:36:49+00:00,http_log_35m_x1,28397.0,6.0,5847291091.0,7081327776.0,522.0,4937.0,305354328.0,938216.0,2233.0,0.0,1.0,0.0,0.0,16.0,33.0,943725376.0,2876713472.0,26356805632.0,71218.0,32961310720.0,3566135138.0,0.0,3272.0,7767909.0,6894.0,757738.0,46519.0,0.0,0.0,6516.0,0.0
1787909810.907735,2026-08-28T09:36:50+00:00,http_log_35m_x1,28397.0,6.0,5847291091.0,7081327776.0,522.0,4937.0,305354328.0,938216.0,2233.0,0.0,1.0,0.0,0.0,16.0,33.0,943725376.0,2876713472.0,26356805632.0,71218.0,32961310720.0,3566135138.0,0.0,3272.0,7767909.0,6894.0,757738.0,46519.0,0.0,0.0,6516.0,0.0
1787909811.912812,2026-08-28T09:36:51+00:00,http_log_35m_x1,28397.0,6.0,5847291091.0,7081327776.0,522.0,4937.0,305354328.0,938216.0,2233.0,0.0,2.0,0.0,0.0,16.0,35.0,943725376.0,2876713472.0,26356805632.0,71218.0,32961310720.0,3566135138.0,0.0,3272.0,7767909.0,6894.0,757738.0,46519.0,0.0,0.0,6516.0,0.0
1787909812.917755,2026-08-28T09:36:52+00:00,http_log_35m_x1,28397.0,6.0,5847291091.0,7081327776.0,522.0,4937.0,305354328.0,938216.0,2233.0,0.0,2.0,0.0,0.0,16.0,35.0,943725376.0,2876713472.0,26356805632.0,71218.0,32961310720.0,3566135138.0,0.0,3272.0,7767909.0,6894.0,757738.0,46519.0,0.0,0.0,6516.0,0.0
1787909813.9192488,2026-08-28T09:36:53+00:00,http_log_35m_x1,28397.0,6.0,5847291091.0,7084324646.0,522.0,4942.0,305354328.0,948676.0,2159.0,0.0,1.0,0.0,0.0,16.0,35.0,943725376.0,2876713472.0,26356805632.0,71218.0,32961310720.0,3566135138.0,0.0,3272.0,7767909.0,6894.0,757738.0,46519.0,0.0,0.0,6516.0,0.0
1787909814.922621,2026-08-28T09:36:54+00:00,http_log_35m_x1,28397.0,6.0,5847291091.0,7084324646.0,522.0,4942.0,808894752.0,948676.0,2159.0,0.0,1.0,0.0,0.0,16.0,35.0,1447868960.0,2876713472.0,26406027264.0,71324.0,32705634304.0,3618835494.0,0.0,3293.0,7777024.0,6904.0,760529.0,46580.0,0.0,0.0,6537.0,0.0
1787909815.9251041,2026-08-28T09:36:55+00:00,http_log_35m_x1,28397.0,6.0,5847291091.0,7084324646.0,522.0,4942.0,808894752.0,948676.0,2159.0,0.0,1.0,0.0,0.0,16.0,35.0,1447868960.0,2876713472.0,26406027264.0,71324.0,32705634304.0,3618835494.0,0.0,3293.0,7777024.0,6904.0,760529.0,46580.0,0.0,0.0,6537.0,0.0
1787909816.930161,2026-08-28T09:36:56+00:00,http_log_35m_x1,28397.0,6.0,5847291091.0,7084324646.0,522.0,4942.0,808894752.0,948676.0,2159.0,0.0,2.0,0.0,0.0,16.0,37.0,1447868960.0,2876713472.0,26406027264.0,71324.0,32705634304.0,3618835494.0,0.0,3293.0,7777024.0,6904.0,760529.0,46580.0,0.0,0.0,6537.0,0.0
1787909817.935236,2026-08-28T09:36:57+00:00,http_log_35m_x1,28397.0,6.0,5847291091.0,7084324646.0,522.0,4942.0,808894752.0,948676.0,2159.0,0.0,2.0,0.0,0.0,16.0,37.0,1447868960.0,2876713472.0,26406027264.0,71324.0,32705634304.0,3618835494.0,0.0,3293.0,7777024.0,6904.0,760529.0,46580.0,0.0,0.0,6537.0,0.0
1787909818.940313,2026-08-28T09:36:58+00:00,http_log_35m_x1,28397.0,6.0,5847291091.0,7087246829.0,522.0,4947.0,808894752.0,935697.0,2123.0,0.0,1.0,0.0,0.0,16.0,37.0,1447868960.0,2876713472.0,26406027264.0,71324.0,32705634304.0,3618835494.0,0.0,3293.0,7777024.0,6904.0,760529.0,46580.0,0.0,0.0,6537.0,0.0
1787909819.9454,2026-08-28T09:36:59+00:00,http_log_35m_x1,28397.0,6.0,5847291091.0,7167496380.0,522.0,4952.0,808894752.0,3188301.0,24170.0,0.0,0.0,0.0,0.0,16.0,37.0,1447868960.0,2876713472.0,26406027264.0,71324.0,32705634304.0,3618835494.0,0.0,3293.0,7777024.0,6904.0,760529.0,46580.0,0.0,0.0,6537.0,0.0
1787909820.947955,2026-08-28T09:37:00+00:00,http_log_35m_x1,28397.0,6.0,5847291091.0,7167496380.0,522.0,4952.0,808894752.0,3188301.0,24170.0,0.0,0.0,0.0,0.0,16.0,37.0,1447868960.0,2876713472.0,26406027264.0,71324.0,32705634304.0,3618835494.0,0.0,3293.0,7777024.0,6904.0,760529.0,46580.0,0.0,0.0,6537.0,0.0
1787909821.951663,2026-08-28T09:37:01+00:00,http_log_35m_x1,28397.0,6.0,5847291091.0,7167496380.0,522.0,4952.0,808894752.0,3188301.0,24170.0,0.0,1.0,0.0,0.0,16.0,44.0,1447868960.0,2876713472.0,26406027264.0,71324.0,32705634304.0,3618835494.0,0.0,3293.0,7777024.0,6904.0,760529.0,46580.0,0.0,0.0,6537.0,0.0
1787909822.952296,2026-08-28T09:37:02+00:00,http_log_35m_x1,28397.0,6.0,5847291091.0,7167496380.0,522.0,4952.0,808894752.0,3188301.0,24170.0,0.0,1.0,0.0,0.0,16.0,44.0,1447868960.0,2876713472.0,26406027264.0,71324.0,32705634304.0,3618835494.0,0.0,3293.0,7777024.0,6904.0,760529.0,46580.0,0.0,0.0,6537.0,0.0
1787909823.9573991,2026-08-28T09:37:03+00:00,http_log_35m_x1,28397.0,6.0,5847291091.0,7170474572.0,522.0,4957.0,808894752.0,977097.0,2048.0,0.0,0.0,0.0,0.0,16.0,44.0,1447868960.0,2876713472.0,26406027264.0,71324.0,32705634304.0,3618835494.0,0.0,3293.0,7777024.0,6904.0,760529.0,46580.0,0.0,0.0,6537.0,0.0
1787909824.9577768,2026-08-28T09:37:04+00:00,http_log_35m_x1,28397.0,6.0,5847291091.0,7170474572.0,522.0,4957.0,808894752.0,977097.0,2048.0,0.0,1.0,0.0,0.0,16.0,40.0,1447868960.0,2876713472.0,26406027264.0,71324.0,32705634304.0,3618835494.0,0.0,3293.0,7777024.0,6904.0,760529.0,46580.0,0.0,0.0,6537.0,0.0
1787909825.96288,2026-08-28T09:37:05+00:00,http_log_35m_x1,28397.0,6.0,5847291091.0,7170474572.0,522.0,4957.0,808894752.0,977097.0,2048.0,0.0,1.0,0.0,0.0,16.0,40.0,1447868960.0,2876713472.0,26406027264.0,71324.0,32705634304.0,3618835494.0,0.0,3293.0,7777024.0,6904.0,760529.0,46580.0,0.0,0.0,6537.0,0.0
1787909826.9679239,2026-08-28T09:37:06+00:00,http_log_35m_x1,28397.0,6.0,5847291091.0,7170474572.0,522.0,4957.0,808894752.0,977097.0,2048.0,0.0,2.0,0.0,0.0,16.0,32.0,1447868960.0,2876713472.0,26406027264.0,71324.0,32705634304.0,3618835494.0,0.0,3293.0,7777024.0,6904.0,760529.0,46580.0,0.0,0.0,6537.0,0.0
1787909827.973044,2026-08-28T09:37:07+00:00,http_log_35m_x1,28397.0,6.0,5847291091.0,7170474572.0,522.0,4957.0,808894752.0,977097.0,2048.0,0.0,2.0,0.0,0.0,16.0,32.0,1447868960.0,2876713472.0,26406027264.0,71324.0,32705634304.0,3618835494.0,0.0,3293.0,7777024.0,6904.0,760529.0,46580.0,0.0,0.0,6537.0,0.0
1787909828.973462,2026-08-28T09:37:08+00:00,http_log_35m_x1,28397.0,6.0,5847291091.0,7173498665.0,522.0,4962.0,170256104.0,923669.0,2274.0,0.0,1.0,0.0,0.0,16.0,32.0,847003000.0,2876713472.0,26562240512.0,71528.0,32705634304.0,3618835494.0,1.0,3312.0,7786744.0,6924.0,762689.0,46653.0,0.0,0.0,6552.0,0.0
1787909829.97853,2026-08-28T09:37:09+00:00,http_log_35m_x1,28397.0,6.0,5847291091.0,7173498665.0,522.0,4962.0,170256104.0,923669.0,2274.0,0.0,1.0,0.0,0.0,16.0,32.0,847003000.0,2876713472.0,26562240512.0,71528.0,32705634304.0,3618835494.0,1.0,3312.0,7786744.0,6924.0,762689.0,46653.0,0.0,0.0,6552.0,0.0
1787909830.982176,2026-08-28T09:37:10+00:00,http_log_35m_x1,28397.0,6.0,5847291091.0,7192320092.0,522.0,4967.0,170256104.0,2825191.0,5662.0,0.0,1.0,0.0,0.0,16.0,26.0,847003000.0,2876713472.0,26562240512.0,71528.0,32705634304.0,3618835494.0,1.0,3312.0,7786744.0,6924.0,762689.0,46653.0,0.0,0.0,6552.0,0.0
1787909831.987259,2026-08-28T09:37:11+00:00,http_log_35m_x1,28397.0,6.0,5847291091.0,7197606951.0,522.0,4972.0,170256104.0,2096296.0,1522.0,0.0,0.0,0.0,0.0,16.0,26.0,847003000.0,2876713472.0,26562240512.0,71528.0,32705634304.0,3618835494.0,1.0,3312.0,7786744.0,6924.0,762689.0,46653.0,0.0,0.0,6552.0,0.0
1787909832.992353,2026-08-28T09:37:13+00:00,http_log_35m_x1,28397.0,6.0,5847291091.0,7197606951.0,522.0,4972.0,170256104.0,2096296.0,1522.0,0.0,0.0,0.0,0.0,16.0,26.0,847003000.0,2876713472.0,26562240512.0,71528.0,32705634304.0,3618835494.0,1.0,3312.0,7786744.0,6924.0,762689.0,46653.0,0.0,0.0,6552.0,0.0
1787909833.9938529,2026-08-28T09:37:14+00:00,http_log_35m_x1,28397.0,6.0,5847291091.0,7197606951.0,522.0,4972.0,170256104.0,2096296.0,1522.0,0.0,0.0,0.0,0.0,16.0,26.0,847003000.0,2876713472.0,26562240512.0,71528.0,32705634304.0,3618835494.0,1.0,3312.0,7786744.0,6924.0,762689.0,46653.0,0.0,0.0,6552.0,0.0
1787909834.998934,2026-08-28T09:37:15+00:00,http_log_35m_x1,28397.0,6.0,5847291091.0,7197606951.0,522.0,4972.0,170256104.0,2096296.0,1522.0,0.0,1.0,0.0,0.0,16.0,25.0,847003000.0,2876713472.0,26562240512.0,71528.0,32705634304.0,3618835494.0,1.0,3312.0,7786744.0,6924.0,762689.0,46653.0,0.0,0.0,6552.0,0.0
1787909836.004054,2026-08-28T09:37:16+00:00,http_log_35m_x1,28397.0,6.0,5847291091.0,7197606951.0,522.0,4972.0,170256104.0,2096296.0,1522.0,0.0,1.0,0.0,0.0,16.0,25.0,847003000.0,2876713472.0,26562240512.0,71528.0,32705634304.0,3618835494.0,1.0,3312.0,7786744.0,6924.0,762689.0,46653.0,0.0,0.0,6552.0,0.0
1787909837.009156,2026-08-28T09:37:17+00:00,http_log_35m_x1,28397.0,6.0,5847291091.0,7205183490.0,522.0,4977.0,170256104.0,2506298.0,2023.0,0.0,0.0,0.0,0.0,16.0,25.0,847003000.0,2876713472.0,26562240512.0,71528.0,32705634304.0,3618835494.0,1.0,3312.0,7786744.0,6924.0,762689.0,46653.0,0.0,0.0,6552.0,0.0
1787909838.0142322,2026-08-28T09:37:18+00:00,http_log_35m_x1,28397.0,6.0,5847291091.0,7205183490.0,522.0,4977.0,170256104.0,2506298.0,2023.0,0.0,0.0,0.0,0.0,16.0,25.0,847003000.0,2876713472.0,26562240512.0,71528.0,32705634304.0,3618835494.0,1.0,3312.0,7786744.0,6924.0,762689.0,46653.0,0.0,0.0,6552.0,0.0
1787909839.019298,2026-08-28T09:37:19+00:00,http_log_35m_x1,28397.0,6.0,5847291091.0,7205183490.0,522.0,4977.0,170256104.0,2506298.0,2023.0,0.0,0.0,0.0,0.0,16.0,25.0,847003000.0,2876713472.0,26562240512.0,71528.0,32705634304.0,3618835494.0,1.0,3312.0,7786744.0,6924.0,762689.0,46653.0,0.0,0.0,6552.0,0.0
1787909840.024363,2026-08-28T09:37:20+00:00,http_log_35m_x1,28397.0,6.0,5847291091.0,7205183490.0,522.0,4977.0,170256104.0,2506298.0,2023.0,0.0,1.0,0.0,0.0,16.0,41.0,847003000.0,2876713472.0,26562240512.0,71528.0,32705634304.0,3618835494.0,1.0,3312.0,7786744.0,6924.0,762689.0,46653.0,0.0,0.0,6552.0,0.0
1787909841.0294342,2026-08-28T09:37:21+00:00,http_log_35m_x1,28397.0,6.0,5847291091.0,7205183490.0,522.0,4977.0,170256104.0,2506298.0,2023.0,0.0,1.0,0.0,0.0,16.0,41.0,847003000.0,2876713472.0,26562240512.0,71528.0,32705634304.0,3618835494.0,1.0,3312.0,7786744.0,6924.0,762689.0,46653.0,0.0,0.0,6552.0,0.0
1787909842.034519,2026-08-28T09:37:22+00:00,http_log_35m_x1,28397.0,6.0,5847291091.0,7208161489.0,522.0,4982.0,170256104.0,1023367.0,1910.0,0.0,0.0,0.0,0.0,16.0,41.0,847003000.0,2876713472.0,26562240512.0,71528.0,32705634304.0,3618835494.0,1.0,3312.0,7786744.0,6924.0,762689.0,46653.0,0.0,0.0,6552.0,0.0
1787909843.0395782,2026-08-28T09:37:23+00:00,http_log_35m_x1,28397.0,6.0,5847291091.0,7208161489.0,522.0,4982.0,170256104.0,1023367.0,1910.0,0.0,0.0,0.0,0.0,16.0,41.0,847003000.0,2876713472.0,26562240512.0,71528.0,32705634304.0,3618835494.0,1.0,3312.0,7786744.0,6924.0,762689.0,46653.0,0.0,0.0,6552.0,0.0
1787909844.044669,2026-08-28T09:37:24+00:00,http_log_35m_x1,28397.0,6.0,5847291091.0,7208161489.0,522.0,4982.0,0.0,1023367.0,1910.0,0.0,0.0,0.0,0.0,16.0,41.0,673688592.0,2876713472.0,26634838016.0,71636.0,32705634304.0,3618835494.0,0.0,3330.0,7797444.0,6935.0,763912.0,46696.0,0.0,0.0,6566.0,0.0
1787909845.0497532,2026-08-28T09:37:25+00:00,http_log_35m_x1,28397.0,6.0,5847291091.0,7208161489.0,522.0,4982.0,0.0,1023367.0,1910.0,0.0,1.0,0.0,0.0,16.0,42.0,673688592.0,2876713472.0,26634838016.0,71636.0,32705634304.0,3618835494.0,0.0,3330.0,7797444.0,6935.0,763912.0,46696.0,0.0,0.0,6566.0,0.0
1787909846.054836,2026-08-28T09:37:26+00:00,http_log_35m_x1,28397.0,6.0,5847291091.0,7208161489.0,522.0,4982.0,0.0,1023367.0,1910.0,0.0,1.0,0.0,0.0,16.0,42.0,673688592.0,2876713472.0,26634838016.0,71636.0,32705634304.0,3618835494.0,0.0,3330.0,7797444.0,6935.0,763912.0,46696.0,0.0,0.0,6566.0,0.0
1787909847.059541,2026-08-28T09:37:27+00:00,http_log_35m_x1,28397.0,6.0,5847291091.0,7211111604.0,522.0,4987.0,0.0,1007897.0,1927.0,0.0,0.0,0.0,0.0,16.0,42.0,673688592.0,2876713472.0,26634838016.0,71636.0,32705634304.0,3618835494.0,0.0,3330.0,7797444.0,6935.0,763912.0,46696.0,0.0,0.0,6566.0,0.0
1787909848.062863,2026-08-28T09:37:28+00:00,http_log_35m_x1,28397.0,6.0,5847291091.0,7211111604.0,522.0,4987.0,0.0,1007897.0,1927.0,0.0,0.0,0.0,0.0,16.0,42.0,673688592.0,2876713472.0,26634838016.0,71636.0,32705634304.0,3618835494.0,0.0,3330.0,7797444.0,6935.0,763912.0,46696.0,0.0,0.0,6566.0,0.0
1787909849.067949,2026-08-28T09:37:29+00:00,http_log_35m_x1,28397.0,6.0,5847291091.0,7211111604.0,522.0,4987.0,0.0,1007897.0,1927.0,0.0,0.0,0.0,0.0,16.0,42.0,673688592.0,2876713472.0,26634838016.0,71636.0,32705634304.0,3618835494.0,0.0,3330.0,7797444.0,6935.0,763912.0,46696.0,0.0,0.0,6566.0,0.0
1787909850.068831,2026-08-28T09:37:30+00:00,http_log_35m_x1,28397.0,6.0,5847291091.0,7211111604.0,522.0,4987.0,0.0,1007897.0,1927.0,0.0,1.0,0.0,0.0,16.0,44.0,673688592.0,2876713472.0,26634838016.0,71636.0,32705634304.0,3618835494.0,0.0,3330.0,7797444.0,6935.0,763912.0,46696.0,0.0,0.0,6566.0,0.0
1787909851.073904,2026-08-28T09:37:31+00:00,http_log_35m_x1,28397.0,6.0,5847291091.0,7211111604.0,522.0,4987.0,0.0,1007897.0,1927.0,0.0,1.0,0.0,0.0,16.0,44.0,673688592.0,2876713472.0,26634838016.0,71636.0,32705634304.0,3618835494.0,0.0,3330.0,7797444.0,6935.0,763912.0,46696.0,0.0,0.0,6566.0,0.0
1787909852.078985,2026-08-28T09:37:32+00:00,http_log_35m_x1,28397.0,6.0,5847291091.0,7214061036.0,522.0,4992.0,0.0,1023752.0,1881.0,0.0,0.0,0.0,0.0,16.0,44.0,673688592.0,2876713472.0,26634838016.0,71636.0,32705634304.0,3618835494.0,0.0,3330.0,7797444.0,6935.0,763912.0,46696.0,0.0,0.0,6566.0,0.0
1787909853.084069,2026-08-28T09:37:33+00:00,http_log_35m_x1,28397.0,6.0,5847291091.0,7214061036.0,522.0,4992.0,0.0,1023752.0,1881.0,0.0,0.0,0.0,0.0,16.0,44.0,673688592.0,2876713472.0,26634838016.0,71636.0,32705634304.0,3618835494.0,0.0,3330.0,7797444.0,6935.0,763912.0,46696.0,0.0,0.0,6566.0,0.0
1787909854.0891252,2026-08-28T09:37:34+00:00,http_log_35m_x1,28397.0,6.0,5847291091.0,7214061036.0,522.0,4992.0,0.0,1023752.0,1881.0,0.0,0.0,0.0,0.0,16.0,44.0,673688592.0,2876713472.0,26634838016.0,71636.0,32705634304.0,3618835494.0,0.0,3330.0,7797444.0,6935.0,763912.0,46696.0,0.0,0.0,6566.0,0.0
1787909855.094205,2026-08-28T09:37:35+00:00,http_log_35m_x1,28397.0,6.0,5847291091.0,7214061036.0,522.0,4992.0,0.0,1023752.0,1881.0,0.0,1.0,0.0,0.0,16.0,46.0,673688592.0,2876713472.0,26634838016.0,71636.0,32705634304.0,3618835494.0,0.0,3330.0,7797444.0,6935.0,763912.0,46696.0,0.0,0.0,6566.0,0.0
1787909856.099264,2026-08-28T09:37:36+00:00,http_log_35m_x1,28397.0,6.0,5847291091.0,7214061036.0,522.0,4992.0,0.0,1023752.0,1881.0,0.0,1.0,0.0,0.0,16.0,46.0,673688592.0,2876713472.0,26634838016.0,71636.0,32705634304.0,3618835494.0,0.0,3330.0,7797444.0,6935.0,763912.0,46696.0,0.0,0.0,6566.0,0.0
1787909857.1043289,2026-08-28T09:37:37+00:00,http_log_35m_x1,28397.0,6.0,5847291091.0,7217030187.0,522.0,4997.0,0.0,1052890.0,1820.0,0.0,1.0,0.0,0.0,16.0,38.0,673688592.0,2876713472.0,26634838016.0,71636.0,32705634304.0,3618835494.0,0.0,3330.0,7797444.0,6935.0,763912.0,46696.0,0.0,0.0,6566.0,0.0
1787909858.1079848,2026-08-28T09:37:38+00:00,http_log_35m_x1,28397.0,6.0,5847291091.0,7217030187.0,522.0,4997.0,0.0,1052890.0,1820.0,0.0,1.0,0.0,0.0,16.0,38.0,673688592.0,2876713472.0,26634838016.0,71636.0,32705634304.0,3618835494.0,0.0,3330.0,7797444.0,6935.0,763912.0,46696.0,0.0,0.0,6566.0,0.0
1787909859.113075,2026-08-28T09:37:39+00:00,http_log_35m_x1,28397.0,6.0,5847291091.0,7217030187.0,522.0,4997.0,98991400.0,1052890.0,1820.0,0.0,1.0,0.0,0.0,16.0,38.0,768036112.0,2876717568.0,26667036672.0,71731.0,32705634304.0,3618835494.0,0.0,3349.0,7808018.0,6944.0,765254.0,46742.0,0.0,0.0,6582.0,0.0
1787909860.114626,2026-08-28T09:37:40+00:00,http_log_35m_x1,28397.0,6.0,5847291091.0,7217030187.0,522.0,4997.0,98991400.0,1052890.0,1820.0,0.0,2.0,0.0,0.0,16.0,33.0,768036112.0,2876717568.0,26667036672.0,71731.0,32705634304.0,3618835494.0,0.0,3349.0,7808018.0,6944.0,765254.0,46742.0,0.0,0.0,6582.0,0.0
1787909861.119714,2026-08-28T09:37:41+00:00,http_log_35m_x1,28397.0,6.0,5847291091.0,7217030187.0,522.0,4997.0,98991400.0,1052890.0,1820.0,0.0,2.0,0.0,0.0,16.0,33.0,768036112.0,2876717568.0,26667036672.0,71731.0,32705634304.0,3618835494.0,0.0,3349.0,7808018.0,6944.0,765254.0,46742.0,0.0,0.0,6582.0,0.0
1787909862.124832,2026-08-28T09:37:42+00:00,http_log_35m_x1,28397.0,6.0,5847291091.0,7238755088.0,522.0,5007.0,98991400.0,2795095.0,5707.0,0.0,0.0,0.0,0.0,16.0,33.0,768036112.0,2876717568.0,26667036672.0,71731.0,32705634304.0,3618835494.0,0.0,3349.0,7808018.0,6944.0,765254.0,46742.0,0.0,0.0,6582.0,0.0
1787909863.129059,2026-08-28T09:37:43+00:00,http_log_35m_x1,28397.0,6.0,5847291091.0,7238755088.0,522.0,5007.0,98991400.0,2795095.0,5707.0,0.0,0.0,0.0,0.0,16.0,33.0,768036112.0,2876717568.0,26667036672.0,71731.0,32705634304.0,3618835494.0,0.0,3349.0,7808018.0,6944.0,765254.0,46742.0,0.0,0.0,6582.0,0.0
1787909864.134122,2026-08-28T09:37:44+00:00,http_log_35m_x1,28397.0,6.0,5847291091.0,7238755088.0,522.0,5007.0,98991400.0,2795095.0,5707.0,0.0,1.0,0.0,0.0,16.0,28.0,768036112.0,2876717568.0,26667036672.0,71731.0,32705634304.0,3618835494.0,0.0,3349.0,7808018.0,6944.0,765254.0,46742.0,0.0,0.0,6582.0,0.0
1787909865.135179,2026-08-28T09:37:45+00:00,http_log_35m_x1,28397.0,6.0,5847291091.0,7243920720.0,522.0,5012.0,98991400.0,2123153.0,1433.0,0.0,0.0,0.0,0.0,16.0,28.0,768036112.0,2876717568.0,26667036672.0,71731.0,32705634304.0,3618835494.0,0.0,3349.0,7808018.0,6944.0,765254.0,46742.0,0.0,0.0,6582.0,0.0
1787909866.140306,2026-08-28T09:37:46+00:00,http_log_35m_x1,28397.0,6.0,5847291091.0,7243920720.0,522.0,5012.0,98991400.0,2123153.0,1433.0,0.0,0.0,0.0,0.0,16.0,28.0,768036112.0,2876717568.0,26667036672.0,71731.0,32705634304.0,3618835494.0,0.0,3349.0,7808018.0,6944.0,765254.0,46742.0,0.0,0.0,6582.0,0.0
1787909867.1446788,2026-08-28T09:37:47+00:00,http_log_35m_x1,28397.0,6.0,5847291091.0,7243920720.0,522.0,5012.0,98991400.0,2123153.0,1433.0,0.0,0.0,0.0,0.0,16.0,28.0,768036112.0,2876717568.0,26667036672.0,71731.0,32705634304.0,3618835494.0,0.0,3349.0,7808018.0,6944.0,765254.0,46742.0,0.0,0.0,6582.0,0.0
1787909868.149726,2026-08-28T09:37:48+00:00,http_log_35m_x1,28397.0,6.0,5847291091.0,7243920720.0,522.0,5012.0,98991400.0,2123153.0,1433.0,0.0,0.0,0.0,0.0,16.0,28.0,768036112.0,2876717568.0,26667036672.0,71731.0,32705634304.0,3618835494.0,0.0,3349.0,7808018.0,6944.0,765254.0,46742.0,0.0,0.0,6582.0,0.0
1787909869.1547709,2026-08-28T09:37:49+00:00,http_log_35m_x1,28397.0,6.0,5847291091.0,7243920720.0,522.0,5012.0,98991400.0,2123153.0,1433.0,0.0,0.0,0.0,0.0,16.0,28.0,768036112.0,2876717568.0,26667036672.0,71731.0,32705634304.0,3618835494.0,0.0,3349.0,7808018.0,6944.0,765254.0,46742.0,0.0,0.0,6582.0,0.0
1787909870.1563299,2026-08-28T09:37:50+00:00,http_log_35m_x1,28397.0,6.0,5847291091.0,7243920720.0,522.0,5012.0,98991400.0,2123153.0,1433.0,0.0,0.0,0.0,0.0,16.0,28.0,768036112.0,2876717568.0,26667036672.0,71731.0,32705634304.0,3618835494.0,0.0,3349.0,7808018.0,6944.0,765254.0,46742.0,0.0,0.0,6582.0,0.0
1787909871.161376,2026-08-28T09:37:51+00:00,http_log_35m_x1,28397.0,6.0,5847291091.0,7243920720.0,522.0,5012.0,98991400.0,2123153.0,1433.0,0.0,0.0,0.0,0.0,16.0,28.0,768036112.0,2876717568.0,26667036672.0,71731.0,32705634304.0,3618835494.0,0.0,3349.0,7808018.0,6944.0,765254.0,46742.0,0.0,0.0,6582.0,0.0
1787909872.166434,2026-08-28T09:37:52+00:00,http_log_35m_x1,28397.0,6.0,5847291091.0,7243920720.0,522.0,5012.0,98991400.0,2123153.0,1433.0,0.0,0.0,0.0,0.0,16.0,28.0,768036112.0,2876717568.0,26667036672.0,71731.0,32705634304.0,3618835494.0,0.0,3349.0,7808018.0,6944.0,765254.0,46742.0,0.0,0.0,6582.0,0.0
1787909873.170101,2026-08-28T09:37:53+00:00,http_log_35m_x1,28397.0,6.0,5847291091.0,7243920720.0,522.0,5012.0,98991400.0,2123153.0,1433.0,0.0,0.0,0.0,0.0,16.0,28.0,768036112.0,2876717568.0,26667036672.0,71731.0,32705634304.0,3618835494.0,0.0,3349.0,7808018.0,6944.0,765254.0,46742.0,0.0,0.0,6582.0,0.0
1787909874.175152,2026-08-28T09:37:54+00:00,http_log_35m_x1,28397.0,6.0,5847291091.0,7243920720.0,522.0,5012.0,0.0,2123153.0,1433.0,0.0,0.0,0.0,0.0,16.0,28.0,645695864.0,2876717568.0,26718142464.0,71810.0,32452055040.0,3662190175.0,0.0,3360.0,7819004.0,6952.0,766208.0,46785.0,0.0,0.0,6592.0,0.0
1787909875.176873,2026-08-28T09:37:55+00:00,http_log_35m_x1,28397.0,6.0,5847291091.0,7243920720.0,522.0,5012.0,0.0,2123153.0,1433.0,0.0,0.0,0.0,0.0,16.0,28.0,645695864.0,2876717568.0,26718142464.0,71810.0,32452055040.0,3662190175.0,0.0,3360.0,7819004.0,6952.0,766208.0,46785.0,0.0,0.0,6592.0,0.0
1787909876.181961,2026-08-28T09:37:56+00:00,http_log_35m_x1,28397.0,6.0,5847291091.0,7243920720.0,522.0,5012.0,0.0,2123153.0,1433.0,0.0,0.0,0.0,0.0,16.0,28.0,645695864.0,2876717568.0,26718142464.0,71810.0,32452055040.0,3662190175.0,0.0,3360.0,7819004.0,6952.0,766208.0,46785.0,0.0,0.0,6592.0,0.0
1787909877.185156,2026-08-28T09:37:57+00:00,http_log_35m_x1,28397.0,6.0,5847291091.0,7243920720.0,522.0,5012.0,0.0,2123153.0,1433.0,0.0,0.0,0.0,0.0,16.0,28.0,645695864.0,2876717568.0,26718142464.0,71810.0,32452055040.0,3662190175.0,0.0,3360.0,7819004.0,6952.0,766208.0,46785.0,0.0,0.0,6592.0,0.0
1787909878.1892962,2026-08-28T09:37:58+00:00,http_log_35m_x1,28397.0,6.0,5847291091.0,7243920720.0,522.0,5012.0,0.0,2123153.0,1433.0,0.0,0.0,0.0,0.0,16.0,28.0,645695864.0,2876717568.0,26718142464.0,71810.0,32452055040.0,3662190175.0,0.0,3360.0,7819004.0,6952.0,766208.0,46785.0,0.0,0.0,6592.0,0.0
1787909879.192138,2026-08-28T09:37:59+00:00,http_log_35m_x1,28397.0,6.0,5847291091.0,7243920720.0,522.0,5012.0,0.0,2123153.0,1433.0,0.0,0.0,0.0,0.0,16.0,28.0,645695864.0,2876717568.0,26718142464.0,71810.0,32452055040.0,3662190175.0,0.0,3360.0,7819004.0,6952.0,766208.0,46785.0,0.0,0.0,6592.0,0.0
1787909880.196834,2026-08-28T09:38:00+00:00,http_log_35m_x1,28397.0,6.0,5847291091.0,7243920720.0,522.0,5012.0,0.0,2123153.0,1433.0,0.0,0.0,0.0,0.0,16.0,28.0,645695864.0,2876717568.0,26718142464.0,71810.0,32452055040.0,3662190175.0,0.0,3360.0,7819004.0,6952.0,766208.0,46785.0,0.0,0.0,6592.0,0.0
1787909881.1988559,2026-08-28T09:38:01+00:00,http_log_35m_x1,28397.0,6.0,5847291091.0,7243920720.0,522.0,5012.0,0.0,2123153.0,1433.0,0.0,0.0,0.0,0.0,16.0,28.0,645695864.0,2876717568.0,26718142464.0,71810.0,32452055040.0,3662190175.0,0.0,3360.0,7819004.0,6952.0,766208.0,46785.0,0.0,0.0,6592.0,0.0
1787909882.2018611,2026-08-28T09:38:02+00:00,http_log_35m_x1,28397.0,6.0,5847291091.0,7243920720.0,522.0,5012.0,0.0,2123153.0,1433.0,0.0,0.0,0.0,0.0,16.0,28.0,645695864.0,2876717568.0,26718142464.0,71810.0,32452055040.0,3662190175.0,0.0,3360.0,7819004.0,6952.0,766208.0,46785.0,0.0,0.0,6592.0,0.0
1787909883.206954,2026-08-28T09:38:03+00:00,http_log_35m_x1,28397.0,6.0,5847291091.0,7243920720.0,522.0,5012.0,0.0,2123153.0,1433.0,0.0,0.0,0.0,0.0,16.0,28.0,645695864.0,2876717568.0,26718142464.0,71810.0,32452055040.0,3662190175.0,0.0,3360.0,7819004.0,6952.0,766208.0,46785.0,0.0,0.0,6592.0,0.0
1787909884.212011,2026-08-28T09:38:04+00:00,http_log_35m_x1,28397.0,6.0,5847291091.0,7243920720.0,522.0,5012.0,0.0,2123153.0,1433.0,0.0,0.0,0.0,0.0,16.0,28.0,645695864.0,2876717568.0,26718142464.0,71810.0,32452055040.0,3662190175.0,0.0,3360.0,7819004.0,6952.0,766208.0,46785.0,0.0,0.0,6592.0,0.0
1787909885.2152488,2026-08-28T09:38:05+00:00,http_log_35m_x1,28397.0,6.0,5847291091.0,7243920720.0,522.0,5012.0,0.0,2123153.0,1433.0,0.0,0.0,0.0,0.0,16.0,28.0,645695864.0,2876717568.0,26718142464.0,71810.0,32452055040.0,3662190175.0,0.0,3360.0,7819004.0,6952.0,766208.0,46785.0,0.0,0.0,6592.0,0.0
1787909886.2204502,2026-08-28T09:38:06+00:00,http_log_35m_x1,28397.0,6.0,5847291091.0,7243920720.0,522.0,5012.0,0.0,2123153.0,1433.0,0.0,0.0,0.0,0.0,16.0,28.0,645695864.0,2876717568.0,26718142464.0,71810.0,32452055040.0,3662190175.0,0.0,3360.0,7819004.0,6952.0,766208.0,46785.0,0.0,0.0,6592.0,0.0
1787909887.2255092,2026-08-28T09:38:07+00:00,http_log_35m_x1,28397.0,6.0,5847291091.0,7243920720.0,522.0,5012.0,0.0,2123153.0,1433.0,0.0,0.0,0.0,0.0,16.0,28.0,645695864.0,2876717568.0,26718142464.0,71810.0,32452055040.0,3662190175.0,0.0,3360.0,7819004.0,6952.0,766208.0,46785.0,0.0,0.0,6592.0,0.0
1787909888.230581,2026-08-28T09:38:08+00:00,http_log_35m_x1,28397.0,6.0,5847291091.0,7243920720.0,522.0,5012.0,0.0,2123153.0,1433.0,0.0,0.0,0.0,0.0,16.0,28.0,645695864.0,2876717568.0,26718142464.0,71810.0,32452055040.0,3662190175.0,0.0,3360.0,7819004.0,6952.0,766208.0,46785.0,0.0,0.0,6592.0,0.0
1787909889.2356591,2026-08-28T09:38:09+00:00,http_log_35m_x1,28397.0,6.0,5847291091.0,7243920720.0,522.0,5012.0,0.0,2123153.0,1433.0,0.0,0.0,0.0,0.0,16.0,28.0,644388128.0,2876717568.0,26718965760.0,71824.0,32452055040.0,3662190175.0,0.0,3360.0,7830931.0,6953.0,766263.0,46811.0,0.0,0.0,6598.0,0.0
1787909890.2407491,2026-08-28T09:38:10+00:00,http_log_35m_x1,28397.0,6.0,5847291091.0,7243920720.0,522.0,5012.0,0.0,2123153.0,1433.0,0.0,0.0,0.0,0.0,16.0,28.0,644388128.0,2876717568.0,26718965760.0,71824.0,32452055040.0,3662190175.0,0.0,3360.0,7830931.0,6953.0,766263.0,46811.0,0.0,0.0,6598.0,0.0
1787909891.2458088,2026-08-28T09:38:11+00:00,http_log_35m_x1,28397.0,6.0,5847291091.0,7243920720.0,522.0,5012.0,0.0,2123153.0,1433.0,0.0,0.0,0.0,0.0,16.0,28.0,644388128.0,2876717568.0,26718965760.0,71824.0,32452055040.0,3662190175.0,0.0,3360.0,7830931.0,6953.0,766263.0,46811.0,0.0,0.0,6598.0,0.0
1787909892.250859,2026-08-28T09:38:12+00:00,http_log_35m_x1,28397.0,6.0,5847291091.0,7243920720.0,522.0,5012.0,0.0,2123153.0,1433.0,0.0,0.0,0.0,0.0,16.0,28.0,644388128.0,2876717568.0,26718965760.0,71824.0,32452055040.0,3662190175.0,0.0,3360.0,7830931.0,6953.0,766263.0,46811.0,0.0,0.0,6598.0,0.0
1787909893.2511191,2026-08-28T09:38:13+00:00,http_log_35m_x1,28397.0,6.0,5847291091.0,7243920720.0,522.0,5012.0,0.0,2123153.0,1433.0,0.0,0.0,0.0,0.0,16.0,28.0,644388128.0,2876717568.0,26718965760.0,71824.0,32452055040.0,3662190175.0,0.0,3360.0,7830931.0,6953.0,766263.0,46811.0,0.0,0.0,6598.0,0.0
1787909894.254731,2026-08-28T09:38:14+00:00,http_log_35m_x1,28397.0,6.0,5847291091.0,7243920720.0,522.0,5012.0,0.0,2123153.0,1433.0,0.0,0.0,0.0,0.0,16.0,28.0,644388128.0,2876717568.0,26718965760.0,71824.0,32452055040.0,3662190175.0,0.0,3360.0,7830931.0,6953.0,766263.0,46811.0,0.0,0.0,6598.0,0.0
1787909895.2566268,2026-08-28T09:38:15+00:00,http_log_35m_x1,28397.0,6.0,5847291091.0,7243920720.0,522.0,5012.0,0.0,2123153.0,1433.0,0.0,0.0,0.0,0.0,16.0,28.0,644388128.0,2876717568.0,26718965760.0,71824.0,32452055040.0,3662190175.0,0.0,3360.0,7830931.0,6953.0,766263.0,46811.0,0.0,0.0,6598.0,0.0
1787909896.2617621,2026-08-28T09:38:16+00:00,http_log_35m_x1,28397.0,6.0,5847291091.0,7243920720.0,522.0,5012.0,0.0,2123153.0,1433.0,0.0,0.0,0.0,0.0,16.0,28.0,644388128.0,2876717568.0,26718965760.0,71824.0,32452055040.0,3662190175.0,0.0,3360.0,7830931.0,6953.0,766263.0,46811.0,0.0,0.0,6598.0,0.0
1787909897.266879,2026-08-28T09:38:17+00:00,http_log_35m_x1,28397.0,6.0,5847291091.0,7243920720.0,522.0,5012.0,0.0,2123153.0,1433.0,0.0,0.0,0.0,0.0,16.0,28.0,644388128.0,2876717568.0,26718965760.0,71824.0,32452055040.0,3662190175.0,0.0,3360.0,7830931.0,6953.0,766263.0,46811.0,0.0,0.0,6598.0,0.0
1787909898.271932,2026-08-28T09:38:18+00:00,http_log_35m_x1,28397.0,6.0,5847291091.0,7243920720.0,522.0,5012.0,0.0,2123153.0,1433.0,0.0,0.0,0.0,0.0,16.0,28.0,644388128.0,2876717568.0,26718965760.0,71824.0,32452055040.0,3662190175.0,0.0,3360.0,7830931.0,6953.0,766263.0,46811.0,0.0,0.0,6598.0,0.0
1787909899.2769952,2026-08-28T09:38:19+00:00,http_log_35m_x1,28397.0,6.0,5847291091.0,7243920720.0,522.0,5012.0,0.0,2123153.0,1433.0,0.0,0.0,0.0,0.0,16.0,28.0,644388128.0,2876717568.0,26718965760.0,71824.0,32452055040.0,3662190175.0,0.0,3360.0,7830931.0,6953.0,766263.0,46811.0,0.0,0.0,6598.0,0.0
1787909900.281953,2026-08-28T09:38:20+00:00,http_log_35m_x1,28397.0,6.0,5847291091.0,7243920720.0,522.0,5012.0,0.0,2123153.0,1433.0,0.0,0.0,0.0,0.0,16.0,28.0,644388128.0,2876717568.0,26718965760.0,71824.0,32452055040.0,3662190175.0,0.0,3360.0,7830931.0,6953.0,766263.0,46811.0,0.0,0.0,6598.0,0.0
1787909901.287008,2026-08-28T09:38:21+00:00,http_log_35m_x1,28397.0,6.0,5847291091.0,7243920720.0,522.0,5012.0,0.0,2123153.0,1433.0,0.0,0.0,0.0,0.0,16.0,28.0,644388128.0,2876717568.0,26718965760.0,71824.0,32452055040.0,3662190175.0,0.0,3360.0,7830931.0,6953.0,766263.0,46811.0,0.0,0.0,6598.0,0.0
1787909902.292062,2026-08-28T09:38:22+00:00,http_log_35m_x1,28397.0,6.0,5847291091.0,7243920720.0,522.0,5012.0,0.0,2123153.0,1433.0,0.0,0.0,0.0,0.0,16.0,28.0,644388128.0,2876717568.0,26718965760.0,71824.0,32452055040.0,3662190175.0,0.0,3360.0,7830931.0,6953.0,766263.0,46811.0,0.0,0.0,6598.0,0.0
1787909903.294579,2026-08-28T09:38:23+00:00,http_log_35m_x1,28397.0,6.0,5847291091.0,7243920720.0,522.0,5012.0,0.0,2123153.0,1433.0,0.0,0.0,0.0,0.0,16.0,28.0,644388128.0,2876717568.0,26718965760.0,71824.0,32452055040.0,3662190175.0,0.0,3360.0,7830931.0,6953.0,766263.0,46811.0,0.0,0.0,6598.0,0.0
1787909904.2996612,2026-08-28T09:38:24+00:00,http_log_35m_x1,28397.0,6.0,5847291091.0,7243920720.0,522.0,5012.0,0.0,2123153.0,1433.0,0.0,0.0,0.0,0.0,16.0,28.0,647997120.0,3795945984.0,26724851712.0,73105.0,32452055040.0,3662190175.0,8.0,3380.0,7842289.0,6964.0,766745.0,46950.0,0.0,0.0,6607.0,0.0
1787909905.303823,2026-08-28T09:38:25+00:00,http_log_35m_x1,28397.0,6.0,5847291091.0,7243920720.0,522.0,5012.0,0.0,2123153.0,1433.0,0.0,0.0,0.0,0.0,16.0,28.0,647997120.0,3795945984.0,26724851712.0,73105.0,32452055040.0,3662190175.0,8.0,3380.0,7842289.0,6964.0,766745.0,46950.0,0.0,0.0,6607.0,0.0
1787909906.308905,2026-08-28T09:38:26+00:00,http_log_35m_x1,28397.0,6.0,5847291091.0,7243920720.0,522.0,5012.0,0.0,2123153.0,1433.0,0.0,0.0,0.0,0.0,16.0,28.0,647997120.0,3795945984.0,26724851712.0,73105.0,32452055040.0,3662190175.0,8.0,3380.0,7842289.0,6964.0,766745.0,46950.0,0.0,0.0,6607.0,0.0
1787909907.313973,2026-08-28T09:38:27+00:00,http_log_35m_x1,28397.0,6.0,5847291091.0,7243920720.0,522.0,5012.0,0.0,2123153.0,1433.0,0.0,0.0,0.0,0.0,16.0,28.0,647997120.0,3795945984.0,26724851712.0,73105.0,32452055040.0,3662190175.0,8.0,3380.0,7842289.0,6964.0,766745.0,46950.0,0.0,0.0,6607.0,0.0
1787909908.319066,2026-08-28T09:38:28+00:00,http_log_35m_x1,28397.0,6.0,5847291091.0,7243920720.0,522.0,5012.0,0.0,2123153.0,1433.0,0.0,0.0,0.0,0.0,16.0,28.0,647997120.0,3795945984.0,26724851712.0,73105.0,32452055040.0,3662190175.0,8.0,3380.0,7842289.0,6964.0,766745.0,46950.0,0.0,0.0,6607.0,0.0
1787909909.3241558,2026-08-28T09:38:29+00:00,http_log_35m_x1,28397.0,6.0,5847291091.0,7243920720.0,522.0,5012.0,0.0,2123153.0,1433.0,0.0,0.0,0.0,0.0,16.0,28.0,647997120.0,3795945984.0,26724851712.0,73105.0,32452055040.0,3662190175.0,8.0,3380.0,7842289.0,6964.0,766745.0,46950.0,0.0,0.0,6607.0,0.0
1787909910.329258,2026-08-28T09:38:30+00:00,http_log_35m_x1,28397.0,6.0,5847291091.0,7243920720.0,522.0,5012.0,0.0,2123153.0,1433.0,0.0,0.0,0.0,0.0,16.0,28.0,647997120.0,3795945984.0,26724851712.0,73105.0,32452055040.0,3662190175.0,8.0,3380.0,7842289.0,6964.0,766745.0,46950.0,0.0,0.0,6607.0,0.0
1787909911.334312,2026-08-28T09:38:31+00:00,http_log_35m_x1,28397.0,6.0,5847291091.0,7243920720.0,522.0,5012.0,0.0,2123153.0,1433.0,0.0,0.0,0.0,0.0,16.0,28.0,647997120.0,3795945984.0,26724851712.0,73105.0,32452055040.0,3662190175.0,8.0,3380.0,7842289.0,6964.0,766745.0,46950.0,0.0,0.0,6607.0,0.0
1787909912.339353,2026-08-28T09:38:32+00:00,http_log_35m_x1,28397.0,6.0,5847291091.0,7243920720.0,522.0,5012.0,0.0,2123153.0,1433.0,0.0,0.0,0.0,0.0,16.0,28.0,647997120.0,3795945984.0,26724851712.0,73105.0,32452055040.0,3662190175.0,8.0,3380.0,7842289.0,6964.0,766745.0,46950.0,0.0,0.0,6607.0,0.0
1787909913.344407,2026-08-28T09:38:33+00:00,http_log_35m_x1,28397.0,6.0,5847291091.0,7243920720.0,522.0,5012.0,0.0,2123153.0,1433.0,0.0,0.0,0.0,0.0,16.0,28.0,647997120.0,3795945984.0,26724851712.0,73105.0,32452055040.0,3662190175.0,8.0,3380.0,7842289.0,6964.0,766745.0,46950.0,0.0,0.0,6607.0,0.0
1787909914.3494751,2026-08-28T09:38:34+00:00,http_log_35m_x1,28397.0,6.0,5847291091.0,7243920720.0,522.0,5012.0,0.0,2123153.0,1433.0,0.0,0.0,0.0,0.0,16.0,28.0,647997120.0,3795945984.0,26724851712.0,73105.0,32452055040.0,3662190175.0,8.0,3380.0,7842289.0,6964.0,766745.0,46950.0,0.0,0.0,6607.0,0.0
1787909915.354594,2026-08-28T09:38:35+00:00,http_log_35m_x1,28397.0,6.0,5847291091.0,7243920720.0,522.0,5012.0,0.0,2123153.0,1433.0,0.0,0.0,0.0,0.0,16.0,28.0,647997120.0,3795945984.0,26724851712.0,73105.0,32452055040.0,3662190175.0,8.0,3380.0,7842289.0,6964.0,766745.0,46950.0,0.0,0.0,6607.0,0.0
1787909916.359676,2026-08-28T09:38:36+00:00,http_log_35m_x1,28397.0,6.0,5847291091.0,7243920720.0,522.0,5012.0,0.0,2123153.0,1433.0,0.0,0.0,0.0,0.0,16.0,28.0,647997120.0,3795945984.0,26724851712.0,73105.0,32452055040.0,3662190175.0,8.0,3380.0,7842289.0,6964.0,766745.0,46950.0,0.0,0.0,6607.0,0.0
1787909917.364744,2026-08-28T09:38:37+00:00,http_log_35m_x1,28397.0,6.0,5847291091.0,7243920720.0,522.0,5012.0,0.0,2123153.0,1433.0,0.0,0.0,0.0,0.0,16.0,28.0,647997120.0,3795945984.0,26724851712.0,73105.0,32452055040.0,3662190175.0,8.0,3380.0,7842289.0,6964.0,766745.0,46950.0,0.0,0.0,6607.0,0.0
1787909918.369854,2026-08-28T09:38:38+00:00,http_log_35m_x1,28397.0,6.0,5847291091.0,7243920720.0,522.0,5012.0,0.0,2123153.0,1433.0,0.0,0.0,0.0,0.0,16.0,28.0,647549312.0,3795945984.0,26725187584.0,73114.0,32452055040.0,3662190175.0,0.0,3380.0,7854218.0,6965.0,766794.0,46974.0,0.0,0.0,6612.0,0.0
1787909919.3749099,2026-08-28T09:38:39+00:00,http_log_35m_x1,28397.0,6.0,5847291091.0,7243920720.0,522.0,5012.0,0.0,2123153.0,1433.0,0.0,0.0,0.0,0.0,16.0,28.0,647549312.0,3795945984.0,26725187584.0,73114.0,32452055040.0,3662190175.0,0.0,3380.0,7854218.0,6965.0,766794.0,46974.0,0.0,0.0,6612.0,0.0
1787909920.37999,2026-08-28T09:38:40+00:00,http_log_35m_x1,28397.0,6.0,5847291091.0,7243920720.0,522.0,5012.0,0.0,2123153.0,1433.0,0.0,0.0,0.0,0.0,16.0,28.0,647549312.0,3795945984.0,26725187584.0,73114.0,32452055040.0,3662190175.0,0.0,3380.0,7854218.0,6965.0,766794.0,46974.0,0.0,0.0,6612.0,0.0
1787909921.382039,2026-08-28T09:38:41+00:00,http_log_35m_x1,28397.0,6.0,5847291091.0,7243920720.0,522.0,5012.0,0.0,2123153.0,1433.0,0.0,0.0,0.0,0.0,16.0,28.0,647549312.0,3795945984.0,26725187584.0,73114.0,32452055040.0,3662190175.0,0.0,3380.0,7854218.0,6965.0,766794.0,46974.0,0.0,0.0,6612.0,0.0
1787909922.38709,2026-08-28T09:38:42+00:00,http_log_35m_x1,28397.0,6.0,5847291091.0,7243920720.0,522.0,5012.0,0.0,2123153.0,1433.0,0.0,0.0,0.0,0.0,16.0,28.0,647549312.0,3795945984.0,26725187584.0,73114.0,32452055040.0,3662190175.0,0.0,3380.0,7854218.0,6965.0,766794.0,46974.0,0.0,0.0,6612.0,0.0
1787909923.392153,2026-08-28T09:38:43+00:00,http_log_35m_x1,28397.0,6.0,5847291091.0,7243920720.0,522.0,5012.0,0.0,2123153.0,1433.0,0.0,0.0,0.0,0.0,16.0,28.0,647549312.0,3795945984.0,26725187584.0,73114.0,32452055040.0,3662190175.0,0.0,3380.0,7854218.0,6965.0,766794.0,46974.0,0.0,0.0,6612.0,0.0
1787909924.394615,2026-08-28T09:38:44+00:00,http_log_35m_x1,28397.0,6.0,5847291091.0,7243920720.0,522.0,5012.0,0.0,2123153.0,1433.0,0.0,0.0,0.0,0.0,16.0,28.0,647549312.0,3795945984.0,26725187584.0,73114.0,32452055040.0,3662190175.0,0.0,3380.0,7854218.0,6965.0,766794.0,46974.0,0.0,0.0,6612.0,0.0
1787909925.399044,2026-08-28T09:38:45+00:00,http_log_35m_x1,28397.0,6.0,5847291091.0,7243920720.0,522.0,5012.0,0.0,2123153.0,1433.0,0.0,0.0,0.0,0.0,16.0,28.0,647549312.0,3795945984.0,26725187584.0,73114.0,32452055040.0,3662190175.0,0.0,3380.0,7854218.0,6965.0,766794.0,46974.0,0.0,0.0,6612.0,0.0
1787909926.402824,2026-08-28T09:38:46+00:00,http_log_35m_x1,28397.0,6.0,5847291091.0,7243920720.0,522.0,5012.0,0.0,2123153.0,1433.0,0.0,0.0,0.0,0.0,16.0,28.0,647549312.0,3795945984.0,26725187584.0,73114.0,32452055040.0,3662190175.0,0.0,3380.0,7854218.0,6965.0,766794.0,46974.0,0.0,0.0,6612.0,0.0
1787909927.4079082,2026-08-28T09:38:47+00:00,http_log_35m_x1,28397.0,6.0,5847291091.0,7243920720.0,522.0,5012.0,0.0,2123153.0,1433.0,0.0,0.0,0.0,0.0,16.0,28.0,647549312.0,3795945984.0,26725187584.0,73114.0,32452055040.0,3662190175.0,0.0,3380.0,7854218.0,6965.0,766794.0,46974.0,0.0,0.0,6612.0,0.0
1787909928.412983,2026-08-28T09:38:48+00:00,http_log_35m_x1,28397.0,6.0,5847291091.0,7243920720.0,522.0,5012.0,0.0,2123153.0,1433.0,0.0,0.0,0.0,0.0,16.0,28.0,647549312.0,3795945984.0,26725187584.0,73114.0,32452055040.0,3662190175.0,0.0,3380.0,7854218.0,6965.0,766794.0,46974.0,0.0,0.0,6612.0,0.0
1787909929.415335,2026-08-28T09:38:49+00:00,http_log_35m_x1,28397.0,6.0,5847291091.0,7243920720.0,522.0,5012.0,0.0,2123153.0,1433.0,0.0,0.0,0.0,0.0,16.0,28.0,647549312.0,3795945984.0,26725187584.0,73114.0,32452055040.0,3662190175.0,0.0,3380.0,7854218.0,6965.0,766794.0,46974.0,0.0,0.0,6612.0,0.0
1787909930.420439,2026-08-28T09:38:50+00:00,http_log_35m_x1,28397.0,6.0,5847291091.0,7243920720.0,522.0,5012.0,0.0,2123153.0,1433.0,0.0,0.0,0.0,0.0,16.0,28.0,647549312.0,3795945984.0,26725187584.0,73114.0,32452055040.0,3662190175.0,0.0,3380.0,7854218.0,6965.0,766794.0,46974.0,0.0,0.0,6612.0,0.0
1787909931.425489,2026-08-28T09:38:51+00:00,http_log_35m_x1,29126.0,5.0,5847372675.0,7243920720.0,537.0,5012.0,0.0,2123153.0,1433.0,0.0,0.0,0.0,0.0,17.0,28.0,647549312.0,3795945984.0,26725187584.0,73114.0,32452055040.0,3662190175.0,0.0,3380.0,7854218.0,6965.0,766794.0,46974.0,0.0,0.0,6612.0,0.0
1787909932.430568,2026-08-28T09:38:52+00:00,http_log_35m_x1,29126.0,5.0,5847372675.0,7243920720.0,537.0,5012.0,0.0,2123153.0,1433.0,0.0,0.0,0.0,0.0,17.0,28.0,647549312.0,3795945984.0,26725187584.0,73114.0,32452055040.0,3662190175.0,0.0,3380.0,7854218.0,6965.0,766794.0,46974.0,0.0,0.0,6612.0,0.0
1787909933.4320471,2026-08-28T09:38:53+00:00,http_log_35m_x1,29126.0,5.0,5847372675.0,7243920720.0,537.0,5012.0,0.0,2123153.0,1433.0,0.0,0.0,0.0,0.0,17.0,28.0,649026184.0,3795986944.0,26727297024.0,73156.0,32452055040.0,3662190175.0,0.0,3394.0,7866138.0,6970.0,766850.0,46996.0,0.0,0.0,6616.0,0.0
1787909934.437118,2026-08-28T09:38:54+00:00,http_log_35m_x1,29126.0,5.0,5847372675.0,7243920720.0,537.0,5012.0,0.0,2123153.0,1433.0,0.0,0.0,0.0,0.0,17.0,28.0,649026184.0,3795986944.0,26727297024.0,73156.0,32447639552.0,3662169912.0,0.0,3394.0,7866138.0,6970.0,766850.0,46996.0,0.0,0.0,6616.0,0.0
1787909935.442224,2026-08-28T09:38:55+00:00,http_log_35m_x1,29126.0,5.0,5847372675.0,7243920720.0,537.0,5012.0,0.0,2123153.0,1433.0,0.0,0.0,0.0,0.0,17.0,28.0,649026184.0,3795986944.0,26727297024.0,73156.0,32447639552.0,3662169912.0,0.0,3394.0,7866138.0,6970.0,766850.0,46996.0,0.0,0.0,6616.0,0.0
1787909936.4473338,2026-08-28T09:38:56+00:00,http_log_35m_x1,29126.0,5.0,5847372675.0,7243920720.0,537.0,5012.0,0.0,2123153.0,1433.0,0.0,0.0,0.0,0.0,17.0,28.0,649026184.0,3795986944.0,26727297024.0,73156.0,32447639552.0,3662169912.0,0.0,3394.0,7866138.0,6970.0,766850.0,46996.0,0.0,0.0,6616.0,0.0
1787909937.4524002,2026-08-28T09:38:57+00:00,http_log_35m_x1,29126.0,5.0,5847372675.0,7243920720.0,537.0,5012.0,0.0,2123153.0,1433.0,0.0,0.0,0.0,0.0,17.0,28.0,649026184.0,3795986944.0,26727297024.0,73156.0,32447639552.0,3662169912.0,0.0,3394.0,7866138.0,6970.0,766850.0,46996.0,0.0,0.0,6616.0,0.0
1787909938.457463,2026-08-28T09:38:58+00:00,http_log_35m_x1,29126.0,5.0,5847372675.0,7243920720.0,537.0,5012.0,0.0,2123153.0,1433.0,0.0,0.0,0.0,0.0,17.0,28.0,649026184.0,3795986944.0,26727297024.0,73156.0,32447639552.0,3662169912.0,0.0,3394.0,7866138.0,6970.0,766850.0,46996.0,0.0,0.0,6616.0,0.0
1787909939.462582,2026-08-28T09:38:59+00:00,http_log_35m_x1,29126.0,5.0,5847372675.0,7243920720.0,537.0,5012.0,0.0,2123153.0,1433.0,0.0,0.0,0.0,0.0,17.0,28.0,649026184.0,3795986944.0,26727297024.0,73156.0,32447639552.0,3662169912.0,0.0,3394.0,7866138.0,6970.0,766850.0,46996.0,0.0,0.0,6616.0,0.0
1787909940.467693,2026-08-28T09:39:00+00:00,http_log_35m_x1,29126.0,5.0,5847372675.0,7243920720.0,537.0,5012.0,0.0,2123153.0,1433.0,0.0,0.0,0.0,0.0,17.0,28.0,649026184.0,3795986944.0,26727297024.0,73156.0,32447639552.0,3662169912.0,0.0,3394.0,7866138.0,6970.0,766850.0,46996.0,0.0,0.0,6616.0,0.0
1787909941.472778,2026-08-28T09:39:01+00:00,http_log_35m_x1,29126.0,5.0,5847372675.0,7243920720.0,537.0,5012.0,0.0,2123153.0,1433.0,0.0,0.0,0.0,0.0,17.0,28.0,649026184.0,3795986944.0,26727297024.0,73156.0,32447639552.0,3662169912.0,0.0,3394.0,7866138.0,6970.0,766850.0,46996.0,0.0,0.0,6616.0,0.0
1787909942.476532,2026-08-28T09:39:02+00:00,http_log_35m_x1,29126.0,5.0,5847372675.0,7243920720.0,537.0,5012.0,0.0,2123153.0,1433.0,0.0,0.0,0.0,0.0,17.0,28.0,649026184.0,3795986944.0,26727297024.0,73156.0,32447639552.0,3662169912.0,0.0,3394.0,7866138.0,6970.0,766850.0,46996.0,0.0,0.0,6616.0,0.0
1787909943.481618,2026-08-28T09:39:03+00:00,http_log_35m_x1,29126.0,5.0,5847372675.0,7243920720.0,537.0,5012.0,0.0,2123153.0,1433.0,0.0,0.0,0.0,0.0,17.0,28.0,649026184.0,3795986944.0,26727297024.0,73156.0,32447639552.0,3662169912.0,0.0,3394.0,7866138.0,6970.0,766850.0,46996.0,0.0,0.0,6616.0,0.0
1787909944.486666,2026-08-28T09:39:04+00:00,http_log_35m_x1,29126.0,5.0,5847372675.0,7243920720.0,537.0,5012.0,0.0,2123153.0,1433.0,0.0,0.0,0.0,0.0,17.0,28.0,649026184.0,3795986944.0,26727297024.0,73156.0,32447639552.0,3662169912.0,0.0,3394.0,7866138.0,6970.0,766850.0,46996.0,0.0,0.0,6616.0,0.0
1787909945.491767,2026-08-28T09:39:05+00:00,http_log_35m_x1,29126.0,5.0,5847372675.0,7243920720.0,537.0,5012.0,0.0,2123153.0,1433.0,0.0,0.0,0.0,0.0,17.0,28.0,649026184.0,3795986944.0,26727297024.0,73156.0,32447639552.0,3662169912.0,0.0,3394.0,7866138.0,6970.0,766850.0,46996.0,0.0,0.0,6616.0,0.0
1787909946.496881,2026-08-28T09:39:06+00:00,http_log_35m_x1,29126.0,5.0,5847372675.0,7243920720.0,537.0,5012.0,0.0,2123153.0,1433.0,0.0,0.0,0.0,0.0,17.0,28.0,649026184.0,3795986944.0,26727297024.0,73156.0,32447639552.0,3662169912.0,0.0,3394.0,7866138.0,6970.0,766850.0,46996.0,0.0,0.0,6616.0,0.0
1787909947.501927,2026-08-28T09:39:07+00:00,http_log_35m_x1,29126.0,5.0,5847372675.0,7243920720.0,537.0,5012.0,0.0,2123153.0,1433.0,0.0,0.0,0.0,0.0,17.0,28.0,649026184.0,3795986944.0,26727297024.0,73156.0,32447639552.0,3662169912.0,0.0,3394.0,7866138.0,6970.0,766850.0,46996.0,0.0,0.0,6616.0,0.0
1787909948.506998,2026-08-28T09:39:08+00:00,http_log_35m_x1,29126.0,5.0,5847372675.0,7243920720.0,537.0,5012.0,0.0,2123153.0,1433.0,0.0,0.0,0.0,0.0,17.0,28.0,646953872.0,3795986944.0,26728644608.0,73174.0,32447639552.0,3662169912.0,0.0,3402.0,7878071.0,6972.0,766891.0,47018.0,0.0,0.0,6621.0,0.0
1787909949.512068,2026-08-28T09:39:09+00:00,http_log_35m_x1,29126.0,5.0,5847372675.0,7243920720.0,537.0,5012.0,0.0,2123153.0,1433.0,0.0,0.0,0.0,0.0,17.0,28.0,646953872.0,3795986944.0,26728644608.0,73174.0,32447639552.0,3662169912.0,0.0,3402.0,7878071.0,6972.0,766891.0,47018.0,0.0,0.0,6621.0,0.0
1787909950.517148,2026-08-28T09:39:10+00:00,http_log_35m_x1,29126.0,5.0,5847372675.0,7243920720.0,537.0,5012.0,0.0,2123153.0,1433.0,0.0,0.0,0.0,0.0,17.0,28.0,646953872.0,3795986944.0,26728644608.0,73174.0,32447639552.0,3662169912.0,0.0,3402.0,7878071.0,6972.0,766891.0,47018.0,0.0,0.0,6621.0,0.0
1787909951.5222678,2026-08-28T09:39:11+00:00,http_log_35m_x1,29126.0,5.0,5847372675.0,7243920720.0,537.0,5012.0,0.0,2123153.0,1433.0,0.0,0.0,0.0,0.0,17.0,28.0,646953872.0,3795986944.0,26728644608.0,73174.0,32447639552.0,3662169912.0,0.0,3402.0,7878071.0,6972.0,766891.0,47018.0,0.0,0.0,6621.0,0.0
1787909952.527315,2026-08-28T09:39:12+00:00,http_log_35m_x1,29126.0,5.0,5847372675.0,7243920720.0,537.0,5012.0,0.0,2123153.0,1433.0,0.0,0.0,0.0,0.0,17.0,28.0,646953872.0,3795986944.0,26728644608.0,73174.0,32447639552.0,3662169912.0,0.0,3402.0,7878071.0,6972.0,766891.0,47018.0,0.0,0.0,6621.0,0.0
1787909953.532394,2026-08-28T09:39:13+00:00,http_log_35m_x1,29126.0,5.0,5847372675.0,7243920720.0,537.0,5012.0,0.0,2123153.0,1433.0,0.0,0.0,0.0,0.0,17.0,28.0,646953872.0,3795986944.0,26728644608.0,73174.0,32447639552.0,3662169912.0,0.0,3402.0,7878071.0,6972.0,766891.0,47018.0,0.0,0.0,6621.0,0.0
1787909954.537496,2026-08-28T09:39:14+00:00,http_log_35m_x1,29126.0,5.0,5847372675.0,7243920720.0,537.0,5012.0,0.0,2123153.0,1433.0,0.0,0.0,0.0,0.0,17.0,28.0,646953872.0,3795986944.0,26728644608.0,73174.0,32447639552.0,3662169912.0,0.0,3402.0,7878071.0,6972.0,766891.0,47018.0,0.0,0.0,6621.0,0.0
1787909955.542586,2026-08-28T09:39:15+00:00,http_log_35m_x1,29126.0,5.0,5847372675.0,7243920720.0,537.0,5012.0,0.0,2123153.0,1433.0,0.0,0.0,0.0,0.0,17.0,28.0,646953872.0,3795986944.0,26728644608.0,73174.0,32447639552.0,3662169912.0,0.0,3402.0,7878071.0,6972.0,766891.0,47018.0,0.0,0.0,6621.0,0.0
1787909956.547714,2026-08-28T09:39:16+00:00,http_log_35m_x1,29126.0,5.0,5847372675.0,7243920720.0,537.0,5012.0,0.0,2123153.0,1433.0,0.0,0.0,0.0,0.0,17.0,28.0,646953872.0,3795986944.0,26728644608.0,73174.0,32447639552.0,3662169912.0,0.0,3402.0,7878071.0,6972.0,766891.0,47018.0,0.0,0.0,6621.0,0.0
1787909957.552885,2026-08-28T09:39:17+00:00,http_log_35m_x1,29126.0,5.0,5847372675.0,7243920720.0,537.0,5012.0,0.0,2123153.0,1433.0,0.0,0.0,0.0,0.0,17.0,28.0,646953872.0,3795986944.0,26728644608.0,73174.0,32447639552.0,3662169912.0,0.0,3402.0,7878071.0,6972.0,766891.0,47018.0,0.0,0.0,6621.0,0.0
1787909958.557933,2026-08-28T09:39:18+00:00,http_log_35m_x1,29126.0,5.0,5847372675.0,7243920720.0,537.0,5012.0,0.0,2123153.0,1433.0,0.0,0.0,0.0,0.0,17.0,28.0,646953872.0,3795986944.0,26728644608.0,73174.0,32447639552.0,3662169912.0,0.0,3402.0,7878071.0,6972.0,766891.0,47018.0,0.0,0.0,6621.0,0.0
1787909959.563019,2026-08-28T09:39:19+00:00,http_log_35m_x1,29126.0,5.0,5847372675.0,7243920720.0,537.0,5012.0,0.0,2123153.0,1433.0,0.0,0.0,0.0,0.0,17.0,28.0,646953872.0,3795986944.0,26728644608.0,73174.0,32447639552.0,3662169912.0,0.0,3402.0,7878071.0,6972.0,766891.0,47018.0,0.0,0.0,6621.0,0.0
1787909960.568162,2026-08-28T09:39:20+00:00,http_log_35m_x1,29126.0,5.0,5847372675.0,7243920720.0,537.0,5012.0,0.0,2123153.0,1433.0,0.0,0.0,0.0,0.0,17.0,28.0,646953872.0,3795986944.0,26728644608.0,73174.0,32447639552.0,3662169912.0,0.0,3402.0,7878071.0,6972.0,766891.0,47018.0,0.0,0.0,6621.0,0.0
1787909961.573216,2026-08-28T09:39:21+00:00,http_log_35m_x1,29126.0,5.0,5847372675.0,7243920720.0,537.0,5012.0,0.0,2123153.0,1433.0,0.0,0.0,0.0,0.0,17.0,28.0,646953872.0,3795986944.0,26728644608.0,73174.0,32447639552.0,3662169912.0,0.0,3402.0,7878071.0,6972.0,766891.0,47018.0,0.0,0.0,6621.0,0.0
1787909962.5783029,2026-08-28T09:39:22+00:00,http_log_35m_x1,29126.0,5.0,5847372675.0,7243920720.0,537.0,5012.0,0.0,2123153.0,1433.0,0.0,0.0,0.0,0.0,17.0,28.0,646953872.0,3795986944.0,26728644608.0,73174.0,32447639552.0,3662169912.0,0.0,3402.0,7878071.0,6972.0,766891.0,47018.0,0.0,0.0,6621.0,0.0
1787909963.582183,2026-08-28T09:39:23+00:00,http_log_35m_x1,29126.0,5.0,5847372675.0,7243920720.0,537.0,5012.0,0.0,2123153.0,1433.0,0.0,0.0,0.0,0.0,17.0,28.0,647116344.0,3795986944.0,26729312256.0,73186.0,32447639552.0,3662169912.0,0.0,3402.0,7889992.0,6973.0,766936.0,47041.0,0.0,0.0,6626.0,0.0
1787909964.5869539,2026-08-28T09:39:24+00:00,http_log_35m_x1,29126.0,5.0,5847372675.0,7243920720.0,537.0,5012.0,0.0,2123153.0,1433.0,0.0,0.0,0.0,0.0,17.0,28.0,647116344.0,3795986944.0,26729312256.0,73186.0,32447639552.0,3662169912.0,0.0,3402.0,7889992.0,6973.0,766936.0,47041.0,0.0,0.0,6626.0,0.0
1787909965.590438,2026-08-28T09:39:25+00:00,http_log_35m_x1,29126.0,5.0,5847372675.0,7243920720.0,537.0,5012.0,0.0,2123153.0,1433.0,0.0,0.0,0.0,0.0,17.0,28.0,647116344.0,3795986944.0,26729312256.0,73186.0,32447639552.0,3662169912.0,0.0,3402.0,7889992.0,6973.0,766936.0,47041.0,0.0,0.0,6626.0,0.0
1787909966.595535,2026-08-28T09:39:26+00:00,http_log_35m_x1,29126.0,5.0,5847372675.0,7243920720.0,537.0,5012.0,0.0,2123153.0,1433.0,0.0,0.0,0.0,0.0,17.0,28.0,647116344.0,3795986944.0,26729312256.0,73186.0,32447639552.0,3662169912.0,0.0,3402.0,7889992.0,6973.0,766936.0,47041.0,0.0,0.0,6626.0,0.0
1787909967.600619,2026-08-28T09:39:27+00:00,http_log_35m_x1,29126.0,5.0,5847372675.0,7243920720.0,537.0,5012.0,0.0,2123153.0,1433.0,0.0,0.0,0.0,0.0,17.0,28.0,647116344.0,3795986944.0,26729312256.0,73186.0,32447639552.0,3662169912.0,0.0,3402.0,7889992.0,6973.0,766936.0,47041.0,0.0,0.0,6626.0,0.0
1787909968.605712,2026-08-28T09:39:28+00:00,http_log_35m_x1,29126.0,5.0,5847372675.0,7243920720.0,537.0,5012.0,0.0,2123153.0,1433.0,0.0,0.0,0.0,0.0,17.0,28.0,647116344.0,3795986944.0,26729312256.0,73186.0,32447639552.0,3662169912.0,0.0,3402.0,7889992.0,6973.0,766936.0,47041.0,0.0,0.0,6626.0,0.0
1787909969.610759,2026-08-28T09:39:29+00:00,http_log_35m_x1,29126.0,5.0,5847372675.0,7243920720.0,537.0,5012.0,0.0,2123153.0,1433.0,0.0,0.0,0.0,0.0,17.0,28.0,647116344.0,3795986944.0,26729312256.0,73186.0,32447639552.0,3662169912.0,0.0,3402.0,7889992.0,6973.0,766936.0,47041.0,0.0,0.0,6626.0,0.0
1787909970.615829,2026-08-28T09:39:30+00:00,http_log_35m_x1,29126.0,5.0,5847372675.0,7243920720.0,537.0,5012.0,0.0,2123153.0,1433.0,0.0,0.0,0.0,0.0,17.0,28.0,647116344.0,3795986944.0,26729312256.0,73186.0,32447639552.0,3662169912.0,0.0,3402.0,7889992.0,6973.0,766936.0,47041.0,0.0,0.0,6626.0,0.0
1787909971.62088,2026-08-28T09:39:31+00:00,http_log_35m_x1,29126.0,5.0,5847372675.0,7243920720.0,537.0,5012.0,0.0,2123153.0,1433.0,0.0,0.0,0.0,0.0,17.0,28.0,647116344.0,3795986944.0,26729312256.0,73186.0,32447639552.0,3662169912.0,0.0,3402.0,7889992.0,6973.0,766936.0,47041.0,0.0,0.0,6626.0,0.0
1787909972.62382,2026-08-28T09:39:32+00:00,http_log_35m_x1,29126.0,5.0,5847372675.0,7243920720.0,537.0,5012.0,0.0,2123153.0,1433.0,0.0,0.0,0.0,0.0,17.0,28.0,647116344.0,3795986944.0,26729312256.0,73186.0,32447639552.0,3662169912.0,0.0,3402.0,7889992.0,6973.0,766936.0,47041.0,0.0,0.0,6626.0,0.0
1787909973.628903,2026-08-28T09:39:33+00:00,http_log_35m_x1,29126.0,5.0,5847372675.0,7243920720.0,537.0,5012.0,0.0,2123153.0,1433.0,0.0,0.0,0.0,0.0,17.0,28.0,647116344.0,3795986944.0,26729312256.0,73186.0,32447639552.0,3662169912.0,0.0,3402.0,7889992.0,6973.0,766936.0,47041.0,0.0,0.0,6626.0,0.0
1787909974.633974,2026-08-28T09:39:34+00:00,http_log_35m_x1,29126.0,5.0,5847372675.0,7243920720.0,537.0,5012.0,0.0,2123153.0,1433.0,0.0,0.0,0.0,0.0,17.0,28.0,647116344.0,3795986944.0,26729312256.0,73186.0,32447639552.0,3662169912.0,0.0,3402.0,7889992.0,6973.0,766936.0,47041.0,0.0,0.0,6626.0,0.0
1787909975.639084,2026-08-28T09:39:35+00:00,http_log_35m_x1,29126.0,5.0,5847372675.0,7243920720.0,537.0,5012.0,0.0,2123153.0,1433.0,0.0,0.0,0.0,0.0,17.0,28.0,647116344.0,3795986944.0,26729312256.0,73186.0,32447639552.0,3662169912.0,0.0,3402.0,7889992.0,6973.0,766936.0,47041.0,0.0,0.0,6626.0,0.0
1787909976.640295,2026-08-28T09:39:36+00:00,http_log_35m_x1,29126.0,5.0,5847372675.0,7243920720.0,537.0,5012.0,0.0,2123153.0,1433.0,0.0,0.0,0.0,0.0,17.0,28.0,647116344.0,3795986944.0,26729312256.0,73186.0,32447639552.0,3662169912.0,0.0,3402.0,7889992.0,6973.0,766936.0,47041.0,0.0,0.0,6626.0,0.0
1787909977.645368,2026-08-28T09:39:37+00:00,http_log_35m_x1,29126.0,5.0,5847372675.0,7243920720.0,537.0,5012.0,0.0,2123153.0,1433.0,0.0,0.0,0.0,0.0,17.0,28.0,647116344.0,3795986944.0,26729312256.0,73186.0,32447639552.0,3662169912.0,0.0,3402.0,7889992.0,6973.0,766936.0,47041.0,0.0,0.0,6626.0,0.0
1787909978.649478,2026-08-28T09:39:38+00:00,http_log_35m_x1,29126.0,5.0,5847372675.0,7243920720.0,537.0,5012.0,0.0,2123153.0,1433.0,0.0,0.0,0.0,0.0,17.0,28.0,647118296.0,3795986944.0,26729852928.0,73198.0,32447639552.0,3662169912.0,0.0,3402.0,7901926.0,6974.0,766983.0,47065.0,0.0,0.0,6630.0,0.0
1787909979.654539,2026-08-28T09:39:39+00:00,http_log_35m_x1,29126.0,5.0,5847372675.0,7243920720.0,537.0,5012.0,0.0,2123153.0,1433.0,0.0,0.0,0.0,0.0,17.0,28.0,647118296.0,3795986944.0,26729852928.0,73198.0,32447639552.0,3662169912.0,0.0,3402.0,7901926.0,6974.0,766983.0,47065.0,0.0,0.0,6630.0,0.0
1787909980.6596138,2026-08-28T09:39:40+00:00,http_log_35m_x1,29126.0,5.0,5847372675.0,7243920720.0,537.0,5012.0,0.0,2123153.0,1433.0,0.0,0.0,0.0,0.0,17.0,28.0,647118296.0,3795986944.0,26729852928.0,73198.0,32447639552.0,3662169912.0,0.0,3402.0,7901926.0,6974.0,766983.0,47065.0,0.0,0.0,6630.0,0.0
1787909981.664675,2026-08-28T09:39:41+00:00,http_log_35m_x1,29126.0,5.0,5847372675.0,7243920720.0,537.0,5012.0,0.0,2123153.0,1433.0,0.0,0.0,0.0,0.0,17.0,28.0,647118296.0,3795986944.0,26729852928.0,73198.0,32447639552.0,3662169912.0,0.0,3402.0,7901926.0,6974.0,766983.0,47065.0,0.0,0.0,6630.0,0.0
1787909982.669722,2026-08-28T09:39:42+00:00,http_log_35m_x1,29126.0,5.0,5847372675.0,7243920720.0,537.0,5012.0,0.0,2123153.0,1433.0,0.0,0.0,0.0,0.0,17.0,28.0,647118296.0,3795986944.0,26729852928.0,73198.0,32447639552.0,3662169912.0,0.0,3402.0,7901926.0,6974.0,766983.0,47065.0,0.0,0.0,6630.0,0.0
1787909983.674521,2026-08-28T09:39:43+00:00,http_log_35m_x1,29126.0,5.0,5847372675.0,7243920720.0,537.0,5012.0,0.0,2123153.0,1433.0,0.0,0.0,0.0,0.0,17.0,28.0,647118296.0,3795986944.0,26729852928.0,73198.0,32447639552.0,3662169912.0,0.0,3402.0,7901926.0,6974.0,766983.0,47065.0,0.0,0.0,6630.0,0.0
1787909984.6769128,2026-08-28T09:39:44+00:00,http_log_35m_x1,29126.0,5.0,5847372675.0,7243920720.0,537.0,5012.0,0.0,2123153.0,1433.0,0.0,0.0,0.0,0.0,17.0,28.0,647118296.0,3795986944.0,26729852928.0,73198.0,32447639552.0,3662169912.0,0.0,3402.0,7901926.0,6974.0,766983.0,47065.0,0.0,0.0,6630.0,0.0
1787909985.681997,2026-08-28T09:39:45+00:00,http_log_35m_x1,29126.0,5.0,5847372675.0,7243920720.0,537.0,5012.0,0.0,2123153.0,1433.0,0.0,0.0,0.0,0.0,17.0,28.0,647118296.0,3795986944.0,26729852928.0,73198.0,32447639552.0,3662169912.0,0.0,3402.0,7901926.0,6974.0,766983.0,47065.0,0.0,0.0,6630.0,0.0
1787909986.687096,2026-08-28T09:39:46+00:00,http_log_35m_x1,29126.0,5.0,5847372675.0,7243920720.0,537.0,5012.0,0.0,2123153.0,1433.0,0.0,0.0,0.0,0.0,17.0,28.0,647118296.0,3795986944.0,26729852928.0,73198.0,32447639552.0,3662169912.0,0.0,3402.0,7901926.0,6974.0,766983.0,47065.0,0.0,0.0,6630.0,0.0
1787909987.6921651,2026-08-28T09:39:47+00:00,http_log_35m_x1,29126.0,5.0,5847372675.0,7243920720.0,537.0,5012.0,0.0,2123153.0,1433.0,0.0,0.0,0.0,0.0,17.0,28.0,647118296.0,3795986944.0,26729852928.0,73198.0,32447639552.0,3662169912.0,0.0,3402.0,7901926.0,6974.0,766983.0,47065.0,0.0,0.0,6630.0,0.0
1787909988.6972318,2026-08-28T09:39:48+00:00,http_log_35m_x1,29126.0,5.0,5847372675.0,7243920720.0,537.0,5012.0,0.0,2123153.0,1433.0,0.0,0.0,0.0,0.0,17.0,28.0,647118296.0,3795986944.0,26729852928.0,73198.0,32447639552.0,3662169912.0,0.0,3402.0,7901926.0,6974.0,766983.0,47065.0,0.0,0.0,6630.0,0.0
1787909989.702284,2026-08-28T09:39:49+00:00,http_log_35m_x1,29126.0,5.0,5847372675.0,7243920720.0,537.0,5012.0,0.0,2123153.0,1433.0,0.0,0.0,0.0,0.0,17.0,28.0,647118296.0,3795986944.0,26729852928.0,73198.0,32447639552.0,3662169912.0,0.0,3402.0,7901926.0,6974.0,766983.0,47065.0,0.0,0.0,6630.0,0.0
1787909990.7040782,2026-08-28T09:39:50+00:00,http_log_35m_x1,29126.0,5.0,5847372675.0,7243920720.0,537.0,5012.0,0.0,2123153.0,1433.0,0.0,0.0,0.0,0.0,17.0,28.0,647118296.0,3795986944.0,26729852928.0,73198.0,32447639552.0,3662169912.0,0.0,3402.0,7901926.0,6974.0,766983.0,47065.0,0.0,0.0,6630.0,0.0
1787909991.709152,2026-08-28T09:39:51+00:00,http_log_35m_x1,29126.0,5.0,5847372675.0,7243920720.0,537.0,5012.0,0.0,2123153.0,1433.0,0.0,0.0,0.0,0.0,17.0,28.0,647118296.0,3795986944.0,26729852928.0,73198.0,32447639552.0,3662169912.0,0.0,3402.0,7901926.0,6974.0,766983.0,47065.0,0.0,0.0,6630.0,0.0
1787909992.714201,2026-08-28T09:39:52+00:00,http_log_35m_x1,29126.0,5.0,5847372675.0,7243920720.0,537.0,5012.0,0.0,2123153.0,1433.0,0.0,0.0,0.0,0.0,17.0,28.0,647118296.0,3795986944.0,26729852928.0,73198.0,32447639552.0,3662169912.0,0.0,3402.0,7901926.0,6974.0,766983.0,47065.0,0.0,0.0,6630.0,0.0
1787909993.719279,2026-08-28T09:39:53+00:00,http_log_35m_x1,29126.0,5.0,5847372675.0,7243920720.0,537.0,5012.0,0.0,2123153.0,1433.0,0.0,0.0,0.0,0.0,17.0,28.0,647148696.0,3795986944.0,26730807296.0,73220.0,32447373312.0,3662164241.0,0.0,3405.0,7913854.0,6976.0,767036.0,47086.0,0.0,0.0,6635.0,0.0
1787909994.723839,2026-08-28T09:39:54+00:00,http_log_35m_x1,29126.0,5.0,5847372675.0,7243920720.0,537.0,5012.0,0.0,2123153.0,1433.0,0.0,0.0,0.0,0.0,17.0,28.0,647148696.0,3795986944.0,26730807296.0,73220.0,32447373312.0,3662164241.0,0.0,3405.0,7913854.0,6976.0,767036.0,47086.0,0.0,0.0,6635.0,0.0
1787909995.728944,2026-08-28T09:39:55+00:00,http_log_35m_x1,29126.0,5.0,5847372675.0,7243920720.0,537.0,5012.0,0.0,2123153.0,1433.0,0.0,0.0,0.0,0.0,17.0,28.0,647148696.0,3795986944.0,26730807296.0,73220.0,32447373312.0,3662164241.0,0.0,3405.0,7913854.0,6976.0,767036.0,47086.0,0.0,0.0,6635.0,0.0
1787909996.734027,2026-08-28T09:39:56+00:00,http_log_35m_x1,29126.0,5.0,5847372675.0,7243920720.0,537.0,5012.0,0.0,2123153.0,1433.0,0.0,0.0,0.0,0.0,17.0,28.0,647148696.0,3795986944.0,26730807296.0,73220.0,32447373312.0,3662164241.0,0.0,3405.0,7913854.0,6976.0,767036.0,47086.0,0.0,0.0,6635.0,0.0
1787909997.7390752,2026-08-28T09:39:57+00:00,http_log_35m_x1,29126.0,5.0,5847372675.0,7243920720.0,537.0,5012.0,0.0,2123153.0,1433.0,0.0,0.0,0.0,0.0,17.0,28.0,647148696.0,3795986944.0,26730807296.0,73220.0,32447373312.0,3662164241.0,0.0,3405.0,7913854.0,6976.0,767036.0,47086.0,0.0,0.0,6635.0,0.0
1787909998.744143,2026-08-28T09:39:58+00:00,http_log_35m_x1,29126.0,5.0,5847372675.0,7243920720.0,537.0,5012.0,0.0,2123153.0,1433.0,0.0,0.0,0.0,0.0,17.0,28.0,647148696.0,3795986944.0,26730807296.0,73220.0,32447373312.0,3662164241.0,0.0,3405.0,7913854.0,6976.0,767036.0,47086.0,0.0,0.0,6635.0,0.0
1787909999.749203,2026-08-28T09:39:59+00:00,http_log_35m_x1,29126.0,5.0,5847372675.0,7243920720.0,537.0,5012.0,0.0,2123153.0,1433.0,0.0,0.0,0.0,0.0,17.0,28.0,647148696.0,3795986944.0,26730807296.0,73220.0,32447373312.0,3662164241.0,0.0,3405.0,7913854.0,6976.0,767036.0,47086.0,0.0,0.0,6635.0,0.0
1787910000.754296,2026-08-28T09:40:00+00:00,http_log_35m_x1,29126.0,5.0,5847372675.0,7243920720.0,537.0,5012.0,0.0,2123153.0,1433.0,0.0,0.0,0.0,0.0,17.0,28.0,647148696.0,3795986944.0,26730807296.0,73220.0,32447373312.0,3662164241.0,0.0,3405.0,7913854.0,6976.0,767036.0,47086.0,0.0,0.0,6635.0,0.0
1787910001.757304,2026-08-28T09:40:01+00:00,http_log_35m_x1,29126.0,5.0,5847372675.0,7243920720.0,537.0,5012.0,0.0,2123153.0,1433.0,0.0,0.0,0.0,0.0,17.0,28.0,647148696.0,3795986944.0,26730807296.0,73220.0,32447373312.0,3662164241.0,0.0,3405.0,7913854.0,6976.0,767036.0,47086.0,0.0,0.0,6635.0,0.0
1787910002.7581701,2026-08-28T09:40:02+00:00,http_log_35m_x1,29126.0,5.0,5847372675.0,7243920720.0,537.0,5012.0,0.0,2123153.0,1433.0,0.0,0.0,0.0,0.0,17.0,28.0,647148696.0,3795986944.0,26730807296.0,73220.0,32447373312.0,3662164241.0,0.0,3405.0,7913854.0,6976.0,767036.0,47086.0,0.0,0.0,6635.0,0.0
1787910003.763225,2026-08-28T09:40:03+00:00,http_log_35m_x1,29126.0,5.0,5847372675.0,7243920720.0,537.0,5012.0,0.0,2123153.0,1433.0,0.0,0.0,0.0,0.0,17.0,28.0,647148696.0,3795986944.0,26730807296.0,73220.0,32447373312.0,3662164241.0,0.0,3405.0,7913854.0,6976.0,767036.0,47086.0,0.0,0.0,6635.0,0.0
1787910004.767257,2026-08-28T09:40:04+00:00,http_log_35m_x1,29126.0,5.0,5847372675.0,7243920720.0,537.0,5012.0,0.0,2123153.0,1433.0,0.0,0.0,0.0,0.0,17.0,28.0,647148696.0,3795986944.0,26730807296.0,73220.0,32447373312.0,3662164241.0,0.0,3405.0,7913854.0,6976.0,767036.0,47086.0,0.0,0.0,6635.0,0.0
1787910005.768847,2026-08-28T09:40:05+00:00,http_log_35m_x1,29126.0,5.0,5847372675.0,7243920720.0,537.0,5012.0,0.0,2123153.0,1433.0,0.0,0.0,0.0,0.0,17.0,28.0,647148696.0,3795986944.0,26730807296.0,73220.0,32447373312.0,3662164241.0,0.0,3405.0,7913854.0,6976.0,767036.0,47086.0,0.0,0.0,6635.0,0.0
1787910006.7739542,2026-08-28T09:40:06+00:00,http_log_35m_x1,29126.0,5.0,5847372675.0,7243920720.0,537.0,5012.0,0.0,2123153.0,1433.0,0.0,0.0,0.0,0.0,17.0,28.0,647148696.0,3795986944.0,26730807296.0,73220.0,32447373312.0,3662164241.0,0.0,3405.0,7913854.0,6976.0,767036.0,47086.0,0.0,0.0,6635.0,0.0
1787910007.7790048,2026-08-28T09:40:07+00:00,http_log_35m_x1,29126.0,5.0,5847372675.0,7243920720.0,537.0,5012.0,0.0,2123153.0,1433.0,0.0,0.0,0.0,0.0,17.0,28.0,646776000.0,3795986944.0,26731433984.0,73239.0,32447373312.0,3662164241.0,0.0,3405.0,7925778.0,6978.0,767085.0,47112.0,0.0,0.0,6641.0,0.0
1787910008.7840981,2026-08-28T09:40:08+00:00,http_log_35m_x1,29126.0,5.0,5847372675.0,7243920720.0,537.0,5012.0,0.0,2123153.0,1433.0,0.0,0.0,0.0,0.0,17.0,28.0,646776000.0,3795986944.0,26731433984.0,73239.0,32447373312.0,3662164241.0,0.0,3405.0,7925778.0,6978.0,767085.0,47112.0,0.0,0.0,6641.0,0.0
1787910009.78914,2026-08-28T09:40:09+00:00,http_log_35m_x1,29126.0,5.0,5847372675.0,7243920720.0,537.0,5012.0,0.0,2123153.0,1433.0,0.0,0.0,0.0,0.0,17.0,28.0,646776000.0,3795986944.0,26731433984.0,73239.0,32447373312.0,3662164241.0,0.0,3405.0,7925778.0,6978.0,767085.0,47112.0,0.0,0.0,6641.0,0.0
1787910010.794237,2026-08-28T09:40:10+00:00,http_log_35m_x1,29126.0,5.0,5847372675.0,7243920720.0,537.0,5012.0,0.0,2123153.0,1433.0,0.0,0.0,0.0,0.0,17.0,28.0,646776000.0,3795986944.0,26731433984.0,73239.0,32447373312.0,3662164241.0,0.0,3405.0,7925778.0,6978.0,767085.0,47112.0,0.0,0.0,6641.0,0.0
1787910011.799346,2026-08-28T09:40:11+00:00,http_log_35m_x1,29126.0,5.0,5847372675.0,7243920720.0,537.0,5012.0,0.0,2123153.0,1433.0,0.0,0.0,0.0,0.0,17.0,28.0,646776000.0,3795986944.0,26731433984.0,73239.0,32447373312.0,3662164241.0,0.0,3405.0,7925778.0,6978.0,767085.0,47112.0,0.0,0.0,6641.0,0.0
1787910012.804419,2026-08-28T09:40:12+00:00,http_log_35m_x1,29126.0,5.0,5847372675.0,7243920720.0,537.0,5012.0,0.0,2123153.0,1433.0,0.0,0.0,0.0,0.0,17.0,28.0,646776000.0,3795986944.0,26731433984.0,73239.0,32447373312.0,3662164241.0,0.0,3405.0,7925778.0,6978.0,767085.0,47112.0,0.0,0.0,6641.0,0.0
1787910013.8094678,2026-08-28T09:40:13+00:00,http_log_35m_x1,29126.0,5.0,5847372675.0,7243920720.0,537.0,5012.0,0.0,2123153.0,1433.0,0.0,0.0,0.0,0.0,17.0,28.0,646776000.0,3795986944.0,26731433984.0,73239.0,32447373312.0,3662164241.0,0.0,3405.0,7925778.0,6978.0,767085.0,47112.0,0.0,0.0,6641.0,0.0
1787910014.814518,2026-08-28T09:40:14+00:00,http_log_35m_x1,29126.0,5.0,5847372675.0,7243920720.0,537.0,5012.0,0.0,2123153.0,1433.0,0.0,0.0,0.0,0.0,17.0,28.0,646776000.0,3795986944.0,26731433984.0,73239.0,32447373312.0,3662164241.0,0.0,3405.0,7925778.0,6978.0,767085.0,47112.0,0.0,0.0,6641.0,0.0
1787910015.815606,2026-08-28T09:40:15+00:00,http_log_35m_x1,29126.0,5.0,5847372675.0,7243920720.0,537.0,5012.0,0.0,2123153.0,1433.0,0.0,0.0,0.0,0.0,17.0,28.0,646776000.0,3795986944.0,26731433984.0,73239.0,32447373312.0,3662164241.0,0.0,3405.0,7925778.0,6978.0,767085.0,47112.0,0.0,0.0,6641.0,0.0
1787910016.820696,2026-08-28T09:40:16+00:00,http_log_35m_x1,29126.0,5.0,5847372675.0,7243920720.0,537.0,5012.0,0.0,2123153.0,1433.0,0.0,0.0,0.0,0.0,17.0,28.0,646776000.0,3795986944.0,26731433984.0,73239.0,32447373312.0,3662164241.0,0.0,3405.0,7925778.0,6978.0,767085.0,47112.0,0.0,0.0,6641.0,0.0
1787910017.825054,2026-08-28T09:40:17+00:00,http_log_35m_x1,29126.0,5.0,5847372675.0,7243920720.0,537.0,5012.0,0.0,2123153.0,1433.0,0.0,0.0,0.0,0.0,17.0,28.0,646776000.0,3795986944.0,26731433984.0,73239.0,32447373312.0,3662164241.0,0.0,3405.0,7925778.0,6978.0,767085.0,47112.0,0.0,0.0,6641.0,0.0
1787910018.830134,2026-08-28T09:40:18+00:00,http_log_35m_x1,29126.0,5.0,5847372675.0,7243920720.0,537.0,5012.0,0.0,2123153.0,1433.0,0.0,0.0,0.0,0.0,17.0,28.0,646776000.0,3795986944.0,26731433984.0,73239.0,32447373312.0,3662164241.0,0.0,3405.0,7925778.0,6978.0,767085.0,47112.0,0.0,0.0,6641.0,0.0
1787910019.835211,2026-08-28T09:40:19+00:00,http_log_35m_x1,29126.0,5.0,5847372675.0,7243920720.0,537.0,5012.0,0.0,2123153.0,1433.0,0.0,0.0,0.0,0.0,17.0,28.0,646776000.0,3795986944.0,26731433984.0,73239.0,32447373312.0,3662164241.0,0.0,3405.0,7925778.0,6978.0,767085.0,47112.0,0.0,0.0,6641.0,0.0
1787910020.836313,2026-08-28T09:40:20+00:00,http_log_35m_x1,29126.0,5.0,5847372675.0,7243920720.0,537.0,5012.0,0.0,2123153.0,1433.0,0.0,0.0,0.0,0.0,17.0,28.0,646776000.0,3795986944.0,26731433984.0,73239.0,32447373312.0,3662164241.0,0.0,3405.0,7925778.0,6978.0,767085.0,47112.0,0.0,0.0,6641.0,0.0
1787910021.840597,2026-08-28T09:40:21+00:00,http_log_35m_x1,29126.0,5.0,5847372675.0,7243920720.0,537.0,5012.0,0.0,2123153.0,1433.0,0.0,0.0,0.0,0.0,17.0,28.0,646776000.0,3795986944.0,26731433984.0,73239.0,32447373312.0,3662164241.0,0.0,3405.0,7925778.0,6978.0,767085.0,47112.0,0.0,0.0,6641.0,0.0
1787910022.845642,2026-08-28T09:40:22+00:00,http_log_35m_x1,29126.0,5.0,5847372675.0,7243920720.0,537.0,5012.0,0.0,2123153.0,1433.0,0.0,0.0,0.0,0.0,17.0,28.0,646709336.0,3795986944.0,26732032000.0,73255.0,32447373312.0,3662164241.0,0.0,3405.0,7937717.0,6979.0,767131.0,47133.0,0.0,0.0,6646.0,0.0
1787910023.850697,2026-08-28T09:40:23+00:00,http_log_35m_x1,29126.0,5.0,5847372675.0,7243920720.0,537.0,5012.0,0.0,2123153.0,1433.0,0.0,0.0,0.0,0.0,17.0,28.0,646709336.0,3795986944.0,26732032000.0,73255.0,32447373312.0,3662164241.0,0.0,3405.0,7937717.0,6979.0,767131.0,47133.0,0.0,0.0,6646.0,0.0
1787910024.855742,2026-08-28T09:40:24+00:00,http_log_35m_x1,29126.0,5.0,5847372675.0,7243920720.0,537.0,5012.0,0.0,2123153.0,1433.0,0.0,0.0,0.0,0.0,17.0,28.0,646709336.0,3795986944.0,26732032000.0,73255.0,32447373312.0,3662164241.0,0.0,3405.0,7937717.0,6979.0,767131.0,47133.0,0.0,0.0,6646.0,0.0
1787910025.860814,2026-08-28T09:40:25+00:00,http_log_35m_x1,29126.0,5.0,5847372675.0,7243920720.0,537.0,5012.0,0.0,2123153.0,1433.0,0.0,0.0,0.0,0.0,17.0,28.0,646709336.0,3795986944.0,26732032000.0,73255.0,32447373312.0,3662164241.0,0.0,3405.0,7937717.0,6979.0,767131.0,47133.0,0.0,0.0,6646.0,0.0
1787910026.865696,2026-08-28T09:40:26+00:00,http_log_35m_x1,29126.0,5.0,5847372675.0,7243920720.0,537.0,5012.0,0.0,2123153.0,1433.0,0.0,0.0,0.0,0.0,17.0,28.0,646709336.0,3795986944.0,26732032000.0,73255.0,32447373312.0,3662164241.0,0.0,3405.0,7937717.0,6979.0,767131.0,47133.0,0.0,0.0,6646.0,0.0
1787910027.8671381,2026-08-28T09:40:27+00:00,http_log_35m_x1,29126.0,5.0,5847372675.0,7243920720.0,537.0,5012.0,0.0,2123153.0,1433.0,0.0,0.0,0.0,0.0,17.0,28.0,646709336.0,3795986944.0,26732032000.0,73255.0,32447373312.0,3662164241.0,0.0,3405.0,7937717.0,6979.0,767131.0,47133.0,0.0,0.0,6646.0,0.0
1787910028.872215,2026-08-28T09:40:28+00:00,http_log_35m_x1,29126.0,5.0,5847372675.0,7243920720.0,537.0,5012.0,0.0,2123153.0,1433.0,0.0,0.0,0.0,0.0,17.0,28.0,646709336.0,3795986944.0,26732032000.0,73255.0,32447373312.0,3662164241.0,0.0,3405.0,7937717.0,6979.0,767131.0,47133.0,0.0,0.0,6646.0,0.0
1787910029.877311,2026-08-28T09:40:29+00:00,http_log_35m_x1,29126.0,5.0,5847372675.0,7243920720.0,537.0,5012.0,0.0,2123153.0,1433.0,0.0,0.0,0.0,0.0,17.0,28.0,646709336.0,3795986944.0,26732032000.0,73255.0,32447373312.0,3662164241.0,0.0,3405.0,7937717.0,6979.0,767131.0,47133.0,0.0,0.0,6646.0,0.0
1787910030.8823109,2026-08-28T09:40:30+00:00,http_log_35m_x1,29126.0,5.0,5847372675.0,7243920720.0,537.0,5012.0,0.0,2123153.0,1433.0,0.0,0.0,0.0,0.0,17.0,28.0,646709336.0,3795986944.0,26732032000.0,73255.0,32447373312.0,3662164241.0,0.0,3405.0,7937717.0,6979.0,767131.0,47133.0,0.0,0.0,6646.0,0.0
1787910031.887372,2026-08-28T09:40:31+00:00,http_log_35m_x1,29126.0,5.0,5847372675.0,7243920720.0,537.0,5012.0,0.0,2123153.0,1433.0,0.0,0.0,0.0,0.0,17.0,28.0,646709336.0,3795986944.0,26732032000.0,73255.0,32447373312.0,3662164241.0,0.0,3405.0,7937717.0,6979.0,767131.0,47133.0,0.0,0.0,6646.0,0.0
1787910032.892429,2026-08-28T09:40:32+00:00,http_log_35m_x1,29126.0,5.0,5847372675.0,7243920720.0,537.0,5012.0,0.0,2123153.0,1433.0,0.0,0.0,0.0,0.0,17.0,28.0,646709336.0,3795986944.0,26732032000.0,73255.0,32447373312.0,3662164241.0,0.0,3405.0,7937717.0,6979.0,767131.0,47133.0,0.0,0.0,6646.0,0.0
1787910033.897515,2026-08-28T09:40:33+00:00,http_log_35m_x1,29126.0,5.0,5847372675.0,7243920720.0,537.0,5012.0,0.0,2123153.0,1433.0,0.0,0.0,0.0,0.0,17.0,28.0,646709336.0,3795986944.0,26732032000.0,73255.0,32447373312.0,3662164241.0,0.0,3405.0,7937717.0,6979.0,767131.0,47133.0,0.0,0.0,6646.0,0.0
1787910034.900842,2026-08-28T09:40:34+00:00,http_log_35m_x1,29126.0,5.0,5847372675.0,7243920720.0,537.0,5012.0,0.0,2123153.0,1433.0,0.0,0.0,0.0,0.0,17.0,28.0,646709336.0,3795986944.0,26732032000.0,73255.0,32447373312.0,3662164241.0,0.0,3405.0,7937717.0,6979.0,767131.0,47133.0,0.0,0.0,6646.0,0.0
1787910035.905938,2026-08-28T09:40:35+00:00,http_log_35m_x1,29126.0,5.0,5847372675.0,7243920720.0,537.0,5012.0,0.0,2123153.0,1433.0,0.0,0.0,0.0,0.0,17.0,28.0,646709336.0,3795986944.0,26732032000.0,73255.0,32447373312.0,3662164241.0,0.0,3405.0,7937717.0,6979.0,767131.0,47133.0,0.0,0.0,6646.0,0.0
1787910036.909058,2026-08-28T09:40:36+00:00,http_log_35m_x1,29126.0,5.0,5847372675.0,7243920720.0,537.0,5012.0,0.0,2123153.0,1433.0,0.0,0.0,0.0,0.0,17.0,28.0,646709336.0,3795986944.0,26732032000.0,73255.0,32447373312.0,3662164241.0,0.0,3405.0,7937717.0,6979.0,767131.0,47133.0,0.0,0.0,6646.0,0.0
1787910037.9141371,2026-08-28T09:40:37+00:00,http_log_35m_x1,29126.0,5.0,5847372675.0,7243920720.0,537.0,5012.0,0.0,2123153.0,1433.0,0.0,0.0,0.0,0.0,17.0,28.0,646666880.0,3795986944.0,26732646400.0,73280.0,32447373312.0,3662164241.0,0.0,3405.0,7949640.0,6981.0,767186.0,47158.0,0.0,0.0,6651.0,0.0
1787910038.9192262,2026-08-28T09:40:38+00:00,http_log_35m_x1,29126.0,5.0,5847372675.0,7243920720.0,537.0,5012.0,0.0,2123153.0,1433.0,0.0,0.0,0.0,0.0,17.0,28.0,646666880.0,3795986944.0,26732646400.0,73280.0,32447373312.0,3662164241.0,0.0,3405.0,7949640.0,6981.0,767186.0,47158.0,0.0,0.0,6651.0,0.0
1787910039.922505,2026-08-28T09:40:39+00:00,http_log_35m_x1,29126.0,5.0,5847372675.0,7243920720.0,537.0,5012.0,0.0,2123153.0,1433.0,0.0,0.0,0.0,0.0,17.0,28.0,646666880.0,3795986944.0,26732646400.0,73280.0,32447373312.0,3662164241.0,0.0,3405.0,7949640.0,6981.0,767186.0,47158.0,0.0,0.0,6651.0,0.0
1787910040.927522,2026-08-28T09:40:40+00:00,http_log_35m_x1,29126.0,5.0,5847372675.0,7243920720.0,537.0,5012.0,0.0,2123153.0,1433.0,0.0,0.0,0.0,0.0,17.0,28.0,646666880.0,3795986944.0,26732646400.0,73280.0,32447373312.0,3662164241.0,0.0,3405.0,7949640.0,6981.0,767186.0,47158.0,0.0,0.0,6651.0,0.0
1787910041.932514,2026-08-28T09:40:41+00:00,http_log_35m_x1,29126.0,5.0,5847372675.0,7243920720.0,537.0,5012.0,0.0,2123153.0,1433.0,0.0,0.0,0.0,0.0,17.0,28.0,646666880.0,3795986944.0,26732646400.0,73280.0,32447373312.0,3662164241.0,0.0,3405.0,7949640.0,6981.0,767186.0,47158.0,0.0,0.0,6651.0,0.0
1787910042.933646,2026-08-28T09:40:42+00:00,http_log_35m_x1,29126.0,5.0,5847372675.0,7243920720.0,537.0,5012.0,0.0,2123153.0,1433.0,0.0,0.0,0.0,0.0,17.0,28.0,646666880.0,3795986944.0,26732646400.0,73280.0,32447373312.0,3662164241.0,0.0,3405.0,7949640.0,6981.0,767186.0,47158.0,0.0,0.0,6651.0,0.0
1787910043.936648,2026-08-28T09:40:43+00:00,http_log_35m_x1,29126.0,5.0,5847372675.0,7243920720.0,537.0,5012.0,0.0,2123153.0,1433.0,0.0,0.0,0.0,0.0,17.0,28.0,646666880.0,3795986944.0,26732646400.0,73280.0,32447373312.0,3662164241.0,0.0,3405.0,7949640.0,6981.0,767186.0,47158.0,0.0,0.0,6651.0,0.0
1787910044.93937,2026-08-28T09:40:44+00:00,http_log_35m_x1,29126.0,5.0,5847372675.0,7243920720.0,537.0,5012.0,0.0,2123153.0,1433.0,0.0,0.0,0.0,0.0,17.0,28.0,646666880.0,3795986944.0,26732646400.0,73280.0,32447373312.0,3662164241.0,0.0,3405.0,7949640.0,6981.0,767186.0,47158.0,0.0,0.0,6651.0,0.0
1787910045.940476,2026-08-28T09:40:45+00:00,http_log_35m_x1,29126.0,5.0,5847372675.0,7243920720.0,537.0,5012.0,0.0,2123153.0,1433.0,0.0,0.0,0.0,0.0,17.0,28.0,646666880.0,3795986944.0,26732646400.0,73280.0,32447373312.0,3662164241.0,0.0,3405.0,7949640.0,6981.0,767186.0,47158.0,0.0,0.0,6651.0,0.0
1787910046.943707,2026-08-28T09:40:46+00:00,http_log_35m_x1,29126.0,5.0,5847372675.0,7243920720.0,537.0,5012.0,0.0,2123153.0,1433.0,0.0,0.0,0.0,0.0,17.0,28.0,646666880.0,3795986944.0,26732646400.0,73280.0,32447373312.0,3662164241.0,0.0,3405.0,7949640.0,6981.0,767186.0,47158.0,0.0,0.0,6651.0,0.0
1787910047.948077,2026-08-28T09:40:47+00:00,http_log_35m_x1,29126.0,5.0,5847372675.0,7243920720.0,537.0,5012.0,0.0,2123153.0,1433.0,0.0,0.0,0.0,0.0,17.0,28.0,646666880.0,3795986944.0,26732646400.0,73280.0,32447373312.0,3662164241.0,0.0,3405.0,7949640.0,6981.0,767186.0,47158.0,0.0,0.0,6651.0,0.0
1787910048.953129,2026-08-28T09:40:48+00:00,http_log_35m_x1,29126.0,5.0,5847372675.0,7243920720.0,537.0,5012.0,0.0,2123153.0,1433.0,0.0,0.0,0.0,0.0,17.0,28.0,646666880.0,3795986944.0,26732646400.0,73280.0,32447373312.0,3662164241.0,0.0,3405.0,7949640.0,6981.0,767186.0,47158.0,0.0,0.0,6651.0,0.0
1787910049.95343,2026-08-28T09:40:49+00:00,http_log_35m_x1,29126.0,5.0,5847372675.0,7243920720.0,537.0,5012.0,0.0,2123153.0,1433.0,0.0,0.0,0.0,0.0,17.0,28.0,646666880.0,3795986944.0,26732646400.0,73280.0,32447373312.0,3662164241.0,0.0,3405.0,7949640.0,6981.0,767186.0,47158.0,0.0,0.0,6651.0,0.0
1787910050.956765,2026-08-28T09:40:50+00:00,http_log_35m_x1,29126.0,5.0,5847372675.0,7243920720.0,537.0,5012.0,0.0,2123153.0,1433.0,0.0,0.0,0.0,0.0,17.0,28.0,646666880.0,3795986944.0,26732646400.0,73280.0,32447373312.0,3662164241.0,0.0,3405.0,7949640.0,6981.0,767186.0,47158.0,0.0,0.0,6651.0,0.0
1787910051.961822,2026-08-28T09:40:51+00:00,http_log_35m_x1,29126.0,5.0,5847372675.0,7243920720.0,537.0,5012.0,0.0,2123153.0,1433.0,0.0,0.0,0.0,0.0,17.0,28.0,646666880.0,3795986944.0,26732646400.0,73280.0,32447373312.0,3662164241.0,0.0,3405.0,7949640.0,6981.0,767186.0,47158.0,0.0,0.0,6651.0,0.0
1787910052.9668732,2026-08-28T09:40:52+00:00,http_log_35m_x1,29126.0,5.0,5847372675.0,7243920720.0,537.0,5012.0,0.0,2123153.0,1433.0,0.0,0.0,0.0,0.0,17.0,28.0,646278992.0,3795986944.0,26733740032.0,73305.0,32447373312.0,3662164241.0,0.0,3408.0,7961561.0,6983.0,767240.0,47180.0,0.0,0.0,6655.0,0.0
1787910053.971939,2026-08-28T09:40:53+00:00,http_log_35m_x1,29126.0,5.0,5847372675.0,7243920720.0,537.0,5012.0,0.0,2123153.0,1433.0,0.0,0.0,0.0,0.0,17.0,28.0,646278992.0,3795986944.0,26733740032.0,73305.0,32447119360.0,3662181022.0,0.0,3408.0,7961561.0,6983.0,767240.0,47180.0,0.0,0.0,6655.0,0.0
1787910054.9769878,2026-08-28T09:40:54+00:00,http_log_35m_x1,29126.0,5.0,5847372675.0,7243920720.0,537.0,5012.0,0.0,2123153.0,1433.0,0.0,0.0,0.0,0.0,17.0,28.0,646278992.0,3795986944.0,26733740032.0,73305.0,32447119360.0,3662181022.0,0.0,3408.0,7961561.0,6983.0,767240.0,47180.0,0.0,0.0,6655.0,0.0
1787910055.979966,2026-08-28T09:40:55+00:00,http_log_35m_x1,29126.0,5.0,5847372675.0,7243920720.0,537.0,5012.0,0.0,2123153.0,1433.0,0.0,0.0,0.0,0.0,17.0,28.0,646278992.0,3795986944.0,26733740032.0,73305.0,32447119360.0,3662181022.0,0.0,3408.0,7961561.0,6983.0,767240.0,47180.0,0.0,0.0,6655.0,0.0
1787910056.982089,2026-08-28T09:40:56+00:00,http_log_35m_x1,29126.0,5.0,5847372675.0,7243920720.0,537.0,5012.0,0.0,2123153.0,1433.0,0.0,0.0,0.0,0.0,17.0,28.0,646278992.0,3795986944.0,26733740032.0,73305.0,32447119360.0,3662181022.0,0.0,3408.0,7961561.0,6983.0,767240.0,47180.0,0.0,0.0,6655.0,0.0
1787910057.987144,2026-08-28T09:40:57+00:00,http_log_35m_x1,29126.0,5.0,5847372675.0,7243920720.0,537.0,5012.0,0.0,2123153.0,1433.0,0.0,0.0,0.0,0.0,17.0,28.0,646278992.0,3795986944.0,26733740032.0,73305.0,32447119360.0,3662181022.0,0.0,3408.0,7961561.0,6983.0,767240.0,47180.0,0.0,0.0,6655.0,0.0
1787910058.988132,2026-08-28T09:40:58+00:00,http_log_35m_x1,29126.0,5.0,5847372675.0,7243920720.0,537.0,5012.0,0.0,2123153.0,1433.0,0.0,0.0,0.0,0.0,17.0,28.0,646278992.0,3795986944.0,26733740032.0,73305.0,32447119360.0,3662181022.0,0.0,3408.0,7961561.0,6983.0,767240.0,47180.0,0.0,0.0,6655.0,0.0
1787910059.991318,2026-08-28T09:41:00+00:00,http_log_35m_x1,29126.0,5.0,5847372675.0,7243920720.0,537.0,5012.0,0.0,2123153.0,1433.0,0.0,0.0,0.0,0.0,17.0,28.0,646278992.0,3795986944.0,26733740032.0,73305.0,32447119360.0,3662181022.0,0.0,3408.0,7961561.0,6983.0,767240.0,47180.0,0.0,0.0,6655.0,0.0
1787910060.993885,2026-08-28T09:41:01+00:00,http_log_35m_x1,29126.0,5.0,5847372675.0,7243920720.0,537.0,5012.0,0.0,2123153.0,1433.0,0.0,0.0,0.0,0.0,17.0,28.0,646278992.0,3795986944.0,26733740032.0,73305.0,32447119360.0,3662181022.0,0.0,3408.0,7961561.0,6983.0,767240.0,47180.0,0.0,0.0,6655.0,0.0
1787910061.997587,2026-08-28T09:41:02+00:00,http_log_35m_x1,29126.0,5.0,5847372675.0,7243920720.0,537.0,5012.0,0.0,2123153.0,1433.0,0.0,0.0,0.0,0.0,17.0,28.0,646278992.0,3795986944.0,26733740032.0,73305.0,32447119360.0,3662181022.0,0.0,3408.0,7961561.0,6983.0,767240.0,47180.0,0.0,0.0,6655.0,0.0
1787910063.002667,2026-08-28T09:41:03+00:00,http_log_35m_x1,29126.0,5.0,5847372675.0,7243920720.0,537.0,5012.0,0.0,2123153.0,1433.0,0.0,0.0,0.0,0.0,17.0,28.0,646278992.0,3795986944.0,26733740032.0,73305.0,32447119360.0,3662181022.0,0.0,3408.0,7961561.0,6983.0,767240.0,47180.0,0.0,0.0,6655.0,0.0
1787910064.003371,2026-08-28T09:41:04+00:00,http_log_35m_x1,29126.0,5.0,5847372675.0,7243920720.0,537.0,5012.0,0.0,2123153.0,1433.0,0.0,0.0,0.0,0.0,17.0,28.0,646278992.0,3795986944.0,26733740032.0,73305.0,32447119360.0,3662181022.0,0.0,3408.0,7961561.0,6983.0,767240.0,47180.0,0.0,0.0,6655.0,0.0
1787910065.008422,2026-08-28T09:41:05+00:00,http_log_35m_x1,29126.0,5.0,5847372675.0,7243920720.0,537.0,5012.0,0.0,2123153.0,1433.0,0.0,0.0,0.0,0.0,17.0,28.0,646278992.0,3795986944.0,26733740032.0,73305.0,32447119360.0,3662181022.0,0.0,3408.0,7961561.0,6983.0,767240.0,47180.0,0.0,0.0,6655.0,0.0
1787910066.013506,2026-08-28T09:41:06+00:00,http_log_35m_x1,29126.0,5.0,5847372675.0,7243920720.0,537.0,5012.0,0.0,2123153.0,1433.0,0.0,0.0,0.0,0.0,17.0,28.0,646278992.0,3795986944.0,26733740032.0,73305.0,32447119360.0,3662181022.0,0.0,3408.0,7961561.0,6983.0,767240.0,47180.0,0.0,0.0,6655.0,0.0
1787910067.0185878,2026-08-28T09:41:07+00:00,http_log_35m_x1,29126.0,5.0,5847372675.0,7243920720.0,537.0,5012.0,0.0,2123153.0,1433.0,0.0,0.0,0.0,0.0,17.0,28.0,646278992.0,3795986944.0,26733740032.0,73305.0,32447119360.0,3662181022.0,0.0,3408.0,7961561.0,6983.0,767240.0,47180.0,0.0,0.0,6655.0,0.0
1787910068.023669,2026-08-28T09:41:08+00:00,http_log_35m_x1,29126.0,5.0,5847372675.0,7243920720.0,537.0,5012.0,0.0,2123153.0,1433.0,0.0,0.0,0.0,0.0,17.0,28.0,646215928.0,3795986944.0,26734268416.0,73319.0,32447119360.0,3662181022.0,0.0,3408.0,7973491.0,6984.0,767301.0,47202.0,0.0,0.0,6662.0,0.0
1787910069.028728,2026-08-28T09:41:09+00:00,http_log_35m_x1,29126.0,5.0,5847372675.0,7243920720.0,537.0,5012.0,0.0,2123153.0,1433.0,0.0,0.0,0.0,0.0,17.0,28.0,646215928.0,3795986944.0,26734268416.0,73319.0,32447119360.0,3662181022.0,0.0,3408.0,7973491.0,6984.0,767301.0,47202.0,0.0,0.0,6662.0,0.0
1787910070.033806,2026-08-28T09:41:10+00:00,http_log_35m_x1,29126.0,5.0,5847372675.0,7243920720.0,537.0,5012.0,0.0,2123153.0,1433.0,0.0,0.0,0.0,0.0,17.0,28.0,646215928.0,3795986944.0,26734268416.0,73319.0,32447119360.0,3662181022.0,0.0,3408.0,7973491.0,6984.0,767301.0,47202.0,0.0,0.0,6662.0,0.0
1787910071.035839,2026-08-28T09:41:11+00:00,http_log_35m_x1,29126.0,5.0,5847372675.0,7243920720.0,537.0,5012.0,0.0,2123153.0,1433.0,0.0,0.0,0.0,0.0,17.0,28.0,646215928.0,3795986944.0,26734268416.0,73319.0,32447119360.0,3662181022.0,0.0,3408.0,7973491.0,6984.0,767301.0,47202.0,0.0,0.0,6662.0,0.0
1787910072.0408819,2026-08-28T09:41:12+00:00,http_log_35m_x1,29126.0,5.0,5847372675.0,7243920720.0,537.0,5012.0,0.0,2123153.0,1433.0,0.0,0.0,0.0,0.0,17.0,28.0,646215928.0,3795986944.0,26734268416.0,73319.0,32447119360.0,3662181022.0,0.0,3408.0,7973491.0,6984.0,767301.0,47202.0,0.0,0.0,6662.0,0.0
1787910073.045928,2026-08-28T09:41:13+00:00,http_log_35m_x1,29126.0,5.0,5847372675.0,7243920720.0,537.0,5012.0,0.0,2123153.0,1433.0,0.0,0.0,0.0,0.0,17.0,28.0,646215928.0,3795986944.0,26734268416.0,73319.0,32447119360.0,3662181022.0,0.0,3408.0,7973491.0,6984.0,767301.0,47202.0,0.0,0.0,6662.0,0.0
1787910074.050976,2026-08-28T09:41:14+00:00,http_log_35m_x1,29126.0,5.0,5847372675.0,7243920720.0,537.0,5012.0,0.0,2123153.0,1433.0,0.0,0.0,0.0,0.0,17.0,28.0,646215928.0,3795986944.0,26734268416.0,73319.0,32447119360.0,3662181022.0,0.0,3408.0,7973491.0,6984.0,767301.0,47202.0,0.0,0.0,6662.0,0.0
1787910075.053302,2026-08-28T09:41:15+00:00,http_log_35m_x1,29126.0,5.0,5847372675.0,7243920720.0,537.0,5012.0,0.0,2123153.0,1433.0,0.0,0.0,0.0,0.0,17.0,28.0,646215928.0,3795986944.0,26734268416.0,73319.0,32447119360.0,3662181022.0,0.0,3408.0,7973491.0,6984.0,767301.0,47202.0,0.0,0.0,6662.0,0.0
1787910076.058383,2026-08-28T09:41:16+00:00,http_log_35m_x1,29126.0,5.0,5847372675.0,7243920720.0,537.0,5012.0,0.0,2123153.0,1433.0,0.0,0.0,0.0,0.0,17.0,28.0,646215928.0,3795986944.0,26734268416.0,73319.0,32447119360.0,3662181022.0,0.0,3408.0,7973491.0,6984.0,767301.0,47202.0,0.0,0.0,6662.0,0.0
1787910077.0634649,2026-08-28T09:41:17+00:00,http_log_35m_x1,29126.0,5.0,5847372675.0,7243920720.0,537.0,5012.0,0.0,2123153.0,1433.0,0.0,0.0,0.0,0.0,17.0,28.0,646215928.0,3795986944.0,26734268416.0,73319.0,32447119360.0,3662181022.0,0.0,3408.0,7973491.0,6984.0,767301.0,47202.0,0.0,0.0,6662.0,0.0
1787910078.068533,2026-08-28T09:41:18+00:00,http_log_35m_x1,29126.0,5.0,5847372675.0,7243920720.0,537.0,5012.0,0.0,2123153.0,1433.0,0.0,0.0,0.0,0.0,17.0,28.0,646215928.0,3795986944.0,26734268416.0,73319.0,32447119360.0,3662181022.0,0.0,3408.0,7973491.0,6984.0,767301.0,47202.0,0.0,0.0,6662.0,0.0
1787910079.073571,2026-08-28T09:41:19+00:00,http_log_35m_x1,29126.0,5.0,5847372675.0,7243920720.0,537.0,5012.0,0.0,2123153.0,1433.0,0.0,0.0,0.0,0.0,17.0,28.0,646215928.0,3795986944.0,26734268416.0,73319.0,32447119360.0,3662181022.0,0.0,3408.0,7973491.0,6984.0,767301.0,47202.0,0.0,0.0,6662.0,0.0
1787910080.077339,2026-08-28T09:41:20+00:00,http_log_35m_x1,29126.0,5.0,5847372675.0,7243920720.0,537.0,5012.0,0.0,2123153.0,1433.0,0.0,0.0,0.0,0.0,17.0,28.0,646215928.0,3795986944.0,26734268416.0,73319.0,32447119360.0,3662181022.0,0.0,3408.0,7973491.0,6984.0,767301.0,47202.0,0.0,0.0,6662.0,0.0
1787910081.0821362,2026-08-28T09:41:21+00:00,http_log_35m_x1,29126.0,5.0,5847372675.0,7243920720.0,537.0,5012.0,0.0,2123153.0,1433.0,0.0,0.0,0.0,0.0,17.0,28.0,646215928.0,3795986944.0,26734268416.0,73319.0,32447119360.0,3662181022.0,0.0,3408.0,7973491.0,6984.0,767301.0,47202.0,0.0,0.0,6662.0,0.0
1787910082.085653,2026-08-28T09:41:22+00:00,http_log_35m_x1,29126.0,5.0,5847372675.0,7243920720.0,537.0,5012.0,0.0,2123153.0,1433.0,0.0,0.0,0.0,0.0,17.0,28.0,646215928.0,3795986944.0,26734268416.0,73319.0,32447119360.0,3662181022.0,0.0,3408.0,7973491.0,6984.0,767301.0,47202.0,0.0,0.0,6662.0,0.0
1787910083.090715,2026-08-28T09:41:23+00:00,http_log_35m_x1,29126.0,5.0,5847372675.0,7243920720.0,537.0,5012.0,0.0,2123153.0,1433.0,0.0,0.0,0.0,0.0,17.0,28.0,646119328.0,3795986944.0,26734751744.0,73329.0,32447119360.0,3662181022.0,0.0,3408.0,7985428.0,6985.0,767345.0,47221.0,0.0,0.0,6668.0,0.0
1787910084.0957592,2026-08-28T09:41:24+00:00,http_log_35m_x1,29126.0,5.0,5847372675.0,7243920720.0,537.0,5012.0,0.0,2123153.0,1433.0,0.0,0.0,0.0,0.0,17.0,28.0,646119328.0,3795986944.0,26734751744.0,73329.0,32447119360.0,3662181022.0,0.0,3408.0,7985428.0,6985.0,767345.0,47221.0,0.0,0.0,6668.0,0.0
1787910085.097385,2026-08-28T09:41:25+00:00,http_log_35m_x1,29126.0,5.0,5847372675.0,7243920720.0,537.0,5012.0,0.0,2123153.0,1433.0,0.0,0.0,0.0,0.0,17.0,28.0,646119328.0,3795986944.0,26734751744.0,73329.0,32447119360.0,3662181022.0,0.0,3408.0,7985428.0,6985.0,767345.0,47221.0,0.0,0.0,6668.0,0.0
1787910086.1025028,2026-08-28T09:41:26+00:00,http_log_35m_x1,29126.0,5.0,5847372675.0,7243920720.0,537.0,5012.0,0.0,2123153.0,1433.0,0.0,0.0,0.0,0.0,17.0,28.0,646119328.0,3795986944.0,26734751744.0,73329.0,32447119360.0,3662181022.0,0.0,3408.0,7985428.0,6985.0,767345.0,47221.0,0.0,0.0,6668.0,0.0
1787910087.105597,2026-08-28T09:41:27+00:00,http_log_35m_x1,29126.0,5.0,5847372675.0,7243920720.0,537.0,5012.0,0.0,2123153.0,1433.0,0.0,0.0,0.0,0.0,17.0,28.0,646119328.0,3795986944.0,26734751744.0,73329.0,32447119360.0,3662181022.0,0.0,3408.0,7985428.0,6985.0,767345.0,47221.0,0.0,0.0,6668.0,0.0
1787910088.107467,2026-08-28T09:41:28+00:00,http_log_35m_x1,29126.0,5.0,5847372675.0,7243920720.0,537.0,5012.0,0.0,2123153.0,1433.0,0.0,0.0,0.0,0.0,17.0,28.0,646119328.0,3795986944.0,26734751744.0,73329.0,32447119360.0,3662181022.0,0.0,3408.0,7985428.0,6985.0,767345.0,47221.0,0.0,0.0,6668.0,0.0
1787910089.111486,2026-08-28T09:41:29+00:00,http_log_35m_x1,29126.0,5.0,5847372675.0,7243920720.0,537.0,5012.0,0.0,2123153.0,1433.0,0.0,0.0,0.0,0.0,17.0,28.0,646119328.0,3795986944.0,26734751744.0,73329.0,32447119360.0,3662181022.0,0.0,3408.0,7985428.0,6985.0,767345.0,47221.0,0.0,0.0,6668.0,0.0
1787910090.116531,2026-08-28T09:41:30+00:00,http_log_35m_x1,29126.0,5.0,5847372675.0,7243920720.0,537.0,5012.0,0.0,2123153.0,1433.0,0.0,0.0,0.0,0.0,17.0,28.0,646119328.0,3795986944.0,26734751744.0,73329.0,32447119360.0,3662181022.0,0.0,3408.0,7985428.0,6985.0,767345.0,47221.0,0.0,0.0,6668.0,0.0
1787910091.1180239,2026-08-28T09:41:31+00:00,http_log_35m_x1,29126.0,5.0,5847372675.0,7243920720.0,537.0,5012.0,0.0,2123153.0,1433.0,0.0,0.0,0.0,0.0,17.0,28.0,646119328.0,3795986944.0,26734751744.0,73329.0,32447119360.0,3662181022.0,0.0,3408.0,7985428.0,6985.0,767345.0,47221.0,0.0,0.0,6668.0,0.0
1787910092.120022,2026-08-28T09:41:32+00:00,http_log_35m_x1,29126.0,5.0,5847372675.0,7243920720.0,537.0,5012.0,0.0,2123153.0,1433.0,0.0,0.0,0.0,0.0,17.0,28.0,646119328.0,3795986944.0,26734751744.0,73329.0,32447119360.0,3662181022.0,0.0,3408.0,7985428.0,6985.0,767345.0,47221.0,0.0,0.0,6668.0,0.0
1787910093.1251268,2026-08-28T09:41:33+00:00,http_log_35m_x1,29126.0,5.0,5847372675.0,7243920720.0,537.0,5012.0,0.0,2123153.0,1433.0,0.0,0.0,0.0,0.0,17.0,28.0,646119328.0,3795986944.0,26734751744.0,73329.0,32447119360.0,3662181022.0,0.0,3408.0,7985428.0,6985.0,767345.0,47221.0,0.0,0.0,6668.0,0.0
1787910094.1301918,2026-08-28T09:41:34+00:00,http_log_35m_x1,29126.0,5.0,5847372675.0,7243920720.0,537.0,5012.0,0.0,2123153.0,1433.0,0.0,0.0,0.0,0.0,17.0,28.0,646119328.0,3795986944.0,26734751744.0,73329.0,32447119360.0,3662181022.0,0.0,3408.0,7985428.0,6985.0,767345.0,47221.0,0.0,0.0,6668.0,0.0
1787910095.134604,2026-08-28T09:41:35+00:00,http_log_35m_x1,29126.0,5.0,5847372675.0,7243920720.0,537.0,5012.0,0.0,2123153.0,1433.0,0.0,0.0,0.0,0.0,17.0,28.0,646119328.0,3795986944.0,26734751744.0,73329.0,32447119360.0,3662181022.0,0.0,3408.0,7985428.0,6985.0,767345.0,47221.0,0.0,0.0,6668.0,0.0
1787910096.1394901,2026-08-28T09:41:36+00:00,http_log_35m_x1,29126.0,5.0,5847372675.0,7243920720.0,537.0,5012.0,0.0,2123153.0,1433.0,0.0,0.0,0.0,0.0,17.0,28.0,646119328.0,3795986944.0,26734751744.0,73329.0,32447119360.0,3662181022.0,0.0,3408.0,7985428.0,6985.0,767345.0,47221.0,0.0,0.0,6668.0,0.0
1787910097.1445692,2026-08-28T09:41:37+00:00,http_log_35m_x1,29126.0,5.0,5847372675.0,7243920720.0,537.0,5012.0,0.0,2123153.0,1433.0,0.0,0.0,0.0,0.0,17.0,28.0,646119328.0,3795986944.0,26734751744.0,73329.0,32447119360.0,3662181022.0,0.0,3408.0,7985428.0,6985.0,767345.0,47221.0,0.0,0.0,6668.0,0.0
1787910098.1481411,2026-08-28T09:41:38+00:00,http_log_35m_x1,29126.0,5.0,5847372675.0,7243920720.0,537.0,5012.0,0.0,2123153.0,1433.0,0.0,0.0,0.0,0.0,17.0,28.0,646161624.0,3795986944.0,26735247360.0,73344.0,32447119360.0,3662181022.0,0.0,3408.0,7997325.0,6987.0,767422.0,47246.0,0.0,0.0,6674.0,0.0
1787910099.1531992,2026-08-28T09:41:39+00:00,http_log_35m_x1,29126.0,5.0,5847372675.0,7243920720.0,537.0,5012.0,0.0,2123153.0,1433.0,0.0,0.0,0.0,0.0,17.0,28.0,646161624.0,3795986944.0,26735247360.0,73344.0,32447119360.0,3662181022.0,0.0,3408.0,7997325.0,6987.0,767422.0,47246.0,0.0,0.0,6674.0,0.0
1787910100.158272,2026-08-28T09:41:40+00:00,http_log_35m_x1,29126.0,5.0,5847372675.0,7243920720.0,537.0,5012.0,0.0,2123153.0,1433.0,0.0,0.0,0.0,0.0,17.0,28.0,646161624.0,3795986944.0,26735247360.0,73344.0,32447119360.0,3662181022.0,0.0,3408.0,7997325.0,6987.0,767422.0,47246.0,0.0,0.0,6674.0,0.0
1787910101.161401,2026-08-28T09:41:41+00:00,http_log_35m_x1,29126.0,5.0,5847372675.0,7243920720.0,537.0,5012.0,0.0,2123153.0,1433.0,0.0,0.0,0.0,0.0,17.0,28.0,646161624.0,3795986944.0,26735247360.0,73344.0,32447119360.0,3662181022.0,0.0,3408.0,7997325.0,6987.0,767422.0,47246.0,0.0,0.0,6674.0,0.0
1787910102.1653771,2026-08-28T09:41:42+00:00,http_log_35m_x1,29126.0,5.0,5847372675.0,7243920720.0,537.0,5012.0,0.0,2123153.0,1433.0,0.0,0.0,0.0,0.0,17.0,28.0,646161624.0,3795986944.0,26735247360.0,73344.0,32447119360.0,3662181022.0,0.0,3408.0,7997325.0,6987.0,767422.0,47246.0,0.0,0.0,6674.0,0.0
1787910103.170454,2026-08-28T09:41:43+00:00,http_log_35m_x1,29126.0,5.0,5847372675.0,7243920720.0,537.0,5012.0,0.0,2123153.0,1433.0,0.0,0.0,0.0,0.0,17.0,28.0,646161624.0,3795986944.0,26735247360.0,73344.0,32447119360.0,3662181022.0,0.0,3408.0,7997325.0,6987.0,767422.0,47246.0,0.0,0.0,6674.0,0.0
1787910104.1755142,2026-08-28T09:41:44+00:00,http_log_35m_x1,29126.0,5.0,5847372675.0,7243920720.0,537.0,5012.0,0.0,2123153.0,1433.0,0.0,0.0,0.0,0.0,17.0,28.0,646161624.0,3795986944.0,26735247360.0,73344.0,32447119360.0,3662181022.0,0.0,3408.0,7997325.0,6987.0,767422.0,47246.0,0.0,0.0,6674.0,0.0
1787910105.180576,2026-08-28T09:41:45+00:00,http_log_35m_x1,29126.0,5.0,5847372675.0,7243920720.0,537.0,5012.0,0.0,2123153.0,1433.0,0.0,0.0,0.0,0.0,17.0,28.0,646161624.0,3795986944.0,26735247360.0,73344.0,32447119360.0,3662181022.0,0.0,3408.0,7997325.0,6987.0,767422.0,47246.0,0.0,0.0,6674.0,0.0
1787910106.185656,2026-08-28T09:41:46+00:00,http_log_35m_x1,29126.0,5.0,5847372675.0,7243920720.0,537.0,5012.0,0.0,2123153.0,1433.0,0.0,0.0,0.0,0.0,17.0,28.0,646161624.0,3795986944.0,26735247360.0,73344.0,32447119360.0,3662181022.0,0.0,3408.0,7997325.0,6987.0,767422.0,47246.0,0.0,0.0,6674.0,0.0
1787910107.190779,2026-08-28T09:41:47+00:00,http_log_35m_x1,29126.0,5.0,5847372675.0,7243920720.0,537.0,5012.0,0.0,2123153.0,1433.0,0.0,0.0,0.0,0.0,17.0,28.0,646161624.0,3795986944.0,26735247360.0,73344.0,32447119360.0,3662181022.0,0.0,3408.0,7997325.0,6987.0,767422.0,47246.0,0.0,0.0,6674.0,0.0
1787910108.192966,2026-08-28T09:41:48+00:00,http_log_35m_x1,29126.0,5.0,5847372675.0,7243920720.0,537.0,5012.0,0.0,2123153.0,1433.0,0.0,0.0,0.0,0.0,17.0,28.0,646161624.0,3795986944.0,26735247360.0,73344.0,32447119360.0,3662181022.0,0.0,3408.0,7997325.0,6987.0,767422.0,47246.0,0.0,0.0,6674.0,0.0
1787910109.1980128,2026-08-28T09:41:49+00:00,http_log_35m_x1,29126.0,5.0,5847372675.0,7243920720.0,537.0,5012.0,0.0,2123153.0,1433.0,0.0,0.0,0.0,0.0,17.0,28.0,646161624.0,3795986944.0,26735247360.0,73344.0,32447119360.0,3662181022.0,0.0,3408.0,7997325.0,6987.0,767422.0,47246.0,0.0,0.0,6674.0,0.0
1787910110.20309,2026-08-28T09:41:50+00:00,http_log_35m_x1,29126.0,5.0,5847372675.0,7243920720.0,537.0,5012.0,0.0,2123153.0,1433.0,0.0,0.0,0.0,0.0,17.0,28.0,646161624.0,3795986944.0,26735247360.0,73344.0,32447119360.0,3662181022.0,0.0,3408.0,7997325.0,6987.0,767422.0,47246.0,0.0,0.0,6674.0,0.0
1787910111.203347,2026-08-28T09:41:51+00:00,http_log_35m_x1,29126.0,5.0,5847372675.0,7243920720.0,537.0,5012.0,0.0,2123153.0,1433.0,0.0,0.0,0.0,0.0,17.0,28.0,646161624.0,3795986944.0,26735247360.0,73344.0,32447119360.0,3662181022.0,0.0,3408.0,7997325.0,6987.0,767422.0,47246.0,0.0,0.0,6674.0,0.0
1787910112.208411,2026-08-28T09:41:52+00:00,http_log_35m_x1,29126.0,5.0,5847372675.0,7243920720.0,537.0,5012.0,0.0,2123153.0,1433.0,0.0,0.0,0.0,0.0,17.0,28.0,646161624.0,3795986944.0,26735247360.0,73344.0,32447119360.0,3662181022.0,0.0,3408.0,7997325.0,6987.0,767422.0,47246.0,0.0,0.0,6674.0,0.0
1787910113.213509,2026-08-28T09:41:53+00:00,http_log_35m_x1,29126.0,5.0,5847372675.0,7243920720.0,537.0,5012.0,0.0,2123153.0,1433.0,0.0,0.0,0.0,0.0,17.0,28.0,645953232.0,3795986944.0,26736312320.0,73370.0,32446865408.0,3662197761.0,0.0,3411.0,8009253.0,6990.0,767482.0,47269.0,0.0,0.0,6679.0,0.0
1787910114.215445,2026-08-28T09:41:54+00:00,http_log_35m_x1,29126.0,5.0,5847372675.0,7243920720.0,537.0,5012.0,0.0,2123153.0,1433.0,0.0,0.0,0.0,0.0,17.0,28.0,645953232.0,3795986944.0,26736312320.0,73370.0,32446865408.0,3662197761.0,0.0,3411.0,8009253.0,6990.0,767482.0,47269.0,0.0,0.0,6679.0,0.0
1787910115.220501,2026-08-28T09:41:55+00:00,http_log_35m_x1,29126.0,5.0,5847372675.0,7243920720.0,537.0,5012.0,0.0,2123153.0,1433.0,0.0,0.0,0.0,0.0,17.0,28.0,645953232.0,3795986944.0,26736312320.0,73370.0,32446865408.0,3662197761.0,0.0,3411.0,8009253.0,6990.0,767482.0,47269.0,0.0,0.0,6679.0,0.0
1787910116.225586,2026-08-28T09:41:56+00:00,http_log_35m_x1,29126.0,5.0,5847372675.0,7243920720.0,537.0,5012.0,0.0,2123153.0,1433.0,0.0,0.0,0.0,0.0,17.0,28.0,645953232.0,3795986944.0,26736312320.0,73370.0,32446865408.0,3662197761.0,0.0,3411.0,8009253.0,6990.0,767482.0,47269.0,0.0,0.0,6679.0,0.0
1787910117.2306979,2026-08-28T09:41:57+00:00,http_log_35m_x1,29126.0,5.0,5847372675.0,7243920720.0,537.0,5012.0,0.0,2123153.0,1433.0,0.0,0.0,0.0,0.0,17.0,28.0,645953232.0,3795986944.0,26736312320.0,73370.0,32446865408.0,3662197761.0,0.0,3411.0,8009253.0,6990.0,767482.0,47269.0,0.0,0.0,6679.0,0.0
1787910118.235789,2026-08-28T09:41:58+00:00,http_log_35m_x1,29126.0,5.0,5847372675.0,7243920720.0,537.0,5012.0,0.0,2123153.0,1433.0,0.0,0.0,0.0,0.0,17.0,28.0,645953232.0,3795986944.0,26736312320.0,73370.0,32446865408.0,3662197761.0,0.0,3411.0,8009253.0,6990.0,767482.0,47269.0,0.0,0.0,6679.0,0.0
1787910119.240837,2026-08-28T09:41:59+00:00,http_log_35m_x1,29126.0,5.0,5847372675.0,7243920720.0,537.0,5012.0,0.0,2123153.0,1433.0,0.0,0.0,0.0,0.0,17.0,28.0,645953232.0,3795986944.0,26736312320.0,73370.0,32446865408.0,3662197761.0,0.0,3411.0,8009253.0,6990.0,767482.0,47269.0,0.0,0.0,6679.0,0.0
1787910120.2458858,2026-08-28T09:42:00+00:00,http_log_35m_x1,29126.0,5.0,5847372675.0,7243920720.0,537.0,5012.0,0.0,2123153.0,1433.0,0.0,0.0,0.0,0.0,17.0,28.0,645953232.0,3795986944.0,26736312320.0,73370.0,32446865408.0,3662197761.0,0.0,3411.0,8009253.0,6990.0,767482.0,47269.0,0.0,0.0,6679.0,0.0
1787910121.247424,2026-08-28T09:42:01+00:00,http_log_35m_x1,29126.0,5.0,5847372675.0,7243920720.0,537.0,5012.0,0.0,2123153.0,1433.0,0.0,0.0,0.0,0.0,17.0,28.0,645953232.0,3795986944.0,26736312320.0,73370.0,32446865408.0,3662197761.0,0.0,3411.0,8009253.0,6990.0,767482.0,47269.0,0.0,0.0,6679.0,0.0
1787910122.2512739,2026-08-28T09:42:02+00:00,http_log_35m_x1,29126.0,5.0,5847372675.0,7243920720.0,537.0,5012.0,0.0,2123153.0,1433.0,0.0,0.0,0.0,0.0,17.0,28.0,645953232.0,3795986944.0,26736312320.0,73370.0,32446865408.0,3662197761.0,0.0,3411.0,8009253.0,6990.0,767482.0,47269.0,0.0,0.0,6679.0,0.0
1787910123.2563279,2026-08-28T09:42:03+00:00,http_log_35m_x1,29126.0,5.0,5847372675.0,7243920720.0,537.0,5012.0,0.0,2123153.0,1433.0,0.0,0.0,0.0,0.0,17.0,28.0,645953232.0,3795986944.0,26736312320.0,73370.0,32446865408.0,3662197761.0,0.0,3411.0,8009253.0,6990.0,767482.0,47269.0,0.0,0.0,6679.0,0.0
1787910124.261379,2026-08-28T09:42:04+00:00,http_log_35m_x1,29126.0,5.0,5847372675.0,7243920720.0,537.0,5012.0,0.0,2123153.0,1433.0,0.0,0.0,0.0,0.0,17.0,28.0,645953232.0,3795986944.0,26736312320.0,73370.0,32446865408.0,3662197761.0,0.0,3411.0,8009253.0,6990.0,767482.0,47269.0,0.0,0.0,6679.0,0.0
1787910125.2642188,2026-08-28T09:42:05+00:00,http_log_35m_x1,29126.0,5.0,5847372675.0,7243920720.0,537.0,5012.0,0.0,2123153.0,1433.0,0.0,0.0,0.0,0.0,17.0,28.0,645953232.0,3795986944.0,26736312320.0,73370.0,32446865408.0,3662197761.0,0.0,3411.0,8009253.0,6990.0,767482.0,47269.0,0.0,0.0,6679.0,0.0
1787910126.269341,2026-08-28T09:42:06+00:00,http_log_35m_x1,29126.0,5.0,5847372675.0,7243920720.0,537.0,5012.0,0.0,2123153.0,1433.0,0.0,0.0,0.0,0.0,17.0,28.0,645953232.0,3795986944.0,26736312320.0,73370.0,32446865408.0,3662197761.0,0.0,3411.0,8009253.0,6990.0,767482.0,47269.0,0.0,0.0,6679.0,0.0
1787910127.2744498,2026-08-28T09:42:07+00:00,http_log_35m_x1,29126.0,5.0,5847372675.0,7243920720.0,537.0,5012.0,0.0,2123153.0,1433.0,0.0,0.0,0.0,0.0,17.0,28.0,645324688.0,3795986944.0,26736852992.0,73391.0,32446865408.0,3662197761.0,0.0,3411.0,8021127.0,6991.0,767569.0,47298.0,0.0,0.0,6685.0,0.0
1787910128.279582,2026-08-28T09:42:08+00:00,http_log_35m_x1,29126.0,5.0,5847372675.0,7243920720.0,537.0,5012.0,0.0,2123153.0,1433.0,0.0,0.0,0.0,0.0,17.0,28.0,645324688.0,3795986944.0,26736852992.0,73391.0,32446865408.0,3662197761.0,0.0,3411.0,8021127.0,6991.0,767569.0,47298.0,0.0,0.0,6685.0,0.0
1787910129.284645,2026-08-28T09:42:09+00:00,http_log_35m_x1,29126.0,5.0,5847372675.0,7243920720.0,537.0,5012.0,0.0,2123153.0,1433.0,0.0,0.0,0.0,0.0,17.0,28.0,645324688.0,3795986944.0,26736852992.0,73391.0,32446865408.0,3662197761.0,0.0,3411.0,8021127.0,6991.0,767569.0,47298.0,0.0,0.0,6685.0,0.0
1787910130.289713,2026-08-28T09:42:10+00:00,http_log_35m_x1,29126.0,5.0,5847372675.0,7243920720.0,537.0,5012.0,0.0,2123153.0,1433.0,0.0,0.0,0.0,0.0,17.0,28.0,645324688.0,3795986944.0,26736852992.0,73391.0,32446865408.0,3662197761.0,0.0,3411.0,8021127.0,6991.0,767569.0,47298.0,0.0,0.0,6685.0,0.0
1787910131.294225,2026-08-28T09:42:11+00:00,http_log_35m_x1,29126.0,5.0,5847372675.0,7243920720.0,537.0,5012.0,0.0,2123153.0,1433.0,0.0,0.0,0.0,0.0,17.0,28.0,645324688.0,3795986944.0,26736852992.0,73391.0,32446865408.0,3662197761.0,0.0,3411.0,8021127.0,6991.0,767569.0,47298.0,0.0,0.0,6685.0,0.0
1787910132.2950609,2026-08-28T09:42:12+00:00,http_log_35m_x1,29126.0,5.0,5847372675.0,7243920720.0,537.0,5012.0,0.0,2123153.0,1433.0,0.0,0.0,0.0,0.0,17.0,28.0,645324688.0,3795986944.0,26736852992.0,73391.0,32446865408.0,3662197761.0,0.0,3411.0,8021127.0,6991.0,767569.0,47298.0,0.0,0.0,6685.0,0.0
1787910133.2992508,2026-08-28T09:42:13+00:00,http_log_35m_x1,29126.0,5.0,5847372675.0,7243920720.0,537.0,5012.0,0.0,2123153.0,1433.0,0.0,0.0,0.0,0.0,17.0,28.0,645324688.0,3795986944.0,26736852992.0,73391.0,32446865408.0,3662197761.0,0.0,3411.0,8021127.0,6991.0,767569.0,47298.0,0.0,0.0,6685.0,0.0
1787910134.304338,2026-08-28T09:42:14+00:00,http_log_35m_x1,29126.0,5.0,5847372675.0,7243920720.0,537.0,5012.0,0.0,2123153.0,1433.0,0.0,0.0,0.0,0.0,17.0,28.0,645324688.0,3795986944.0,26736852992.0,73391.0,32446865408.0,3662197761.0,0.0,3411.0,8021127.0,6991.0,767569.0,47298.0,0.0,0.0,6685.0,0.0
1787910135.3048031,2026-08-28T09:42:15+00:00,http_log_35m_x1,29126.0,5.0,5847372675.0,7243920720.0,537.0,5012.0,0.0,2123153.0,1433.0,0.0,0.0,0.0,0.0,17.0,28.0,645324688.0,3795986944.0,26736852992.0,73391.0,32446865408.0,3662197761.0,0.0,3411.0,8021127.0,6991.0,767569.0,47298.0,0.0,0.0,6685.0,0.0
1787910136.3098931,2026-08-28T09:42:16+00:00,http_log_35m_x1,29126.0,5.0,5847372675.0,7243920720.0,537.0,5012.0,0.0,2123153.0,1433.0,0.0,0.0,0.0,0.0,17.0,28.0,645324688.0,3795986944.0,26736852992.0,73391.0,32446865408.0,3662197761.0,0.0,3411.0,8021127.0,6991.0,767569.0,47298.0,0.0,0.0,6685.0,0.0
1787910137.314979,2026-08-28T09:42:17+00:00,http_log_35m_x1,29126.0,5.0,5847372675.0,7243920720.0,537.0,5012.0,0.0,2123153.0,1433.0,0.0,0.0,0.0,0.0,17.0,28.0,645324688.0,3795986944.0,26736852992.0,73391.0,32446865408.0,3662197761.0,0.0,3411.0,8021127.0,6991.0,767569.0,47298.0,0.0,0.0,6685.0,0.0
1787910138.320069,2026-08-28T09:42:18+00:00,http_log_35m_x1,29126.0,5.0,5847372675.0,7243920720.0,537.0,5012.0,0.0,2123153.0,1433.0,0.0,0.0,0.0,0.0,17.0,28.0,645324688.0,3795986944.0,26736852992.0,73391.0,32446865408.0,3662197761.0,0.0,3411.0,8021127.0,6991.0,767569.0,47298.0,0.0,0.0,6685.0,0.0
1787910139.32512,2026-08-28T09:42:19+00:00,http_log_35m_x1,29126.0,5.0,5847372675.0,7243920720.0,537.0,5012.0,0.0,2123153.0,1433.0,0.0,0.0,0.0,0.0,17.0,28.0,645324688.0,3795986944.0,26736852992.0,73391.0,32446865408.0,3662197761.0,0.0,3411.0,8021127.0,6991.0,767569.0,47298.0,0.0,0.0,6685.0,0.0
1787910140.329258,2026-08-28T09:42:20+00:00,http_log_35m_x1,29126.0,5.0,5847372675.0,7243920720.0,537.0,5012.0,0.0,2123153.0,1433.0,0.0,0.0,0.0,0.0,17.0,28.0,645324688.0,3795986944.0,26736852992.0,73391.0,32446865408.0,3662197761.0,0.0,3411.0,8021127.0,6991.0,767569.0,47298.0,0.0,0.0,6685.0,0.0
1787910141.334333,2026-08-28T09:42:21+00:00,http_log_35m_x1,29126.0,5.0,5847372675.0,7243920720.0,537.0,5012.0,0.0,2123153.0,1433.0,0.0,0.0,0.0,0.0,17.0,28.0,645324688.0,3795986944.0,26736852992.0,73391.0,32446865408.0,3662197761.0,0.0,3411.0,8021127.0,6991.0,767569.0,47298.0,0.0,0.0,6685.0,0.0
1787910142.339381,2026-08-28T09:42:22+00:00,http_log_35m_x1,29126.0,5.0,5847372675.0,7243920720.0,537.0,5012.0,0.0,2123153.0,1433.0,0.0,0.0,0.0,0.0,17.0,28.0,645268920.0,3795986944.0,26737364992.0,73406.0,32446865408.0,3662197761.0,0.0,3411.0,8033016.0,6993.0,767646.0,47325.0,0.0,0.0,6691.0,0.0
1787910143.34447,2026-08-28T09:42:23+00:00,http_log_35m_x1,29126.0,5.0,5847372675.0,7243920720.0,537.0,5012.0,0.0,2123153.0,1433.0,0.0,0.0,0.0,0.0,17.0,28.0,645268920.0,3795986944.0,26737364992.0,73406.0,32446865408.0,3662197761.0,0.0,3411.0,8033016.0,6993.0,767646.0,47325.0,0.0,0.0,6691.0,0.0
1787910144.349545,2026-08-28T09:42:24+00:00,http_log_35m_x1,29126.0,5.0,5847372675.0,7243920720.0,537.0,5012.0,0.0,2123153.0,1433.0,0.0,0.0,0.0,0.0,17.0,28.0,645268920.0,3795986944.0,26737364992.0,73406.0,32446865408.0,3662197761.0,0.0,3411.0,8033016.0,6993.0,767646.0,47325.0,0.0,0.0,6691.0,0.0
1787910145.350816,2026-08-28T09:42:25+00:00,http_log_35m_x1,29126.0,5.0,5847372675.0,7243920720.0,537.0,5012.0,0.0,2123153.0,1433.0,0.0,0.0,0.0,0.0,17.0,28.0,645268920.0,3795986944.0,26737364992.0,73406.0,32446865408.0,3662197761.0,0.0,3411.0,8033016.0,6993.0,767646.0,47325.0,0.0,0.0,6691.0,0.0
1787910146.353441,2026-08-28T09:42:26+00:00,http_log_35m_x1,29126.0,5.0,5847372675.0,7243920720.0,537.0,5012.0,0.0,2123153.0,1433.0,0.0,0.0,0.0,0.0,17.0,28.0,645268920.0,3795986944.0,26737364992.0,73406.0,32446865408.0,3662197761.0,0.0,3411.0,8033016.0,6993.0,767646.0,47325.0,0.0,0.0,6691.0,0.0
1787910147.35448,2026-08-28T09:42:27+00:00,http_log_35m_x1,29126.0,5.0,5847372675.0,7243920720.0,537.0,5012.0,0.0,2123153.0,1433.0,0.0,0.0,0.0,0.0,17.0,28.0,645268920.0,3795986944.0,26737364992.0,73406.0,32446865408.0,3662197761.0,0.0,3411.0,8033016.0,6993.0,767646.0,47325.0,0.0,0.0,6691.0,0.0
1787910148.359563,2026-08-28T09:42:28+00:00,http_log_35m_x1,29126.0,5.0,5847372675.0,7243920720.0,537.0,5012.0,0.0,2123153.0,1433.0,0.0,0.0,0.0,0.0,17.0,28.0,645268920.0,3795986944.0,26737364992.0,73406.0,32446865408.0,3662197761.0,0.0,3411.0,8033016.0,6993.0,767646.0,47325.0,0.0,0.0,6691.0,0.0
1787910149.364637,2026-08-28T09:42:29+00:00,http_log_35m_x1,29126.0,5.0,5847372675.0,7243920720.0,537.0,5012.0,0.0,2123153.0,1433.0,0.0,0.0,0.0,0.0,17.0,28.0,645268920.0,3795986944.0,26737364992.0,73406.0,32446865408.0,3662197761.0,0.0,3411.0,8033016.0,6993.0,767646.0,47325.0,0.0,0.0,6691.0,0.0
1787910150.369684,2026-08-28T09:42:30+00:00,http_log_35m_x1,29126.0,5.0,5847372675.0,7243920720.0,537.0,5012.0,0.0,2123153.0,1433.0,0.0,0.0,0.0,0.0,17.0,28.0,645268920.0,3795986944.0,26737364992.0,73406.0,32446865408.0,3662197761.0,0.0,3411.0,8033016.0,6993.0,767646.0,47325.0,0.0,0.0,6691.0,0.0
1787910151.374794,2026-08-28T09:42:31+00:00,http_log_35m_x1,29126.0,5.0,5847372675.0,7243920720.0,537.0,5012.0,0.0,2123153.0,1433.0,0.0,0.0,0.0,0.0,17.0,28.0,645268920.0,3795986944.0,26737364992.0,73406.0,32446865408.0,3662197761.0,0.0,3411.0,8033016.0,6993.0,767646.0,47325.0,0.0,0.0,6691.0,0.0
1787910152.3798752,2026-08-28T09:42:32+00:00,http_log_35m_x1,29126.0,5.0,5847372675.0,7243920720.0,537.0,5012.0,0.0,2123153.0,1433.0,0.0,0.0,0.0,0.0,17.0,28.0,645268920.0,3795986944.0,26737364992.0,73406.0,32446865408.0,3662197761.0,0.0,3411.0,8033016.0,6993.0,767646.0,47325.0,0.0,0.0,6691.0,0.0
1787910153.384609,2026-08-28T09:42:33+00:00,http_log_35m_x1,29126.0,5.0,5847372675.0,7243920720.0,537.0,5012.0,0.0,2123153.0,1433.0,0.0,0.0,0.0,0.0,17.0,28.0,645268920.0,3795986944.0,26737364992.0,73406.0,32446865408.0,3662197761.0,0.0,3411.0,8033016.0,6993.0,767646.0,47325.0,0.0,0.0,6691.0,0.0
1787910154.389666,2026-08-28T09:42:34+00:00,http_log_35m_x1,29126.0,5.0,5847372675.0,7243920720.0,537.0,5012.0,0.0,2123153.0,1433.0,0.0,0.0,0.0,0.0,17.0,28.0,645268920.0,3795986944.0,26737364992.0,73406.0,32446865408.0,3662197761.0,0.0,3411.0,8033016.0,6993.0,767646.0,47325.0,0.0,0.0,6691.0,0.0
1787910155.390948,2026-08-28T09:42:35+00:00,http_log_35m_x1,29126.0,5.0,5847372675.0,7243920720.0,537.0,5012.0,0.0,2123153.0,1433.0,0.0,0.0,0.0,0.0,17.0,28.0,645268920.0,3795986944.0,26737364992.0,73406.0,32446865408.0,3662197761.0,0.0,3411.0,8033016.0,6993.0,767646.0,47325.0,0.0,0.0,6691.0,0.0
1787910156.396058,2026-08-28T09:42:36+00:00,http_log_35m_x1,29126.0,5.0,5847372675.0,7243920720.0,537.0,5012.0,0.0,2123153.0,1433.0,0.0,0.0,0.0,0.0,17.0,28.0,645268920.0,3795986944.0,26737364992.0,73406.0,32446865408.0,3662197761.0,0.0,3411.0,8033016.0,6993.0,767646.0,47325.0,0.0,0.0,6691.0,0.0
1787910157.397902,2026-08-28T09:42:37+00:00,http_log_35m_x1,29126.0,5.0,5847372675.0,7243920720.0,537.0,5012.0,0.0,2123153.0,1433.0,0.0,0.0,0.0,0.0,17.0,28.0,645206752.0,3795986944.0,26737905664.0,73420.0,32446865408.0,3662197761.0,0.0,3411.0,8044931.0,6994.0,767697.0,47356.0,0.0,0.0,6696.0,0.0
1787910158.403002,2026-08-28T09:42:38+00:00,http_log_35m_x1,29126.0,5.0,5847372675.0,7243920720.0,537.0,5012.0,0.0,2123153.0,1433.0,0.0,0.0,0.0,0.0,17.0,28.0,645206752.0,3795986944.0,26737905664.0,73420.0,32446865408.0,3662197761.0,0.0,3411.0,8044931.0,6994.0,767697.0,47356.0,0.0,0.0,6696.0,0.0
1787910159.408051,2026-08-28T09:42:39+00:00,http_log_35m_x1,29126.0,5.0,5847372675.0,7243920720.0,537.0,5012.0,0.0,2123153.0,1433.0,0.0,0.0,0.0,0.0,17.0,28.0,645206752.0,3795986944.0,26737905664.0,73420.0,32446865408.0,3662197761.0,0.0,3411.0,8044931.0,6994.0,767697.0,47356.0,0.0,0.0,6696.0,0.0
1787910160.413124,2026-08-28T09:42:40+00:00,http_log_35m_x1,29126.0,5.0,5847372675.0,7243920720.0,537.0,5012.0,0.0,2123153.0,1433.0,0.0,0.0,0.0,0.0,17.0,28.0,645206752.0,3795986944.0,26737905664.0,73420.0,32446865408.0,3662197761.0,0.0,3411.0,8044931.0,6994.0,767697.0,47356.0,0.0,0.0,6696.0,0.0
1787910161.418242,2026-08-28T09:42:41+00:00,http_log_35m_x1,29126.0,5.0,5847372675.0,7243920720.0,537.0,5012.0,0.0,2123153.0,1433.0,0.0,0.0,0.0,0.0,17.0,28.0,645206752.0,3795986944.0,26737905664.0,73420.0,32446865408.0,3662197761.0,0.0,3411.0,8044931.0,6994.0,767697.0,47356.0,0.0,0.0,6696.0,0.0
1787910162.422305,2026-08-28T09:42:42+00:00,http_log_35m_x1,29126.0,5.0,5847372675.0,7243920720.0,537.0,5012.0,0.0,2123153.0,1433.0,0.0,0.0,0.0,0.0,17.0,28.0,645206752.0,3795986944.0,26737905664.0,73420.0,32446865408.0,3662197761.0,0.0,3411.0,8044931.0,6994.0,767697.0,47356.0,0.0,0.0,6696.0,0.0
1787910163.4273899,2026-08-28T09:42:43+00:00,http_log_35m_x1,29126.0,5.0,5847372675.0,7243920720.0,537.0,5012.0,0.0,2123153.0,1433.0,0.0,0.0,0.0,0.0,17.0,28.0,645206752.0,3795986944.0,26737905664.0,73420.0,32446865408.0,3662197761.0,0.0,3411.0,8044931.0,6994.0,767697.0,47356.0,0.0,0.0,6696.0,0.0
1787910164.4324422,2026-08-28T09:42:44+00:00,http_log_35m_x1,29126.0,5.0,5847372675.0,7243920720.0,537.0,5012.0,0.0,2123153.0,1433.0,0.0,0.0,0.0,0.0,17.0,28.0,645206752.0,3795986944.0,26737905664.0,73420.0,32446865408.0,3662197761.0,0.0,3411.0,8044931.0,6994.0,767697.0,47356.0,0.0,0.0,6696.0,0.0
1787910165.437525,2026-08-28T09:42:45+00:00,http_log_35m_x1,29126.0,5.0,5847372675.0,7243920720.0,537.0,5012.0,0.0,2123153.0,1433.0,0.0,0.0,0.0,0.0,17.0,28.0,645206752.0,3795986944.0,26737905664.0,73420.0,32446865408.0,3662197761.0,0.0,3411.0,8044931.0,6994.0,767697.0,47356.0,0.0,0.0,6696.0,0.0
1787910166.440462,2026-08-28T09:42:46+00:00,http_log_35m_x1,29126.0,5.0,5847372675.0,7243920720.0,537.0,5012.0,0.0,2123153.0,1433.0,0.0,0.0,0.0,0.0,17.0,28.0,645206752.0,3795986944.0,26737905664.0,73420.0,32446865408.0,3662197761.0,0.0,3411.0,8044931.0,6994.0,767697.0,47356.0,0.0,0.0,6696.0,0.0
1787910167.445552,2026-08-28T09:42:47+00:00,http_log_35m_x1,29126.0,5.0,5847372675.0,7243920720.0,537.0,5012.0,0.0,2123153.0,1433.0,0.0,0.0,0.0,0.0,17.0,28.0,645206752.0,3795986944.0,26737905664.0,73420.0,32446865408.0,3662197761.0,0.0,3411.0,8044931.0,6994.0,767697.0,47356.0,0.0,0.0,6696.0,0.0
1787910168.44642,2026-08-28T09:42:48+00:00,http_log_35m_x1,29126.0,5.0,5847372675.0,7243920720.0,537.0,5012.0,0.0,2123153.0,1433.0,0.0,0.0,0.0,0.0,17.0,28.0,645206752.0,3795986944.0,26737905664.0,73420.0,32446865408.0,3662197761.0,0.0,3411.0,8044931.0,6994.0,767697.0,47356.0,0.0,0.0,6696.0,0.0
1787910169.450634,2026-08-28T09:42:49+00:00,http_log_35m_x1,29126.0,5.0,5847372675.0,7243920720.0,537.0,5012.0,0.0,2123153.0,1433.0,0.0,0.0,0.0,0.0,17.0,28.0,645206752.0,3795986944.0,26737905664.0,73420.0,32446865408.0,3662197761.0,0.0,3411.0,8044931.0,6994.0,767697.0,47356.0,0.0,0.0,6696.0,0.0
1787910170.4556868,2026-08-28T09:42:50+00:00,http_log_35m_x1,37158.0,8.0,5847448943.0,7243920720.0,552.0,5012.0,0.0,2123153.0,1433.0,0.0,0.0,0.0,0.0,14.0,28.0,645206752.0,3795986944.0,26737905664.0,73420.0,32446865408.0,3662197761.0,0.0,3411.0,8044931.0,6994.0,767697.0,47356.0,0.0,0.0,6696.0,0.0
1787910171.4608011,2026-08-28T09:42:51+00:00,http_log_35m_x1,37158.0,8.0,5847448943.0,7243920720.0,552.0,5012.0,0.0,2123153.0,1433.0,0.0,0.0,0.0,0.0,14.0,28.0,645206752.0,3795986944.0,26737905664.0,73420.0,32446865408.0,3662197761.0,0.0,3411.0,8044931.0,6994.0,767697.0,47356.0,0.0,0.0,6696.0,0.0
1787910172.465088,2026-08-28T09:42:52+00:00,http_log_35m_x1,37158.0,8.0,5847448943.0,7243920720.0,552.0,5012.0,0.0,2123153.0,1433.0,0.0,0.0,0.0,0.0,14.0,28.0,646417904.0,3795986944.0,26739044352.0,73452.0,32446865408.0,3662197761.0,0.0,3417.0,8056812.0,6998.0,767773.0,47384.0,0.0,0.0,6702.0,0.0
1787910173.470154,2026-08-28T09:42:53+00:00,http_log_35m_x1,37158.0,8.0,5847448943.0,7243920720.0,552.0,5012.0,0.0,2123153.0,1433.0,0.0,0.0,0.0,0.0,14.0,28.0,646417904.0,3795986944.0,26739044352.0,73452.0,32446595072.0,3662157048.0,0.0,3417.0,8056812.0,6998.0,767773.0,47384.0,0.0,0.0,6702.0,0.0
1787910174.475212,2026-08-28T09:42:54+00:00,http_log_35m_x1,37158.0,8.0,5847448943.0,7243920720.0,552.0,5012.0,0.0,2123153.0,1433.0,0.0,0.0,0.0,0.0,14.0,28.0,646417904.0,3795986944.0,26739044352.0,73452.0,32446595072.0,3662157048.0,0.0,3417.0,8056812.0,6998.0,767773.0,47384.0,0.0,0.0,6702.0,0.0
1787910175.4797282,2026-08-28T09:42:55+00:00,http_log_35m_x1,37158.0,8.0,5847448943.0,7243920720.0,552.0,5012.0,0.0,2123153.0,1433.0,0.0,0.0,0.0,0.0,14.0,28.0,646417904.0,3795986944.0,26739044352.0,73452.0,32446595072.0,3662157048.0,0.0,3417.0,8056812.0,6998.0,767773.0,47384.0,0.0,0.0,6702.0,0.0
1787910176.484884,2026-08-28T09:42:56+00:00,http_log_35m_x1,37158.0,8.0,5847448943.0,7243920720.0,552.0,5012.0,0.0,2123153.0,1433.0,0.0,0.0,0.0,0.0,14.0,28.0,646417904.0,3795986944.0,26739044352.0,73452.0,32446595072.0,3662157048.0,0.0,3417.0,8056812.0,6998.0,767773.0,47384.0,0.0,0.0,6702.0,0.0
1787910177.489944,2026-08-28T09:42:57+00:00,http_log_35m_x1,37158.0,8.0,5847448943.0,7243920720.0,552.0,5012.0,0.0,2123153.0,1433.0,0.0,0.0,0.0,0.0,14.0,28.0,646417904.0,3795986944.0,26739044352.0,73452.0,32446595072.0,3662157048.0,0.0,3417.0,8056812.0,6998.0,767773.0,47384.0,0.0,0.0,6702.0,0.0
