Mon Sep 21 09:49:09 AM UTC 2026
{"node": "fe", "state": "already stopped"}
{"node": "be1", "state": "already stopped"}
{"node": "be2", "state": "already stopped"}
{"node": "be0", "state": "already stopped"}
{"node": "fe", "pid": 161463, "start_ticks": "18670334", "home": "/query-corruption-workspace/runtime/qct-cluster/fe", "command": ["/usr/lib/jvm/java-17-openjdk-arm64/bin/java", "-Xms512m", "-Xmx2g", "-XX:+UseG1GC", "-Dlog4j2.formatMsgNoLookups=true", "-cp", "/query-corruption-workspace/baseline-src/fe/fe-core/target/starrocks-fe.jar:/query-corruption-workspace/baseline-src/fe/fe-core/target/lib/*:/query-corruption-workspace/runtime/qct-cluster/fe/conf", "com.starrocks.StarRocksFE"], "selection": {"variant": "A-baseline", "source": "/query-corruption-workspace/baseline-src", "storage_page_cache": false, "selected_utc": "20260921T094910.036801Z"}}
{"node": "be0", "pid": 161464, "start_ticks": "18670334", "home": "/query-corruption-workspace/runtime/qct-cluster/be0", "command": ["/query-corruption-workspace/baseline-src/be/output/lib/starrocks_be"], "selection": {"variant": "A-baseline", "source": "/query-corruption-workspace/baseline-src", "storage_page_cache": false, "selected_utc": "20260921T094910.036801Z"}}
{"node": "be1", "pid": 161466, "start_ticks": "18670335", "home": "/query-corruption-workspace/runtime/qct-cluster/be1", "command": ["/query-corruption-workspace/baseline-src/be/output/lib/starrocks_be"], "selection": {"variant": "A-baseline", "source": "/query-corruption-workspace/baseline-src", "storage_page_cache": false, "selected_utc": "20260921T094910.036801Z"}}
{"node": "be2", "pid": 161468, "start_ticks": "18670335", "home": "/query-corruption-workspace/runtime/qct-cluster/be2", "command": ["/query-corruption-workspace/baseline-src/be/output/lib/starrocks_be"], "selection": {"variant": "A-baseline", "source": "/query-corruption-workspace/baseline-src", "storage_page_cache": false, "selected_utc": "20260921T094910.036801Z"}}
{"utc": "2026-09-21T09:49:22.538015+00:00", "command": ["/query-corruption-workspace/tools/python/bin/python", "/query-corruption-workspace/src/tools/query_corruption/benchmark.py", "--variant", "A-baseline", "--protocol", "mysql", "--build-manifest", "/query-corruption-workspace/logs/QCT-006/qct007-20260921-process-restart/A-baseline-build.json", "--output", "/query-corruption-workspace/logs/QCT-006/qct007-20260921-process-restart/A-baseline-mysql-cache-off-c1.jsonl", "--repetitions", "1", "--warmup", "0", "--concurrency", "1", "--cases", "small_limit", "empty_scan", "detail_page", "point_lookup"]}
{"completed": "A-baseline-mysql-cache-off-c1"}
{"node": "fe", "state": "stopped"}
{"node": "be1", "state": "stopped"}
{"node": "be0", "state": "stopped"}
{"node": "be2", "state": "stopped"}
{"node": "fe", "pid": 163098, "start_ticks": "18672560", "home": "/query-corruption-workspace/runtime/qct-cluster/fe", "command": ["/usr/lib/jvm/java-17-openjdk-arm64/bin/java", "-Xms512m", "-Xmx2g", "-XX:+UseG1GC", "-Dlog4j2.formatMsgNoLookups=true", "-cp", "/query-corruption-workspace/src/fe/fe-core/target/starrocks-fe.jar:/query-corruption-workspace/src/fe/fe-core/target/lib/*:/query-corruption-workspace/runtime/qct-cluster/fe/conf", "com.starrocks.StarRocksFE"], "selection": {"variant": "B-off", "source": "/query-corruption-workspace/src", "storage_page_cache": false, "selected_utc": "20260921T094932.296208Z"}}
{"node": "be0", "pid": 163099, "start_ticks": "18672561", "home": "/query-corruption-workspace/runtime/qct-cluster/be0", "command": ["/query-corruption-workspace/src/be/output/lib/starrocks_be"], "selection": {"variant": "B-off", "source": "/query-corruption-workspace/src", "storage_page_cache": false, "selected_utc": "20260921T094932.296208Z"}}
{"node": "be1", "pid": 163100, "start_ticks": "18672561", "home": "/query-corruption-workspace/runtime/qct-cluster/be1", "command": ["/query-corruption-workspace/src/be/output/lib/starrocks_be"], "selection": {"variant": "B-off", "source": "/query-corruption-workspace/src", "storage_page_cache": false, "selected_utc": "20260921T094932.296208Z"}}
{"node": "be2", "pid": 163101, "start_ticks": "18672561", "home": "/query-corruption-workspace/runtime/qct-cluster/be2", "command": ["/query-corruption-workspace/src/be/output/lib/starrocks_be"], "selection": {"variant": "B-off", "source": "/query-corruption-workspace/src", "storage_page_cache": false, "selected_utc": "20260921T094932.296208Z"}}
{"utc": "2026-09-21T09:49:43.669841+00:00", "command": ["/query-corruption-workspace/tools/python/bin/python", "/query-corruption-workspace/src/tools/query_corruption/benchmark.py", "--variant", "B-off", "--protocol", "mysql", "--build-manifest", "/query-corruption-workspace/logs/QCT-006/qct007-20260921-process-restart/B-off-build.json", "--output", "/query-corruption-workspace/logs/QCT-006/qct007-20260921-process-restart/B-off-mysql-cache-off-c1.jsonl", "--repetitions", "1", "--warmup", "0", "--concurrency", "1", "--cases", "small_limit", "empty_scan", "detail_page", "point_lookup"]}
{"completed": "B-off-mysql-cache-off-c1"}
{"node": "fe", "state": "stopped"}
{"node": "be2", "state": "stopped"}
{"node": "be0", "state": "stopped"}
{"node": "be1", "state": "stopped"}
{"node": "fe", "pid": 164748, "start_ticks": "18674606", "home": "/query-corruption-workspace/runtime/qct-cluster/fe", "command": ["/usr/lib/jvm/java-17-openjdk-arm64/bin/java", "-Xms512m", "-Xmx2g", "-XX:+UseG1GC", "-Dlog4j2.formatMsgNoLookups=true", "-cp", "/query-corruption-workspace/src/fe/fe-core/target/starrocks-fe.jar:/query-corruption-workspace/src/fe/fe-core/target/lib/*:/query-corruption-workspace/runtime/qct-cluster/fe/conf", "com.starrocks.StarRocksFE"], "selection": {"variant": "C-on", "source": "/query-corruption-workspace/src", "storage_page_cache": false, "selected_utc": "20260921T094952.754591Z"}}
{"node": "be0", "pid": 164749, "start_ticks": "18674606", "home": "/query-corruption-workspace/runtime/qct-cluster/be0", "command": ["/query-corruption-workspace/src/be/output/lib/starrocks_be"], "selection": {"variant": "C-on", "source": "/query-corruption-workspace/src", "storage_page_cache": false, "selected_utc": "20260921T094952.754591Z"}}
{"node": "be1", "pid": 164750, "start_ticks": "18674606", "home": "/query-corruption-workspace/runtime/qct-cluster/be1", "command": ["/query-corruption-workspace/src/be/output/lib/starrocks_be"], "selection": {"variant": "C-on", "source": "/query-corruption-workspace/src", "storage_page_cache": false, "selected_utc": "20260921T094952.754591Z"}}
{"node": "be2", "pid": 164751, "start_ticks": "18674606", "home": "/query-corruption-workspace/runtime/qct-cluster/be2", "command": ["/query-corruption-workspace/src/be/output/lib/starrocks_be"], "selection": {"variant": "C-on", "source": "/query-corruption-workspace/src", "storage_page_cache": false, "selected_utc": "20260921T094952.754591Z"}}
{"utc": "2026-09-21T09:50:03.242032+00:00", "command": ["/query-corruption-workspace/tools/python/bin/python", "/query-corruption-workspace/src/tools/query_corruption/benchmark.py", "--variant", "C-on", "--protocol", "mysql", "--build-manifest", "/query-corruption-workspace/logs/QCT-006/qct007-20260921-process-restart/C-on-build.json", "--output", "/query-corruption-workspace/logs/QCT-006/qct007-20260921-process-restart/C-on-mysql-cache-off-c1.jsonl", "--repetitions", "1", "--warmup", "0", "--concurrency", "1", "--cases", "small_limit", "empty_scan", "detail_page", "point_lookup"]}
{"completed": "C-on-mysql-cache-off-c1"}
{"node": "fe", "state": "stopped"}
{"node": "be2", "state": "stopped"}
{"node": "be0", "state": "stopped"}
{"node": "be1", "state": "stopped"}
{"node": "be2", "state": "already stopped"}
{"node": "fe", "state": "already stopped"}
{"node": "be0", "state": "already stopped"}
{"node": "be1", "state": "already stopped"}
{"node": "fe", "pid": 166388, "start_ticks": "18676681", "home": "/query-corruption-workspace/runtime/qct-cluster/fe", "command": ["/usr/lib/jvm/java-17-openjdk-arm64/bin/java", "-Xms512m", "-Xmx2g", "-XX:+UseG1GC", "-Dlog4j2.formatMsgNoLookups=true", "-cp", "/query-corruption-workspace/baseline-src/fe/fe-core/target/starrocks-fe.jar:/query-corruption-workspace/baseline-src/fe/fe-core/target/lib/*:/query-corruption-workspace/runtime/qct-cluster/fe/conf", "com.starrocks.StarRocksFE"], "selection": {"variant": "A-baseline", "source": "/query-corruption-workspace/baseline-src", "storage_page_cache": true, "selected_utc": "20260921T095013.508480Z"}}
{"node": "be0", "pid": 166389, "start_ticks": "18676681", "home": "/query-corruption-workspace/runtime/qct-cluster/be0", "command": ["/query-corruption-workspace/baseline-src/be/output/lib/starrocks_be"], "selection": {"variant": "A-baseline", "source": "/query-corruption-workspace/baseline-src", "storage_page_cache": true, "selected_utc": "20260921T095013.508480Z"}}
{"node": "be1", "pid": 166390, "start_ticks": "18676681", "home": "/query-corruption-workspace/runtime/qct-cluster/be1", "command": ["/query-corruption-workspace/baseline-src/be/output/lib/starrocks_be"], "selection": {"variant": "A-baseline", "source": "/query-corruption-workspace/baseline-src", "storage_page_cache": true, "selected_utc": "20260921T095013.508480Z"}}
{"node": "be2", "pid": 166391, "start_ticks": "18676681", "home": "/query-corruption-workspace/runtime/qct-cluster/be2", "command": ["/query-corruption-workspace/baseline-src/be/output/lib/starrocks_be"], "selection": {"variant": "A-baseline", "source": "/query-corruption-workspace/baseline-src", "storage_page_cache": true, "selected_utc": "20260921T095013.508480Z"}}
{"utc": "2026-09-21T09:50:22.599546+00:00", "command": ["/query-corruption-workspace/tools/python/bin/python", "/query-corruption-workspace/src/tools/query_corruption/benchmark.py", "--variant", "A-baseline", "--protocol", "mysql", "--build-manifest", "/query-corruption-workspace/logs/QCT-006/qct007-20260921-warm-page-r1/A-baseline-build.json", "--output", "/query-corruption-workspace/logs/QCT-006/qct007-20260921-warm-page-r1/A-baseline-mysql-cache-off-c1.jsonl", "--repetitions", "200", "--warmup", "20", "--concurrency", "1", "--cases", "small_limit", "detail_page", "empty_scan", "full_scan", "point_lookup", "aggregation", "join", "join_no_remote_filter"]}
{"completed": "A-baseline-mysql-cache-off-c1"}
{"utc": "2026-09-21T09:50:50.178545+00:00", "command": ["/query-corruption-workspace/tools/python/bin/python", "/query-corruption-workspace/src/tools/query_corruption/benchmark.py", "--variant", "A-baseline", "--protocol", "mysql", "--build-manifest", "/query-corruption-workspace/logs/QCT-006/qct007-20260921-warm-page-r1/A-baseline-build.json", "--output", "/query-corruption-workspace/logs/QCT-006/qct007-20260921-warm-page-r1/A-baseline-mysql-cache-off-c4.jsonl", "--repetitions", "200", "--warmup", "20", "--concurrency", "4", "--cases", "small_limit", "detail_page", "empty_scan", "full_scan", "point_lookup", "aggregation", "join", "join_no_remote_filter"]}
{"completed": "A-baseline-mysql-cache-off-c4"}
{"utc": "2026-09-21T09:51:39.116546+00:00", "command": ["/query-corruption-workspace/tools/python/bin/python", "/query-corruption-workspace/src/tools/query_corruption/benchmark.py", "--variant", "A-baseline", "--protocol", "mysql", "--build-manifest", "/query-corruption-workspace/logs/QCT-006/qct007-20260921-warm-page-r1/A-baseline-build.json", "--output", "/query-corruption-workspace/logs/QCT-006/qct007-20260921-warm-page-r1/A-baseline-mysql-cache-on-c1.jsonl", "--repetitions", "200", "--warmup", "20", "--concurrency", "1", "--cache", "--cases", "small_limit", "detail_page", "empty_scan", "full_scan", "point_lookup", "aggregation", "join", "join_no_remote_filter"]}
{"completed": "A-baseline-mysql-cache-on-c1"}
{"utc": "2026-09-21T09:51:55.801553+00:00", "command": ["/query-corruption-workspace/tools/python/bin/python", "/query-corruption-workspace/src/tools/query_corruption/benchmark.py", "--variant", "A-baseline", "--protocol", "mysql", "--build-manifest", "/query-corruption-workspace/logs/QCT-006/qct007-20260921-warm-page-r1/A-baseline-build.json", "--output", "/query-corruption-workspace/logs/QCT-006/qct007-20260921-warm-page-r1/A-baseline-mysql-cache-on-c4.jsonl", "--repetitions", "200", "--warmup", "20", "--concurrency", "4", "--cache", "--cases", "small_limit", "detail_page", "empty_scan", "full_scan", "point_lookup", "aggregation", "join", "join_no_remote_filter"]}
{"completed": "A-baseline-mysql-cache-on-c4"}
{"utc": "2026-09-21T09:52:22.287317+00:00", "command": ["/query-corruption-workspace/tools/python/bin/python", "/query-corruption-workspace/src/tools/query_corruption/benchmark.py", "--variant", "A-baseline", "--protocol", "http", "--build-manifest", "/query-corruption-workspace/logs/QCT-006/qct007-20260921-warm-page-r1/A-baseline-build.json", "--output", "/query-corruption-workspace/logs/QCT-006/qct007-20260921-warm-page-r1/A-baseline-http-cache-off-c1.jsonl", "--repetitions", "200", "--warmup", "20", "--concurrency", "1", "--cases", "small_limit", "empty_scan", "detail_page"]}
{"completed": "A-baseline-http-cache-off-c1"}
{"utc": "2026-09-21T09:52:28.241103+00:00", "command": ["/query-corruption-workspace/tools/python/bin/python", "/query-corruption-workspace/src/tools/query_corruption/benchmark.py", "--variant", "A-baseline", "--protocol", "http", "--build-manifest", "/query-corruption-workspace/logs/QCT-006/qct007-20260921-warm-page-r1/A-baseline-build.json", "--output", "/query-corruption-workspace/logs/QCT-006/qct007-20260921-warm-page-r1/A-baseline-http-cache-off-c4.jsonl", "--repetitions", "200", "--warmup", "20", "--concurrency", "4", "--cases", "small_limit", "empty_scan", "detail_page"]}
{"completed": "A-baseline-http-cache-off-c4"}
{"utc": "2026-09-21T09:52:37.819716+00:00", "command": ["/query-corruption-workspace/tools/python/bin/python", "/query-corruption-workspace/src/tools/query_corruption/benchmark.py", "--variant", "A-baseline", "--protocol", "http", "--build-manifest", "/query-corruption-workspace/logs/QCT-006/qct007-20260921-warm-page-r1/A-baseline-build.json", "--output", "/query-corruption-workspace/logs/QCT-006/qct007-20260921-warm-page-r1/A-baseline-http-cache-on-c1.jsonl", "--repetitions", "200", "--warmup", "20", "--concurrency", "1", "--cache", "--cases", "small_limit", "empty_scan", "detail_page"]}
{"completed": "A-baseline-http-cache-on-c1"}
{"utc": "2026-09-21T09:52:43.065518+00:00", "command": ["/query-corruption-workspace/tools/python/bin/python", "/query-corruption-workspace/src/tools/query_corruption/benchmark.py", "--variant", "A-baseline", "--protocol", "http", "--build-manifest", "/query-corruption-workspace/logs/QCT-006/qct007-20260921-warm-page-r1/A-baseline-build.json", "--output", "/query-corruption-workspace/logs/QCT-006/qct007-20260921-warm-page-r1/A-baseline-http-cache-on-c4.jsonl", "--repetitions", "200", "--warmup", "20", "--concurrency", "4", "--cache", "--cases", "small_limit", "empty_scan", "detail_page"]}
{"completed": "A-baseline-http-cache-on-c4"}
{"node": "fe", "state": "stopped"}
{"node": "be0", "state": "stopped"}
{"node": "be1", "state": "stopped"}
{"node": "be2", "state": "stopped"}
{"node": "fe", "pid": 168192, "start_ticks": "18693428", "home": "/query-corruption-workspace/runtime/qct-cluster/fe", "command": ["/usr/lib/jvm/java-17-openjdk-arm64/bin/java", "-Xms512m", "-Xmx2g", "-XX:+UseG1GC", "-Dlog4j2.formatMsgNoLookups=true", "-cp", "/query-corruption-workspace/src/fe/fe-core/target/starrocks-fe.jar:/query-corruption-workspace/src/fe/fe-core/target/lib/*:/query-corruption-workspace/runtime/qct-cluster/fe/conf", "com.starrocks.StarRocksFE"], "selection": {"variant": "B-off", "source": "/query-corruption-workspace/src", "storage_page_cache": true, "selected_utc": "20260921T095300.976415Z"}}
{"node": "be0", "pid": 168193, "start_ticks": "18693428", "home": "/query-corruption-workspace/runtime/qct-cluster/be0", "command": ["/query-corruption-workspace/src/be/output/lib/starrocks_be"], "selection": {"variant": "B-off", "source": "/query-corruption-workspace/src", "storage_page_cache": true, "selected_utc": "20260921T095300.976415Z"}}
{"node": "be1", "pid": 168194, "start_ticks": "18693428", "home": "/query-corruption-workspace/runtime/qct-cluster/be1", "command": ["/query-corruption-workspace/src/be/output/lib/starrocks_be"], "selection": {"variant": "B-off", "source": "/query-corruption-workspace/src", "storage_page_cache": true, "selected_utc": "20260921T095300.976415Z"}}
{"node": "be2", "pid": 168195, "start_ticks": "18693428", "home": "/query-corruption-workspace/runtime/qct-cluster/be2", "command": ["/query-corruption-workspace/src/be/output/lib/starrocks_be"], "selection": {"variant": "B-off", "source": "/query-corruption-workspace/src", "storage_page_cache": true, "selected_utc": "20260921T095300.976415Z"}}
{"utc": "2026-09-21T09:53:10.655046+00:00", "command": ["/query-corruption-workspace/tools/python/bin/python", "/query-corruption-workspace/src/tools/query_corruption/benchmark.py", "--variant", "B-off", "--protocol", "mysql", "--build-manifest", "/query-corruption-workspace/logs/QCT-006/qct007-20260921-warm-page-r1/B-off-build.json", "--output", "/query-corruption-workspace/logs/QCT-006/qct007-20260921-warm-page-r1/B-off-mysql-cache-off-c1.jsonl", "--repetitions", "200", "--warmup", "20", "--concurrency", "1", "--cases", "small_limit", "detail_page", "empty_scan", "full_scan", "point_lookup", "aggregation", "join", "join_no_remote_filter"]}
{"completed": "B-off-mysql-cache-off-c1"}
{"utc": "2026-09-21T09:53:37.914367+00:00", "command": ["/query-corruption-workspace/tools/python/bin/python", "/query-corruption-workspace/src/tools/query_corruption/benchmark.py", "--variant", "B-off", "--protocol", "mysql", "--build-manifest", "/query-corruption-workspace/logs/QCT-006/qct007-20260921-warm-page-r1/B-off-build.json", "--output", "/query-corruption-workspace/logs/QCT-006/qct007-20260921-warm-page-r1/B-off-mysql-cache-off-c4.jsonl", "--repetitions", "200", "--warmup", "20", "--concurrency", "4", "--cases", "small_limit", "detail_page", "empty_scan", "full_scan", "point_lookup", "aggregation", "join", "join_no_remote_filter"]}
{"completed": "B-off-mysql-cache-off-c4"}
{"utc": "2026-09-21T09:54:26.563125+00:00", "command": ["/query-corruption-workspace/tools/python/bin/python", "/query-corruption-workspace/src/tools/query_corruption/benchmark.py", "--variant", "B-off", "--protocol", "mysql", "--build-manifest", "/query-corruption-workspace/logs/QCT-006/qct007-20260921-warm-page-r1/B-off-build.json", "--output", "/query-corruption-workspace/logs/QCT-006/qct007-20260921-warm-page-r1/B-off-mysql-cache-on-c1.jsonl", "--repetitions", "200", "--warmup", "20", "--concurrency", "1", "--cache", "--cases", "small_limit", "detail_page", "empty_scan", "full_scan", "point_lookup", "aggregation", "join", "join_no_remote_filter"]}
{"completed": "B-off-mysql-cache-on-c1"}
{"utc": "2026-09-21T09:54:43.617194+00:00", "command": ["/query-corruption-workspace/tools/python/bin/python", "/query-corruption-workspace/src/tools/query_corruption/benchmark.py", "--variant", "B-off", "--protocol", "mysql", "--build-manifest", "/query-corruption-workspace/logs/QCT-006/qct007-20260921-warm-page-r1/B-off-build.json", "--output", "/query-corruption-workspace/logs/QCT-006/qct007-20260921-warm-page-r1/B-off-mysql-cache-on-c4.jsonl", "--repetitions", "200", "--warmup", "20", "--concurrency", "4", "--cache", "--cases", "small_limit", "detail_page", "empty_scan", "full_scan", "point_lookup", "aggregation", "join", "join_no_remote_filter"]}
{"completed": "B-off-mysql-cache-on-c4"}
{"utc": "2026-09-21T09:55:09.553336+00:00", "command": ["/query-corruption-workspace/tools/python/bin/python", "/query-corruption-workspace/src/tools/query_corruption/benchmark.py", "--variant", "B-off", "--protocol", "http", "--build-manifest", "/query-corruption-workspace/logs/QCT-006/qct007-20260921-warm-page-r1/B-off-build.json", "--output", "/query-corruption-workspace/logs/QCT-006/qct007-20260921-warm-page-r1/B-off-http-cache-off-c1.jsonl", "--repetitions", "200", "--warmup", "20", "--concurrency", "1", "--cases", "small_limit", "empty_scan", "detail_page"]}
{"completed": "B-off-http-cache-off-c1"}
{"utc": "2026-09-21T09:55:15.370364+00:00", "command": ["/query-corruption-workspace/tools/python/bin/python", "/query-corruption-workspace/src/tools/query_corruption/benchmark.py", "--variant", "B-off", "--protocol", "http", "--build-manifest", "/query-corruption-workspace/logs/QCT-006/qct007-20260921-warm-page-r1/B-off-build.json", "--output", "/query-corruption-workspace/logs/QCT-006/qct007-20260921-warm-page-r1/B-off-http-cache-off-c4.jsonl", "--repetitions", "200", "--warmup", "20", "--concurrency", "4", "--cases", "small_limit", "empty_scan", "detail_page"]}
{"completed": "B-off-http-cache-off-c4"}
{"utc": "2026-09-21T09:55:24.642076+00:00", "command": ["/query-corruption-workspace/tools/python/bin/python", "/query-corruption-workspace/src/tools/query_corruption/benchmark.py", "--variant", "B-off", "--protocol", "http", "--build-manifest", "/query-corruption-workspace/logs/QCT-006/qct007-20260921-warm-page-r1/B-off-build.json", "--output", "/query-corruption-workspace/logs/QCT-006/qct007-20260921-warm-page-r1/B-off-http-cache-on-c1.jsonl", "--repetitions", "200", "--warmup", "20", "--concurrency", "1", "--cache", "--cases", "small_limit", "empty_scan", "detail_page"]}
{"completed": "B-off-http-cache-on-c1"}
{"utc": "2026-09-21T09:55:29.971784+00:00", "command": ["/query-corruption-workspace/tools/python/bin/python", "/query-corruption-workspace/src/tools/query_corruption/benchmark.py", "--variant", "B-off", "--protocol", "http", "--build-manifest", "/query-corruption-workspace/logs/QCT-006/qct007-20260921-warm-page-r1/B-off-build.json", "--output", "/query-corruption-workspace/logs/QCT-006/qct007-20260921-warm-page-r1/B-off-http-cache-on-c4.jsonl", "--repetitions", "200", "--warmup", "20", "--concurrency", "4", "--cache", "--cases", "small_limit", "empty_scan", "detail_page"]}
{"completed": "B-off-http-cache-on-c4"}
{"node": "fe", "state": "stopped"}
{"node": "be2", "state": "stopped"}
{"node": "be1", "state": "stopped"}
{"node": "be0", "state": "stopped"}
{"node": "fe", "pid": 169988, "start_ticks": "18710182", "home": "/query-corruption-workspace/runtime/qct-cluster/fe", "command": ["/usr/lib/jvm/java-17-openjdk-arm64/bin/java", "-Xms512m", "-Xmx2g", "-XX:+UseG1GC", "-Dlog4j2.formatMsgNoLookups=true", "-cp", "/query-corruption-workspace/src/fe/fe-core/target/starrocks-fe.jar:/query-corruption-workspace/src/fe/fe-core/target/lib/*:/query-corruption-workspace/runtime/qct-cluster/fe/conf", "com.starrocks.StarRocksFE"], "selection": {"variant": "C-on", "source": "/query-corruption-workspace/src", "storage_page_cache": true, "selected_utc": "20260921T095548.517411Z"}}
{"node": "be0", "pid": 169989, "start_ticks": "18710182", "home": "/query-corruption-workspace/runtime/qct-cluster/be0", "command": ["/query-corruption-workspace/src/be/output/lib/starrocks_be"], "selection": {"variant": "C-on", "source": "/query-corruption-workspace/src", "storage_page_cache": true, "selected_utc": "20260921T095548.517411Z"}}
{"node": "be1", "pid": 169990, "start_ticks": "18710182", "home": "/query-corruption-workspace/runtime/qct-cluster/be1", "command": ["/query-corruption-workspace/src/be/output/lib/starrocks_be"], "selection": {"variant": "C-on", "source": "/query-corruption-workspace/src", "storage_page_cache": true, "selected_utc": "20260921T095548.517411Z"}}
{"node": "be2", "pid": 169991, "start_ticks": "18710182", "home": "/query-corruption-workspace/runtime/qct-cluster/be2", "command": ["/query-corruption-workspace/src/be/output/lib/starrocks_be"], "selection": {"variant": "C-on", "source": "/query-corruption-workspace/src", "storage_page_cache": true, "selected_utc": "20260921T095548.517411Z"}}
{"utc": "2026-09-21T09:55:57.243480+00:00", "command": ["/query-corruption-workspace/tools/python/bin/python", "/query-corruption-workspace/src/tools/query_corruption/benchmark.py", "--variant", "C-on", "--protocol", "mysql", "--build-manifest", "/query-corruption-workspace/logs/QCT-006/qct007-20260921-warm-page-r1/C-on-build.json", "--output", "/query-corruption-workspace/logs/QCT-006/qct007-20260921-warm-page-r1/C-on-mysql-cache-off-c1.jsonl", "--repetitions", "200", "--warmup", "20", "--concurrency", "1", "--cases", "small_limit", "detail_page", "empty_scan", "full_scan", "point_lookup", "aggregation", "join", "join_no_remote_filter"]}
{"completed": "C-on-mysql-cache-off-c1"}
{"utc": "2026-09-21T09:56:24.337510+00:00", "command": ["/query-corruption-workspace/tools/python/bin/python", "/query-corruption-workspace/src/tools/query_corruption/benchmark.py", "--variant", "C-on", "--protocol", "mysql", "--build-manifest", "/query-corruption-workspace/logs/QCT-006/qct007-20260921-warm-page-r1/C-on-build.json", "--output", "/query-corruption-workspace/logs/QCT-006/qct007-20260921-warm-page-r1/C-on-mysql-cache-off-c4.jsonl", "--repetitions", "200", "--warmup", "20", "--concurrency", "4", "--cases", "small_limit", "detail_page", "empty_scan", "full_scan", "point_lookup", "aggregation", "join", "join_no_remote_filter"]}
{"completed": "C-on-mysql-cache-off-c4"}
{"utc": "2026-09-21T09:57:14.103893+00:00", "command": ["/query-corruption-workspace/tools/python/bin/python", "/query-corruption-workspace/src/tools/query_corruption/benchmark.py", "--variant", "C-on", "--protocol", "mysql", "--build-manifest", "/query-corruption-workspace/logs/QCT-006/qct007-20260921-warm-page-r1/C-on-build.json", "--output", "/query-corruption-workspace/logs/QCT-006/qct007-20260921-warm-page-r1/C-on-mysql-cache-on-c1.jsonl", "--repetitions", "200", "--warmup", "20", "--concurrency", "1", "--cache", "--cases", "small_limit", "detail_page", "empty_scan", "full_scan", "point_lookup", "aggregation", "join", "join_no_remote_filter"]}
{"completed": "C-on-mysql-cache-on-c1"}
{"utc": "2026-09-21T09:57:30.969785+00:00", "command": ["/query-corruption-workspace/tools/python/bin/python", "/query-corruption-workspace/src/tools/query_corruption/benchmark.py", "--variant", "C-on", "--protocol", "mysql", "--build-manifest", "/query-corruption-workspace/logs/QCT-006/qct007-20260921-warm-page-r1/C-on-build.json", "--output", "/query-corruption-workspace/logs/QCT-006/qct007-20260921-warm-page-r1/C-on-mysql-cache-on-c4.jsonl", "--repetitions", "200", "--warmup", "20", "--concurrency", "4", "--cache", "--cases", "small_limit", "detail_page", "empty_scan", "full_scan", "point_lookup", "aggregation", "join", "join_no_remote_filter"]}
{"completed": "C-on-mysql-cache-on-c4"}
{"utc": "2026-09-21T09:57:57.280469+00:00", "command": ["/query-corruption-workspace/tools/python/bin/python", "/query-corruption-workspace/src/tools/query_corruption/benchmark.py", "--variant", "C-on", "--protocol", "http", "--build-manifest", "/query-corruption-workspace/logs/QCT-006/qct007-20260921-warm-page-r1/C-on-build.json", "--output", "/query-corruption-workspace/logs/QCT-006/qct007-20260921-warm-page-r1/C-on-http-cache-off-c1.jsonl", "--repetitions", "200", "--warmup", "20", "--concurrency", "1", "--cases", "small_limit", "empty_scan", "detail_page"]}
{"completed": "C-on-http-cache-off-c1"}
{"utc": "2026-09-21T09:58:03.136902+00:00", "command": ["/query-corruption-workspace/tools/python/bin/python", "/query-corruption-workspace/src/tools/query_corruption/benchmark.py", "--variant", "C-on", "--protocol", "http", "--build-manifest", "/query-corruption-workspace/logs/QCT-006/qct007-20260921-warm-page-r1/C-on-build.json", "--output", "/query-corruption-workspace/logs/QCT-006/qct007-20260921-warm-page-r1/C-on-http-cache-off-c4.jsonl", "--repetitions", "200", "--warmup", "20", "--concurrency", "4", "--cases", "small_limit", "empty_scan", "detail_page"]}
{"completed": "C-on-http-cache-off-c4"}
{"utc": "2026-09-21T09:58:12.598202+00:00", "command": ["/query-corruption-workspace/tools/python/bin/python", "/query-corruption-workspace/src/tools/query_corruption/benchmark.py", "--variant", "C-on", "--protocol", "http", "--build-manifest", "/query-corruption-workspace/logs/QCT-006/qct007-20260921-warm-page-r1/C-on-build.json", "--output", "/query-corruption-workspace/logs/QCT-006/qct007-20260921-warm-page-r1/C-on-http-cache-on-c1.jsonl", "--repetitions", "200", "--warmup", "20", "--concurrency", "1", "--cache", "--cases", "small_limit", "empty_scan", "detail_page"]}
{"completed": "C-on-http-cache-on-c1"}
{"utc": "2026-09-21T09:58:18.016506+00:00", "command": ["/query-corruption-workspace/tools/python/bin/python", "/query-corruption-workspace/src/tools/query_corruption/benchmark.py", "--variant", "C-on", "--protocol", "http", "--build-manifest", "/query-corruption-workspace/logs/QCT-006/qct007-20260921-warm-page-r1/C-on-build.json", "--output", "/query-corruption-workspace/logs/QCT-006/qct007-20260921-warm-page-r1/C-on-http-cache-on-c4.jsonl", "--repetitions", "200", "--warmup", "20", "--concurrency", "4", "--cache", "--cases", "small_limit", "empty_scan", "detail_page"]}
{"completed": "C-on-http-cache-on-c4"}
{"node": "fe", "state": "stopped"}
{"node": "be0", "state": "stopped"}
{"node": "be1", "state": "stopped"}
{"node": "be2", "state": "stopped"}
{"node": "fe", "state": "already stopped"}
{"node": "be0", "state": "already stopped"}
{"node": "be2", "state": "already stopped"}
{"node": "be1", "state": "already stopped"}
{"node": "fe", "pid": 171792, "start_ticks": "18727026", "home": "/query-corruption-workspace/runtime/qct-cluster/fe", "command": ["/usr/lib/jvm/java-17-openjdk-arm64/bin/java", "-Xms512m", "-Xmx2g", "-XX:+UseG1GC", "-Dlog4j2.formatMsgNoLookups=true", "-cp", "/query-corruption-workspace/src/fe/fe-core/target/starrocks-fe.jar:/query-corruption-workspace/src/fe/fe-core/target/lib/*:/query-corruption-workspace/runtime/qct-cluster/fe/conf", "com.starrocks.StarRocksFE"], "selection": {"variant": "C-on", "source": "/query-corruption-workspace/src", "storage_page_cache": true, "selected_utc": "20260921T095836.965443Z"}}
{"node": "be0", "pid": 171793, "start_ticks": "18727026", "home": "/query-corruption-workspace/runtime/qct-cluster/be0", "command": ["/query-corruption-workspace/src/be/output/lib/starrocks_be"], "selection": {"variant": "C-on", "source": "/query-corruption-workspace/src", "storage_page_cache": true, "selected_utc": "20260921T095836.965443Z"}}
{"node": "be1", "pid": 171794, "start_ticks": "18727027", "home": "/query-corruption-workspace/runtime/qct-cluster/be1", "command": ["/query-corruption-workspace/src/be/output/lib/starrocks_be"], "selection": {"variant": "C-on", "source": "/query-corruption-workspace/src", "storage_page_cache": true, "selected_utc": "20260921T095836.965443Z"}}
{"node": "be2", "pid": 171795, "start_ticks": "18727027", "home": "/query-corruption-workspace/runtime/qct-cluster/be2", "command": ["/query-corruption-workspace/src/be/output/lib/starrocks_be"], "selection": {"variant": "C-on", "source": "/query-corruption-workspace/src", "storage_page_cache": true, "selected_utc": "20260921T095836.965443Z"}}
{"utc": "2026-09-21T09:58:45.781729+00:00", "command": ["/query-corruption-workspace/tools/python/bin/python", "/query-corruption-workspace/src/tools/query_corruption/benchmark.py", "--variant", "C-on", "--protocol", "mysql", "--build-manifest", "/query-corruption-workspace/logs/QCT-006/qct007-20260921-warm-page-r2/C-on-build.json", "--output", "/query-corruption-workspace/logs/QCT-006/qct007-20260921-warm-page-r2/C-on-mysql-cache-off-c1.jsonl", "--repetitions", "200", "--warmup", "20", "--concurrency", "1", "--cases", "small_limit", "detail_page", "empty_scan", "full_scan", "point_lookup", "aggregation", "join", "join_no_remote_filter"]}
{"completed": "C-on-mysql-cache-off-c1"}
{"utc": "2026-09-21T09:59:13.092824+00:00", "command": ["/query-corruption-workspace/tools/python/bin/python", "/query-corruption-workspace/src/tools/query_corruption/benchmark.py", "--variant", "C-on", "--protocol", "mysql", "--build-manifest", "/query-corruption-workspace/logs/QCT-006/qct007-20260921-warm-page-r2/C-on-build.json", "--output", "/query-corruption-workspace/logs/QCT-006/qct007-20260921-warm-page-r2/C-on-mysql-cache-off-c4.jsonl", "--repetitions", "200", "--warmup", "20", "--concurrency", "4", "--cases", "small_limit", "detail_page", "empty_scan", "full_scan", "point_lookup", "aggregation", "join", "join_no_remote_filter"]}
{"completed": "C-on-mysql-cache-off-c4"}
{"utc": "2026-09-21T10:00:03.481340+00:00", "command": ["/query-corruption-workspace/tools/python/bin/python", "/query-corruption-workspace/src/tools/query_corruption/benchmark.py", "--variant", "C-on", "--protocol", "mysql", "--build-manifest", "/query-corruption-workspace/logs/QCT-006/qct007-20260921-warm-page-r2/C-on-build.json", "--output", "/query-corruption-workspace/logs/QCT-006/qct007-20260921-warm-page-r2/C-on-mysql-cache-on-c1.jsonl", "--repetitions", "200", "--warmup", "20", "--concurrency", "1", "--cache", "--cases", "small_limit", "detail_page", "empty_scan", "full_scan", "point_lookup", "aggregation", "join", "join_no_remote_filter"]}
{"completed": "C-on-mysql-cache-on-c1"}
{"utc": "2026-09-21T10:00:20.505647+00:00", "command": ["/query-corruption-workspace/tools/python/bin/python", "/query-corruption-workspace/src/tools/query_corruption/benchmark.py", "--variant", "C-on", "--protocol", "mysql", "--build-manifest", "/query-corruption-workspace/logs/QCT-006/qct007-20260921-warm-page-r2/C-on-build.json", "--output", "/query-corruption-workspace/logs/QCT-006/qct007-20260921-warm-page-r2/C-on-mysql-cache-on-c4.jsonl", "--repetitions", "200", "--warmup", "20", "--concurrency", "4", "--cache", "--cases", "small_limit", "detail_page", "empty_scan", "full_scan", "point_lookup", "aggregation", "join", "join_no_remote_filter"]}
{"completed": "C-on-mysql-cache-on-c4"}
{"utc": "2026-09-21T10:00:47.186269+00:00", "command": ["/query-corruption-workspace/tools/python/bin/python", "/query-corruption-workspace/src/tools/query_corruption/benchmark.py", "--variant", "C-on", "--protocol", "http", "--build-manifest", "/query-corruption-workspace/logs/QCT-006/qct007-20260921-warm-page-r2/C-on-build.json", "--output", "/query-corruption-workspace/logs/QCT-006/qct007-20260921-warm-page-r2/C-on-http-cache-off-c1.jsonl", "--repetitions", "200", "--warmup", "20", "--concurrency", "1", "--cases", "small_limit", "empty_scan", "detail_page"]}
{"completed": "C-on-http-cache-off-c1"}
{"utc": "2026-09-21T10:00:53.030444+00:00", "command": ["/query-corruption-workspace/tools/python/bin/python", "/query-corruption-workspace/src/tools/query_corruption/benchmark.py", "--variant", "C-on", "--protocol", "http", "--build-manifest", "/query-corruption-workspace/logs/QCT-006/qct007-20260921-warm-page-r2/C-on-build.json", "--output", "/query-corruption-workspace/logs/QCT-006/qct007-20260921-warm-page-r2/C-on-http-cache-off-c4.jsonl", "--repetitions", "200", "--warmup", "20", "--concurrency", "4", "--cases", "small_limit", "empty_scan", "detail_page"]}
{"completed": "C-on-http-cache-off-c4"}
{"utc": "2026-09-21T10:01:02.602867+00:00", "command": ["/query-corruption-workspace/tools/python/bin/python", "/query-corruption-workspace/src/tools/query_corruption/benchmark.py", "--variant", "C-on", "--protocol", "http", "--build-manifest", "/query-corruption-workspace/logs/QCT-006/qct007-20260921-warm-page-r2/C-on-build.json", "--output", "/query-corruption-workspace/logs/QCT-006/qct007-20260921-warm-page-r2/C-on-http-cache-on-c1.jsonl", "--repetitions", "200", "--warmup", "20", "--concurrency", "1", "--cache", "--cases", "small_limit", "empty_scan", "detail_page"]}
{"completed": "C-on-http-cache-on-c1"}
{"utc": "2026-09-21T10:01:07.819706+00:00", "command": ["/query-corruption-workspace/tools/python/bin/python", "/query-corruption-workspace/src/tools/query_corruption/benchmark.py", "--variant", "C-on", "--protocol", "http", "--build-manifest", "/query-corruption-workspace/logs/QCT-006/qct007-20260921-warm-page-r2/C-on-build.json", "--output", "/query-corruption-workspace/logs/QCT-006/qct007-20260921-warm-page-r2/C-on-http-cache-on-c4.jsonl", "--repetitions", "200", "--warmup", "20", "--concurrency", "4", "--cache", "--cases", "small_limit", "empty_scan", "detail_page"]}
{"completed": "C-on-http-cache-on-c4"}
{"node": "fe", "state": "stopped"}
{"node": "be1", "state": "stopped"}
{"node": "be0", "state": "stopped"}
{"node": "be2", "state": "stopped"}
{"node": "fe", "pid": 173588, "start_ticks": "18743978", "home": "/query-corruption-workspace/runtime/qct-cluster/fe", "command": ["/usr/lib/jvm/java-17-openjdk-arm64/bin/java", "-Xms512m", "-Xmx2g", "-XX:+UseG1GC", "-Dlog4j2.formatMsgNoLookups=true", "-cp", "/query-corruption-workspace/src/fe/fe-core/target/starrocks-fe.jar:/query-corruption-workspace/src/fe/fe-core/target/lib/*:/query-corruption-workspace/runtime/qct-cluster/fe/conf", "com.starrocks.StarRocksFE"], "selection": {"variant": "B-off", "source": "/query-corruption-workspace/src", "storage_page_cache": true, "selected_utc": "20260921T100126.482534Z"}}
{"node": "be0", "pid": 173589, "start_ticks": "18743978", "home": "/query-corruption-workspace/runtime/qct-cluster/be0", "command": ["/query-corruption-workspace/src/be/output/lib/starrocks_be"], "selection": {"variant": "B-off", "source": "/query-corruption-workspace/src", "storage_page_cache": true, "selected_utc": "20260921T100126.482534Z"}}
{"node": "be1", "pid": 173590, "start_ticks": "18743978", "home": "/query-corruption-workspace/runtime/qct-cluster/be1", "command": ["/query-corruption-workspace/src/be/output/lib/starrocks_be"], "selection": {"variant": "B-off", "source": "/query-corruption-workspace/src", "storage_page_cache": true, "selected_utc": "20260921T100126.482534Z"}}
{"node": "be2", "pid": 173591, "start_ticks": "18743979", "home": "/query-corruption-workspace/runtime/qct-cluster/be2", "command": ["/query-corruption-workspace/src/be/output/lib/starrocks_be"], "selection": {"variant": "B-off", "source": "/query-corruption-workspace/src", "storage_page_cache": true, "selected_utc": "20260921T100126.482534Z"}}
{"utc": "2026-09-21T10:01:35.297672+00:00", "command": ["/query-corruption-workspace/tools/python/bin/python", "/query-corruption-workspace/src/tools/query_corruption/benchmark.py", "--variant", "B-off", "--protocol", "mysql", "--build-manifest", "/query-corruption-workspace/logs/QCT-006/qct007-20260921-warm-page-r2/B-off-build.json", "--output", "/query-corruption-workspace/logs/QCT-006/qct007-20260921-warm-page-r2/B-off-mysql-cache-off-c1.jsonl", "--repetitions", "200", "--warmup", "20", "--concurrency", "1", "--cases", "small_limit", "detail_page", "empty_scan", "full_scan", "point_lookup", "aggregation", "join", "join_no_remote_filter"]}
{"completed": "B-off-mysql-cache-off-c1"}
{"utc": "2026-09-21T10:02:02.663851+00:00", "command": ["/query-corruption-workspace/tools/python/bin/python", "/query-corruption-workspace/src/tools/query_corruption/benchmark.py", "--variant", "B-off", "--protocol", "mysql", "--build-manifest", "/query-corruption-workspace/logs/QCT-006/qct007-20260921-warm-page-r2/B-off-build.json", "--output", "/query-corruption-workspace/logs/QCT-006/qct007-20260921-warm-page-r2/B-off-mysql-cache-off-c4.jsonl", "--repetitions", "200", "--warmup", "20", "--concurrency", "4", "--cases", "small_limit", "detail_page", "empty_scan", "full_scan", "point_lookup", "aggregation", "join", "join_no_remote_filter"]}
{"completed": "B-off-mysql-cache-off-c4"}
{"utc": "2026-09-21T10:02:51.842577+00:00", "command": ["/query-corruption-workspace/tools/python/bin/python", "/query-corruption-workspace/src/tools/query_corruption/benchmark.py", "--variant", "B-off", "--protocol", "mysql", "--build-manifest", "/query-corruption-workspace/logs/QCT-006/qct007-20260921-warm-page-r2/B-off-build.json", "--output", "/query-corruption-workspace/logs/QCT-006/qct007-20260921-warm-page-r2/B-off-mysql-cache-on-c1.jsonl", "--repetitions", "200", "--warmup", "20", "--concurrency", "1", "--cache", "--cases", "small_limit", "detail_page", "empty_scan", "full_scan", "point_lookup", "aggregation", "join", "join_no_remote_filter"]}
{"completed": "B-off-mysql-cache-on-c1"}
{"utc": "2026-09-21T10:03:08.690078+00:00", "command": ["/query-corruption-workspace/tools/python/bin/python", "/query-corruption-workspace/src/tools/query_corruption/benchmark.py", "--variant", "B-off", "--protocol", "mysql", "--build-manifest", "/query-corruption-workspace/logs/QCT-006/qct007-20260921-warm-page-r2/B-off-build.json", "--output", "/query-corruption-workspace/logs/QCT-006/qct007-20260921-warm-page-r2/B-off-mysql-cache-on-c4.jsonl", "--repetitions", "200", "--warmup", "20", "--concurrency", "4", "--cache", "--cases", "small_limit", "detail_page", "empty_scan", "full_scan", "point_lookup", "aggregation", "join", "join_no_remote_filter"]}
{"completed": "B-off-mysql-cache-on-c4"}
{"utc": "2026-09-21T10:03:35.230439+00:00", "command": ["/query-corruption-workspace/tools/python/bin/python", "/query-corruption-workspace/src/tools/query_corruption/benchmark.py", "--variant", "B-off", "--protocol", "http", "--build-manifest", "/query-corruption-workspace/logs/QCT-006/qct007-20260921-warm-page-r2/B-off-build.json", "--output", "/query-corruption-workspace/logs/QCT-006/qct007-20260921-warm-page-r2/B-off-http-cache-off-c1.jsonl", "--repetitions", "200", "--warmup", "20", "--concurrency", "1", "--cases", "small_limit", "empty_scan", "detail_page"]}
{"completed": "B-off-http-cache-off-c1"}
{"utc": "2026-09-21T10:03:41.095079+00:00", "command": ["/query-corruption-workspace/tools/python/bin/python", "/query-corruption-workspace/src/tools/query_corruption/benchmark.py", "--variant", "B-off", "--protocol", "http", "--build-manifest", "/query-corruption-workspace/logs/QCT-006/qct007-20260921-warm-page-r2/B-off-build.json", "--output", "/query-corruption-workspace/logs/QCT-006/qct007-20260921-warm-page-r2/B-off-http-cache-off-c4.jsonl", "--repetitions", "200", "--warmup", "20", "--concurrency", "4", "--cases", "small_limit", "empty_scan", "detail_page"]}
{"completed": "B-off-http-cache-off-c4"}
{"utc": "2026-09-21T10:03:50.365923+00:00", "command": ["/query-corruption-workspace/tools/python/bin/python", "/query-corruption-workspace/src/tools/query_corruption/benchmark.py", "--variant", "B-off", "--protocol", "http", "--build-manifest", "/query-corruption-workspace/logs/QCT-006/qct007-20260921-warm-page-r2/B-off-build.json", "--output", "/query-corruption-workspace/logs/QCT-006/qct007-20260921-warm-page-r2/B-off-http-cache-on-c1.jsonl", "--repetitions", "200", "--warmup", "20", "--concurrency", "1", "--cache", "--cases", "small_limit", "empty_scan", "detail_page"]}
{"completed": "B-off-http-cache-on-c1"}
{"utc": "2026-09-21T10:03:55.664694+00:00", "command": ["/query-corruption-workspace/tools/python/bin/python", "/query-corruption-workspace/src/tools/query_corruption/benchmark.py", "--variant", "B-off", "--protocol", "http", "--build-manifest", "/query-corruption-workspace/logs/QCT-006/qct007-20260921-warm-page-r2/B-off-build.json", "--output", "/query-corruption-workspace/logs/QCT-006/qct007-20260921-warm-page-r2/B-off-http-cache-on-c4.jsonl", "--repetitions", "200", "--warmup", "20", "--concurrency", "4", "--cache", "--cases", "small_limit", "empty_scan", "detail_page"]}
{"completed": "B-off-http-cache-on-c4"}
{"node": "fe", "state": "stopped"}
{"node": "be2", "state": "stopped"}
{"node": "be0", "state": "stopped"}
{"node": "be1", "state": "stopped"}
{"node": "fe", "pid": 175384, "start_ticks": "18760746", "home": "/query-corruption-workspace/runtime/qct-cluster/fe", "command": ["/usr/lib/jvm/java-17-openjdk-arm64/bin/java", "-Xms512m", "-Xmx2g", "-XX:+UseG1GC", "-Dlog4j2.formatMsgNoLookups=true", "-cp", "/query-corruption-workspace/baseline-src/fe/fe-core/target/starrocks-fe.jar:/query-corruption-workspace/baseline-src/fe/fe-core/target/lib/*:/query-corruption-workspace/runtime/qct-cluster/fe/conf", "com.starrocks.StarRocksFE"], "selection": {"variant": "A-baseline", "source": "/query-corruption-workspace/baseline-src", "storage_page_cache": true, "selected_utc": "20260921T100414.156507Z"}}
{"node": "be0", "pid": 175385, "start_ticks": "18760746", "home": "/query-corruption-workspace/runtime/qct-cluster/be0", "command": ["/query-corruption-workspace/baseline-src/be/output/lib/starrocks_be"], "selection": {"variant": "A-baseline", "source": "/query-corruption-workspace/baseline-src", "storage_page_cache": true, "selected_utc": "20260921T100414.156507Z"}}
{"node": "be1", "pid": 175386, "start_ticks": "18760746", "home": "/query-corruption-workspace/runtime/qct-cluster/be1", "command": ["/query-corruption-workspace/baseline-src/be/output/lib/starrocks_be"], "selection": {"variant": "A-baseline", "source": "/query-corruption-workspace/baseline-src", "storage_page_cache": true, "selected_utc": "20260921T100414.156507Z"}}
{"node": "be2", "pid": 175387, "start_ticks": "18760746", "home": "/query-corruption-workspace/runtime/qct-cluster/be2", "command": ["/query-corruption-workspace/baseline-src/be/output/lib/starrocks_be"], "selection": {"variant": "A-baseline", "source": "/query-corruption-workspace/baseline-src", "storage_page_cache": true, "selected_utc": "20260921T100414.156507Z"}}
{"utc": "2026-09-21T10:04:22.884727+00:00", "command": ["/query-corruption-workspace/tools/python/bin/python", "/query-corruption-workspace/src/tools/query_corruption/benchmark.py", "--variant", "A-baseline", "--protocol", "mysql", "--build-manifest", "/query-corruption-workspace/logs/QCT-006/qct007-20260921-warm-page-r2/A-baseline-build.json", "--output", "/query-corruption-workspace/logs/QCT-006/qct007-20260921-warm-page-r2/A-baseline-mysql-cache-off-c1.jsonl", "--repetitions", "200", "--warmup", "20", "--concurrency", "1", "--cases", "small_limit", "detail_page", "empty_scan", "full_scan", "point_lookup", "aggregation", "join", "join_no_remote_filter"]}
{"completed": "A-baseline-mysql-cache-off-c1"}
{"utc": "2026-09-21T10:04:51.427167+00:00", "command": ["/query-corruption-workspace/tools/python/bin/python", "/query-corruption-workspace/src/tools/query_corruption/benchmark.py", "--variant", "A-baseline", "--protocol", "mysql", "--build-manifest", "/query-corruption-workspace/logs/QCT-006/qct007-20260921-warm-page-r2/A-baseline-build.json", "--output", "/query-corruption-workspace/logs/QCT-006/qct007-20260921-warm-page-r2/A-baseline-mysql-cache-off-c4.jsonl", "--repetitions", "200", "--warmup", "20", "--concurrency", "4", "--cases", "small_limit", "detail_page", "empty_scan", "full_scan", "point_lookup", "aggregation", "join", "join_no_remote_filter"]}
{"completed": "A-baseline-mysql-cache-off-c4"}
{"utc": "2026-09-21T10:05:40.227996+00:00", "command": ["/query-corruption-workspace/tools/python/bin/python", "/query-corruption-workspace/src/tools/query_corruption/benchmark.py", "--variant", "A-baseline", "--protocol", "mysql", "--build-manifest", "/query-corruption-workspace/logs/QCT-006/qct007-20260921-warm-page-r2/A-baseline-build.json", "--output", "/query-corruption-workspace/logs/QCT-006/qct007-20260921-warm-page-r2/A-baseline-mysql-cache-on-c1.jsonl", "--repetitions", "200", "--warmup", "20", "--concurrency", "1", "--cache", "--cases", "small_limit", "detail_page", "empty_scan", "full_scan", "point_lookup", "aggregation", "join", "join_no_remote_filter"]}
{"completed": "A-baseline-mysql-cache-on-c1"}
{"utc": "2026-09-21T10:05:57.273823+00:00", "command": ["/query-corruption-workspace/tools/python/bin/python", "/query-corruption-workspace/src/tools/query_corruption/benchmark.py", "--variant", "A-baseline", "--protocol", "mysql", "--build-manifest", "/query-corruption-workspace/logs/QCT-006/qct007-20260921-warm-page-r2/A-baseline-build.json", "--output", "/query-corruption-workspace/logs/QCT-006/qct007-20260921-warm-page-r2/A-baseline-mysql-cache-on-c4.jsonl", "--repetitions", "200", "--warmup", "20", "--concurrency", "4", "--cache", "--cases", "small_limit", "detail_page", "empty_scan", "full_scan", "point_lookup", "aggregation", "join", "join_no_remote_filter"]}
{"completed": "A-baseline-mysql-cache-on-c4"}
{"utc": "2026-09-21T10:06:24.508647+00:00", "command": ["/query-corruption-workspace/tools/python/bin/python", "/query-corruption-workspace/src/tools/query_corruption/benchmark.py", "--variant", "A-baseline", "--protocol", "http", "--build-manifest", "/query-corruption-workspace/logs/QCT-006/qct007-20260921-warm-page-r2/A-baseline-build.json", "--output", "/query-corruption-workspace/logs/QCT-006/qct007-20260921-warm-page-r2/A-baseline-http-cache-off-c1.jsonl", "--repetitions", "200", "--warmup", "20", "--concurrency", "1", "--cases", "small_limit", "empty_scan", "detail_page"]}
{"completed": "A-baseline-http-cache-off-c1"}
{"utc": "2026-09-21T10:06:30.484961+00:00", "command": ["/query-corruption-workspace/tools/python/bin/python", "/query-corruption-workspace/src/tools/query_corruption/benchmark.py", "--variant", "A-baseline", "--protocol", "http", "--build-manifest", "/query-corruption-workspace/logs/QCT-006/qct007-20260921-warm-page-r2/A-baseline-build.json", "--output", "/query-corruption-workspace/logs/QCT-006/qct007-20260921-warm-page-r2/A-baseline-http-cache-off-c4.jsonl", "--repetitions", "200", "--warmup", "20", "--concurrency", "4", "--cases", "small_limit", "empty_scan", "detail_page"]}
{"completed": "A-baseline-http-cache-off-c4"}
{"utc": "2026-09-21T10:06:40.073256+00:00", "command": ["/query-corruption-workspace/tools/python/bin/python", "/query-corruption-workspace/src/tools/query_corruption/benchmark.py", "--variant", "A-baseline", "--protocol", "http", "--build-manifest", "/query-corruption-workspace/logs/QCT-006/qct007-20260921-warm-page-r2/A-baseline-build.json", "--output", "/query-corruption-workspace/logs/QCT-006/qct007-20260921-warm-page-r2/A-baseline-http-cache-on-c1.jsonl", "--repetitions", "200", "--warmup", "20", "--concurrency", "1", "--cache", "--cases", "small_limit", "empty_scan", "detail_page"]}
{"completed": "A-baseline-http-cache-on-c1"}
{"utc": "2026-09-21T10:06:45.456421+00:00", "command": ["/query-corruption-workspace/tools/python/bin/python", "/query-corruption-workspace/src/tools/query_corruption/benchmark.py", "--variant", "A-baseline", "--protocol", "http", "--build-manifest", "/query-corruption-workspace/logs/QCT-006/qct007-20260921-warm-page-r2/A-baseline-build.json", "--output", "/query-corruption-workspace/logs/QCT-006/qct007-20260921-warm-page-r2/A-baseline-http-cache-on-c4.jsonl", "--repetitions", "200", "--warmup", "20", "--concurrency", "4", "--cache", "--cases", "small_limit", "empty_scan", "detail_page"]}
{"completed": "A-baseline-http-cache-on-c4"}
{"node": "fe", "state": "stopped"}
{"node": "be1", "state": "stopped"}
{"node": "be0", "state": "stopped"}
{"node": "be2", "state": "stopped"}
{"node": "fe", "state": "already stopped"}
{"node": "be0", "state": "already stopped"}
{"node": "be1", "state": "already stopped"}
{"node": "be2", "state": "already stopped"}
{"node": "fe", "pid": 177180, "start_ticks": "18777919", "home": "/query-corruption-workspace/runtime/qct-cluster/fe", "command": ["/usr/lib/jvm/java-17-openjdk-arm64/bin/java", "-Xms512m", "-Xmx2g", "-XX:+UseG1GC", "-Dlog4j2.formatMsgNoLookups=true", "-cp", "/query-corruption-workspace/baseline-src/fe/fe-core/target/starrocks-fe.jar:/query-corruption-workspace/baseline-src/fe/fe-core/target/lib/*:/query-corruption-workspace/runtime/qct-cluster/fe/conf", "com.starrocks.StarRocksFE"], "selection": {"variant": "A-baseline", "source": "/query-corruption-workspace/baseline-src", "storage_page_cache": false, "selected_utc": "20260921T100705.895987Z"}}
{"node": "be0", "pid": 177181, "start_ticks": "18777920", "home": "/query-corruption-workspace/runtime/qct-cluster/be0", "command": ["/query-corruption-workspace/baseline-src/be/output/lib/starrocks_be"], "selection": {"variant": "A-baseline", "source": "/query-corruption-workspace/baseline-src", "storage_page_cache": false, "selected_utc": "20260921T100705.895987Z"}}
{"node": "be1", "pid": 177182, "start_ticks": "18777920", "home": "/query-corruption-workspace/runtime/qct-cluster/be1", "command": ["/query-corruption-workspace/baseline-src/be/output/lib/starrocks_be"], "selection": {"variant": "A-baseline", "source": "/query-corruption-workspace/baseline-src", "storage_page_cache": false, "selected_utc": "20260921T100705.895987Z"}}
{"node": "be2", "pid": 177183, "start_ticks": "18777920", "home": "/query-corruption-workspace/runtime/qct-cluster/be2", "command": ["/query-corruption-workspace/baseline-src/be/output/lib/starrocks_be"], "selection": {"variant": "A-baseline", "source": "/query-corruption-workspace/baseline-src", "storage_page_cache": false, "selected_utc": "20260921T100705.895987Z"}}
{"utc": "2026-09-21T10:07:14.375057+00:00", "command": ["/query-corruption-workspace/tools/python/bin/python", "/query-corruption-workspace/src/tools/query_corruption/benchmark.py", "--variant", "A-baseline", "--protocol", "mysql", "--build-manifest", "/query-corruption-workspace/logs/QCT-006/qct007-20260921-page-cache-off-r1/A-baseline-build.json", "--output", "/query-corruption-workspace/logs/QCT-006/qct007-20260921-page-cache-off-r1/A-baseline-mysql-cache-off-c1.jsonl", "--repetitions", "200", "--warmup", "50", "--concurrency", "1", "--cases", "small_limit", "empty_scan", "full_scan"]}
{"completed": "A-baseline-mysql-cache-off-c1"}
{"utc": "2026-09-21T10:07:25.319379+00:00", "command": ["/query-corruption-workspace/tools/python/bin/python", "/query-corruption-workspace/src/tools/query_corruption/benchmark.py", "--variant", "A-baseline", "--protocol", "mysql", "--build-manifest", "/query-corruption-workspace/logs/QCT-006/qct007-20260921-page-cache-off-r1/A-baseline-build.json", "--output", "/query-corruption-workspace/logs/QCT-006/qct007-20260921-page-cache-off-r1/A-baseline-mysql-cache-off-c4.jsonl", "--repetitions", "200", "--warmup", "50", "--concurrency", "4", "--cases", "small_limit", "empty_scan", "full_scan"]}
{"completed": "A-baseline-mysql-cache-off-c4"}
{"node": "fe", "state": "stopped"}
{"node": "be0", "state": "stopped"}
{"node": "be1", "state": "stopped"}
{"node": "be2", "state": "stopped"}
{"node": "fe", "pid": 178890, "start_ticks": "18782456", "home": "/query-corruption-workspace/runtime/qct-cluster/fe", "command": ["/usr/lib/jvm/java-17-openjdk-arm64/bin/java", "-Xms512m", "-Xmx2g", "-XX:+UseG1GC", "-Dlog4j2.formatMsgNoLookups=true", "-cp", "/query-corruption-workspace/src/fe/fe-core/target/starrocks-fe.jar:/query-corruption-workspace/src/fe/fe-core/target/lib/*:/query-corruption-workspace/runtime/qct-cluster/fe/conf", "com.starrocks.StarRocksFE"], "selection": {"variant": "B-off", "source": "/query-corruption-workspace/src", "storage_page_cache": false, "selected_utc": "20260921T100751.262158Z"}}
{"node": "be0", "pid": 178891, "start_ticks": "18782456", "home": "/query-corruption-workspace/runtime/qct-cluster/be0", "command": ["/query-corruption-workspace/src/be/output/lib/starrocks_be"], "selection": {"variant": "B-off", "source": "/query-corruption-workspace/src", "storage_page_cache": false, "selected_utc": "20260921T100751.262158Z"}}
{"node": "be1", "pid": 178892, "start_ticks": "18782457", "home": "/query-corruption-workspace/runtime/qct-cluster/be1", "command": ["/query-corruption-workspace/src/be/output/lib/starrocks_be"], "selection": {"variant": "B-off", "source": "/query-corruption-workspace/src", "storage_page_cache": false, "selected_utc": "20260921T100751.262158Z"}}
{"node": "be2", "pid": 178893, "start_ticks": "18782457", "home": "/query-corruption-workspace/runtime/qct-cluster/be2", "command": ["/query-corruption-workspace/src/be/output/lib/starrocks_be"], "selection": {"variant": "B-off", "source": "/query-corruption-workspace/src", "storage_page_cache": false, "selected_utc": "20260921T100751.262158Z"}}
{"utc": "2026-09-21T10:08:00.452859+00:00", "command": ["/query-corruption-workspace/tools/python/bin/python", "/query-corruption-workspace/src/tools/query_corruption/benchmark.py", "--variant", "B-off", "--protocol", "mysql", "--build-manifest", "/query-corruption-workspace/logs/QCT-006/qct007-20260921-page-cache-off-r1/B-off-build.json", "--output", "/query-corruption-workspace/logs/QCT-006/qct007-20260921-page-cache-off-r1/B-off-mysql-cache-off-c1.jsonl", "--repetitions", "200", "--warmup", "50", "--concurrency", "1", "--cases", "small_limit", "empty_scan", "full_scan"]}
{"completed": "B-off-mysql-cache-off-c1"}
{"utc": "2026-09-21T10:08:11.184583+00:00", "command": ["/query-corruption-workspace/tools/python/bin/python", "/query-corruption-workspace/src/tools/query_corruption/benchmark.py", "--variant", "B-off", "--protocol", "mysql", "--build-manifest", "/query-corruption-workspace/logs/QCT-006/qct007-20260921-page-cache-off-r1/B-off-build.json", "--output", "/query-corruption-workspace/logs/QCT-006/qct007-20260921-page-cache-off-r1/B-off-mysql-cache-off-c4.jsonl", "--repetitions", "200", "--warmup", "50", "--concurrency", "4", "--cases", "small_limit", "empty_scan", "full_scan"]}
{"completed": "B-off-mysql-cache-off-c4"}
{"node": "fe", "state": "stopped"}
{"node": "be0", "state": "stopped"}
{"node": "be2", "state": "stopped"}
{"node": "be1", "state": "stopped"}
{"node": "fe", "pid": 180607, "start_ticks": "18786988", "home": "/query-corruption-workspace/runtime/qct-cluster/fe", "command": ["/usr/lib/jvm/java-17-openjdk-arm64/bin/java", "-Xms512m", "-Xmx2g", "-XX:+UseG1GC", "-Dlog4j2.formatMsgNoLookups=true", "-cp", "/query-corruption-workspace/src/fe/fe-core/target/starrocks-fe.jar:/query-corruption-workspace/src/fe/fe-core/target/lib/*:/query-corruption-workspace/runtime/qct-cluster/fe/conf", "com.starrocks.StarRocksFE"], "selection": {"variant": "C-on", "source": "/query-corruption-workspace/src", "storage_page_cache": false, "selected_utc": "20260921T100836.576315Z"}}
{"node": "be0", "pid": 180608, "start_ticks": "18786988", "home": "/query-corruption-workspace/runtime/qct-cluster/be0", "command": ["/query-corruption-workspace/src/be/output/lib/starrocks_be"], "selection": {"variant": "C-on", "source": "/query-corruption-workspace/src", "storage_page_cache": false, "selected_utc": "20260921T100836.576315Z"}}
{"node": "be1", "pid": 180609, "start_ticks": "18786989", "home": "/query-corruption-workspace/runtime/qct-cluster/be1", "command": ["/query-corruption-workspace/src/be/output/lib/starrocks_be"], "selection": {"variant": "C-on", "source": "/query-corruption-workspace/src", "storage_page_cache": false, "selected_utc": "20260921T100836.576315Z"}}
{"node": "be2", "pid": 180610, "start_ticks": "18786989", "home": "/query-corruption-workspace/runtime/qct-cluster/be2", "command": ["/query-corruption-workspace/src/be/output/lib/starrocks_be"], "selection": {"variant": "C-on", "source": "/query-corruption-workspace/src", "storage_page_cache": false, "selected_utc": "20260921T100836.576315Z"}}
{"utc": "2026-09-21T10:08:45.443768+00:00", "command": ["/query-corruption-workspace/tools/python/bin/python", "/query-corruption-workspace/src/tools/query_corruption/benchmark.py", "--variant", "C-on", "--protocol", "mysql", "--build-manifest", "/query-corruption-workspace/logs/QCT-006/qct007-20260921-page-cache-off-r1/C-on-build.json", "--output", "/query-corruption-workspace/logs/QCT-006/qct007-20260921-page-cache-off-r1/C-on-mysql-cache-off-c1.jsonl", "--repetitions", "200", "--warmup", "50", "--concurrency", "1", "--cases", "small_limit", "empty_scan", "full_scan"]}
{"completed": "C-on-mysql-cache-off-c1"}
{"utc": "2026-09-21T10:08:56.152238+00:00", "command": ["/query-corruption-workspace/tools/python/bin/python", "/query-corruption-workspace/src/tools/query_corruption/benchmark.py", "--variant", "C-on", "--protocol", "mysql", "--build-manifest", "/query-corruption-workspace/logs/QCT-006/qct007-20260921-page-cache-off-r1/C-on-build.json", "--output", "/query-corruption-workspace/logs/QCT-006/qct007-20260921-page-cache-off-r1/C-on-mysql-cache-off-c4.jsonl", "--repetitions", "200", "--warmup", "50", "--concurrency", "4", "--cases", "small_limit", "empty_scan", "full_scan"]}
{"completed": "C-on-mysql-cache-off-c4"}
{"node": "fe", "state": "stopped"}
{"node": "be2", "state": "stopped"}
{"node": "be1", "state": "stopped"}
{"node": "be0", "state": "stopped"}
{"node": "fe", "state": "already stopped"}
{"node": "be0", "state": "already stopped"}
{"node": "be2", "state": "already stopped"}
{"node": "be1", "state": "already stopped"}
{"node": "fe", "pid": 182322, "start_ticks": "18791770", "home": "/query-corruption-workspace/runtime/qct-cluster/fe", "command": ["/usr/lib/jvm/java-17-openjdk-arm64/bin/java", "-Xms512m", "-Xmx2g", "-XX:+UseG1GC", "-Dlog4j2.formatMsgNoLookups=true", "-cp", "/query-corruption-workspace/baseline-src/fe/fe-core/target/starrocks-fe.jar:/query-corruption-workspace/baseline-src/fe/fe-core/target/lib/*:/query-corruption-workspace/runtime/qct-cluster/fe/conf", "com.starrocks.StarRocksFE"], "selection": {"variant": "A-baseline", "source": "/query-corruption-workspace/baseline-src", "storage_page_cache": true, "selected_utc": "20260921T100924.397414Z"}}
{"node": "be0", "pid": 182323, "start_ticks": "18791770", "home": "/query-corruption-workspace/runtime/qct-cluster/be0", "command": ["/query-corruption-workspace/baseline-src/be/output/lib/starrocks_be"], "selection": {"variant": "A-baseline", "source": "/query-corruption-workspace/baseline-src", "storage_page_cache": true, "selected_utc": "20260921T100924.397414Z"}}
{"node": "be1", "pid": 182324, "start_ticks": "18791770", "home": "/query-corruption-workspace/runtime/qct-cluster/be1", "command": ["/query-corruption-workspace/baseline-src/be/output/lib/starrocks_be"], "selection": {"variant": "A-baseline", "source": "/query-corruption-workspace/baseline-src", "storage_page_cache": true, "selected_utc": "20260921T100924.397414Z"}}
{"node": "be2", "pid": 182325, "start_ticks": "18791770", "home": "/query-corruption-workspace/runtime/qct-cluster/be2", "command": ["/query-corruption-workspace/baseline-src/be/output/lib/starrocks_be"], "selection": {"variant": "A-baseline", "source": "/query-corruption-workspace/baseline-src", "storage_page_cache": true, "selected_utc": "20260921T100924.397414Z"}}
{"utc": "2026-09-21T10:09:33.238703+00:00", "command": ["/query-corruption-workspace/tools/python/bin/python", "/query-corruption-workspace/src/tools/query_corruption/benchmark.py", "--variant", "A-baseline", "--protocol", "mysql", "--build-manifest", "/query-corruption-workspace/logs/QCT-006/qct007-20260921-focused-r1/A-baseline-build.json", "--output", "/query-corruption-workspace/logs/QCT-006/qct007-20260921-focused-r1/A-baseline-mysql-cache-off-c1.jsonl", "--repetitions", "500", "--warmup", "200", "--concurrency", "1", "--cases", "small_limit", "empty_scan", "detail_page"]}
{"completed": "A-baseline-mysql-cache-off-c1"}
{"utc": "2026-09-21T10:09:57.076924+00:00", "command": ["/query-corruption-workspace/tools/python/bin/python", "/query-corruption-workspace/src/tools/query_corruption/benchmark.py", "--variant", "A-baseline", "--protocol", "mysql", "--build-manifest", "/query-corruption-workspace/logs/QCT-006/qct007-20260921-focused-r1/A-baseline-build.json", "--output", "/query-corruption-workspace/logs/QCT-006/qct007-20260921-focused-r1/A-baseline-mysql-cache-off-c4.jsonl", "--repetitions", "500", "--warmup", "200", "--concurrency", "4", "--cases", "small_limit", "empty_scan", "detail_page"]}
{"completed": "A-baseline-mysql-cache-off-c4"}
{"utc": "2026-09-21T10:10:27.803537+00:00", "command": ["/query-corruption-workspace/tools/python/bin/python", "/query-corruption-workspace/src/tools/query_corruption/benchmark.py", "--variant", "A-baseline", "--protocol", "mysql", "--build-manifest", "/query-corruption-workspace/logs/QCT-006/qct007-20260921-focused-r1/A-baseline-build.json", "--output", "/query-corruption-workspace/logs/QCT-006/qct007-20260921-focused-r1/A-baseline-mysql-cache-on-c1.jsonl", "--repetitions", "500", "--warmup", "200", "--concurrency", "1", "--cache", "--cases", "small_limit", "empty_scan", "detail_page"]}
{"completed": "A-baseline-mysql-cache-on-c1"}
{"utc": "2026-09-21T10:10:44.312109+00:00", "command": ["/query-corruption-workspace/tools/python/bin/python", "/query-corruption-workspace/src/tools/query_corruption/benchmark.py", "--variant", "A-baseline", "--protocol", "mysql", "--build-manifest", "/query-corruption-workspace/logs/QCT-006/qct007-20260921-focused-r1/A-baseline-build.json", "--output", "/query-corruption-workspace/logs/QCT-006/qct007-20260921-focused-r1/A-baseline-mysql-cache-on-c4.jsonl", "--repetitions", "500", "--warmup", "200", "--concurrency", "4", "--cache", "--cases", "small_limit", "empty_scan", "detail_page"]}
{"completed": "A-baseline-mysql-cache-on-c4"}
{"utc": "2026-09-21T10:11:13.593991+00:00", "command": ["/query-corruption-workspace/tools/python/bin/python", "/query-corruption-workspace/src/tools/query_corruption/benchmark.py", "--variant", "A-baseline", "--protocol", "http", "--build-manifest", "/query-corruption-workspace/logs/QCT-006/qct007-20260921-focused-r1/A-baseline-build.json", "--output", "/query-corruption-workspace/logs/QCT-006/qct007-20260921-focused-r1/A-baseline-http-cache-off-c1.jsonl", "--repetitions", "500", "--warmup", "200", "--concurrency", "1", "--cases", "small_limit", "empty_scan", "detail_page"]}
{"completed": "A-baseline-http-cache-off-c1"}
{"utc": "2026-09-21T10:11:31.254943+00:00", "command": ["/query-corruption-workspace/tools/python/bin/python", "/query-corruption-workspace/src/tools/query_corruption/benchmark.py", "--variant", "A-baseline", "--protocol", "http", "--build-manifest", "/query-corruption-workspace/logs/QCT-006/qct007-20260921-focused-r1/A-baseline-build.json", "--output", "/query-corruption-workspace/logs/QCT-006/qct007-20260921-focused-r1/A-baseline-http-cache-off-c4.jsonl", "--repetitions", "500", "--warmup", "200", "--concurrency", "4", "--cases", "small_limit", "empty_scan", "detail_page"]}
{"completed": "A-baseline-http-cache-off-c4"}
{"utc": "2026-09-21T10:12:00.617296+00:00", "command": ["/query-corruption-workspace/tools/python/bin/python", "/query-corruption-workspace/src/tools/query_corruption/benchmark.py", "--variant", "A-baseline", "--protocol", "http", "--build-manifest", "/query-corruption-workspace/logs/QCT-006/qct007-20260921-focused-r1/A-baseline-build.json", "--output", "/query-corruption-workspace/logs/QCT-006/qct007-20260921-focused-r1/A-baseline-http-cache-on-c1.jsonl", "--repetitions", "500", "--warmup", "200", "--concurrency", "1", "--cache", "--cases", "small_limit", "empty_scan", "detail_page"]}
{"completed": "A-baseline-http-cache-on-c1"}
{"utc": "2026-09-21T10:12:16.664078+00:00", "command": ["/query-corruption-workspace/tools/python/bin/python", "/query-corruption-workspace/src/tools/query_corruption/benchmark.py", "--variant", "A-baseline", "--protocol", "http", "--build-manifest", "/query-corruption-workspace/logs/QCT-006/qct007-20260921-focused-r1/A-baseline-build.json", "--output", "/query-corruption-workspace/logs/QCT-006/qct007-20260921-focused-r1/A-baseline-http-cache-on-c4.jsonl", "--repetitions", "500", "--warmup", "200", "--concurrency", "4", "--cache", "--cases", "small_limit", "empty_scan", "detail_page"]}
{"completed": "A-baseline-http-cache-on-c4"}
{"node": "fe", "state": "stopped"}
{"node": "be1", "state": "stopped"}
{"node": "be0", "state": "stopped"}
{"node": "be2", "state": "stopped"}
{"node": "fe", "pid": 184107, "start_ticks": "18812813", "home": "/query-corruption-workspace/runtime/qct-cluster/fe", "command": ["/usr/lib/jvm/java-17-openjdk-arm64/bin/java", "-Xms512m", "-Xmx2g", "-XX:+UseG1GC", "-Dlog4j2.formatMsgNoLookups=true", "-cp", "/query-corruption-workspace/src/fe/fe-core/target/starrocks-fe.jar:/query-corruption-workspace/src/fe/fe-core/target/lib/*:/query-corruption-workspace/runtime/qct-cluster/fe/conf", "com.starrocks.StarRocksFE"], "selection": {"variant": "B-off", "source": "/query-corruption-workspace/src", "storage_page_cache": true, "selected_utc": "20260921T101254.819856Z"}}
{"node": "be0", "pid": 184108, "start_ticks": "18812814", "home": "/query-corruption-workspace/runtime/qct-cluster/be0", "command": ["/query-corruption-workspace/src/be/output/lib/starrocks_be"], "selection": {"variant": "B-off", "source": "/query-corruption-workspace/src", "storage_page_cache": true, "selected_utc": "20260921T101254.819856Z"}}
{"node": "be1", "pid": 184109, "start_ticks": "18812814", "home": "/query-corruption-workspace/runtime/qct-cluster/be1", "command": ["/query-corruption-workspace/src/be/output/lib/starrocks_be"], "selection": {"variant": "B-off", "source": "/query-corruption-workspace/src", "storage_page_cache": true, "selected_utc": "20260921T101254.819856Z"}}
{"node": "be2", "pid": 184110, "start_ticks": "18812814", "home": "/query-corruption-workspace/runtime/qct-cluster/be2", "command": ["/query-corruption-workspace/src/be/output/lib/starrocks_be"], "selection": {"variant": "B-off", "source": "/query-corruption-workspace/src", "storage_page_cache": true, "selected_utc": "20260921T101254.819856Z"}}
{"utc": "2026-09-21T10:13:04.168148+00:00", "command": ["/query-corruption-workspace/tools/python/bin/python", "/query-corruption-workspace/src/tools/query_corruption/benchmark.py", "--variant", "B-off", "--protocol", "mysql", "--build-manifest", "/query-corruption-workspace/logs/QCT-006/qct007-20260921-focused-r1/B-off-build.json", "--output", "/query-corruption-workspace/logs/QCT-006/qct007-20260921-focused-r1/B-off-mysql-cache-off-c1.jsonl", "--repetitions", "500", "--warmup", "200", "--concurrency", "1", "--cases", "small_limit", "empty_scan", "detail_page"]}
{"completed": "B-off-mysql-cache-off-c1"}
{"utc": "2026-09-21T10:13:25.680745+00:00", "command": ["/query-corruption-workspace/tools/python/bin/python", "/query-corruption-workspace/src/tools/query_corruption/benchmark.py", "--variant", "B-off", "--protocol", "mysql", "--build-manifest", "/query-corruption-workspace/logs/QCT-006/qct007-20260921-focused-r1/B-off-build.json", "--output", "/query-corruption-workspace/logs/QCT-006/qct007-20260921-focused-r1/B-off-mysql-cache-off-c4.jsonl", "--repetitions", "500", "--warmup", "200", "--concurrency", "4", "--cases", "small_limit", "empty_scan", "detail_page"]}
{"completed": "B-off-mysql-cache-off-c4"}
{"utc": "2026-09-21T10:13:55.799964+00:00", "command": ["/query-corruption-workspace/tools/python/bin/python", "/query-corruption-workspace/src/tools/query_corruption/benchmark.py", "--variant", "B-off", "--protocol", "mysql", "--build-manifest", "/query-corruption-workspace/logs/QCT-006/qct007-20260921-focused-r1/B-off-build.json", "--output", "/query-corruption-workspace/logs/QCT-006/qct007-20260921-focused-r1/B-off-mysql-cache-on-c1.jsonl", "--repetitions", "500", "--warmup", "200", "--concurrency", "1", "--cache", "--cases", "small_limit", "empty_scan", "detail_page"]}
{"completed": "B-off-mysql-cache-on-c1"}
{"utc": "2026-09-21T10:14:11.023589+00:00", "command": ["/query-corruption-workspace/tools/python/bin/python", "/query-corruption-workspace/src/tools/query_corruption/benchmark.py", "--variant", "B-off", "--protocol", "mysql", "--build-manifest", "/query-corruption-workspace/logs/QCT-006/qct007-20260921-focused-r1/B-off-build.json", "--output", "/query-corruption-workspace/logs/QCT-006/qct007-20260921-focused-r1/B-off-mysql-cache-on-c4.jsonl", "--repetitions", "500", "--warmup", "200", "--concurrency", "4", "--cache", "--cases", "small_limit", "empty_scan", "detail_page"]}
{"completed": "B-off-mysql-cache-on-c4"}
{"utc": "2026-09-21T10:14:38.726266+00:00", "command": ["/query-corruption-workspace/tools/python/bin/python", "/query-corruption-workspace/src/tools/query_corruption/benchmark.py", "--variant", "B-off", "--protocol", "http", "--build-manifest", "/query-corruption-workspace/logs/QCT-006/qct007-20260921-focused-r1/B-off-build.json", "--output", "/query-corruption-workspace/logs/QCT-006/qct007-20260921-focused-r1/B-off-http-cache-off-c1.jsonl", "--repetitions", "500", "--warmup", "200", "--concurrency", "1", "--cases", "small_limit", "empty_scan", "detail_page"]}
{"completed": "B-off-http-cache-off-c1"}
{"utc": "2026-09-21T10:14:55.395650+00:00", "command": ["/query-corruption-workspace/tools/python/bin/python", "/query-corruption-workspace/src/tools/query_corruption/benchmark.py", "--variant", "B-off", "--protocol", "http", "--build-manifest", "/query-corruption-workspace/logs/QCT-006/qct007-20260921-focused-r1/B-off-build.json", "--output", "/query-corruption-workspace/logs/QCT-006/qct007-20260921-focused-r1/B-off-http-cache-off-c4.jsonl", "--repetitions", "500", "--warmup", "200", "--concurrency", "4", "--cases", "small_limit", "empty_scan", "detail_page"]}
{"completed": "B-off-http-cache-off-c4"}
{"utc": "2026-09-21T10:15:23.513853+00:00", "command": ["/query-corruption-workspace/tools/python/bin/python", "/query-corruption-workspace/src/tools/query_corruption/benchmark.py", "--variant", "B-off", "--protocol", "http", "--build-manifest", "/query-corruption-workspace/logs/QCT-006/qct007-20260921-focused-r1/B-off-build.json", "--output", "/query-corruption-workspace/logs/QCT-006/qct007-20260921-focused-r1/B-off-http-cache-on-c1.jsonl", "--repetitions", "500", "--warmup", "200", "--concurrency", "1", "--cache", "--cases", "small_limit", "empty_scan", "detail_page"]}
{"completed": "B-off-http-cache-on-c1"}
{"utc": "2026-09-21T10:15:39.240941+00:00", "command": ["/query-corruption-workspace/tools/python/bin/python", "/query-corruption-workspace/src/tools/query_corruption/benchmark.py", "--variant", "B-off", "--protocol", "http", "--build-manifest", "/query-corruption-workspace/logs/QCT-006/qct007-20260921-focused-r1/B-off-build.json", "--output", "/query-corruption-workspace/logs/QCT-006/qct007-20260921-focused-r1/B-off-http-cache-on-c4.jsonl", "--repetitions", "500", "--warmup", "200", "--concurrency", "4", "--cache", "--cases", "small_limit", "empty_scan", "detail_page"]}
{"completed": "B-off-http-cache-on-c4"}
{"node": "fe", "state": "stopped"}
{"node": "be2", "state": "stopped"}
{"node": "be1", "state": "stopped"}
{"node": "be0", "state": "stopped"}
{"node": "fe", "pid": 185905, "start_ticks": "18833061", "home": "/query-corruption-workspace/runtime/qct-cluster/fe", "command": ["/usr/lib/jvm/java-17-openjdk-arm64/bin/java", "-Xms512m", "-Xmx2g", "-XX:+UseG1GC", "-Dlog4j2.formatMsgNoLookups=true", "-cp", "/query-corruption-workspace/src/fe/fe-core/target/starrocks-fe.jar:/query-corruption-workspace/src/fe/fe-core/target/lib/*:/query-corruption-workspace/runtime/qct-cluster/fe/conf", "com.starrocks.StarRocksFE"], "selection": {"variant": "C-on", "source": "/query-corruption-workspace/src", "storage_page_cache": true, "selected_utc": "20260921T101617.308618Z"}}
{"node": "be0", "pid": 185906, "start_ticks": "18833061", "home": "/query-corruption-workspace/runtime/qct-cluster/be0", "command": ["/query-corruption-workspace/src/be/output/lib/starrocks_be"], "selection": {"variant": "C-on", "source": "/query-corruption-workspace/src", "storage_page_cache": true, "selected_utc": "20260921T101617.308618Z"}}
{"node": "be1", "pid": 185907, "start_ticks": "18833061", "home": "/query-corruption-workspace/runtime/qct-cluster/be1", "command": ["/query-corruption-workspace/src/be/output/lib/starrocks_be"], "selection": {"variant": "C-on", "source": "/query-corruption-workspace/src", "storage_page_cache": true, "selected_utc": "20260921T101617.308618Z"}}
{"node": "be2", "pid": 185908, "start_ticks": "18833061", "home": "/query-corruption-workspace/runtime/qct-cluster/be2", "command": ["/query-corruption-workspace/src/be/output/lib/starrocks_be"], "selection": {"variant": "C-on", "source": "/query-corruption-workspace/src", "storage_page_cache": true, "selected_utc": "20260921T101617.308618Z"}}
{"utc": "2026-09-21T10:16:26.248906+00:00", "command": ["/query-corruption-workspace/tools/python/bin/python", "/query-corruption-workspace/src/tools/query_corruption/benchmark.py", "--variant", "C-on", "--protocol", "mysql", "--build-manifest", "/query-corruption-workspace/logs/QCT-006/qct007-20260921-focused-r1/C-on-build.json", "--output", "/query-corruption-workspace/logs/QCT-006/qct007-20260921-focused-r1/C-on-mysql-cache-off-c1.jsonl", "--repetitions", "500", "--warmup", "200", "--concurrency", "1", "--cases", "small_limit", "empty_scan", "detail_page"]}
{"completed": "C-on-mysql-cache-off-c1"}
{"utc": "2026-09-21T10:16:46.846260+00:00", "command": ["/query-corruption-workspace/tools/python/bin/python", "/query-corruption-workspace/src/tools/query_corruption/benchmark.py", "--variant", "C-on", "--protocol", "mysql", "--build-manifest", "/query-corruption-workspace/logs/QCT-006/qct007-20260921-focused-r1/C-on-build.json", "--output", "/query-corruption-workspace/logs/QCT-006/qct007-20260921-focused-r1/C-on-mysql-cache-off-c4.jsonl", "--repetitions", "500", "--warmup", "200", "--concurrency", "4", "--cases", "small_limit", "empty_scan", "detail_page"]}
{"completed": "C-on-mysql-cache-off-c4"}
{"utc": "2026-09-21T10:17:15.606103+00:00", "command": ["/query-corruption-workspace/tools/python/bin/python", "/query-corruption-workspace/src/tools/query_corruption/benchmark.py", "--variant", "C-on", "--protocol", "mysql", "--build-manifest", "/query-corruption-workspace/logs/QCT-006/qct007-20260921-focused-r1/C-on-build.json", "--output", "/query-corruption-workspace/logs/QCT-006/qct007-20260921-focused-r1/C-on-mysql-cache-on-c1.jsonl", "--repetitions", "500", "--warmup", "200", "--concurrency", "1", "--cache", "--cases", "small_limit", "empty_scan", "detail_page"]}
{"completed": "C-on-mysql-cache-on-c1"}
{"utc": "2026-09-21T10:17:31.081199+00:00", "command": ["/query-corruption-workspace/tools/python/bin/python", "/query-corruption-workspace/src/tools/query_corruption/benchmark.py", "--variant", "C-on", "--protocol", "mysql", "--build-manifest", "/query-corruption-workspace/logs/QCT-006/qct007-20260921-focused-r1/C-on-build.json", "--output", "/query-corruption-workspace/logs/QCT-006/qct007-20260921-focused-r1/C-on-mysql-cache-on-c4.jsonl", "--repetitions", "500", "--warmup", "200", "--concurrency", "4", "--cache", "--cases", "small_limit", "empty_scan", "detail_page"]}
{"completed": "C-on-mysql-cache-on-c4"}
{"utc": "2026-09-21T10:17:58.413381+00:00", "command": ["/query-corruption-workspace/tools/python/bin/python", "/query-corruption-workspace/src/tools/query_corruption/benchmark.py", "--variant", "C-on", "--protocol", "http", "--build-manifest", "/query-corruption-workspace/logs/QCT-006/qct007-20260921-focused-r1/C-on-build.json", "--output", "/query-corruption-workspace/logs/QCT-006/qct007-20260921-focused-r1/C-on-http-cache-off-c1.jsonl", "--repetitions", "500", "--warmup", "200", "--concurrency", "1", "--cases", "small_limit", "empty_scan", "detail_page"]}
{"completed": "C-on-http-cache-off-c1"}
{"utc": "2026-09-21T10:18:15.268411+00:00", "command": ["/query-corruption-workspace/tools/python/bin/python", "/query-corruption-workspace/src/tools/query_corruption/benchmark.py", "--variant", "C-on", "--protocol", "http", "--build-manifest", "/query-corruption-workspace/logs/QCT-006/qct007-20260921-focused-r1/C-on-build.json", "--output", "/query-corruption-workspace/logs/QCT-006/qct007-20260921-focused-r1/C-on-http-cache-off-c4.jsonl", "--repetitions", "500", "--warmup", "200", "--concurrency", "4", "--cases", "small_limit", "empty_scan", "detail_page"]}
{"completed": "C-on-http-cache-off-c4"}
{"utc": "2026-09-21T10:18:43.278991+00:00", "command": ["/query-corruption-workspace/tools/python/bin/python", "/query-corruption-workspace/src/tools/query_corruption/benchmark.py", "--variant", "C-on", "--protocol", "http", "--build-manifest", "/query-corruption-workspace/logs/QCT-006/qct007-20260921-focused-r1/C-on-build.json", "--output", "/query-corruption-workspace/logs/QCT-006/qct007-20260921-focused-r1/C-on-http-cache-on-c1.jsonl", "--repetitions", "500", "--warmup", "200", "--concurrency", "1", "--cache", "--cases", "small_limit", "empty_scan", "detail_page"]}
{"completed": "C-on-http-cache-on-c1"}
{"utc": "2026-09-21T10:18:58.790181+00:00", "command": ["/query-corruption-workspace/tools/python/bin/python", "/query-corruption-workspace/src/tools/query_corruption/benchmark.py", "--variant", "C-on", "--protocol", "http", "--build-manifest", "/query-corruption-workspace/logs/QCT-006/qct007-20260921-focused-r1/C-on-build.json", "--output", "/query-corruption-workspace/logs/QCT-006/qct007-20260921-focused-r1/C-on-http-cache-on-c4.jsonl", "--repetitions", "500", "--warmup", "200", "--concurrency", "4", "--cache", "--cases", "small_limit", "empty_scan", "detail_page"]}
{"completed": "C-on-http-cache-on-c4"}
{"node": "fe", "state": "stopped"}
{"node": "be0", "state": "stopped"}
{"node": "be1", "state": "stopped"}
{"node": "be2", "state": "stopped"}
{"node": "fe", "state": "already stopped"}
{"node": "be0", "state": "already stopped"}
{"node": "be1", "state": "already stopped"}
{"node": "be2", "state": "already stopped"}
{"node": "fe", "pid": 187709, "start_ticks": "18853030", "home": "/query-corruption-workspace/runtime/qct-cluster/fe", "command": ["/usr/lib/jvm/java-17-openjdk-arm64/bin/java", "-Xms512m", "-Xmx2g", "-XX:+UseG1GC", "-Dlog4j2.formatMsgNoLookups=true", "-cp", "/query-corruption-workspace/src/fe/fe-core/target/starrocks-fe.jar:/query-corruption-workspace/src/fe/fe-core/target/lib/*:/query-corruption-workspace/runtime/qct-cluster/fe/conf", "com.starrocks.StarRocksFE"], "selection": {"variant": "C-on", "source": "/query-corruption-workspace/src", "storage_page_cache": true, "selected_utc": "20260921T101937.002268Z"}}
{"node": "be0", "pid": 187710, "start_ticks": "18853030", "home": "/query-corruption-workspace/runtime/qct-cluster/be0", "command": ["/query-corruption-workspace/src/be/output/lib/starrocks_be"], "selection": {"variant": "C-on", "source": "/query-corruption-workspace/src", "storage_page_cache": true, "selected_utc": "20260921T101937.002268Z"}}
{"node": "be1", "pid": 187711, "start_ticks": "18853030", "home": "/query-corruption-workspace/runtime/qct-cluster/be1", "command": ["/query-corruption-workspace/src/be/output/lib/starrocks_be"], "selection": {"variant": "C-on", "source": "/query-corruption-workspace/src", "storage_page_cache": true, "selected_utc": "20260921T101937.002268Z"}}
{"node": "be2", "pid": 187712, "start_ticks": "18853031", "home": "/query-corruption-workspace/runtime/qct-cluster/be2", "command": ["/query-corruption-workspace/src/be/output/lib/starrocks_be"], "selection": {"variant": "C-on", "source": "/query-corruption-workspace/src", "storage_page_cache": true, "selected_utc": "20260921T101937.002268Z"}}
{"utc": "2026-09-21T10:19:45.758554+00:00", "command": ["/query-corruption-workspace/tools/python/bin/python", "/query-corruption-workspace/src/tools/query_corruption/benchmark.py", "--variant", "C-on", "--protocol", "mysql", "--build-manifest", "/query-corruption-workspace/logs/QCT-006/qct007-20260921-focused-r2/C-on-build.json", "--output", "/query-corruption-workspace/logs/QCT-006/qct007-20260921-focused-r2/C-on-mysql-cache-off-c1.jsonl", "--repetitions", "500", "--warmup", "200", "--concurrency", "1", "--cases", "small_limit", "empty_scan", "detail_page"]}
{"completed": "C-on-mysql-cache-off-c1"}
{"utc": "2026-09-21T10:20:06.197441+00:00", "command": ["/query-corruption-workspace/tools/python/bin/python", "/query-corruption-workspace/src/tools/query_corruption/benchmark.py", "--variant", "C-on", "--protocol", "mysql", "--build-manifest", "/query-corruption-workspace/logs/QCT-006/qct007-20260921-focused-r2/C-on-build.json", "--output", "/query-corruption-workspace/logs/QCT-006/qct007-20260921-focused-r2/C-on-mysql-cache-off-c4.jsonl", "--repetitions", "500", "--warmup", "200", "--concurrency", "4", "--cases", "small_limit", "empty_scan", "detail_page"]}
{"completed": "C-on-mysql-cache-off-c4"}
{"utc": "2026-09-21T10:20:36.867026+00:00", "command": ["/query-corruption-workspace/tools/python/bin/python", "/query-corruption-workspace/src/tools/query_corruption/benchmark.py", "--variant", "C-on", "--protocol", "mysql", "--build-manifest", "/query-corruption-workspace/logs/QCT-006/qct007-20260921-focused-r2/C-on-build.json", "--output", "/query-corruption-workspace/logs/QCT-006/qct007-20260921-focused-r2/C-on-mysql-cache-on-c1.jsonl", "--repetitions", "500", "--warmup", "200", "--concurrency", "1", "--cache", "--cases", "small_limit", "empty_scan", "detail_page"]}
{"completed": "C-on-mysql-cache-on-c1"}
{"utc": "2026-09-21T10:20:52.221579+00:00", "command": ["/query-corruption-workspace/tools/python/bin/python", "/query-corruption-workspace/src/tools/query_corruption/benchmark.py", "--variant", "C-on", "--protocol", "mysql", "--build-manifest", "/query-corruption-workspace/logs/QCT-006/qct007-20260921-focused-r2/C-on-build.json", "--output", "/query-corruption-workspace/logs/QCT-006/qct007-20260921-focused-r2/C-on-mysql-cache-on-c4.jsonl", "--repetitions", "500", "--warmup", "200", "--concurrency", "4", "--cache", "--cases", "small_limit", "empty_scan", "detail_page"]}
{"completed": "C-on-mysql-cache-on-c4"}
{"utc": "2026-09-21T10:21:20.758552+00:00", "command": ["/query-corruption-workspace/tools/python/bin/python", "/query-corruption-workspace/src/tools/query_corruption/benchmark.py", "--variant", "C-on", "--protocol", "http", "--build-manifest", "/query-corruption-workspace/logs/QCT-006/qct007-20260921-focused-r2/C-on-build.json", "--output", "/query-corruption-workspace/logs/QCT-006/qct007-20260921-focused-r2/C-on-http-cache-off-c1.jsonl", "--repetitions", "500", "--warmup", "200", "--concurrency", "1", "--cases", "small_limit", "empty_scan", "detail_page"]}
{"completed": "C-on-http-cache-off-c1"}
{"utc": "2026-09-21T10:21:37.522605+00:00", "command": ["/query-corruption-workspace/tools/python/bin/python", "/query-corruption-workspace/src/tools/query_corruption/benchmark.py", "--variant", "C-on", "--protocol", "http", "--build-manifest", "/query-corruption-workspace/logs/QCT-006/qct007-20260921-focused-r2/C-on-build.json", "--output", "/query-corruption-workspace/logs/QCT-006/qct007-20260921-focused-r2/C-on-http-cache-off-c4.jsonl", "--repetitions", "500", "--warmup", "200", "--concurrency", "4", "--cases", "small_limit", "empty_scan", "detail_page"]}
{"completed": "C-on-http-cache-off-c4"}
{"utc": "2026-09-21T10:22:05.737075+00:00", "command": ["/query-corruption-workspace/tools/python/bin/python", "/query-corruption-workspace/src/tools/query_corruption/benchmark.py", "--variant", "C-on", "--protocol", "http", "--build-manifest", "/query-corruption-workspace/logs/QCT-006/qct007-20260921-focused-r2/C-on-build.json", "--output", "/query-corruption-workspace/logs/QCT-006/qct007-20260921-focused-r2/C-on-http-cache-on-c1.jsonl", "--repetitions", "500", "--warmup", "200", "--concurrency", "1", "--cache", "--cases", "small_limit", "empty_scan", "detail_page"]}
{"completed": "C-on-http-cache-on-c1"}
{"utc": "2026-09-21T10:22:21.402969+00:00", "command": ["/query-corruption-workspace/tools/python/bin/python", "/query-corruption-workspace/src/tools/query_corruption/benchmark.py", "--variant", "C-on", "--protocol", "http", "--build-manifest", "/query-corruption-workspace/logs/QCT-006/qct007-20260921-focused-r2/C-on-build.json", "--output", "/query-corruption-workspace/logs/QCT-006/qct007-20260921-focused-r2/C-on-http-cache-on-c4.jsonl", "--repetitions", "500", "--warmup", "200", "--concurrency", "4", "--cache", "--cases", "small_limit", "empty_scan", "detail_page"]}
{"completed": "C-on-http-cache-on-c4"}
{"node": "fe", "state": "stopped"}
{"node": "be2", "state": "stopped"}
{"node": "be1", "state": "stopped"}
{"node": "be0", "state": "stopped"}
{"node": "fe", "pid": 189498, "start_ticks": "18873185", "home": "/query-corruption-workspace/runtime/qct-cluster/fe", "command": ["/usr/lib/jvm/java-17-openjdk-arm64/bin/java", "-Xms512m", "-Xmx2g", "-XX:+UseG1GC", "-Dlog4j2.formatMsgNoLookups=true", "-cp", "/query-corruption-workspace/src/fe/fe-core/target/starrocks-fe.jar:/query-corruption-workspace/src/fe/fe-core/target/lib/*:/query-corruption-workspace/runtime/qct-cluster/fe/conf", "com.starrocks.StarRocksFE"], "selection": {"variant": "B-off", "source": "/query-corruption-workspace/src", "storage_page_cache": true, "selected_utc": "20260921T102258.546991Z"}}
{"node": "be0", "pid": 189499, "start_ticks": "18873185", "home": "/query-corruption-workspace/runtime/qct-cluster/be0", "command": ["/query-corruption-workspace/src/be/output/lib/starrocks_be"], "selection": {"variant": "B-off", "source": "/query-corruption-workspace/src", "storage_page_cache": true, "selected_utc": "20260921T102258.546991Z"}}
{"node": "be1", "pid": 189500, "start_ticks": "18873185", "home": "/query-corruption-workspace/runtime/qct-cluster/be1", "command": ["/query-corruption-workspace/src/be/output/lib/starrocks_be"], "selection": {"variant": "B-off", "source": "/query-corruption-workspace/src", "storage_page_cache": true, "selected_utc": "20260921T102258.546991Z"}}
{"node": "be2", "pid": 189501, "start_ticks": "18873185", "home": "/query-corruption-workspace/runtime/qct-cluster/be2", "command": ["/query-corruption-workspace/src/be/output/lib/starrocks_be"], "selection": {"variant": "B-off", "source": "/query-corruption-workspace/src", "storage_page_cache": true, "selected_utc": "20260921T102258.546991Z"}}
{"utc": "2026-09-21T10:23:07.438027+00:00", "command": ["/query-corruption-workspace/tools/python/bin/python", "/query-corruption-workspace/src/tools/query_corruption/benchmark.py", "--variant", "B-off", "--protocol", "mysql", "--build-manifest", "/query-corruption-workspace/logs/QCT-006/qct007-20260921-focused-r2/B-off-build.json", "--output", "/query-corruption-workspace/logs/QCT-006/qct007-20260921-focused-r2/B-off-mysql-cache-off-c1.jsonl", "--repetitions", "500", "--warmup", "200", "--concurrency", "1", "--cases", "small_limit", "empty_scan", "detail_page"]}
{"completed": "B-off-mysql-cache-off-c1"}
{"utc": "2026-09-21T10:23:28.160955+00:00", "command": ["/query-corruption-workspace/tools/python/bin/python", "/query-corruption-workspace/src/tools/query_corruption/benchmark.py", "--variant", "B-off", "--protocol", "mysql", "--build-manifest", "/query-corruption-workspace/logs/QCT-006/qct007-20260921-focused-r2/B-off-build.json", "--output", "/query-corruption-workspace/logs/QCT-006/qct007-20260921-focused-r2/B-off-mysql-cache-off-c4.jsonl", "--repetitions", "500", "--warmup", "200", "--concurrency", "4", "--cases", "small_limit", "empty_scan", "detail_page"]}
{"completed": "B-off-mysql-cache-off-c4"}
{"utc": "2026-09-21T10:23:57.709393+00:00", "command": ["/query-corruption-workspace/tools/python/bin/python", "/query-corruption-workspace/src/tools/query_corruption/benchmark.py", "--variant", "B-off", "--protocol", "mysql", "--build-manifest", "/query-corruption-workspace/logs/QCT-006/qct007-20260921-focused-r2/B-off-build.json", "--output", "/query-corruption-workspace/logs/QCT-006/qct007-20260921-focused-r2/B-off-mysql-cache-on-c1.jsonl", "--repetitions", "500", "--warmup", "200", "--concurrency", "1", "--cache", "--cases", "small_limit", "empty_scan", "detail_page"]}
{"completed": "B-off-mysql-cache-on-c1"}
{"utc": "2026-09-21T10:24:13.134924+00:00", "command": ["/query-corruption-workspace/tools/python/bin/python", "/query-corruption-workspace/src/tools/query_corruption/benchmark.py", "--variant", "B-off", "--protocol", "mysql", "--build-manifest", "/query-corruption-workspace/logs/QCT-006/qct007-20260921-focused-r2/B-off-build.json", "--output", "/query-corruption-workspace/logs/QCT-006/qct007-20260921-focused-r2/B-off-mysql-cache-on-c4.jsonl", "--repetitions", "500", "--warmup", "200", "--concurrency", "4", "--cache", "--cases", "small_limit", "empty_scan", "detail_page"]}
{"completed": "B-off-mysql-cache-on-c4"}
{"utc": "2026-09-21T10:24:40.610496+00:00", "command": ["/query-corruption-workspace/tools/python/bin/python", "/query-corruption-workspace/src/tools/query_corruption/benchmark.py", "--variant", "B-off", "--protocol", "http", "--build-manifest", "/query-corruption-workspace/logs/QCT-006/qct007-20260921-focused-r2/B-off-build.json", "--output", "/query-corruption-workspace/logs/QCT-006/qct007-20260921-focused-r2/B-off-http-cache-off-c1.jsonl", "--repetitions", "500", "--warmup", "200", "--concurrency", "1", "--cases", "small_limit", "empty_scan", "detail_page"]}
{"completed": "B-off-http-cache-off-c1"}
{"utc": "2026-09-21T10:24:57.514060+00:00", "command": ["/query-corruption-workspace/tools/python/bin/python", "/query-corruption-workspace/src/tools/query_corruption/benchmark.py", "--variant", "B-off", "--protocol", "http", "--build-manifest", "/query-corruption-workspace/logs/QCT-006/qct007-20260921-focused-r2/B-off-build.json", "--output", "/query-corruption-workspace/logs/QCT-006/qct007-20260921-focused-r2/B-off-http-cache-off-c4.jsonl", "--repetitions", "500", "--warmup", "200", "--concurrency", "4", "--cases", "small_limit", "empty_scan", "detail_page"]}
{"completed": "B-off-http-cache-off-c4"}
{"utc": "2026-09-21T10:25:26.321346+00:00", "command": ["/query-corruption-workspace/tools/python/bin/python", "/query-corruption-workspace/src/tools/query_corruption/benchmark.py", "--variant", "B-off", "--protocol", "http", "--build-manifest", "/query-corruption-workspace/logs/QCT-006/qct007-20260921-focused-r2/B-off-build.json", "--output", "/query-corruption-workspace/logs/QCT-006/qct007-20260921-focused-r2/B-off-http-cache-on-c1.jsonl", "--repetitions", "500", "--warmup", "200", "--concurrency", "1", "--cache", "--cases", "small_limit", "empty_scan", "detail_page"]}
{"completed": "B-off-http-cache-on-c1"}
{"utc": "2026-09-21T10:25:42.281852+00:00", "command": ["/query-corruption-workspace/tools/python/bin/python", "/query-corruption-workspace/src/tools/query_corruption/benchmark.py", "--variant", "B-off", "--protocol", "http", "--build-manifest", "/query-corruption-workspace/logs/QCT-006/qct007-20260921-focused-r2/B-off-build.json", "--output", "/query-corruption-workspace/logs/QCT-006/qct007-20260921-focused-r2/B-off-http-cache-on-c4.jsonl", "--repetitions", "500", "--warmup", "200", "--concurrency", "4", "--cache", "--cases", "small_limit", "empty_scan", "detail_page"]}
{"completed": "B-off-http-cache-on-c4"}
{"node": "fe", "state": "stopped"}
{"node": "be1", "state": "stopped"}
{"node": "be0", "state": "stopped"}
{"node": "be2", "state": "stopped"}
{"node": "fe", "pid": 191284, "start_ticks": "18893329", "home": "/query-corruption-workspace/runtime/qct-cluster/fe", "command": ["/usr/lib/jvm/java-17-openjdk-arm64/bin/java", "-Xms512m", "-Xmx2g", "-XX:+UseG1GC", "-Dlog4j2.formatMsgNoLookups=true", "-cp", "/query-corruption-workspace/baseline-src/fe/fe-core/target/starrocks-fe.jar:/query-corruption-workspace/baseline-src/fe/fe-core/target/lib/*:/query-corruption-workspace/runtime/qct-cluster/fe/conf", "com.starrocks.StarRocksFE"], "selection": {"variant": "A-baseline", "source": "/query-corruption-workspace/baseline-src", "storage_page_cache": true, "selected_utc": "20260921T102619.994148Z"}}
{"node": "be0", "pid": 191285, "start_ticks": "18893330", "home": "/query-corruption-workspace/runtime/qct-cluster/be0", "command": ["/query-corruption-workspace/baseline-src/be/output/lib/starrocks_be"], "selection": {"variant": "A-baseline", "source": "/query-corruption-workspace/baseline-src", "storage_page_cache": true, "selected_utc": "20260921T102619.994148Z"}}
{"node": "be1", "pid": 191286, "start_ticks": "18893330", "home": "/query-corruption-workspace/runtime/qct-cluster/be1", "command": ["/query-corruption-workspace/baseline-src/be/output/lib/starrocks_be"], "selection": {"variant": "A-baseline", "source": "/query-corruption-workspace/baseline-src", "storage_page_cache": true, "selected_utc": "20260921T102619.994148Z"}}
{"node": "be2", "pid": 191287, "start_ticks": "18893330", "home": "/query-corruption-workspace/runtime/qct-cluster/be2", "command": ["/query-corruption-workspace/baseline-src/be/output/lib/starrocks_be"], "selection": {"variant": "A-baseline", "source": "/query-corruption-workspace/baseline-src", "storage_page_cache": true, "selected_utc": "20260921T102619.994148Z"}}
{"utc": "2026-09-21T10:26:28.794647+00:00", "command": ["/query-corruption-workspace/tools/python/bin/python", "/query-corruption-workspace/src/tools/query_corruption/benchmark.py", "--variant", "A-baseline", "--protocol", "mysql", "--build-manifest", "/query-corruption-workspace/logs/QCT-006/qct007-20260921-focused-r2/A-baseline-build.json", "--output", "/query-corruption-workspace/logs/QCT-006/qct007-20260921-focused-r2/A-baseline-mysql-cache-off-c1.jsonl", "--repetitions", "500", "--warmup", "200", "--concurrency", "1", "--cases", "small_limit", "empty_scan", "detail_page"]}
{"completed": "A-baseline-mysql-cache-off-c1"}
{"utc": "2026-09-21T10:26:49.563555+00:00", "command": ["/query-corruption-workspace/tools/python/bin/python", "/query-corruption-workspace/src/tools/query_corruption/benchmark.py", "--variant", "A-baseline", "--protocol", "mysql", "--build-manifest", "/query-corruption-workspace/logs/QCT-006/qct007-20260921-focused-r2/A-baseline-build.json", "--output", "/query-corruption-workspace/logs/QCT-006/qct007-20260921-focused-r2/A-baseline-mysql-cache-off-c4.jsonl", "--repetitions", "500", "--warmup", "200", "--concurrency", "4", "--cases", "small_limit", "empty_scan", "detail_page"]}
{"completed": "A-baseline-mysql-cache-off-c4"}
{"utc": "2026-09-21T10:27:19.197745+00:00", "command": ["/query-corruption-workspace/tools/python/bin/python", "/query-corruption-workspace/src/tools/query_corruption/benchmark.py", "--variant", "A-baseline", "--protocol", "mysql", "--build-manifest", "/query-corruption-workspace/logs/QCT-006/qct007-20260921-focused-r2/A-baseline-build.json", "--output", "/query-corruption-workspace/logs/QCT-006/qct007-20260921-focused-r2/A-baseline-mysql-cache-on-c1.jsonl", "--repetitions", "500", "--warmup", "200", "--concurrency", "1", "--cache", "--cases", "small_limit", "empty_scan", "detail_page"]}
{"completed": "A-baseline-mysql-cache-on-c1"}
{"utc": "2026-09-21T10:27:35.064459+00:00", "command": ["/query-corruption-workspace/tools/python/bin/python", "/query-corruption-workspace/src/tools/query_corruption/benchmark.py", "--variant", "A-baseline", "--protocol", "mysql", "--build-manifest", "/query-corruption-workspace/logs/QCT-006/qct007-20260921-focused-r2/A-baseline-build.json", "--output", "/query-corruption-workspace/logs/QCT-006/qct007-20260921-focused-r2/A-baseline-mysql-cache-on-c4.jsonl", "--repetitions", "500", "--warmup", "200", "--concurrency", "4", "--cache", "--cases", "small_limit", "empty_scan", "detail_page"]}
{"completed": "A-baseline-mysql-cache-on-c4"}
{"utc": "2026-09-21T10:28:02.774135+00:00", "command": ["/query-corruption-workspace/tools/python/bin/python", "/query-corruption-workspace/src/tools/query_corruption/benchmark.py", "--variant", "A-baseline", "--protocol", "http", "--build-manifest", "/query-corruption-workspace/logs/QCT-006/qct007-20260921-focused-r2/A-baseline-build.json", "--output", "/query-corruption-workspace/logs/QCT-006/qct007-20260921-focused-r2/A-baseline-http-cache-off-c1.jsonl", "--repetitions", "500", "--warmup", "200", "--concurrency", "1", "--cases", "small_limit", "empty_scan", "detail_page"]}
{"completed": "A-baseline-http-cache-off-c1"}
{"utc": "2026-09-21T10:28:19.841439+00:00", "command": ["/query-corruption-workspace/tools/python/bin/python", "/query-corruption-workspace/src/tools/query_corruption/benchmark.py", "--variant", "A-baseline", "--protocol", "http", "--build-manifest", "/query-corruption-workspace/logs/QCT-006/qct007-20260921-focused-r2/A-baseline-build.json", "--output", "/query-corruption-workspace/logs/QCT-006/qct007-20260921-focused-r2/A-baseline-http-cache-off-c4.jsonl", "--repetitions", "500", "--warmup", "200", "--concurrency", "4", "--cases", "small_limit", "empty_scan", "detail_page"]}
{"completed": "A-baseline-http-cache-off-c4"}
{"utc": "2026-09-21T10:28:48.048793+00:00", "command": ["/query-corruption-workspace/tools/python/bin/python", "/query-corruption-workspace/src/tools/query_corruption/benchmark.py", "--variant", "A-baseline", "--protocol", "http", "--build-manifest", "/query-corruption-workspace/logs/QCT-006/qct007-20260921-focused-r2/A-baseline-build.json", "--output", "/query-corruption-workspace/logs/QCT-006/qct007-20260921-focused-r2/A-baseline-http-cache-on-c1.jsonl", "--repetitions", "500", "--warmup", "200", "--concurrency", "1", "--cache", "--cases", "small_limit", "empty_scan", "detail_page"]}
{"completed": "A-baseline-http-cache-on-c1"}
{"utc": "2026-09-21T10:29:04.061590+00:00", "command": ["/query-corruption-workspace/tools/python/bin/python", "/query-corruption-workspace/src/tools/query_corruption/benchmark.py", "--variant", "A-baseline", "--protocol", "http", "--build-manifest", "/query-corruption-workspace/logs/QCT-006/qct007-20260921-focused-r2/A-baseline-build.json", "--output", "/query-corruption-workspace/logs/QCT-006/qct007-20260921-focused-r2/A-baseline-http-cache-on-c4.jsonl", "--repetitions", "500", "--warmup", "200", "--concurrency", "4", "--cache", "--cases", "small_limit", "empty_scan", "detail_page"]}
{"completed": "A-baseline-http-cache-on-c4"}
{"node": "fe", "state": "stopped"}
{"node": "be2", "state": "stopped"}
{"node": "be0", "state": "stopped"}
{"node": "be1", "state": "stopped"}
{"node": "be1", "state": "already stopped"}
{"node": "be2", "state": "already stopped"}
{"node": "be0", "state": "already stopped"}
{"node": "fe", "state": "already stopped"}
{"node": "fe", "pid": 193089, "start_ticks": "18913948", "home": "/query-corruption-workspace/runtime/qct-cluster/fe", "command": ["/usr/lib/jvm/java-17-openjdk-arm64/bin/java", "-Xms512m", "-Xmx2g", "-XX:+UseG1GC", "-Dlog4j2.formatMsgNoLookups=true", "-cp", "/query-corruption-workspace/src/fe/fe-core/target/starrocks-fe.jar:/query-corruption-workspace/src/fe/fe-core/target/lib/*:/query-corruption-workspace/runtime/qct-cluster/fe/conf", "com.starrocks.StarRocksFE"], "selection": {"variant": "C-on", "source": "/query-corruption-workspace/src", "storage_page_cache": false, "selected_utc": "20260921T102946.185011Z"}}
{"node": "be0", "pid": 193090, "start_ticks": "18913948", "home": "/query-corruption-workspace/runtime/qct-cluster/be0", "command": ["/query-corruption-workspace/src/be/output/lib/starrocks_be"], "selection": {"variant": "C-on", "source": "/query-corruption-workspace/src", "storage_page_cache": false, "selected_utc": "20260921T102946.185011Z"}}
{"node": "be1", "pid": 193091, "start_ticks": "18913949", "home": "/query-corruption-workspace/runtime/qct-cluster/be1", "command": ["/query-corruption-workspace/src/be/output/lib/starrocks_be"], "selection": {"variant": "C-on", "source": "/query-corruption-workspace/src", "storage_page_cache": false, "selected_utc": "20260921T102946.185011Z"}}
{"node": "be2", "pid": 193092, "start_ticks": "18913949", "home": "/query-corruption-workspace/runtime/qct-cluster/be2", "command": ["/query-corruption-workspace/src/be/output/lib/starrocks_be"], "selection": {"variant": "C-on", "source": "/query-corruption-workspace/src", "storage_page_cache": false, "selected_utc": "20260921T102946.185011Z"}}
{"utc": "2026-09-21T10:29:55.536674+00:00", "command": ["/query-corruption-workspace/tools/python/bin/python", "/query-corruption-workspace/src/tools/query_corruption/benchmark.py", "--variant", "C-on", "--protocol", "mysql", "--build-manifest", "/query-corruption-workspace/logs/QCT-006/qct007-20260921-page-cache-off-r2/C-on-build.json", "--output", "/query-corruption-workspace/logs/QCT-006/qct007-20260921-page-cache-off-r2/C-on-mysql-cache-off-c1.jsonl", "--repetitions", "500", "--warmup", "200", "--concurrency", "1", "--cases", "small_limit", "empty_scan", "full_scan"]}
{"completed": "C-on-mysql-cache-off-c1"}
{"utc": "2026-09-21T10:30:20.907495+00:00", "command": ["/query-corruption-workspace/tools/python/bin/python", "/query-corruption-workspace/src/tools/query_corruption/benchmark.py", "--variant", "C-on", "--protocol", "mysql", "--build-manifest", "/query-corruption-workspace/logs/QCT-006/qct007-20260921-page-cache-off-r2/C-on-build.json", "--output", "/query-corruption-workspace/logs/QCT-006/qct007-20260921-page-cache-off-r2/C-on-mysql-cache-off-c4.jsonl", "--repetitions", "500", "--warmup", "200", "--concurrency", "4", "--cases", "small_limit", "empty_scan", "full_scan"]}
{"completed": "C-on-mysql-cache-off-c4"}
{"node": "fe", "state": "stopped"}
{"node": "be0", "state": "stopped"}
{"node": "be1", "state": "stopped"}
{"node": "be2", "state": "stopped"}
{"node": "fe", "pid": 194815, "start_ticks": "18922900", "home": "/query-corruption-workspace/runtime/qct-cluster/fe", "command": ["/usr/lib/jvm/java-17-openjdk-arm64/bin/java", "-Xms512m", "-Xmx2g", "-XX:+UseG1GC", "-Dlog4j2.formatMsgNoLookups=true", "-cp", "/query-corruption-workspace/src/fe/fe-core/target/starrocks-fe.jar:/query-corruption-workspace/src/fe/fe-core/target/lib/*:/query-corruption-workspace/runtime/qct-cluster/fe/conf", "com.starrocks.StarRocksFE"], "selection": {"variant": "B-off", "source": "/query-corruption-workspace/src", "storage_page_cache": false, "selected_utc": "20260921T103115.701179Z"}}
{"node": "be0", "pid": 194816, "start_ticks": "18922900", "home": "/query-corruption-workspace/runtime/qct-cluster/be0", "command": ["/query-corruption-workspace/src/be/output/lib/starrocks_be"], "selection": {"variant": "B-off", "source": "/query-corruption-workspace/src", "storage_page_cache": false, "selected_utc": "20260921T103115.701179Z"}}
{"node": "be1", "pid": 194817, "start_ticks": "18922900", "home": "/query-corruption-workspace/runtime/qct-cluster/be1", "command": ["/query-corruption-workspace/src/be/output/lib/starrocks_be"], "selection": {"variant": "B-off", "source": "/query-corruption-workspace/src", "storage_page_cache": false, "selected_utc": "20260921T103115.701179Z"}}
{"node": "be2", "pid": 194818, "start_ticks": "18922901", "home": "/query-corruption-workspace/runtime/qct-cluster/be2", "command": ["/query-corruption-workspace/src/be/output/lib/starrocks_be"], "selection": {"variant": "B-off", "source": "/query-corruption-workspace/src", "storage_page_cache": false, "selected_utc": "20260921T103115.701179Z"}}
{"utc": "2026-09-21T10:31:24.836784+00:00", "command": ["/query-corruption-workspace/tools/python/bin/python", "/query-corruption-workspace/src/tools/query_corruption/benchmark.py", "--variant", "B-off", "--protocol", "mysql", "--build-manifest", "/query-corruption-workspace/logs/QCT-006/qct007-20260921-page-cache-off-r2/B-off-build.json", "--output", "/query-corruption-workspace/logs/QCT-006/qct007-20260921-page-cache-off-r2/B-off-mysql-cache-off-c1.jsonl", "--repetitions", "500", "--warmup", "200", "--concurrency", "1", "--cases", "small_limit", "empty_scan", "full_scan"]}
{"completed": "B-off-mysql-cache-off-c1"}
{"utc": "2026-09-21T10:31:50.024641+00:00", "command": ["/query-corruption-workspace/tools/python/bin/python", "/query-corruption-workspace/src/tools/query_corruption/benchmark.py", "--variant", "B-off", "--protocol", "mysql", "--build-manifest", "/query-corruption-workspace/logs/QCT-006/qct007-20260921-page-cache-off-r2/B-off-build.json", "--output", "/query-corruption-workspace/logs/QCT-006/qct007-20260921-page-cache-off-r2/B-off-mysql-cache-off-c4.jsonl", "--repetitions", "500", "--warmup", "200", "--concurrency", "4", "--cases", "small_limit", "empty_scan", "full_scan"]}
{"completed": "B-off-mysql-cache-off-c4"}
{"node": "fe", "state": "stopped"}
{"node": "be2", "state": "stopped"}
{"node": "be0", "state": "stopped"}
{"node": "be1", "state": "stopped"}
{"node": "fe", "pid": 196545, "start_ticks": "18931741", "home": "/query-corruption-workspace/runtime/qct-cluster/fe", "command": ["/usr/lib/jvm/java-17-openjdk-arm64/bin/java", "-Xms512m", "-Xmx2g", "-XX:+UseG1GC", "-Dlog4j2.formatMsgNoLookups=true", "-cp", "/query-corruption-workspace/baseline-src/fe/fe-core/target/starrocks-fe.jar:/query-corruption-workspace/baseline-src/fe/fe-core/target/lib/*:/query-corruption-workspace/runtime/qct-cluster/fe/conf", "com.starrocks.StarRocksFE"], "selection": {"variant": "A-baseline", "source": "/query-corruption-workspace/baseline-src", "storage_page_cache": false, "selected_utc": "20260921T103244.106299Z"}}
{"node": "be0", "pid": 196546, "start_ticks": "18931741", "home": "/query-corruption-workspace/runtime/qct-cluster/be0", "command": ["/query-corruption-workspace/baseline-src/be/output/lib/starrocks_be"], "selection": {"variant": "A-baseline", "source": "/query-corruption-workspace/baseline-src", "storage_page_cache": false, "selected_utc": "20260921T103244.106299Z"}}
{"node": "be1", "pid": 196547, "start_ticks": "18931741", "home": "/query-corruption-workspace/runtime/qct-cluster/be1", "command": ["/query-corruption-workspace/baseline-src/be/output/lib/starrocks_be"], "selection": {"variant": "A-baseline", "source": "/query-corruption-workspace/baseline-src", "storage_page_cache": false, "selected_utc": "20260921T103244.106299Z"}}
{"node": "be2", "pid": 196548, "start_ticks": "18931741", "home": "/query-corruption-workspace/runtime/qct-cluster/be2", "command": ["/query-corruption-workspace/baseline-src/be/output/lib/starrocks_be"], "selection": {"variant": "A-baseline", "source": "/query-corruption-workspace/baseline-src", "storage_page_cache": false, "selected_utc": "20260921T103244.106299Z"}}
{"utc": "2026-09-21T10:32:52.878480+00:00", "command": ["/query-corruption-workspace/tools/python/bin/python", "/query-corruption-workspace/src/tools/query_corruption/benchmark.py", "--variant", "A-baseline", "--protocol", "mysql", "--build-manifest", "/query-corruption-workspace/logs/QCT-006/qct007-20260921-page-cache-off-r2/A-baseline-build.json", "--output", "/query-corruption-workspace/logs/QCT-006/qct007-20260921-page-cache-off-r2/A-baseline-mysql-cache-off-c1.jsonl", "--repetitions", "500", "--warmup", "200", "--concurrency", "1", "--cases", "small_limit", "empty_scan", "full_scan"]}
{"completed": "A-baseline-mysql-cache-off-c1"}
{"utc": "2026-09-21T10:33:17.767308+00:00", "command": ["/query-corruption-workspace/tools/python/bin/python", "/query-corruption-workspace/src/tools/query_corruption/benchmark.py", "--variant", "A-baseline", "--protocol", "mysql", "--build-manifest", "/query-corruption-workspace/logs/QCT-006/qct007-20260921-page-cache-off-r2/A-baseline-build.json", "--output", "/query-corruption-workspace/logs/QCT-006/qct007-20260921-page-cache-off-r2/A-baseline-mysql-cache-off-c4.jsonl", "--repetitions", "500", "--warmup", "200", "--concurrency", "4", "--cases", "small_limit", "empty_scan", "full_scan"]}
{"completed": "A-baseline-mysql-cache-off-c4"}
{"node": "fe", "state": "stopped"}
{"node": "be0", "state": "stopped"}
{"node": "be1", "state": "stopped"}
{"node": "be2", "state": "stopped"}
Mon Sep 21 10:34:11 AM UTC 2026
COMPLETE: seven matrices; faults restored; all four QCT nodes stopped
